state,district,market_name,crop_name,full_date,min_price,max_price,modal_price,arrival_volume_tons,price_spread
Karnataka,Raichur,Sindhanur Apmc,Alasande Gram,2026-09-24,4385.0,4385.0,4385.0,0.0,0.0
Keralam,Ernakulam,North Paravur Market,Alsandikai,2026-09-24,4000.0,4500.0,4200.0,0.0,500.0
Tamil Nadu,Dharmapuri,Ajattihalli(Uzhavar Sandhai ),Amaranthus,2026-09-24,2500.0,2500.0,2500.0,0.0,0.0
Tamil Nadu,Pudukkottai,Alangudi(Uzhavar Sandhai ),Amaranthus,2026-09-24,1500.0,2000.0,1750.0,0.0,500.0
Tamil Nadu,Thirunelveli,Ambasamudram(Uzhavar Sandhai ),Amaranthus,2026-09-24,1300.0,1500.0,1400.0,0.0,200.0
Tamil Nadu,Salem,Ammapet(Uzhavar Sandhai ),Amaranthus,2026-09-24,2500.0,2800.0,2650.0,0.0,300.0
Tamil Nadu,Madurai,Anaiyur(Uzhavar Sandhai ),Amaranthus,2026-09-24,3000.0,3600.0,3300.0,0.0,600.0
Tamil Nadu,Theni,Andipatti(Uzhavar Sandhai ),Amaranthus,2026-09-24,2000.0,2500.0,2250.0,0.0,500.0
Tamil Nadu,Madurai,Anna Nagar(Uzhavar Sandhai ),Amaranthus,2026-09-24,1500.0,2000.0,1750.0,0.0,500.0
Tamil Nadu,Thiruvannamalai,Arani(Uzhavar Sandhai ),Amaranthus,2026-09-24,1500.0,2000.0,1750.0,0.0,500.0
Tamil Nadu,Pudukkottai,Aranthangi(Uzhavar Sandhai ),Amaranthus,2026-09-24,1500.0,2000.0,1750.0,0.0,500.0
Tamil Nadu,Ranipet,Arcot(Uzhavar Sandhai ),Amaranthus,2026-09-24,2500.0,3000.0,2750.0,0.0,500.0
Tamil Nadu,Ariyalur,Ariyalur(Uzhavar Sandhai),Amaranthus,2026-09-24,5000.0,5500.0,5250.0,0.0,500.0
Tamil Nadu,Virudhunagar,Aruppukottai(Uzhavar Sandhai ),Amaranthus,2026-09-24,3000.0,3500.0,3250.0,0.0,500.0
Tamil Nadu,Salem,Athur(Uzhavar Sandhai ),Amaranthus,2026-09-24,2000.0,2500.0,2250.0,0.0,500.0
Tamil Nadu,Salem,Attayampatti(Uzhavar Sandhai ),Amaranthus,2026-09-24,2400.0,2800.0,2600.0,0.0,400.0
Tamil Nadu,Krishnagiri,Avallapalli(Uzhavar Sandhai ),Amaranthus,2026-09-24,3500.0,4000.0,3750.0,0.0,500.0
Tamil Nadu,Theni,Bodinayakanur(Uzhavar Sandhai ),Amaranthus,2026-09-24,2500.0,2500.0,2500.0,0.0,0.0
Tamil Nadu,Thiruvannamalai,Chengam(Uzhavar Sandhai ),Amaranthus,2026-09-24,1000.0,1500.0,1250.0,0.0,500.0
Keralam,Alappuzha,Cherthala Market,Amaranthus,2026-09-24,8000.0,8200.0,8100.0,0.0,200.0
Tamil Nadu,Thiruvannamalai,Cheyyar(Uzhavar Sandhai ),Amaranthus,2026-09-24,2000.0,2500.0,2250.0,0.0,500.0
Tamil Nadu,Dindigul,Chinnalapatti(Uzhavar Sandhai ),Amaranthus,2026-09-24,2500.0,3000.0,2750.0,0.0,500.0
Tamil Nadu,Theni,Chinnamanur(Uzhavar Sandhai ),Amaranthus,2026-09-24,2500.0,2500.0,2500.0,0.0,0.0
Tamil Nadu,Madurai,Chokkikulam(Uzhavar Sandhai ),Amaranthus,2026-09-24,3000.0,3600.0,3300.0,0.0,600.0
Tamil Nadu,The Nilgiris,Coonoor(Uzhavar Sandhai ),Amaranthus,2026-09-24,4000.0,4500.0,4250.0,0.0,500.0
Tamil Nadu,Cuddalore,Cuddalore(Uzhavar Sandhai ),Amaranthus,2026-09-24,2000.0,3000.0,2500.0,0.0,1000.0
Tamil Nadu,Krishnagiri,Denkanikottai(Uzhavar Sandhai ),Amaranthus,2026-09-24,3000.0,4000.0,3500.0,0.0,1000.0
Tamil Nadu,Sivaganga,Devakottai (Uzhavar Sandhai ),Amaranthus,2026-09-24,3400.0,4000.0,3700.0,0.0,600.0
Tamil Nadu,Theni,Devaram(Uzhavar Sandhai ),Amaranthus,2026-09-24,2500.0,2500.0,2500.0,0.0,0.0
Tamil Nadu,Thirupur,Dharapuram(Uzhavar Sandhai ),Amaranthus,2026-09-24,2500.0,3000.0,2750.0,0.0,500.0
Tamil Nadu,Dharmapuri,Dharmapuri(Uzhavar Sandhai ),Amaranthus,2026-09-24,2400.0,2500.0,2450.0,0.0,100.0
Tamil Nadu,Dindigul,Dindigul(Uzhavar Sandhai ),Amaranthus,2026-09-24,2000.0,3000.0,2500.0,0.0,1000.0
Tamil Nadu,Salem,Edapadi (Uzhavar Sandhai ),Amaranthus,2026-09-24,2000.0,2500.0,2250.0,0.0,500.0
Tamil Nadu,Salem,Elampillai(Uzhavar Sandhai ),Amaranthus,2026-09-24,2000.0,2500.0,2250.0,0.0,500.0
Tamil Nadu,Pudukkottai,Gandarvakottai(Uzhavar Sandhai ),Amaranthus,2026-09-24,1000.0,1500.0,1250.0,0.0,500.0
Tamil Nadu,Karur,Gandhigramam(Uzhavar Sandhai),Amaranthus,2026-09-24,2000.0,2500.0,2250.0,0.0,500.0
Tamil Nadu,Villupuram,Gingee(Uzhavar Sandhai ),Amaranthus,2026-09-24,4000.0,5000.0,4500.0,0.0,1000.0
Tamil Nadu,Erode,Gobichettipalayam(Uzhavar Sandhai ),Amaranthus,2026-09-24,4000.0,4400.0,4200.0,0.0,400.0
Tamil Nadu,Vellore,Gudiyatham(Uzhavar Sandhai ),Amaranthus,2026-09-24,4000.0,4000.0,4000.0,0.0,0.0
Tamil Nadu,Chengalpattu,Guduvancheri(Uzhavar Sandhai ),Amaranthus,2026-09-24,2500.0,3000.0,2750.0,0.0,500.0
Keralam,Alappuzha,Harippad Market,Amaranthus,2026-09-24,5000.0,5500.0,5000.0,0.0,500.0
Tamil Nadu,Dharmapuri,Harur(Uzhavar Sandhai ),Amaranthus,2026-09-24,2500.0,3000.0,2750.0,0.0,500.0
Tamil Nadu,Salem,Hasthampatti(Uzhavar Sandhai ),Amaranthus,2026-09-24,2000.0,2400.0,2200.0,0.0,400.0
Tamil Nadu,Krishnagiri,Hosur(Uzhavar Sandhai ),Amaranthus,2026-09-24,5000.0,6000.0,5500.0,0.0,1000.0
Tamil Nadu,Salem,Jalagandapuram(Uzhavar Sandhai ),Amaranthus,2026-09-24,2000.0,2400.0,2200.0,0.0,400.0
Tamil Nadu,Chengalpattu,Jameenrayapettai(Uzhavar Sandhai ),Amaranthus,2026-09-24,2500.0,3000.0,2750.0,0.0,500.0
Tamil Nadu,Vellore,Kahithapattarai(Uzhavar Sandhai ),Amaranthus,2026-09-24,3000.0,4000.0,3500.0,0.0,1000.0
Tamil Nadu,Kallakuruchi,Kallakurichi(Uzhavar Sandhai ),Amaranthus,2026-09-24,3000.0,3000.0,3000.0,0.0,0.0
Tamil Nadu,Theni,Kambam(Uzhavar Sandhai ),Amaranthus,2026-09-24,2000.0,2500.0,2250.0,0.0,500.0
Tamil Nadu,Ramanathapuram,Kamuthi(Uzhavar Sandhai ),Amaranthus,2026-09-24,3800.0,4000.0,3900.0,0.0,200.0
Tamil Nadu,Kancheepuram,Kancheepuram(Uzhavar Sandhai ),Amaranthus,2026-09-24,3200.0,4000.0,3600.0,0.0,800.0
Tamil Nadu,Thirunelveli,Kandiyaperi(Uzhavar Sandhai ),Amaranthus,2026-09-24,1200.0,1500.0,1350.0,0.0,300.0
Tamil Nadu,Thirupur,Kangayam(Uzhavar Sandhai ),Amaranthus,2026-09-24,2000.0,2500.0,2250.0,0.0,500.0
Tamil Nadu,Sivaganga,Karaikudi(Uzhavar Sandhai ),Amaranthus,2026-09-24,3500.0,4000.0,3750.0,0.0,500.0
Tamil Nadu,Pudukkottai,Karambakkudi(Uzhavar Sandhai ),Amaranthus,2026-09-24,1500.0,2000.0,1750.0,0.0,500.0
Tamil Nadu,Dharmapuri,Karimangalam(Uzhavar Sandhai),Amaranthus,2026-09-24,2300.0,2500.0,2400.0,0.0,200.0
Tamil Nadu,Virudhunagar,Kariyapatti(Uzhavar Sandhai ),Amaranthus,2026-09-24,3000.0,3500.0,3250.0,0.0,500.0
Tamil Nadu,Karur,Karur(Uzhavar Sandhai ),Amaranthus,2026-09-24,2000.0,2500.0,2250.0,0.0,500.0
Tamil Nadu,Vellore,Katpadi (Uzhavar Sandhai ),Amaranthus,2026-09-24,3000.0,3000.0,3000.0,0.0,0.0
Keralam,Idukki,Kattappana Market,Amaranthus,2026-09-24,2800.0,3200.0,3000.0,0.0,400.0
Tamil Nadu,Krishnagiri,Kaveripattinam(Uzhavar Sandhai ),Amaranthus,2026-09-24,2000.0,2500.0,2250.0,0.0,500.0
Tamil Nadu,Thiruchirappalli,Kknagar(Uzhavar Sandhai ),Amaranthus,2026-09-24,2000.0,2000.0,2000.0,0.0,0.0
Tamil Nadu,Tuticorin,Kovilpatti(Uzhavar Sandhai ),Amaranthus,2026-09-24,1500.0,2000.0,1750.0,0.0,500.0
Tamil Nadu,Krishnagiri,Krishnagiri(Uzhavar Sandhai ),Amaranthus,2026-09-24,2500.0,3000.0,2750.0,0.0,500.0
Tamil Nadu,Karur,Kulithalai(Uzhavar Sandhai ),Amaranthus,2026-09-24,2000.0,3000.0,2500.0,0.0,1000.0
Tamil Nadu,Namakkal,Kumarapalayam(Uzhavar Sandhai ),Amaranthus,2026-09-24,4500.0,5000.0,4750.0,0.0,500.0
Tamil Nadu,Thanjavur,Kumbakonam (Uzhavar Sandhai ),Amaranthus,2026-09-24,2000.0,2000.0,2000.0,0.0,0.0
Tamil Nadu,Kancheepuram,Kundrathur(Uzhavar Sandhai ),Amaranthus,2026-09-24,3000.0,3000.0,3000.0,0.0,0.0
Tamil Nadu,Coimbatore,Kurichi(Uzhavar Sandhai ),Amaranthus,2026-09-24,5500.0,6500.0,6000.0,0.0,1000.0
Keralam,Pathanamthitta,Kuttoor Market,Amaranthus,2026-09-24,3600.0,4000.0,3800.0,0.0,400.0
Tamil Nadu,Thiruchirappalli,Lalgudi(Uzhavar Sandhai ),Amaranthus,2026-09-24,1000.0,1000.0,1000.0,0.0,0.0
Tamil Nadu,Chengalpattu,Madhuranthagam(Uzhavar Sandhai ),Amaranthus,2026-09-24,4000.0,4000.0,4000.0,0.0,0.0
Tamil Nadu,Thiruchirappalli,Manachanallur(Uzhavar Sandhai ),Amaranthus,2026-09-24,2000.0,2000.0,2000.0,0.0,0.0
Tamil Nadu,Thiruchirappalli,Manapparai(Uzhavar Sandhai ),Amaranthus,2026-09-24,2000.0,2000.0,2000.0,0.0,0.0
Keralam,Malappuram,Manjeri Market,Amaranthus,2026-09-24,2550.0,2650.0,2600.0,0.0,100.0
Tamil Nadu,Thiruvarur,Mannargudi I(Uzhavar Sandhai ),Amaranthus,2026-09-24,2000.0,2000.0,2000.0,0.0,0.0
Tamil Nadu,Thiruvarur,Mannargudi Ii(Uzhavar Sandhai ),Amaranthus,2026-09-24,2000.0,2000.0,2000.0,0.0,0.0
Tripura,South Tripura,Manubazar,Amaranthus,2026-09-24,3500.0,3700.0,3600.0,0.0,200.0
Tamil Nadu,Nagapattinam,Mayiladuthurai(Uzhavar Sandhai ),Amaranthus,2026-09-24,1500.0,2000.0,1750.0,0.0,500.0
Tamil Nadu,Salem,Mecheri(Uzhavar Sandhai),Amaranthus,2026-09-24,2000.0,2500.0,2250.0,0.0,500.0
Tamil Nadu,Thirunelveli,Melapalayam(Uzhavar Sandhai ),Amaranthus,2026-09-24,1200.0,1500.0,1350.0,0.0,300.0
Tamil Nadu,Madurai,Melur(Uzhavar Sandhai ),Amaranthus,2026-09-24,3000.0,3600.0,3300.0,0.0,600.0
Tamil Nadu,Coimbatore,Mettupalayam(Uzhavar Sandhai ),Amaranthus,2026-09-24,3000.0,4000.0,3500.0,0.0,1000.0
Tamil Nadu,Salem,Mettur(Uzhavar Sandhai ),Amaranthus,2026-09-24,2200.0,2500.0,2350.0,0.0,300.0
Tamil Nadu,Namakkal,Mohanur(Uzhavar Sandhai ),Amaranthus,2026-09-24,5400.0,6000.0,5700.0,0.0,600.0
Keralam,Kozhikode(Calicut),Mukkom Market,Amaranthus,2026-09-24,3400.0,3600.0,3500.0,0.0,200.0
Tamil Nadu,Thiruchirappalli,Musiri(Uzhavar Sandhai ),Amaranthus,2026-09-24,1000.0,1500.0,1250.0,0.0,500.0
Tamil Nadu,Thiruvarur,Muthupettai(Uzhavar Sandhai ),Amaranthus,2026-09-24,2000.0,2000.0,2000.0,0.0,0.0
Tamil Nadu,Nagapattinam,Nagapattinam(Uzhavar Sandhai ),Amaranthus,2026-09-24,2500.0,3000.0,2750.0,0.0,500.0
Tamil Nadu,Namakkal,Namakkal(Uzhavar Sandhai ),Amaranthus,2026-09-24,3500.0,4000.0,3750.0,0.0,500.0
Tamil Nadu,Chengalpattu,Nanganallur(Uzhavar Sandhai ),Amaranthus,2026-09-24,2000.0,2500.0,2250.0,0.0,500.0
Tamil Nadu,Thirupathur,Natrampalli(Uzhavar Sandhai ),Amaranthus,2026-09-24,1500.0,2000.0,1750.0,0.0,500.0
Tamil Nadu,Thiruvarur,Needamangalam(Uzhavar Sandhai ),Amaranthus,2026-09-24,2000.0,2000.0,2000.0,0.0,0.0
Keralam,Thiruvananthapuram,Neyyatinkara Market,Amaranthus,2026-09-24,3400.0,4000.0,3700.0,0.0,600.0
Keralam,Ernakulam,North Paravur Market,Amaranthus,2026-09-24,2200.0,3000.0,2500.0,0.0,800.0
Tamil Nadu,Kancheepuram,Padappai(Uzhavar Sandhai ),Amaranthus,2026-09-24,3500.0,4000.0,3750.0,0.0,500.0
Tamil Nadu,Dharmapuri,Palacode(Uzhavar Sandhai ),Amaranthus,2026-09-24,2000.0,2500.0,2250.0,0.0,500.0
Tamil Nadu,Madurai,Palanganatham(Uzhavar Sandhai ),Amaranthus,2026-09-24,3000.0,3600.0,3300.0,0.0,600.0
Tamil Nadu,Dindigul,Palani(Uzhavar Sandhai ),Amaranthus,2026-09-24,3400.0,4000.0,3700.0,0.0,600.0
Tamil Nadu,Thirunelveli,Palayamkottai(Uzhavar Sandhai ),Amaranthus,2026-09-24,1200.0,1500.0,1350.0,0.0,300.0
Tamil Nadu,Thirupur,Palladam(Uzhavar Sandhai ),Amaranthus,2026-09-24,2500.0,3000.0,2750.0,0.0,500.0
Tamil Nadu,Karur,Pallapatti (Uzhavar Sandhai ),Amaranthus,2026-09-24,2500.0,3000.0,2750.0,0.0,500.0
Tamil Nadu,Chengalpattu,Pallavaram(Uzhavar Sandhai ),Amaranthus,2026-09-24,2500.0,3000.0,2750.0,0.0,500.0
Tamil Nadu,Vellore,Pallikonda(Uzhavar Sandhai),Amaranthus,2026-09-24,3000.0,3500.0,3250.0,0.0,500.0
Keralam,Kottayam,Pampady Market,Amaranthus,2026-09-24,3000.0,4500.0,3500.0,0.0,1500.0
Tamil Nadu,Cuddalore,Panruti(Uzhavar Sandhai ),Amaranthus,2026-09-24,2000.0,2000.0,2000.0,0.0,0.0
Tamil Nadu,Thanjavur,Papanasam(Uzhavar Sandhai ),Amaranthus,2026-09-24,2000.0,2000.0,2000.0,0.0,0.0
Tamil Nadu,Ramanathapuram,Paramakudi(Uzhavar Sandhai ),Amaranthus,2026-09-24,4000.0,4400.0,4200.0,0.0,400.0
Tamil Nadu,Namakkal,Paramathivelur(Uzhavar Sandhai ),Amaranthus,2026-09-24,4400.0,5000.0,4700.0,0.0,600.0
Keralam,Thiruvananthapuram,Parassala Market,Amaranthus,2026-09-24,7500.0,8000.0,7800.0,0.0,500.0
Keralam,Palakad,Pattambi Market,Amaranthus,2026-09-24,2500.0,3000.0,2800.0,0.0,500.0
Tamil Nadu,Thanjavur,Pattukottai(Uzhavar Sandhai ),Amaranthus,2026-09-24,2000.0,2000.0,2000.0,0.0,0.0
Keralam,Kannur,Payyannur Market,Amaranthus,2026-09-24,3900.0,4100.0,4000.0,0.0,200.0
Tamil Nadu,Dharmapuri,Pennagaram(Uzhavar Sandhai ),Amaranthus,2026-09-24,2200.0,2500.0,2350.0,0.0,300.0
Tamil Nadu,Thiruvellore,Perambakkam(Uzhavar Sandhai ),Amaranthus,2026-09-24,3000.0,3000.0,3000.0,0.0,0.0
Tamil Nadu,Perambalur,Perambalur(Uzhavar Sandhai ),Amaranthus,2026-09-24,2000.0,3000.0,2500.0,0.0,1000.0
Tamil Nadu,Vellore,Perampet(Uzhavar Sandhai),Amaranthus,2026-09-24,4000.0,4000.0,4000.0,0.0,0.0
Tamil Nadu,Thanjavur,Peravurani(Uzhavar Sandhai),Amaranthus,2026-09-24,2000.0,2000.0,2000.0,0.0,0.0
Tamil Nadu,Theni,Periyakulam(Uzhavar Sandhai ),Amaranthus,2026-09-24,2000.0,2500.0,2250.0,0.0,500.0
Tamil Nadu,Erode,Periyar Nagar(Uzhavar Sandhai ),Amaranthus,2026-09-24,3500.0,4000.0,3750.0,0.0,500.0
Keralam,Ernakulam,Perumbavoor Market,Amaranthus,2026-09-24,2000.0,3000.0,2500.0,0.0,1000.0
Tamil Nadu,Erode,Perundurai(Uzhavar Sandhai ),Amaranthus,2026-09-24,3800.0,4200.0,4000.0,0.0,400.0
Tamil Nadu,Coimbatore,Pollachi(Uzhavar Sandhai ),Amaranthus,2026-09-24,3000.0,4000.0,3500.0,0.0,1000.0
Tamil Nadu,Thiruvannamalai,Polur(Uzhavar Sandhai ),Amaranthus,2026-09-24,1600.0,2000.0,1800.0,0.0,400.0
Tamil Nadu,Pudukkottai,Ponnamaravathi(Uzhavar Sandhai),Amaranthus,2026-09-24,1500.0,2000.0,1750.0,0.0,500.0
Tamil Nadu,Pudukkottai,Pudukottai(Uzhavar Sandhai ),Amaranthus,2026-09-24,1500.0,2000.0,1750.0,0.0,500.0
Keralam,Wayanad,Pulpally Market,Amaranthus,2026-09-24,2500.0,2700.0,2600.0,0.0,200.0
Keralam,Kozhikode(Calicut),Quilandy Market,Amaranthus,2026-09-24,3200.0,3500.0,3400.0,0.0,300.0
Tamil Nadu,Virudhunagar,Rajapalayam(Uzhavar Sandhai ),Amaranthus,2026-09-24,2500.0,3000.0,2750.0,0.0,500.0
Tamil Nadu,Ramanathapuram,Ramanathapuram(Uzhavar Sandhai ),Amaranthus,2026-09-24,3500.0,4000.0,3750.0,0.0,500.0
Tamil Nadu,Ranipet,Ranipettai(Uzhavar Sandhai ),Amaranthus,2026-09-24,3000.0,3000.0,3000.0,0.0,0.0
Tamil Nadu,Namakkal,Rasipuram(Uzhavar Sandhai ),Amaranthus,2026-09-24,4000.0,4500.0,4250.0,0.0,500.0
Tamil Nadu,Coimbatore,Rspuram(Uzhavar Sandhai ),Amaranthus,2026-09-24,5600.0,6500.0,6050.0,0.0,900.0
Tamil Nadu,Erode,Sampath Nagar(Uzhavar Sandhai ),Amaranthus,2026-09-24,3500.0,4000.0,3750.0,0.0,500.0
Tamil Nadu,Tenkasi,Sankarankoil(Uzhavar Sandhai ),Amaranthus,2026-09-24,2000.0,2000.0,2000.0,0.0,0.0
Tamil Nadu,Kallakuruchi,Sankarapuram(Uzhavar Sandhai ),Amaranthus,2026-09-24,4000.0,4000.0,4000.0,0.0,0.0
Tamil Nadu,Erode,Sathiyamagalam(Uzhavar Sandhai ),Amaranthus,2026-09-24,3500.0,4000.0,3750.0,0.0,500.0
Tamil Nadu,Virudhunagar,Sathur(Uzhavar Sandhai ),Amaranthus,2026-09-24,2500.0,3000.0,2750.0,0.0,500.0
Tamil Nadu,Sivaganga,Singampunari(Uzhavar Sandhai ),Amaranthus,2026-09-24,3000.0,4000.0,3500.0,0.0,1000.0
Tamil Nadu,Coimbatore,Singanallur(Uzhavar Sandhai ),Amaranthus,2026-09-24,5500.0,6000.0,5750.0,0.0,500.0
Tamil Nadu,Nagapattinam,Sirkali(Uzhavar Sandhai ),Amaranthus,2026-09-24,1500.0,2000.0,1750.0,0.0,500.0
Tamil Nadu,Sivaganga,Sivagangai (Uzhavar Sandhai ),Amaranthus,2026-09-24,3000.0,4000.0,3500.0,0.0,1000.0
Tamil Nadu,Virudhunagar,Sivakasi(Uzhavar Sandhai ),Amaranthus,2026-09-24,2500.0,3000.0,2750.0,0.0,500.0
Tamil Nadu,Salem,Sooramangalam(Uzhavar Sandhai ),Amaranthus,2026-09-24,1800.0,2000.0,1900.0,0.0,200.0
Tamil Nadu,Virudhunagar,Srivilliputhur(Uzhavar Sandhai ),Amaranthus,2026-09-24,2500.0,3000.0,2750.0,0.0,500.0
Tamil Nadu,Coimbatore,Sulur(Uzhavar Sandhai ),Amaranthus,2026-09-24,5000.0,5500.0,5250.0,0.0,500.0
Tamil Nadu,Coimbatore,Sundarapuram(Uzhavar Sandhai ),Amaranthus,2026-09-24,5500.0,6500.0,6000.0,0.0,1000.0
Tamil Nadu,Kancheepuram,Sunguvarchatram(Uzhavar Sandhai ),Amaranthus,2026-09-24,3000.0,3000.0,3000.0,0.0,0.0
Tamil Nadu,Thiruvannamalai,Tamarainagar(Uzhavar Sandhai ),Amaranthus,2026-09-24,5600.0,6600.0,6100.0,0.0,1000.0
Tamil Nadu,Tenkasi,Tenkasi(Uzhavar Sandhai ),Amaranthus,2026-09-24,1500.0,1500.0,1500.0,0.0,0.0
Tamil Nadu,Erode,Thalavadi(Uzhavar Sandhai ),Amaranthus,2026-09-24,3500.0,4000.0,3750.0,0.0,500.0
Tamil Nadu,Virudhunagar,Thalavaipuram(Uzhavar Sandhai ),Amaranthus,2026-09-24,2800.0,3500.0,3150.0,0.0,700.0
Tamil Nadu,Salem,Thammampatti (Uzhavar Sandhai ),Amaranthus,2026-09-24,2000.0,2500.0,2250.0,0.0,500.0
Tamil Nadu,Thanjavur,Thanjavur(Uzhavar Sandhai ),Amaranthus,2026-09-24,2000.0,2000.0,2000.0,0.0,0.0
Tamil Nadu,Salem,Thathakapatti(Uzhavar Sandhai ),Amaranthus,2026-09-24,2400.0,2400.0,2400.0,0.0,0.0
Tamil Nadu,Theni,Theni(Uzhavar Sandhai ),Amaranthus,2026-09-24,2000.0,2000.0,2000.0,0.0,0.0
Tamil Nadu,Chengalpattu,Thirukalukundram(Uzhavar Sandhai ),Amaranthus,2026-09-24,2000.0,2500.0,2250.0,0.0,500.0
Tamil Nadu,Madurai,Thirumangalam(Uzhavar Sandhai ),Amaranthus,2026-09-24,3000.0,3600.0,3300.0,0.0,600.0
Tamil Nadu,Vellore,Thirupathur Apmc,Amaranthus,2026-09-24,2000.0,2000.0,2000.0,0.0,0.0
Tamil Nadu,Thiruchirappalli,Thiruverumbur(Uzhavar Sandhai ),Amaranthus,2026-09-24,2000.0,2000.0,2000.0,0.0,0.0
Tamil Nadu,Thiruchirappalli,Thuraiyur Apmc,Amaranthus,2026-09-24,1500.0,2000.0,1750.0,0.0,500.0
Tamil Nadu,Villupuram,Tindivanam Apmc,Amaranthus,2026-09-24,4000.0,4000.0,4000.0,0.0,0.0
Tamil Nadu,Namakkal,Tiruchengode Apmc,Amaranthus,2026-09-24,3500.0,4000.0,3750.0,0.0,500.0
Tamil Nadu,Sivaganga,Tirupatthur(Uzhavar Sandhai ),Amaranthus,2026-09-24,3500.0,4000.0,3750.0,0.0,500.0
Tamil Nadu,Thirupur,Tiruppur (North) (Uzhavar Sandhai ),Amaranthus,2026-09-24,2200.0,2500.0,2350.0,0.0,300.0
Tamil Nadu,Thirupur,Tiruppur (South) (Uzhavar Sandhai ),Amaranthus,2026-09-24,2500.0,3000.0,2750.0,0.0,500.0
Tamil Nadu,Thiruvarur,Tiruthuraipoondi(Uzhavar Sandhai ),Amaranthus,2026-09-24,1500.0,1500.0,1500.0,0.0,0.0
Tamil Nadu,Thiruvannamalai,Tiruvannamalai(Uzhavar Sandhai ),Amaranthus,2026-09-24,3500.0,4000.0,3750.0,0.0,500.0
Tamil Nadu,Thiruvarur,Tiruvarur(Uzhavar Sandhai ),Amaranthus,2026-09-24,2000.0,2000.0,2000.0,0.0,0.0
Tamil Nadu,Tuticorin,Tuticorin(Uzhavar Sandhai ),Amaranthus,2026-09-24,800.0,1000.0,900.0,0.0,200.0
Tamil Nadu,The Nilgiris,Udhagamandalam(Uzhavar Sandhai ),Amaranthus,2026-09-24,5500.0,6000.0,5750.0,0.0,500.0
Tamil Nadu,Coimbatore,Udumalpet Apmc,Amaranthus,2026-09-24,2500.0,3000.0,2750.0,0.0,500.0
Tamil Nadu,Villupuram,Ulundurpettai Apmc,Amaranthus,2026-09-24,2500.0,2500.0,2500.0,0.0,0.0
Tamil Nadu,Madurai,Usilampatti(Uzhavar Sandhai ),Amaranthus,2026-09-24,3000.0,3600.0,3300.0,0.0,600.0
Tamil Nadu,Cuddalore,Vadalur(Uzhavar Sandhai ),Amaranthus,2026-09-24,3000.0,3500.0,3250.0,0.0,500.0
Tamil Nadu,Nagercoil (Kannyiakumari),Vadaseri Apmc,Amaranthus,2026-09-24,2000.0,2500.0,2250.0,0.0,500.0
Tamil Nadu,Coimbatore,Vadavalli(Uzhavar Sandhai ),Amaranthus,2026-09-24,5400.0,6500.0,5950.0,0.0,1100.0
Tamil Nadu,Thiruvarur,Valangaiman Apmc,Amaranthus,2026-09-24,2000.0,2000.0,2000.0,0.0,0.0
Tamil Nadu,Thiruvannamalai,Vandavasi(Uzhavar Sandhai ),Amaranthus,2026-09-24,2500.0,3000.0,2750.0,0.0,500.0
Tamil Nadu,Thirupathur,Vaniyampadi(Uzhavar Sandhai ),Amaranthus,2026-09-24,3000.0,3000.0,3000.0,0.0,0.0
Tamil Nadu,Salem,Vazhapadi(Uzhavar Sandhai),Amaranthus,2026-09-24,2000.0,2000.0,2000.0,0.0,0.0
Tamil Nadu,Nagapattinam,Vedaranyam(Uzhavar Sandhai),Amaranthus,2026-09-24,2000.0,2500.0,2250.0,0.0,500.0
Tamil Nadu,Karur,Velayuthampalayam(Uzhavar Sandhai ),Amaranthus,2026-09-24,2000.0,2500.0,2250.0,0.0,500.0
Tamil Nadu,Vellore,Vellore Apmc,Amaranthus,2026-09-24,4000.0,4000.0,4000.0,0.0,0.0
Tamil Nadu,Karur,Vengamedu(Uzhavar Sandhai ),Amaranthus,2026-09-24,2000.0,2500.0,2250.0,0.0,500.0
Tamil Nadu,Villupuram,Villupuram(Uzhavar Sandhai ),Amaranthus,2026-09-24,4000.0,4000.0,4000.0,0.0,0.0
Tamil Nadu,Pudukkottai,Viralimalai(Uzhavar Sandhai ),Amaranthus,2026-09-24,1500.0,2000.0,1750.0,0.0,500.0
Tamil Nadu,Virudhunagar,Virudhunagar(Uzhavar Sandhai ),Amaranthus,2026-09-24,2000.0,2500.0,2250.0,0.0,500.0
Tamil Nadu,Cuddalore,Viruthachalam(Uzhavar Sandhai ),Amaranthus,2026-09-24,2000.0,2500.0,2250.0,0.0,500.0
Tamil Nadu,Dharmapuri,Ajattihalli(Uzhavar Sandhai ),Amla(Nelli Kai),2026-09-24,12000.0,12000.0,12000.0,0.0,0.0
Tamil Nadu,Salem,Ammapet(Uzhavar Sandhai ),Amla(Nelli Kai),2026-09-24,8500.0,9000.0,8750.0,0.0,500.0
Tamil Nadu,Madurai,Anaiyur(Uzhavar Sandhai ),Amla(Nelli Kai),2026-09-24,8000.0,9000.0,8500.0,0.0,1000.0
Tamil Nadu,Madurai,Anna Nagar(Uzhavar Sandhai ),Amla(Nelli Kai),2026-09-24,8000.0,9000.0,8500.0,0.0,1000.0
Tamil Nadu,Ranipet,Arcot(Uzhavar Sandhai ),Amla(Nelli Kai),2026-09-24,12000.0,12000.0,12000.0,0.0,0.0
Tamil Nadu,Salem,Athur(Uzhavar Sandhai ),Amla(Nelli Kai),2026-09-24,7000.0,8000.0,7500.0,0.0,1000.0
Tamil Nadu,Thiruvannamalai,Chengam(Uzhavar Sandhai ),Amla(Nelli Kai),2026-09-24,8000.0,10000.0,9000.0,0.0,2000.0
Tamil Nadu,Dindigul,Chinnalapatti(Uzhavar Sandhai ),Amla(Nelli Kai),2026-09-24,6000.0,7000.0,6500.0,0.0,1000.0
Tamil Nadu,Theni,Chinnamanur(Uzhavar Sandhai ),Amla(Nelli Kai),2026-09-24,6000.0,6000.0,6000.0,0.0,0.0
Tamil Nadu,Madurai,Chokkikulam(Uzhavar Sandhai ),Amla(Nelli Kai),2026-09-24,8000.0,9000.0,8500.0,0.0,1000.0
Tamil Nadu,Cuddalore,Cuddalore(Uzhavar Sandhai ),Amla(Nelli Kai),2026-09-24,14000.0,14000.0,14000.0,0.0,0.0
Tamil Nadu,Theni,Devaram(Uzhavar Sandhai ),Amla(Nelli Kai),2026-09-24,6000.0,6000.0,6000.0,0.0,0.0
Tamil Nadu,Dharmapuri,Dharmapuri(Uzhavar Sandhai ),Amla(Nelli Kai),2026-09-24,7500.0,8000.0,7750.0,0.0,500.0
Tamil Nadu,Dindigul,Dindigul(Uzhavar Sandhai ),Amla(Nelli Kai),2026-09-24,6000.0,7000.0,6500.0,0.0,1000.0
Tamil Nadu,Salem,Edapadi (Uzhavar Sandhai ),Amla(Nelli Kai),2026-09-24,8000.0,9000.0,8500.0,0.0,1000.0
Tamil Nadu,Karur,Gandhigramam(Uzhavar Sandhai),Amla(Nelli Kai),2026-09-24,10000.0,12000.0,11000.0,0.0,2000.0
Tamil Nadu,Villupuram,Gingee(Uzhavar Sandhai ),Amla(Nelli Kai),2026-09-24,9000.0,10000.0,9500.0,0.0,1000.0
Tamil Nadu,Chengalpattu,Guduvancheri(Uzhavar Sandhai ),Amla(Nelli Kai),2026-09-24,12000.0,14000.0,13000.0,0.0,2000.0
Tamil Nadu,Dharmapuri,Harur(Uzhavar Sandhai ),Amla(Nelli Kai),2026-09-24,6000.0,7000.0,6500.0,0.0,1000.0
Tamil Nadu,Salem,Hasthampatti(Uzhavar Sandhai ),Amla(Nelli Kai),2026-09-24,9000.0,10000.0,9500.0,0.0,1000.0
Tamil Nadu,Krishnagiri,Hosur(Uzhavar Sandhai ),Amla(Nelli Kai),2026-09-24,12000.0,14000.0,13000.0,0.0,2000.0
Tamil Nadu,Salem,Jalagandapuram(Uzhavar Sandhai ),Amla(Nelli Kai),2026-09-24,7500.0,8000.0,7750.0,0.0,500.0
Tamil Nadu,Chengalpattu,Jameenrayapettai(Uzhavar Sandhai ),Amla(Nelli Kai),2026-09-24,11000.0,12000.0,11500.0,0.0,1000.0
Tamil Nadu,Kallakuruchi,Kallakurichi(Uzhavar Sandhai ),Amla(Nelli Kai),2026-09-24,10000.0,10000.0,10000.0,0.0,0.0
Tamil Nadu,Kancheepuram,Kancheepuram(Uzhavar Sandhai ),Amla(Nelli Kai),2026-09-24,9000.0,12000.0,10500.0,0.0,3000.0
Tamil Nadu,Thirupur,Kangayam(Uzhavar Sandhai ),Amla(Nelli Kai),2026-09-24,7500.0,8000.0,7750.0,0.0,500.0
Tamil Nadu,Dharmapuri,Karimangalam(Uzhavar Sandhai),Amla(Nelli Kai),2026-09-24,8000.0,8500.0,8250.0,0.0,500.0
Tamil Nadu,Karur,Karur(Uzhavar Sandhai ),Amla(Nelli Kai),2026-09-24,11500.0,12000.0,11750.0,0.0,500.0
Tamil Nadu,Thiruvannamalai,Keelpennathur(Uzhavar Sandhai ),Amla(Nelli Kai),2026-09-24,9000.0,10000.0,9500.0,0.0,1000.0
Tamil Nadu,Thiruchirappalli,Kknagar(Uzhavar Sandhai ),Amla(Nelli Kai),2026-09-24,14000.0,14000.0,14000.0,0.0,0.0
Tamil Nadu,Krishnagiri,Krishnagiri(Uzhavar Sandhai ),Amla(Nelli Kai),2026-09-24,10000.0,11000.0,10500.0,0.0,1000.0
Tamil Nadu,Karur,Kulithalai(Uzhavar Sandhai ),Amla(Nelli Kai),2026-09-24,7500.0,8000.0,7750.0,0.0,500.0
Tamil Nadu,Thanjavur,Kumbakonam (Uzhavar Sandhai ),Amla(Nelli Kai),2026-09-24,8000.0,8000.0,8000.0,0.0,0.0
Tamil Nadu,Thiruchirappalli,Lalgudi(Uzhavar Sandhai ),Amla(Nelli Kai),2026-09-24,12000.0,12000.0,12000.0,0.0,0.0
Tamil Nadu,Thirunelveli,Melapalayam(Uzhavar Sandhai ),Amla(Nelli Kai),2026-09-24,7500.0,8500.0,8000.0,0.0,1000.0
Tamil Nadu,Coimbatore,Mettupalayam(Uzhavar Sandhai ),Amla(Nelli Kai),2026-09-24,10000.0,11000.0,10500.0,0.0,1000.0
Tamil Nadu,Salem,Mettur(Uzhavar Sandhai ),Amla(Nelli Kai),2026-09-24,7500.0,8000.0,7750.0,0.0,500.0
Maharashtra,Mumbai,Mumbai,Amla(Nelli Kai),2026-09-24,4000.0,7000.0,5500.0,0.0,3000.0
Tamil Nadu,Thiruchirappalli,Musiri(Uzhavar Sandhai ),Amla(Nelli Kai),2026-09-24,8500.0,9000.0,8750.0,0.0,500.0
Tamil Nadu,Namakkal,Namakkal(Uzhavar Sandhai ),Amla(Nelli Kai),2026-09-24,8000.0,9000.0,8500.0,0.0,1000.0
Tamil Nadu,Chengalpattu,Nanganallur(Uzhavar Sandhai ),Amla(Nelli Kai),2026-09-24,9000.0,10000.0,9500.0,0.0,1000.0
Keralam,Ernakulam,North Paravur Market,Amla(Nelli Kai),2026-09-24,11500.0,12500.0,12000.0,0.0,1000.0
Tamil Nadu,Kancheepuram,Padappai(Uzhavar Sandhai ),Amla(Nelli Kai),2026-09-24,9000.0,10000.0,9500.0,0.0,1000.0
Tamil Nadu,Dharmapuri,Palacode(Uzhavar Sandhai ),Amla(Nelli Kai),2026-09-24,9000.0,9500.0,9250.0,0.0,500.0
Tamil Nadu,Madurai,Palanganatham(Uzhavar Sandhai ),Amla(Nelli Kai),2026-09-24,8000.0,9000.0,8500.0,0.0,1000.0
Tamil Nadu,Dindigul,Palani(Uzhavar Sandhai ),Amla(Nelli Kai),2026-09-24,5000.0,7000.0,6000.0,0.0,2000.0
Tamil Nadu,Thirunelveli,Palayamkottai(Uzhavar Sandhai ),Amla(Nelli Kai),2026-09-24,8000.0,8500.0,8250.0,0.0,500.0
Tamil Nadu,Karur,Pallapatti (Uzhavar Sandhai ),Amla(Nelli Kai),2026-09-24,7500.0,8000.0,7750.0,0.0,500.0
Tamil Nadu,Chengalpattu,Pallavaram(Uzhavar Sandhai ),Amla(Nelli Kai),2026-09-24,12000.0,14000.0,13000.0,0.0,2000.0
Tamil Nadu,Vellore,Perampet(Uzhavar Sandhai),Amla(Nelli Kai),2026-09-24,10000.0,10000.0,10000.0,0.0,0.0
Tamil Nadu,Erode,Periyar Nagar(Uzhavar Sandhai ),Amla(Nelli Kai),2026-09-24,11000.0,12500.0,11750.0,0.0,1500.0
Tamil Nadu,Coimbatore,Pollachi(Uzhavar Sandhai ),Amla(Nelli Kai),2026-09-24,7000.0,8000.0,7500.0,0.0,1000.0
Maharashtra,Pune,Pune,Amla(Nelli Kai),2026-09-24,8000.0,8000.0,8000.0,0.0,0.0
Tamil Nadu,Namakkal,Rasipuram(Uzhavar Sandhai ),Amla(Nelli Kai),2026-09-24,8000.0,9000.0,8500.0,0.0,1000.0
Tamil Nadu,Coimbatore,Rspuram(Uzhavar Sandhai ),Amla(Nelli Kai),2026-09-24,11000.0,12200.0,11600.0,0.0,1200.0
Tamil Nadu,Erode,Sampath Nagar(Uzhavar Sandhai ),Amla(Nelli Kai),2026-09-24,11000.0,12500.0,11750.0,0.0,1500.0
Tamil Nadu,Kallakuruchi,Sankarapuram(Uzhavar Sandhai ),Amla(Nelli Kai),2026-09-24,10000.0,10000.0,10000.0,0.0,0.0
Tamil Nadu,Coimbatore,Singanallur(Uzhavar Sandhai ),Amla(Nelli Kai),2026-09-24,11000.0,12500.0,11750.0,0.0,1500.0
Tamil Nadu,Salem,Sooramangalam(Uzhavar Sandhai ),Amla(Nelli Kai),2026-09-24,8000.0,9000.0,8500.0,0.0,1000.0
Tamil Nadu,Coimbatore,Sulur(Uzhavar Sandhai ),Amla(Nelli Kai),2026-09-24,12000.0,12500.0,12250.0,0.0,500.0
Tamil Nadu,Coimbatore,Sundarapuram(Uzhavar Sandhai ),Amla(Nelli Kai),2026-09-24,11000.0,12000.0,11500.0,0.0,1000.0
Tamil Nadu,Thiruvannamalai,Tamarainagar(Uzhavar Sandhai ),Amla(Nelli Kai),2026-09-24,12000.0,14000.0,13000.0,0.0,2000.0
Tamil Nadu,Tenkasi,Tenkasi(Uzhavar Sandhai ),Amla(Nelli Kai),2026-09-24,6000.0,6000.0,6000.0,0.0,0.0
Tamil Nadu,Salem,Thammampatti (Uzhavar Sandhai ),Amla(Nelli Kai),2026-09-24,7000.0,8000.0,7500.0,0.0,1000.0
Tamil Nadu,Salem,Thathakapatti(Uzhavar Sandhai ),Amla(Nelli Kai),2026-09-24,7000.0,8000.0,7500.0,0.0,1000.0
Tamil Nadu,Theni,Theni(Uzhavar Sandhai ),Amla(Nelli Kai),2026-09-24,7000.0,7000.0,7000.0,0.0,0.0
Tamil Nadu,Chengalpattu,Thirukalukundram(Uzhavar Sandhai ),Amla(Nelli Kai),2026-09-24,10000.0,11000.0,10500.0,0.0,1000.0
Tamil Nadu,Madurai,Thirumangalam(Uzhavar Sandhai ),Amla(Nelli Kai),2026-09-24,8000.0,9000.0,8500.0,0.0,1000.0
Tamil Nadu,Vellore,Thirupathur Apmc,Amla(Nelli Kai),2026-09-24,8000.0,8000.0,8000.0,0.0,0.0
Tamil Nadu,Thiruchirappalli,Thiruverumbur(Uzhavar Sandhai ),Amla(Nelli Kai),2026-09-24,11000.0,11000.0,11000.0,0.0,0.0
Tamil Nadu,Namakkal,Tiruchengode Apmc,Amla(Nelli Kai),2026-09-24,8000.0,9000.0,8500.0,0.0,1000.0
Tamil Nadu,Thirupur,Tiruppur (South) (Uzhavar Sandhai ),Amla(Nelli Kai),2026-09-24,7000.0,8000.0,7500.0,0.0,1000.0
Tamil Nadu,Thiruvarur,Tiruthuraipoondi(Uzhavar Sandhai ),Amla(Nelli Kai),2026-09-24,8000.0,8000.0,8000.0,0.0,0.0
Tamil Nadu,Thiruvannamalai,Tiruvannamalai(Uzhavar Sandhai ),Amla(Nelli Kai),2026-09-24,10000.0,12000.0,11000.0,0.0,2000.0
Tamil Nadu,Tuticorin,Tuticorin(Uzhavar Sandhai ),Amla(Nelli Kai),2026-09-24,6000.0,7000.0,6500.0,0.0,1000.0
Tamil Nadu,The Nilgiris,Udhagamandalam(Uzhavar Sandhai ),Amla(Nelli Kai),2026-09-24,8000.0,9000.0,8500.0,0.0,1000.0
Tamil Nadu,Coimbatore,Udumalpet Apmc,Amla(Nelli Kai),2026-09-24,7000.0,9000.0,8000.0,0.0,2000.0
Tamil Nadu,Villupuram,Ulundurpettai Apmc,Amla(Nelli Kai),2026-09-24,8000.0,8000.0,8000.0,0.0,0.0
Tamil Nadu,Nagercoil (Kannyiakumari),Vadaseri Apmc,Amla(Nelli Kai),2026-09-24,10000.0,10500.0,10250.0,0.0,500.0
Tamil Nadu,Coimbatore,Vadavalli(Uzhavar Sandhai ),Amla(Nelli Kai),2026-09-24,10000.0,12200.0,11100.0,0.0,2200.0
Tamil Nadu,Thiruvannamalai,Vandavasi(Uzhavar Sandhai ),Amla(Nelli Kai),2026-09-24,5000.0,6000.0,5500.0,0.0,1000.0
Tamil Nadu,Vellore,Vellore Apmc,Amla(Nelli Kai),2026-09-24,9000.0,10000.0,9500.0,0.0,1000.0
Tamil Nadu,Salem,Ammapet(Uzhavar Sandhai ),Apple,2026-09-24,15000.0,16000.0,15500.0,0.0,1000.0
Tamil Nadu,Madurai,Anaiyur(Uzhavar Sandhai ),Apple,2026-09-24,18000.0,24000.0,21000.0,0.0,6000.0
Tamil Nadu,Madurai,Anna Nagar(Uzhavar Sandhai ),Apple,2026-09-24,14000.0,17000.0,15500.0,0.0,3000.0
Haryana,Hissar,Barwala(Hisar) Apmc,Apple,2026-09-24,2000.0,20000.0,15000.0,0.0,18000.0
Punjab,Bhatinda,Bhagta Bhai Ka Apmc,Apple,2026-09-24,4100.0,4100.0,4100.0,0.0,0.0
Uttar Pradesh,Rampur,Bilaspur Apmc,Apple,2026-09-24,4200.0,4600.0,4400.0,0.0,400.0
Chandigarh,Chandigarh,Chandigarh (Grain/F&V) Apmc,Apple,2026-09-24,6000.0,20000.0,19000.0,0.0,14000.0
Tamil Nadu,Madurai,Chokkikulam(Uzhavar Sandhai ),Apple,2026-09-24,18000.0,24000.0,21000.0,0.0,6000.0
Punjab,Hoshiarpur,Dasuya Apmc,Apple,2026-09-24,7500.0,7500.0,7500.0,0.0,0.0
Haryana,Kaithal,Dhand Apmc,Apple,2026-09-24,6000.0,9000.0,8000.0,0.0,3000.0
Punjab,Ludhiana,Doraha Apmc,Apple,2026-09-24,4500.0,4500.0,4500.0,0.0,0.0
Jammu and Kashmir,Udhampur,Fruit And Vegetable Market Udhampur,Apple,2026-09-24,8000.0,8000.0,8000.0,0.0,0.0
Punjab,Hoshiarpur,Garh Shankar Apmc,Apple,2026-09-24,5000.0,5000.0,5000.0,0.0,0.0
Punjab,Hoshiarpur,Garhshankar (Kotfatuhi) Apmc,Apple,2026-09-24,12000.0,12000.0,12000.0,0.0,0.0
Punjab,Gurdaspur,Gurdaspur Apmc,Apple,2026-09-24,5500.0,5500.0,5500.0,0.0,0.0
Haryana,Gurgaon,Gurgaon Apmc,Apple,2026-09-24,5000.0,10000.0,7500.0,0.0,5000.0
Haryana,Hissar,Hansi Apmc,Apple,2026-09-24,3000.0,12000.0,8000.0,0.0,9000.0
Uttarakhand,Haridwar,Haridwar Union Apmc,Apple,2026-09-24,5000.0,7400.0,6000.0,0.0,2400.0
Tamil Nadu,Salem,Hasthampatti(Uzhavar Sandhai ),Apple,2026-09-24,17000.0,18000.0,17500.0,0.0,1000.0
Tamil Nadu,Krishnagiri,Hosur(Uzhavar Sandhai ),Apple,2026-09-24,24000.0,26000.0,25000.0,0.0,2000.0
Punjab,Jalandhar,Jalandhar City(Jalandhar) Apmc,Apple,2026-09-24,2400.0,9200.0,4800.0,0.0,6800.0
Tamil Nadu,Chengalpattu,Jameenrayapettai(Uzhavar Sandhai ),Apple,2026-09-24,18000.0,20000.0,19000.0,0.0,2000.0
Tamil Nadu,Vellore,Kahithapattarai(Uzhavar Sandhai ),Apple,2026-09-24,20000.0,20000.0,20000.0,0.0,0.0
Uttar Pradesh,Shamli,Kairana Apmc,Apple,2026-09-24,2000.0,2100.0,2050.0,0.0,100.0
Tamil Nadu,Kancheepuram,Kancheepuram(Uzhavar Sandhai ),Apple,2026-09-24,12000.0,19000.0,15500.0,0.0,7000.0
Jammu and Kashmir,Kathua,Kathua (F&V),Apple,2026-09-24,3000.0,10000.0,6500.0,0.0,7000.0
Tamil Nadu,Vellore,Katpadi (Uzhavar Sandhai ),Apple,2026-09-24,23000.0,25000.0,24000.0,0.0,2000.0
Punjab,Mohali,Kharar Apmc,Apple,2026-09-24,4000.0,10000.0,8000.0,0.0,6000.0
Uttarakhand,Udhamsinghnagar,Kicchha Apmc,Apple,2026-09-24,7000.0,9000.0,8000.0,0.0,2000.0
Tamil Nadu,Thiruchirappalli,Kknagar(Uzhavar Sandhai ),Apple,2026-09-24,17000.0,17000.0,17000.0,0.0,0.0
Punjab,Ludhiana,Ludhiana Apmc,Apple,2026-09-24,3000.0,9500.0,6000.0,0.0,6500.0
Punjab,Sangrur,Malerkotla Apmc,Apple,2026-09-24,1800.0,6000.0,4500.0,0.0,4200.0
Uttarakhand,Haridwar,Manglaur Apmc,Apple,2026-09-24,4000.0,5000.0,4500.0,0.0,1000.0
Tamil Nadu,Thiruvarur,Mannargudi I(Uzhavar Sandhai ),Apple,2026-09-24,14000.0,18000.0,16000.0,0.0,4000.0
Haryana,Rohtak,Meham,Apple,2026-09-24,10000.0,10000.0,10000.0,0.0,0.0
Punjab,Hoshiarpur,Mukerian Apmc,Apple,2026-09-24,10000.0,12000.0,11000.0,0.0,2000.0
Keralam,Kozhikode(Calicut),Mukkom Market,Apple,2026-09-24,14000.0,15000.0,14500.0,0.0,1000.0
Keralam,Idukki,Munnar Market,Apple,2026-09-24,25000.0,25000.0,25000.0,0.0,0.0
Tamil Nadu,Chengalpattu,Nanganallur(Uzhavar Sandhai ),Apple,2026-09-24,13500.0,15000.0,14250.0,0.0,1500.0
Haryana,Mahendragarh-Narnaul,Narnaul Apmc,Apple,2026-09-24,7000.0,11000.0,8000.0,0.0,4000.0
Haryana,Jind,Narwana Apmc,Apple,2026-09-24,3000.0,10000.0,6000.0,0.0,7000.0
Tamil Nadu,Kancheepuram,Padappai(Uzhavar Sandhai ),Apple,2026-09-24,13000.0,20000.0,16500.0,0.0,7000.0
Tamil Nadu,Madurai,Palanganatham(Uzhavar Sandhai ),Apple,2026-09-24,18000.0,24000.0,21000.0,0.0,6000.0
Tamil Nadu,Thirunelveli,Palayamkottai(Uzhavar Sandhai ),Apple,2026-09-24,16000.0,20000.0,18000.0,0.0,4000.0
Haryana,Gurgaon,Pataudi Apmc,Apple,2026-09-24,2400.0,8000.0,5500.0,0.0,5600.0
Punjab,Pathankot,Pathankot Apmc,Apple,2026-09-24,6200.0,6200.0,6200.0,0.0,0.0
Tamil Nadu,Perambalur,Perambalur(Uzhavar Sandhai ),Apple,2026-09-24,18000.0,20000.0,19000.0,0.0,2000.0
Himachal Pradesh,Chamba,Pmy Chamba,Apple,2026-09-24,5000.0,7000.0,6000.0,0.0,2000.0
Himachal Pradesh,Kangra,Pmy Kangra,Apple,2026-09-24,4000.0,11000.0,7000.0,0.0,7000.0
Himachal Pradesh,Solan,Pmy Kather Solan,Apple,2026-09-24,2500.0,14000.0,11000.0,0.0,11500.0
Maharashtra,Pune,Pune,Apple,2026-09-24,12000.0,15000.0,13500.0,0.0,3000.0
Haryana,Mewat,Punhana Apmc,Apple,2026-09-24,6000.0,6000.0,6000.0,0.0,0.0
Punjab,Gurdaspur,Quadian Apmc,Apple,2026-09-24,3800.0,4000.0,3900.0,0.0,200.0
Punjab,Ludhiana,Raikot Apmc,Apple,2026-09-24,8260.0,8260.0,8260.0,0.0,0.0
Punjab,Patiala,Rajpura Apmc,Apple,2026-09-24,18500.0,21200.0,19200.0,0.0,2700.0
Punjab,Patiala,Rajpura Apmc,Apple,2026-09-24,13500.0,15900.0,14500.0,0.0,2400.0
Punjab,Bhatinda,Rampuraphul(Nabha Mandi) Apmc,Apple,2026-09-24,5000.0,9000.0,7000.0,0.0,4000.0
Haryana,Fatehabad,Ratia Apmc,Apple,2026-09-24,4000.0,9000.0,7000.0,0.0,5000.0
Haryana,Rewari,Rewari Apmc,Apple,2026-09-24,4500.0,22000.0,15000.0,0.0,17500.0
Punjab,Ropar (Rupnagar),Ropar Apmc,Apple,2026-09-24,8200.0,9000.0,8500.0,0.0,800.0
Tamil Nadu,Coimbatore,Rspuram(Uzhavar Sandhai ),Apple,2026-09-24,23000.0,28000.0,25500.0,0.0,5000.0
Uttarakhand,Udhamsinghnagar,Rudrapur Apmc,Apple,2026-09-24,6000.0,10000.0,8000.0,0.0,4000.0
Haryana,Yamuna Nagar,Sadhaura Apmc,Apple,2026-09-24,7000.0,9000.0,8000.0,0.0,2000.0
Tamil Nadu,Erode,Sampath Nagar(Uzhavar Sandhai ),Apple,2026-09-24,17000.0,18000.0,17500.0,0.0,1000.0
Tamil Nadu,Coimbatore,Singanallur(Uzhavar Sandhai ),Apple,2026-09-24,27000.0,28000.0,27500.0,0.0,1000.0
Punjab,Fatehgarh,Sirhind Apmc,Apple,2026-09-24,5000.0,9000.0,7000.0,0.0,4000.0
Himachal Pradesh,Kangra,Smy Baijnath,Apple,2026-09-24,5000.0,12000.0,6000.0,0.0,7000.0
Himachal Pradesh,Kullu,Smy Bandrol,Apple,2026-09-24,1000.0,7800.0,4900.0,0.0,6800.0
Himachal Pradesh,Kangra,Smy Dharamshala,Apple,2026-09-24,7000.0,12000.0,9500.0,0.0,5000.0
Himachal Pradesh,Kangra,Smy Jaisinghpur,Apple,2026-09-24,4000.0,13000.0,8000.0,0.0,9000.0
Himachal Pradesh,Mandi,Smy Jogindernagar,Apple,2026-09-24,4000.0,8000.0,6000.0,0.0,4000.0
Himachal Pradesh,Kullu,Smy Khegsu,Apple,2026-09-24,1500.0,4000.0,2750.0,0.0,2500.0
Himachal Pradesh,Kangra,Smy Nagrota Bagwan,Apple,2026-09-24,4000.0,11000.0,8500.0,0.0,7000.0
Himachal Pradesh,Kangra,Smy Palampur,Apple,2026-09-24,3000.0,12000.0,7500.0,0.0,9000.0
Himachal Pradesh,Solan,Smy Parwanoo,Apple,2026-09-24,3000.0,14500.0,12000.0,0.0,11500.0
Himachal Pradesh,Una,Smy Santoshgarh,Apple,2026-09-24,4500.0,8500.0,6500.0,0.0,4000.0
Jammu and Kashmir,Baramulla,Sopore (Nowpora) (F&V),Apple,2026-09-24,4700.0,4700.0,4700.0,0.0,0.0
Jammu and Kashmir,Baramulla,Sopore (Nowpora) (F&V),Apple,2026-09-24,6100.0,6100.0,6100.0,0.0,0.0
Punjab,Hoshiarpur,Tanda Urmur Apmc,Apple,2026-09-24,8000.0,9000.0,8500.0,0.0,1000.0
Haryana,Mewat,Tauru Apmc,Apple,2026-09-24,10000.0,10000.0,10000.0,0.0,0.0
Tamil Nadu,Thanjavur,Thanjavur(Uzhavar Sandhai ),Apple,2026-09-24,26000.0,26000.0,26000.0,0.0,0.0
Tamil Nadu,Theni,Theni(Uzhavar Sandhai ),Apple,2026-09-24,14000.0,26000.0,20000.0,0.0,12000.0
Tamil Nadu,Thiruvannamalai,Tiruvannamalai(Uzhavar Sandhai ),Apple,2026-09-24,18000.0,20000.0,19000.0,0.0,2000.0
Tamil Nadu,Tuticorin,Tuticorin(Uzhavar Sandhai ),Apple,2026-09-24,19000.0,20000.0,19500.0,0.0,1000.0
Tamil Nadu,The Nilgiris,Udhagamandalam(Uzhavar Sandhai ),Apple,2026-09-24,15000.0,20000.0,17500.0,0.0,5000.0
Tamil Nadu,Coimbatore,Vadavalli(Uzhavar Sandhai ),Apple,2026-09-24,20000.0,28000.0,24000.0,0.0,8000.0
Gujarat,Surendranagar,Vadhvan Apmc,Apple,2026-09-24,6000.0,7000.0,6500.0,0.0,1000.0
Tamil Nadu,Vellore,Vellore Apmc,Apple,2026-09-24,20000.0,20000.0,20000.0,0.0,0.0
Punjab,Ferozpur,Zira Apmc,Apple,2026-09-24,7500.0,7500.0,7500.0,0.0,0.0
Karnataka,Shivamogga,Apmc Thirthahalli,Arecanut(Betelnut/Supari),2026-09-24,28822.0,28822.0,28822.0,0.0,0.0
Karnataka,Shivamogga,Apmc Thirthahalli,Arecanut(Betelnut/Supari),2026-09-24,21000.0,21000.0,21000.0,0.0,0.0
Karnataka,Shivamogga,Apmc Thirthahalli,Arecanut(Betelnut/Supari),2026-09-24,42813.0,46000.0,46000.0,0.0,3187.0
Karnataka,Kodagu,Gonikappal Apmc,Arecanut(Betelnut/Supari),2026-09-24,4000.0,4000.0,4000.0,0.0,0.0
Karnataka,Davangere,Honnali Apmc,Arecanut(Betelnut/Supari),2026-09-24,21000.0,24500.0,23000.0,0.0,3500.0
Keralam,Kannur,Payyannur Market,Arecanut(Betelnut/Supari),2026-09-24,36500.0,38500.0,37500.0,0.0,2000.0
Karnataka,Mysuru,Periyapatna Apmc,Arecanut(Betelnut/Supari),2026-09-24,25000.0,25000.0,25000.0,0.0,0.0
Meghalaya,East Khasi Hills,Shillong Apmc,Arecanut(Betelnut/Supari),2026-09-24,15000.0,25000.0,20000.0,0.0,10000.0
Tamil Nadu,Pudukkottai,Alangudi(Uzhavar Sandhai ),Ashgourd,2026-09-24,1000.0,1500.0,1250.0,0.0,500.0
Tamil Nadu,Thirunelveli,Ambasamudram(Uzhavar Sandhai ),Ashgourd,2026-09-24,1000.0,1200.0,1100.0,0.0,200.0
Tamil Nadu,Salem,Ammapet(Uzhavar Sandhai ),Ashgourd,2026-09-24,1800.0,2000.0,1900.0,0.0,200.0
Tamil Nadu,Madurai,Anaiyur(Uzhavar Sandhai ),Ashgourd,2026-09-24,1600.0,1800.0,1700.0,0.0,200.0
Tamil Nadu,Madurai,Anna Nagar(Uzhavar Sandhai ),Ashgourd,2026-09-24,1600.0,1800.0,1700.0,0.0,200.0
Tamil Nadu,Thiruvannamalai,Arani(Uzhavar Sandhai ),Ashgourd,2026-09-24,2000.0,2500.0,2250.0,0.0,500.0
Tamil Nadu,Pudukkottai,Aranthangi(Uzhavar Sandhai ),Ashgourd,2026-09-24,1000.0,1500.0,1250.0,0.0,500.0
Tamil Nadu,Ranipet,Arcot(Uzhavar Sandhai ),Ashgourd,2026-09-24,3000.0,3000.0,3000.0,0.0,0.0
Tamil Nadu,Virudhunagar,Aruppukottai(Uzhavar Sandhai ),Ashgourd,2026-09-24,2000.0,2500.0,2250.0,0.0,500.0
Keralam,Kottayam,Athirampuzha Market,Ashgourd,2026-09-24,2000.0,2200.0,2100.0,0.0,200.0
Tamil Nadu,Salem,Athur(Uzhavar Sandhai ),Ashgourd,2026-09-24,2000.0,2200.0,2100.0,0.0,200.0
Tamil Nadu,Salem,Attayampatti(Uzhavar Sandhai ),Ashgourd,2026-09-24,2000.0,2200.0,2100.0,0.0,200.0
Tamil Nadu,Krishnagiri,Avallapalli(Uzhavar Sandhai ),Ashgourd,2026-09-24,2000.0,2500.0,2250.0,0.0,500.0
Tamil Nadu,Theni,Bodinayakanur(Uzhavar Sandhai ),Ashgourd,2026-09-24,1600.0,1600.0,1600.0,0.0,0.0
Tamil Nadu,Thiruvannamalai,Chengam(Uzhavar Sandhai ),Ashgourd,2026-09-24,1500.0,2000.0,1750.0,0.0,500.0
Keralam,Alappuzha,Chengannur Market,Ashgourd,2026-09-24,1800.0,2100.0,1900.0,0.0,300.0
Keralam,Alappuzha,Cherthala Market,Ashgourd,2026-09-24,3200.0,3400.0,3300.0,0.0,200.0
Tamil Nadu,Thiruvannamalai,Cheyyar(Uzhavar Sandhai ),Ashgourd,2026-09-24,2000.0,2500.0,2250.0,0.0,500.0
Tamil Nadu,Madurai,Chokkikulam(Uzhavar Sandhai ),Ashgourd,2026-09-24,1600.0,1800.0,1700.0,0.0,200.0
Tamil Nadu,The Nilgiris,Coonoor(Uzhavar Sandhai ),Ashgourd,2026-09-24,2000.0,2400.0,2200.0,0.0,400.0
Tamil Nadu,Cuddalore,Cuddalore(Uzhavar Sandhai ),Ashgourd,2026-09-24,2000.0,3000.0,2500.0,0.0,1000.0
Tamil Nadu,Krishnagiri,Denkanikottai(Uzhavar Sandhai ),Ashgourd,2026-09-24,1500.0,2000.0,1750.0,0.0,500.0
Tamil Nadu,Sivaganga,Devakottai (Uzhavar Sandhai ),Ashgourd,2026-09-24,2000.0,2200.0,2100.0,0.0,200.0
Tamil Nadu,Theni,Devaram(Uzhavar Sandhai ),Ashgourd,2026-09-24,1500.0,1500.0,1500.0,0.0,0.0
Tamil Nadu,Thirupur,Dharapuram(Uzhavar Sandhai ),Ashgourd,2026-09-24,2000.0,2400.0,2200.0,0.0,400.0
Tamil Nadu,Dharmapuri,Dharmapuri(Uzhavar Sandhai ),Ashgourd,2026-09-24,1400.0,1500.0,1450.0,0.0,100.0
Tamil Nadu,Dindigul,Dindigul(Uzhavar Sandhai ),Ashgourd,2026-09-24,2500.0,3000.0,2750.0,0.0,500.0
Tamil Nadu,Salem,Edapadi (Uzhavar Sandhai ),Ashgourd,2026-09-24,1800.0,2000.0,1900.0,0.0,200.0
Tamil Nadu,Salem,Elampillai(Uzhavar Sandhai ),Ashgourd,2026-09-24,1800.0,2000.0,1900.0,0.0,200.0
Tamil Nadu,Pudukkottai,Gandarvakottai(Uzhavar Sandhai ),Ashgourd,2026-09-24,1000.0,1500.0,1250.0,0.0,500.0
Tamil Nadu,Karur,Gandhigramam(Uzhavar Sandhai),Ashgourd,2026-09-24,2200.0,2500.0,2350.0,0.0,300.0
Tamil Nadu,Villupuram,Gingee(Uzhavar Sandhai ),Ashgourd,2026-09-24,2000.0,2000.0,2000.0,0.0,0.0
Tamil Nadu,Erode,Gobichettipalayam(Uzhavar Sandhai ),Ashgourd,2026-09-24,3000.0,3500.0,3250.0,0.0,500.0
Tamil Nadu,The Nilgiris,Gudalur(Uzhavar Sandhai ),Ashgourd,2026-09-24,1500.0,2000.0,1750.0,0.0,500.0
Tamil Nadu,Vellore,Gudiyatham(Uzhavar Sandhai ),Ashgourd,2026-09-24,2500.0,2500.0,2500.0,0.0,0.0
Tamil Nadu,Chengalpattu,Guduvancheri(Uzhavar Sandhai ),Ashgourd,2026-09-24,2000.0,2500.0,2250.0,0.0,500.0
Keralam,Alappuzha,Harippad Market,Ashgourd,2026-09-24,4000.0,4500.0,4000.0,0.0,500.0
Tamil Nadu,Salem,Hasthampatti(Uzhavar Sandhai ),Ashgourd,2026-09-24,1800.0,2000.0,1900.0,0.0,200.0
Tamil Nadu,Krishnagiri,Hosur(Uzhavar Sandhai ),Ashgourd,2026-09-24,2500.0,3000.0,2750.0,0.0,500.0
Tamil Nadu,Salem,Jalagandapuram(Uzhavar Sandhai ),Ashgourd,2026-09-24,1600.0,1800.0,1700.0,0.0,200.0
Tamil Nadu,Chengalpattu,Jameenrayapettai(Uzhavar Sandhai ),Ashgourd,2026-09-24,2200.0,2500.0,2350.0,0.0,300.0
Tamil Nadu,Vellore,Kahithapattarai(Uzhavar Sandhai ),Ashgourd,2026-09-24,2000.0,2000.0,2000.0,0.0,0.0
Tamil Nadu,Kallakuruchi,Kallakurichi(Uzhavar Sandhai ),Ashgourd,2026-09-24,1500.0,1500.0,1500.0,0.0,0.0
Tamil Nadu,Theni,Kambam(Uzhavar Sandhai ),Ashgourd,2026-09-24,1500.0,1500.0,1500.0,0.0,0.0
Tamil Nadu,Kancheepuram,Kancheepuram(Uzhavar Sandhai ),Ashgourd,2026-09-24,2000.0,2500.0,2250.0,0.0,500.0
Tamil Nadu,Thirunelveli,Kandiyaperi(Uzhavar Sandhai ),Ashgourd,2026-09-24,1000.0,1200.0,1100.0,0.0,200.0
Tamil Nadu,Thirupur,Kangayam(Uzhavar Sandhai ),Ashgourd,2026-09-24,1500.0,2000.0,1750.0,0.0,500.0
Tamil Nadu,Sivaganga,Karaikudi(Uzhavar Sandhai ),Ashgourd,2026-09-24,2000.0,2200.0,2100.0,0.0,200.0
Tamil Nadu,Pudukkottai,Karambakkudi(Uzhavar Sandhai ),Ashgourd,2026-09-24,1000.0,1500.0,1250.0,0.0,500.0
Tamil Nadu,Virudhunagar,Kariyapatti(Uzhavar Sandhai ),Ashgourd,2026-09-24,2000.0,2500.0,2250.0,0.0,500.0
Tamil Nadu,Karur,Karur(Uzhavar Sandhai ),Ashgourd,2026-09-24,2000.0,2500.0,2250.0,0.0,500.0
Tamil Nadu,Vellore,Katpadi (Uzhavar Sandhai ),Ashgourd,2026-09-24,3000.0,3000.0,3000.0,0.0,0.0
Keralam,Idukki,Kattappana Market,Ashgourd,2026-09-24,3000.0,3400.0,3200.0,0.0,400.0
Tamil Nadu,Krishnagiri,Kaveripattinam(Uzhavar Sandhai ),Ashgourd,2026-09-24,2000.0,2000.0,2000.0,0.0,0.0
Tamil Nadu,Thiruchirappalli,Kknagar(Uzhavar Sandhai ),Ashgourd,2026-09-24,1800.0,1800.0,1800.0,0.0,0.0
Tamil Nadu,Tuticorin,Kovilpatti(Uzhavar Sandhai ),Ashgourd,2026-09-24,2000.0,2500.0,2250.0,0.0,500.0
Tamil Nadu,Karur,Kulithalai(Uzhavar Sandhai ),Ashgourd,2026-09-24,2500.0,3000.0,2750.0,0.0,500.0
Tamil Nadu,Namakkal,Kumarapalayam(Uzhavar Sandhai ),Ashgourd,2026-09-24,1800.0,2000.0,1900.0,0.0,200.0
Tamil Nadu,Thanjavur,Kumbakonam (Uzhavar Sandhai ),Ashgourd,2026-09-24,2400.0,2400.0,2400.0,0.0,0.0
Tamil Nadu,Kancheepuram,Kundrathur(Uzhavar Sandhai ),Ashgourd,2026-09-24,2000.0,2000.0,2000.0,0.0,0.0
Tamil Nadu,Coimbatore,Kurichi(Uzhavar Sandhai ),Ashgourd,2026-09-24,1800.0,2000.0,1900.0,0.0,200.0
Keralam,Pathanamthitta,Kuttoor Market,Ashgourd,2026-09-24,3600.0,4000.0,3800.0,0.0,400.0
Tamil Nadu,Thiruchirappalli,Lalgudi(Uzhavar Sandhai ),Ashgourd,2026-09-24,1800.0,1800.0,1800.0,0.0,0.0
Punjab,Ludhiana,Ludhiana Apmc,Ashgourd,2026-09-24,500.0,1000.0,800.0,0.0,500.0
Tamil Nadu,Chengalpattu,Madhuranthagam(Uzhavar Sandhai ),Ashgourd,2026-09-24,3000.0,3000.0,3000.0,0.0,0.0
Tamil Nadu,Thiruchirappalli,Manachanallur(Uzhavar Sandhai ),Ashgourd,2026-09-24,1800.0,1800.0,1800.0,0.0,0.0
Tamil Nadu,Thiruchirappalli,Manapparai(Uzhavar Sandhai ),Ashgourd,2026-09-24,2000.0,2000.0,2000.0,0.0,0.0
Keralam,Malappuram,Manjeri Market,Ashgourd,2026-09-24,2150.0,2250.0,2200.0,0.0,100.0
Tamil Nadu,Thiruvarur,Mannargudi I(Uzhavar Sandhai ),Ashgourd,2026-09-24,3000.0,3000.0,3000.0,0.0,0.0
Tamil Nadu,Thiruvarur,Mannargudi Ii(Uzhavar Sandhai ),Ashgourd,2026-09-24,3000.0,3000.0,3000.0,0.0,0.0
Tripura,South Tripura,Manubazar,Ashgourd,2026-09-24,3200.0,3500.0,3300.0,0.0,300.0
Tamil Nadu,Nagapattinam,Mayiladuthurai(Uzhavar Sandhai ),Ashgourd,2026-09-24,1500.0,2000.0,1750.0,0.0,500.0
Tamil Nadu,Chengalpattu,Medavakkam(Uzhavar Sandhai ),Ashgourd,2026-09-24,2500.0,2500.0,2500.0,0.0,0.0
Tamil Nadu,Thirunelveli,Melapalayam(Uzhavar Sandhai ),Ashgourd,2026-09-24,1000.0,1200.0,1100.0,0.0,200.0
Tamil Nadu,Madurai,Melur(Uzhavar Sandhai ),Ashgourd,2026-09-24,1600.0,1800.0,1700.0,0.0,200.0
Tamil Nadu,Coimbatore,Mettupalayam(Uzhavar Sandhai ),Ashgourd,2026-09-24,1600.0,2000.0,1800.0,0.0,400.0
Tamil Nadu,Salem,Mettur(Uzhavar Sandhai ),Ashgourd,2026-09-24,1800.0,2000.0,1900.0,0.0,200.0
Tamil Nadu,Namakkal,Mohanur(Uzhavar Sandhai ),Ashgourd,2026-09-24,2000.0,2800.0,2400.0,0.0,800.0
Keralam,Kozhikode(Calicut),Mukkom Market,Ashgourd,2026-09-24,2400.0,2800.0,2600.0,0.0,400.0
Tamil Nadu,Thiruchirappalli,Musiri(Uzhavar Sandhai ),Ashgourd,2026-09-24,1500.0,1800.0,1650.0,0.0,300.0
Tamil Nadu,Nagapattinam,Nagapattinam(Uzhavar Sandhai ),Ashgourd,2026-09-24,3300.0,3300.0,3300.0,0.0,0.0
Tamil Nadu,Namakkal,Namakkal(Uzhavar Sandhai ),Ashgourd,2026-09-24,1200.0,1400.0,1300.0,0.0,200.0
Tamil Nadu,Chengalpattu,Nanganallur(Uzhavar Sandhai ),Ashgourd,2026-09-24,2500.0,3000.0,2750.0,0.0,500.0
Tamil Nadu,Thiruvarur,Needamangalam(Uzhavar Sandhai ),Ashgourd,2026-09-24,3000.0,3000.0,3000.0,0.0,0.0
Keralam,Ernakulam,North Paravur Market,Ashgourd,2026-09-24,2000.0,2500.0,2200.0,0.0,500.0
Tamil Nadu,Kancheepuram,Padappai(Uzhavar Sandhai ),Ashgourd,2026-09-24,2000.0,2500.0,2250.0,0.0,500.0
Tamil Nadu,Madurai,Palanganatham(Uzhavar Sandhai ),Ashgourd,2026-09-24,1600.0,1800.0,1700.0,0.0,200.0
Tamil Nadu,Dindigul,Palani(Uzhavar Sandhai ),Ashgourd,2026-09-24,1500.0,1800.0,1650.0,0.0,300.0
Tamil Nadu,Thirunelveli,Palayamkottai(Uzhavar Sandhai ),Ashgourd,2026-09-24,1000.0,1200.0,1100.0,0.0,200.0
Tamil Nadu,Thirupur,Palladam(Uzhavar Sandhai ),Ashgourd,2026-09-24,2000.0,2500.0,2250.0,0.0,500.0
Tamil Nadu,Karur,Pallapatti (Uzhavar Sandhai ),Ashgourd,2026-09-24,2000.0,2500.0,2250.0,0.0,500.0
Tamil Nadu,Chengalpattu,Pallavaram(Uzhavar Sandhai ),Ashgourd,2026-09-24,2000.0,2500.0,2250.0,0.0,500.0
Tamil Nadu,Vellore,Pallikonda(Uzhavar Sandhai),Ashgourd,2026-09-24,2500.0,2500.0,2500.0,0.0,0.0
Keralam,Kottayam,Pampady Market,Ashgourd,2026-09-24,2500.0,4500.0,3500.0,0.0,2000.0
Tamil Nadu,Cuddalore,Panruti(Uzhavar Sandhai ),Ashgourd,2026-09-24,2500.0,2500.0,2500.0,0.0,0.0
Tamil Nadu,Thanjavur,Papanasam(Uzhavar Sandhai ),Ashgourd,2026-09-24,2400.0,2400.0,2400.0,0.0,0.0
Tamil Nadu,Ramanathapuram,Paramakudi(Uzhavar Sandhai ),Ashgourd,2026-09-24,2200.0,2400.0,2300.0,0.0,200.0
Tamil Nadu,Namakkal,Paramathivelur(Uzhavar Sandhai ),Ashgourd,2026-09-24,1700.0,2000.0,1850.0,0.0,300.0
Keralam,Palakad,Pattambi Market,Ashgourd,2026-09-24,1500.0,1800.0,1600.0,0.0,300.0
Tamil Nadu,Thanjavur,Pattukottai(Uzhavar Sandhai ),Ashgourd,2026-09-24,3000.0,3000.0,3000.0,0.0,0.0
Keralam,Kannur,Payyannur Market,Ashgourd,2026-09-24,2400.0,2600.0,2500.0,0.0,200.0
Tamil Nadu,Perambalur,Perambalur(Uzhavar Sandhai ),Ashgourd,2026-09-24,1600.0,2000.0,1800.0,0.0,400.0
Tamil Nadu,Vellore,Perampet(Uzhavar Sandhai),Ashgourd,2026-09-24,2500.0,2500.0,2500.0,0.0,0.0
Tamil Nadu,Thanjavur,Peravurani(Uzhavar Sandhai),Ashgourd,2026-09-24,3000.0,3000.0,3000.0,0.0,0.0
Tamil Nadu,Erode,Periyar Nagar(Uzhavar Sandhai ),Ashgourd,2026-09-24,1800.0,2000.0,1900.0,0.0,200.0
Keralam,Ernakulam,Perumbavoor Market,Ashgourd,2026-09-24,1800.0,2500.0,2200.0,0.0,700.0
Tamil Nadu,Erode,Perundurai(Uzhavar Sandhai ),Ashgourd,2026-09-24,2000.0,2200.0,2100.0,0.0,200.0
Tamil Nadu,Coimbatore,Pollachi(Uzhavar Sandhai ),Ashgourd,2026-09-24,1800.0,2200.0,2000.0,0.0,400.0
Tamil Nadu,Thiruvannamalai,Polur(Uzhavar Sandhai ),Ashgourd,2026-09-24,1600.0,2000.0,1800.0,0.0,400.0
Tamil Nadu,Pudukkottai,Ponnamaravathi(Uzhavar Sandhai),Ashgourd,2026-09-24,1000.0,1500.0,1250.0,0.0,500.0
Tamil Nadu,Pudukkottai,Pudukottai(Uzhavar Sandhai ),Ashgourd,2026-09-24,1000.0,1500.0,1250.0,0.0,500.0
Keralam,Wayanad,Pulpally Market,Ashgourd,2026-09-24,1800.0,2000.0,1900.0,0.0,200.0
Keralam,Kozhikode(Calicut),Quilandy Market,Ashgourd,2026-09-24,1900.0,2000.0,2000.0,0.0,100.0
Tamil Nadu,Virudhunagar,Rajapalayam(Uzhavar Sandhai ),Ashgourd,2026-09-24,1500.0,2000.0,1750.0,0.0,500.0
Tamil Nadu,Ramanathapuram,Ramanathapuram(Uzhavar Sandhai ),Ashgourd,2026-09-24,2400.0,2800.0,2600.0,0.0,400.0
Tamil Nadu,Ranipet,Ranipettai(Uzhavar Sandhai ),Ashgourd,2026-09-24,2000.0,2000.0,2000.0,0.0,0.0
Tamil Nadu,Namakkal,Rasipuram(Uzhavar Sandhai ),Ashgourd,2026-09-24,2200.0,2400.0,2300.0,0.0,200.0
Tamil Nadu,Coimbatore,Rspuram(Uzhavar Sandhai ),Ashgourd,2026-09-24,1600.0,1800.0,1700.0,0.0,200.0
Tamil Nadu,Erode,Sampath Nagar(Uzhavar Sandhai ),Ashgourd,2026-09-24,1800.0,2000.0,1900.0,0.0,200.0
Tamil Nadu,Tenkasi,Sankarankoil(Uzhavar Sandhai ),Ashgourd,2026-09-24,1500.0,1500.0,1500.0,0.0,0.0
Tamil Nadu,Kallakuruchi,Sankarapuram(Uzhavar Sandhai ),Ashgourd,2026-09-24,1500.0,1500.0,1500.0,0.0,0.0
Tamil Nadu,Erode,Sathiyamagalam(Uzhavar Sandhai ),Ashgourd,2026-09-24,2000.0,2400.0,2200.0,0.0,400.0
Tamil Nadu,Virudhunagar,Sathur(Uzhavar Sandhai ),Ashgourd,2026-09-24,2000.0,2500.0,2250.0,0.0,500.0
Tamil Nadu,Sivaganga,Singampunari(Uzhavar Sandhai ),Ashgourd,2026-09-24,1800.0,2000.0,1900.0,0.0,200.0
Tamil Nadu,Coimbatore,Singanallur(Uzhavar Sandhai ),Ashgourd,2026-09-24,1800.0,2000.0,1900.0,0.0,200.0
Tamil Nadu,Nagapattinam,Sirkali(Uzhavar Sandhai ),Ashgourd,2026-09-24,2500.0,3000.0,2750.0,0.0,500.0
Tamil Nadu,Sivaganga,Sivagangai (Uzhavar Sandhai ),Ashgourd,2026-09-24,1800.0,2000.0,1900.0,0.0,200.0
Tamil Nadu,Virudhunagar,Sivakasi(Uzhavar Sandhai ),Ashgourd,2026-09-24,2500.0,3000.0,2750.0,0.0,500.0
Tamil Nadu,Salem,Sooramangalam(Uzhavar Sandhai ),Ashgourd,2026-09-24,1500.0,1800.0,1650.0,0.0,300.0
Tamil Nadu,Virudhunagar,Srivilliputhur(Uzhavar Sandhai ),Ashgourd,2026-09-24,2500.0,3000.0,2750.0,0.0,500.0
Tamil Nadu,Coimbatore,Sulur(Uzhavar Sandhai ),Ashgourd,2026-09-24,1500.0,2000.0,1750.0,0.0,500.0
Tamil Nadu,Coimbatore,Sundarapuram(Uzhavar Sandhai ),Ashgourd,2026-09-24,1600.0,1800.0,1700.0,0.0,200.0
Tamil Nadu,Kancheepuram,Sunguvarchatram(Uzhavar Sandhai ),Ashgourd,2026-09-24,2000.0,2000.0,2000.0,0.0,0.0
Tamil Nadu,Thiruvannamalai,Tamarainagar(Uzhavar Sandhai ),Ashgourd,2026-09-24,2000.0,2400.0,2200.0,0.0,400.0
Tamil Nadu,Tenkasi,Tenkasi(Uzhavar Sandhai ),Ashgourd,2026-09-24,1400.0,1400.0,1400.0,0.0,0.0
Tamil Nadu,Erode,Thalavadi(Uzhavar Sandhai ),Ashgourd,2026-09-24,1400.0,1800.0,1600.0,0.0,400.0
Tamil Nadu,Virudhunagar,Thalavaipuram(Uzhavar Sandhai ),Ashgourd,2026-09-24,2500.0,3000.0,2750.0,0.0,500.0
Tamil Nadu,Salem,Thammampatti (Uzhavar Sandhai ),Ashgourd,2026-09-24,2000.0,2000.0,2000.0,0.0,0.0
Tamil Nadu,Thanjavur,Thanjavur(Uzhavar Sandhai ),Ashgourd,2026-09-24,2000.0,2000.0,2000.0,0.0,0.0
Tamil Nadu,Salem,Thathakapatti(Uzhavar Sandhai ),Ashgourd,2026-09-24,1600.0,1800.0,1700.0,0.0,200.0
Tamil Nadu,Chengalpattu,Thirukalukundram(Uzhavar Sandhai ),Ashgourd,2026-09-24,2000.0,2500.0,2250.0,0.0,500.0
Tamil Nadu,Madurai,Thirumangalam(Uzhavar Sandhai ),Ashgourd,2026-09-24,1500.0,1800.0,1650.0,0.0,300.0
Tamil Nadu,Vellore,Thirupathur Apmc,Ashgourd,2026-09-24,2000.0,2000.0,2000.0,0.0,0.0
Tamil Nadu,Thiruchirappalli,Thiruverumbur(Uzhavar Sandhai ),Ashgourd,2026-09-24,1800.0,1800.0,1800.0,0.0,0.0
Keralam,Ernakulam,Thrippunithura Market,Ashgourd,2026-09-24,3600.0,5000.0,3800.0,0.0,1400.0
Tamil Nadu,Thiruchirappalli,Thuraiyur Apmc,Ashgourd,2026-09-24,1400.0,1800.0,1600.0,0.0,400.0
Tamil Nadu,Villupuram,Tindivanam Apmc,Ashgourd,2026-09-24,1500.0,1500.0,1500.0,0.0,0.0
Tamil Nadu,Namakkal,Tiruchengode Apmc,Ashgourd,2026-09-24,1800.0,2000.0,1900.0,0.0,200.0
Tamil Nadu,Thanjavur,Tirukattupalli(Uzhavar Sandhai ),Ashgourd,2026-09-24,2000.0,2000.0,2000.0,0.0,0.0
Tamil Nadu,Sivaganga,Tirupatthur(Uzhavar Sandhai ),Ashgourd,2026-09-24,2000.0,2200.0,2100.0,0.0,200.0
Tamil Nadu,Thirupur,Tiruppur (North) (Uzhavar Sandhai ),Ashgourd,2026-09-24,1500.0,2000.0,1750.0,0.0,500.0
Tamil Nadu,Thirupur,Tiruppur (South) (Uzhavar Sandhai ),Ashgourd,2026-09-24,1000.0,1500.0,1250.0,0.0,500.0
Tamil Nadu,Thiruvarur,Tiruthuraipoondi(Uzhavar Sandhai ),Ashgourd,2026-09-24,3000.0,3000.0,3000.0,0.0,0.0
Tamil Nadu,Thiruvannamalai,Tiruvannamalai(Uzhavar Sandhai ),Ashgourd,2026-09-24,2000.0,2500.0,2250.0,0.0,500.0
Tamil Nadu,Thiruvarur,Tiruvarur(Uzhavar Sandhai ),Ashgourd,2026-09-24,3000.0,3000.0,3000.0,0.0,0.0
Tamil Nadu,Tuticorin,Tuticorin(Uzhavar Sandhai ),Ashgourd,2026-09-24,1000.0,1500.0,1250.0,0.0,500.0
Tamil Nadu,The Nilgiris,Udhagamandalam(Uzhavar Sandhai ),Ashgourd,2026-09-24,1500.0,2000.0,1750.0,0.0,500.0
Tamil Nadu,Coimbatore,Udumalpet Apmc,Ashgourd,2026-09-24,1500.0,2500.0,2000.0,0.0,1000.0
Tamil Nadu,Villupuram,Ulundurpettai Apmc,Ashgourd,2026-09-24,2000.0,2000.0,2000.0,0.0,0.0
Tamil Nadu,Madurai,Usilampatti(Uzhavar Sandhai ),Ashgourd,2026-09-24,1600.0,1800.0,1700.0,0.0,200.0
Tamil Nadu,Cuddalore,Vadalur(Uzhavar Sandhai ),Ashgourd,2026-09-24,2000.0,2000.0,2000.0,0.0,0.0
Tamil Nadu,Nagercoil (Kannyiakumari),Vadaseri Apmc,Ashgourd,2026-09-24,2000.0,2500.0,2250.0,0.0,500.0
Tamil Nadu,Coimbatore,Vadavalli(Uzhavar Sandhai ),Ashgourd,2026-09-24,1600.0,1800.0,1700.0,0.0,200.0
Tamil Nadu,Thiruvarur,Valangaiman Apmc,Ashgourd,2026-09-24,3000.0,3000.0,3000.0,0.0,0.0
Tamil Nadu,Thiruvannamalai,Vandavasi(Uzhavar Sandhai ),Ashgourd,2026-09-24,2000.0,2500.0,2250.0,0.0,500.0
Tamil Nadu,Salem,Vazhapadi(Uzhavar Sandhai),Ashgourd,2026-09-24,3000.0,3000.0,3000.0,0.0,0.0
Tamil Nadu,Nagapattinam,Vedaranyam(Uzhavar Sandhai),Ashgourd,2026-09-24,2400.0,2400.0,2400.0,0.0,0.0
Tamil Nadu,Karur,Velayuthampalayam(Uzhavar Sandhai ),Ashgourd,2026-09-24,2000.0,2500.0,2250.0,0.0,500.0
Tamil Nadu,Vellore,Vellore Apmc,Ashgourd,2026-09-24,2500.0,3000.0,2750.0,0.0,500.0
Tamil Nadu,Villupuram,Villupuram(Uzhavar Sandhai ),Ashgourd,2026-09-24,2500.0,2500.0,2500.0,0.0,0.0
Tamil Nadu,Pudukkottai,Viralimalai(Uzhavar Sandhai ),Ashgourd,2026-09-24,1200.0,1500.0,1350.0,0.0,300.0
Tamil Nadu,Virudhunagar,Virudhunagar(Uzhavar Sandhai ),Ashgourd,2026-09-24,2500.0,3000.0,2750.0,0.0,500.0
Tamil Nadu,Cuddalore,Viruthachalam(Uzhavar Sandhai ),Ashgourd,2026-09-24,2000.0,2500.0,2250.0,0.0,500.0
Tamil Nadu,Dharmapuri,Ajattihalli(Uzhavar Sandhai ),Baby Corn,2026-09-24,2000.0,2000.0,2000.0,0.0,0.0
Tamil Nadu,Salem,Ammapet(Uzhavar Sandhai ),Baby Corn,2026-09-24,2800.0,3000.0,2900.0,0.0,200.0
Tamil Nadu,Karur,Gandhigramam(Uzhavar Sandhai),Baby Corn,2026-09-24,3500.0,4000.0,3750.0,0.0,500.0
Tamil Nadu,Salem,Hasthampatti(Uzhavar Sandhai ),Baby Corn,2026-09-24,2000.0,2500.0,2250.0,0.0,500.0
Tamil Nadu,Kallakuruchi,Kallakurichi(Uzhavar Sandhai ),Baby Corn,2026-09-24,3000.0,3000.0,3000.0,0.0,0.0
Tamil Nadu,Namakkal,Kumarapalayam(Uzhavar Sandhai ),Baby Corn,2026-09-24,2000.0,2500.0,2250.0,0.0,500.0
Madhya Pradesh,Dhar,Manawar(F&V) Apmc,Baby Corn,2026-09-24,600.0,800.0,700.0,0.0,200.0
Tamil Nadu,Coimbatore,Mettupalayam(Uzhavar Sandhai ),Baby Corn,2026-09-24,2500.0,3000.0,2750.0,0.0,500.0
Tamil Nadu,Namakkal,Namakkal(Uzhavar Sandhai ),Baby Corn,2026-09-24,2200.0,2600.0,2400.0,0.0,400.0
Tamil Nadu,Chengalpattu,Nanganallur(Uzhavar Sandhai ),Baby Corn,2026-09-24,4500.0,5000.0,4750.0,0.0,500.0
Tamil Nadu,Karur,Pallapatti (Uzhavar Sandhai ),Baby Corn,2026-09-24,4500.0,5000.0,4750.0,0.0,500.0
Tamil Nadu,Erode,Periyar Nagar(Uzhavar Sandhai ),Baby Corn,2026-09-24,1500.0,1700.0,1600.0,0.0,200.0
Tamil Nadu,Namakkal,Rasipuram(Uzhavar Sandhai ),Baby Corn,2026-09-24,2200.0,2500.0,2350.0,0.0,300.0
Tamil Nadu,Coimbatore,Rspuram(Uzhavar Sandhai ),Baby Corn,2026-09-24,2200.0,2600.0,2400.0,0.0,400.0
Tamil Nadu,Salem,Sooramangalam(Uzhavar Sandhai ),Baby Corn,2026-09-24,2500.0,3000.0,2750.0,0.0,500.0
Tamil Nadu,Salem,Thammampatti (Uzhavar Sandhai ),Baby Corn,2026-09-24,2500.0,3000.0,2750.0,0.0,500.0
Tamil Nadu,Villupuram,Villupuram(Uzhavar Sandhai ),Baby Corn,2026-09-24,4000.0,4000.0,4000.0,0.0,0.0
Maharashtra,Ahilyanagar,Apmc Karjat ,Bajra(Pearl Millet/Cumbu),2026-09-24,2200.0,2500.0,2350.0,0.0,300.0
Rajasthan,Jaipur,Bassi Apmc,Bajra(Pearl Millet/Cumbu),2026-09-24,2045.0,2315.0,2180.0,0.0,270.0
Uttar Pradesh,Hathras,Haathras Apmc,Bajra(Pearl Millet/Cumbu),2026-09-24,2140.0,2140.0,2140.0,0.0,0.0
Maharashtra,Jalgaon,Jalgaon(Masawat) ,Bajra(Pearl Millet/Cumbu),2026-09-24,2400.0,2400.0,2400.0,0.0,0.0
Gujarat,Jamnagar,Jam Jodhpur Apmc,Bajra(Pearl Millet/Cumbu),2026-09-24,1500.0,2050.0,1750.0,0.0,550.0
Tamil Nadu,Villupuram,Kallakurichi Apmc,Bajra(Pearl Millet/Cumbu),2026-09-24,4509.0,4899.0,4704.0,0.0,390.0
Uttar Pradesh,Agra,Khairagarh Apmc,Bajra(Pearl Millet/Cumbu),2026-09-24,2100.0,2100.0,2100.0,0.0,0.0
Uttar Pradesh,Agra,Khairagarh Apmc,Bajra(Pearl Millet/Cumbu),2026-09-24,2100.0,2200.0,2150.0,0.0,100.0
Karnataka,Koppal,Kustagi Apmc,Bajra(Pearl Millet/Cumbu),2026-09-24,2400.0,2650.0,2616.0,0.0,250.0
Karnataka,Raichur,Lingasugur Apmc,Bajra(Pearl Millet/Cumbu),2026-09-24,3250.0,3250.0,3250.0,0.0,0.0
Andhra Pradesh,Prakasam,Maddipadu Apmc,Bajra(Pearl Millet/Cumbu),2026-09-24,2900.0,2900.0,2900.0,0.0,0.0
Tamil Nadu,Villupuram,Manalurpet Apmc,Bajra(Pearl Millet/Cumbu),2026-09-24,4003.0,4609.0,4306.0,0.0,606.0
Gujarat,Gandhinagar,Mansa Apmc,Bajra(Pearl Millet/Cumbu),2026-09-24,2210.0,2380.0,2350.0,0.0,170.0
Gujarat,Sabarkantha,Modasa Apmc,Bajra(Pearl Millet/Cumbu),2026-09-24,2225.0,2300.0,2300.0,0.0,75.0
Gujarat,Sabarkantha,Modasa(Tintoi) Apmc,Bajra(Pearl Millet/Cumbu),2026-09-24,2125.0,2200.0,2200.0,0.0,75.0
Andhra Pradesh,Visakhapatnam,Pendurthi Apmc,Bajra(Pearl Millet/Cumbu),2026-09-24,2700.0,2700.0,2700.0,0.0,0.0
Rajasthan,Churu,Sadulpur Apmc,Bajra(Pearl Millet/Cumbu),2026-09-24,2000.0,2300.0,2150.0,0.0,300.0
Rajasthan,Deeg,Sikri Apmc,Bajra(Pearl Millet/Cumbu),2026-09-24,2050.0,2200.0,2130.0,0.0,150.0
Tamil Nadu,Kallakuruchi,Thirunavalur Apmc,Bajra(Pearl Millet/Cumbu),2026-09-24,4069.0,4403.0,4236.0,0.0,334.0
Tamil Nadu,Coimbatore,Thiruppur Apmc,Bajra(Pearl Millet/Cumbu),2026-09-24,2400.0,2800.0,2600.0,0.0,400.0
Tamil Nadu,Vellore,Vellore Apmc,Bajra(Pearl Millet/Cumbu),2026-09-24,3059.0,3059.0,3059.0,0.0,0.0
Tamil Nadu,Villupuram,Vikkiravandi Apmc,Bajra(Pearl Millet/Cumbu),2026-09-24,3460.0,4009.0,3734.5,0.0,549.0
Tamil Nadu,Villupuram,Villupuram Apmc,Bajra(Pearl Millet/Cumbu),2026-09-24,4099.0,4844.0,4471.5,0.0,745.0
Punjab,Sangrur,Ahmedgarh Apmc,Banana,2026-09-24,3000.0,3200.0,3200.0,0.0,200.0
Tamil Nadu,Dharmapuri,Ajattihalli(Uzhavar Sandhai ),Banana,2026-09-24,8500.0,8500.0,8500.0,0.0,0.0
Tamil Nadu,Pudukkottai,Alangudi(Uzhavar Sandhai ),Banana,2026-09-24,4500.0,5000.0,4750.0,0.0,500.0
Andhra Pradesh,Dr.B.R.A.Konaseema,Ambajipeta Apmc,Banana,2026-09-24,800.0,2400.0,1600.0,0.0,1600.0
Tamil Nadu,Salem,Ammapet(Uzhavar Sandhai ),Banana,2026-09-24,7500.0,8000.0,7750.0,0.0,500.0
Tamil Nadu,Madurai,Anaiyur(Uzhavar Sandhai ),Banana,2026-09-24,4000.0,5000.0,4500.0,0.0,1000.0
Tamil Nadu,Theni,Andipatti(Uzhavar Sandhai ),Banana,2026-09-24,5500.0,6000.0,5750.0,0.0,500.0
Keralam,Malappuram,Angadippuram Vfpck Market,Banana,2026-09-24,4500.0,4700.0,4600.0,0.0,200.0
Tamil Nadu,Madurai,Anna Nagar(Uzhavar Sandhai ),Banana,2026-09-24,9000.0,9000.0,9000.0,0.0,0.0
Tamil Nadu,Thiruvannamalai,Arani(Uzhavar Sandhai ),Banana,2026-09-24,5000.0,6000.0,5500.0,0.0,1000.0
Tamil Nadu,Pudukkottai,Aranthangi(Uzhavar Sandhai ),Banana,2026-09-24,4500.0,5000.0,4750.0,0.0,500.0
Tamil Nadu,Ranipet,Arcot(Uzhavar Sandhai ),Banana,2026-09-24,6000.0,6000.0,6000.0,0.0,0.0
Tamil Nadu,Virudhunagar,Aruppukottai(Uzhavar Sandhai ),Banana,2026-09-24,3000.0,4000.0,3500.0,0.0,1000.0
Tamil Nadu,Salem,Athur(Uzhavar Sandhai ),Banana,2026-09-24,7000.0,7500.0,7250.0,0.0,500.0
Tamil Nadu,Salem,Attayampatti(Uzhavar Sandhai ),Banana,2026-09-24,8000.0,8000.0,8000.0,0.0,0.0
Punjab,Moga,Baghapurana Apmc,Banana,2026-09-24,2500.0,3500.0,3000.0,0.0,1000.0
Haryana,Hissar,Barwala(Hisar) Apmc,Banana,2026-09-24,3500.0,4000.0,3800.0,0.0,500.0
Punjab,Bhatinda,Bhagta Bhai Ka Apmc,Banana,2026-09-24,2800.0,2800.0,2800.0,0.0,0.0
Uttarakhand,Haridwar,Bhagwanpur(Naveen Mandi Sthal) Apmc,Banana,2026-09-24,700.0,800.0,750.0,0.0,100.0
Uttar Pradesh,Rampur,Bilaspur Apmc,Banana,2026-09-24,1900.0,2100.0,2000.0,0.0,200.0
Tamil Nadu,Theni,Bodinayakanur(Uzhavar Sandhai ),Banana,2026-09-24,5000.0,5000.0,5000.0,0.0,0.0
Keralam,Thirssur,Chazhur Vfpck Market,Banana,2026-09-24,3600.0,4500.0,4200.0,0.0,900.0
Tamil Nadu,Thiruvannamalai,Chengam(Uzhavar Sandhai ),Banana,2026-09-24,4000.0,5000.0,4500.0,0.0,1000.0
Tamil Nadu,Thiruvannamalai,Cheyyar(Uzhavar Sandhai ),Banana,2026-09-24,4000.0,5000.0,4500.0,0.0,1000.0
Tamil Nadu,Cuddalore,Chidambaram(Uzhavar Sandhai ),Banana,2026-09-24,4000.0,4000.0,4000.0,0.0,0.0
Tamil Nadu,Dindigul,Chinnalapatti(Uzhavar Sandhai ),Banana,2026-09-24,6000.0,7000.0,6500.0,0.0,1000.0
Tamil Nadu,Madurai,Chokkikulam(Uzhavar Sandhai ),Banana,2026-09-24,4000.0,5000.0,4500.0,0.0,1000.0
Tamil Nadu,The Nilgiris,Coonoor(Uzhavar Sandhai ),Banana,2026-09-24,8000.0,8500.0,8250.0,0.0,500.0
Tamil Nadu,Cuddalore,Cuddalore(Uzhavar Sandhai ),Banana,2026-09-24,4000.0,8000.0,6000.0,0.0,4000.0
Punjab,Hoshiarpur,Dasuya Apmc,Banana,2026-09-24,4000.0,4000.0,4000.0,0.0,0.0
Tamil Nadu,Krishnagiri,Denkanikottai(Uzhavar Sandhai ),Banana,2026-09-24,9000.0,10000.0,9500.0,0.0,1000.0
Tamil Nadu,Sivaganga,Devakottai (Uzhavar Sandhai ),Banana,2026-09-24,3600.0,4000.0,3800.0,0.0,400.0
Tamil Nadu,Theni,Devaram(Uzhavar Sandhai ),Banana,2026-09-24,6000.0,6000.0,6000.0,0.0,0.0
Haryana,Kaithal,Dhand Apmc,Banana,2026-09-24,2800.0,4000.0,3500.0,0.0,1200.0
Tamil Nadu,Thirupur,Dharapuram(Uzhavar Sandhai ),Banana,2026-09-24,4000.0,4500.0,4250.0,0.0,500.0
Tamil Nadu,Dharmapuri,Dharmapuri(Uzhavar Sandhai ),Banana,2026-09-24,5200.0,5500.0,5350.0,0.0,300.0
Tamil Nadu,Dindigul,Dindigul(Uzhavar Sandhai ),Banana,2026-09-24,8000.0,9000.0,8500.0,0.0,1000.0
Punjab,Ludhiana,Doraha Apmc,Banana,2026-09-24,2300.0,2300.0,2300.0,0.0,0.0
Tamil Nadu,Salem,Edapadi (Uzhavar Sandhai ),Banana,2026-09-24,7500.0,8000.0,7750.0,0.0,500.0
Keralam,Malappuram,Elamkulam Vfpck Market,Banana,2026-09-24,4500.0,4700.0,4600.0,0.0,200.0
Tamil Nadu,Salem,Elampillai(Uzhavar Sandhai ),Banana,2026-09-24,7500.0,8000.0,7750.0,0.0,500.0
Jammu and Kashmir,Udhampur,Fruit And Vegetable Market Udhampur,Banana,2026-09-24,4400.0,4400.0,4400.0,0.0,0.0
Tamil Nadu,Pudukkottai,Gandarvakottai(Uzhavar Sandhai ),Banana,2026-09-24,6000.0,7000.0,6500.0,0.0,1000.0
Tamil Nadu,Karur,Gandhigramam(Uzhavar Sandhai),Banana,2026-09-24,5500.0,6000.0,5750.0,0.0,500.0
Punjab,Hoshiarpur,Garh Shankar Apmc,Banana,2026-09-24,3200.0,3200.0,3200.0,0.0,0.0
Punjab,Hoshiarpur,Garhshankar (Kotfatuhi) Apmc,Banana,2026-09-24,3200.0,3200.0,3200.0,0.0,0.0
Tamil Nadu,Villupuram,Gingee(Uzhavar Sandhai ),Banana,2026-09-24,5000.0,6000.0,5500.0,0.0,1000.0
Tamil Nadu,Erode,Gobichettipalayam(Uzhavar Sandhai ),Banana,2026-09-24,2400.0,2800.0,2600.0,0.0,400.0
Tamil Nadu,The Nilgiris,Gudalur(Uzhavar Sandhai ),Banana,2026-09-24,4000.0,5000.0,4500.0,0.0,1000.0
Tamil Nadu,Vellore,Gudiyatham(Uzhavar Sandhai ),Banana,2026-09-24,8500.0,8500.0,8500.0,0.0,0.0
Tamil Nadu,Chengalpattu,Guduvancheri(Uzhavar Sandhai ),Banana,2026-09-24,7000.0,8000.0,7500.0,0.0,1000.0
Haryana,Gurgaon,Gurgaon Apmc,Banana,2026-09-24,2000.0,4000.0,3000.0,0.0,2000.0
Uttarakhand,Haridwar,Haridwar Union Apmc,Banana,2026-09-24,1300.0,1800.0,1500.0,0.0,500.0
Tamil Nadu,Dharmapuri,Harur(Uzhavar Sandhai ),Banana,2026-09-24,5000.0,7000.0,6000.0,0.0,2000.0
Tamil Nadu,Salem,Hasthampatti(Uzhavar Sandhai ),Banana,2026-09-24,7600.0,8000.0,7800.0,0.0,400.0
Tamil Nadu,Krishnagiri,Hosur(Uzhavar Sandhai ),Banana,2026-09-24,8000.0,9000.0,8500.0,0.0,1000.0
Tamil Nadu,Salem,Jalagandapuram(Uzhavar Sandhai ),Banana,2026-09-24,6500.0,7000.0,6750.0,0.0,500.0
Punjab,Jalandhar,Jalandhar City(Jalandhar) Apmc,Banana,2026-09-24,1200.0,1800.0,1400.0,0.0,600.0
Tamil Nadu,Chengalpattu,Jameenrayapettai(Uzhavar Sandhai ),Banana,2026-09-24,7000.0,8000.0,7500.0,0.0,1000.0
Haryana,Jhajar,Jhajjar Apmc,Banana,2026-09-24,2800.0,2800.0,2800.0,0.0,0.0
Tamil Nadu,Vellore,Kahithapattarai(Uzhavar Sandhai ),Banana,2026-09-24,5000.0,5000.0,5000.0,0.0,0.0
Haryana,Sirsa,Kalanwaliapmc,Banana,2026-09-24,3500.0,4000.0,4000.0,0.0,500.0
Tamil Nadu,Kallakuruchi,Kallakurichi(Uzhavar Sandhai ),Banana,2026-09-24,7000.0,7000.0,7000.0,0.0,0.0
Tamil Nadu,Theni,Kambam(Uzhavar Sandhai ),Banana,2026-09-24,3000.0,6000.0,4500.0,0.0,3000.0
Tamil Nadu,Kancheepuram,Kancheepuram(Uzhavar Sandhai ),Banana,2026-09-24,4000.0,5000.0,4500.0,0.0,1000.0
Tamil Nadu,Thirupur,Kangayam(Uzhavar Sandhai ),Banana,2026-09-24,3500.0,4000.0,3750.0,0.0,500.0
Tamil Nadu,Sivaganga,Karaikudi(Uzhavar Sandhai ),Banana,2026-09-24,3500.0,4000.0,3750.0,0.0,500.0
Keralam,Thirssur,Karalam Vfpck Market,Banana,2026-09-24,1000.0,4000.0,2690.0,0.0,3000.0
Tamil Nadu,Pudukkottai,Karambakkudi(Uzhavar Sandhai ),Banana,2026-09-24,6000.0,7000.0,6500.0,0.0,1000.0
Madhya Pradesh,Shivpuri,Karera(F&V) Apmc,Banana,2026-09-24,1700.0,2100.0,1900.0,0.0,400.0
Tamil Nadu,Dharmapuri,Karimangalam(Uzhavar Sandhai),Banana,2026-09-24,5500.0,6000.0,5750.0,0.0,500.0
Tamil Nadu,Virudhunagar,Kariyapatti(Uzhavar Sandhai ),Banana,2026-09-24,3500.0,4000.0,3750.0,0.0,500.0
Tamil Nadu,Karur,Karur(Uzhavar Sandhai ),Banana,2026-09-24,5000.0,6000.0,5500.0,0.0,1000.0
Jammu and Kashmir,Kathua,Kathua (F&V),Banana,2026-09-24,4000.0,4500.0,4250.0,0.0,500.0
Tamil Nadu,Vellore,Katpadi (Uzhavar Sandhai ),Banana,2026-09-24,6000.0,8000.0,7000.0,0.0,2000.0
Tamil Nadu,Krishnagiri,Kaveripattinam(Uzhavar Sandhai ),Banana,2026-09-24,4000.0,7000.0,5500.0,0.0,3000.0
Tamil Nadu,Thiruvannamalai,Keelpennathur(Uzhavar Sandhai ),Banana,2026-09-24,4500.0,5000.0,4750.0,0.0,500.0
Uttarakhand,Udhamsinghnagar,Kicchha Apmc,Banana,2026-09-24,800.0,1000.0,900.0,0.0,200.0
Tamil Nadu,Thiruchirappalli,Kknagar(Uzhavar Sandhai ),Banana,2026-09-24,5000.0,6000.0,5500.0,0.0,1000.0
Keralam,Malappuram,Kodakkad  Vfpck Market,Banana,2026-09-24,4800.0,5000.0,4900.0,0.0,200.0
Tamil Nadu,Tuticorin,Kovilpatti(Uzhavar Sandhai ),Banana,2026-09-24,3000.0,3500.0,3250.0,0.0,500.0
Tamil Nadu,Krishnagiri,Krishnagiri(Uzhavar Sandhai ),Banana,2026-09-24,7500.0,8000.0,7750.0,0.0,500.0
Tamil Nadu,Karur,Kulithalai(Uzhavar Sandhai ),Banana,2026-09-24,5500.0,6000.0,5750.0,0.0,500.0
Tamil Nadu,Namakkal,Kumarapalayam(Uzhavar Sandhai ),Banana,2026-09-24,3500.0,4000.0,3750.0,0.0,500.0
Tamil Nadu,Thanjavur,Kumbakonam (Uzhavar Sandhai ),Banana,2026-09-24,4000.0,4000.0,4000.0,0.0,0.0
Tamil Nadu,Kancheepuram,Kundrathur(Uzhavar Sandhai ),Banana,2026-09-24,5000.0,5000.0,5000.0,0.0,0.0
Tamil Nadu,Coimbatore,Kurichi(Uzhavar Sandhai ),Banana,2026-09-24,5500.0,6000.0,5750.0,0.0,500.0
Keralam,Pathanamthitta,Kuttoor Market,Banana,2026-09-24,1100.0,1500.0,1300.0,0.0,400.0
Keralam,Pathanamthitta,Kuttoor Market,Banana,2026-09-24,6600.0,7000.0,6800.0,0.0,400.0
Keralam,Pathanamthitta,Kuttoor Market,Banana,2026-09-24,7600.0,8000.0,7800.0,0.0,400.0
Tamil Nadu,Thiruchirappalli,Lalgudi(Uzhavar Sandhai ),Banana,2026-09-24,4000.0,5000.0,4500.0,0.0,1000.0
Manipur,Imphal East,Lamlong Bazaar Apmc,Banana,2026-09-24,5500.0,6000.0,5750.0,0.0,500.0
Jammu and Kashmir,Jammu,Mac F&V Market Narwal Jammu,Banana,2026-09-24,3900.0,4200.0,4050.0,0.0,300.0
Tamil Nadu,Chengalpattu,Madhuranthagam(Uzhavar Sandhai ),Banana,2026-09-24,4000.0,4000.0,4000.0,0.0,0.0
Punjab,Sangrur,Malerkotla Apmc,Banana,2026-09-24,1800.0,1800.0,1800.0,0.0,0.0
Tamil Nadu,Thiruchirappalli,Manachanallur(Uzhavar Sandhai ),Banana,2026-09-24,5000.0,5000.0,5000.0,0.0,0.0
Tamil Nadu,Thiruchirappalli,Manapparai(Uzhavar Sandhai ),Banana,2026-09-24,4000.0,5000.0,4500.0,0.0,1000.0
Uttarakhand,Haridwar,Manglaur Apmc,Banana,2026-09-24,1000.0,1200.0,1100.0,0.0,200.0
Tamil Nadu,Thiruvarur,Mannargudi I(Uzhavar Sandhai ),Banana,2026-09-24,6000.0,6000.0,6000.0,0.0,0.0
Tamil Nadu,Thiruvarur,Mannargudi Ii(Uzhavar Sandhai ),Banana,2026-09-24,6000.0,6000.0,6000.0,0.0,0.0
Tamil Nadu,Nagapattinam,Mayiladuthurai(Uzhavar Sandhai ),Banana,2026-09-24,3600.0,4000.0,3800.0,0.0,400.0
Tamil Nadu,Salem,Mecheri(Uzhavar Sandhai),Banana,2026-09-24,4000.0,5000.0,4500.0,0.0,1000.0
Tamil Nadu,Chengalpattu,Medavakkam(Uzhavar Sandhai ),Banana,2026-09-24,6000.0,6000.0,6000.0,0.0,0.0
Haryana,Rohtak,Meham,Banana,2026-09-24,1700.0,1700.0,1700.0,0.0,0.0
Tripura,Sepahijala,Melaghar Apmc,Banana,2026-09-24,2500.0,3200.0,3000.0,0.0,700.0
Tamil Nadu,Thirunelveli,Melapalayam(Uzhavar Sandhai ),Banana,2026-09-24,9000.0,10000.0,9500.0,0.0,1000.0
Tamil Nadu,Madurai,Melur(Uzhavar Sandhai ),Banana,2026-09-24,3000.0,4000.0,3500.0,0.0,1000.0
Tamil Nadu,Coimbatore,Mettupalayam(Uzhavar Sandhai ),Banana,2026-09-24,4000.0,8000.0,6000.0,0.0,4000.0
Tamil Nadu,Salem,Mettur(Uzhavar Sandhai ),Banana,2026-09-24,6500.0,7000.0,6750.0,0.0,500.0
Tamil Nadu,Namakkal,Mohanur(Uzhavar Sandhai ),Banana,2026-09-24,7000.0,8000.0,7500.0,0.0,1000.0
Nagaland,Mon,Mon Apmc,Banana,2026-09-24,4350.0,4390.0,4370.0,0.0,40.0
Punjab,Hoshiarpur,Mukerian Apmc,Banana,2026-09-24,2600.0,3400.0,3000.0,0.0,800.0
Keralam,Kozhikode(Calicut),Mukkom Market,Banana,2026-09-24,7400.0,7800.0,7600.0,0.0,400.0
Keralam,Idukki,Munnar Market,Banana,2026-09-24,6000.0,6000.0,6000.0,0.0,0.0
Keralam,Idukki,Munnar Market,Banana,2026-09-24,3000.0,3000.0,3000.0,0.0,0.0
Keralam,Idukki,Munnar Market,Banana,2026-09-24,3500.0,3500.0,3500.0,0.0,0.0
Keralam,Idukki,Munnar Market,Banana,2026-09-24,6500.0,6500.0,6500.0,0.0,0.0
Tamil Nadu,Thiruchirappalli,Musiri(Uzhavar Sandhai ),Banana,2026-09-24,4000.0,5000.0,4500.0,0.0,1000.0
Tamil Nadu,Nagapattinam,Nagapattinam(Uzhavar Sandhai ),Banana,2026-09-24,3900.0,3900.0,3900.0,0.0,0.0
Tamil Nadu,Namakkal,Namakkal(Uzhavar Sandhai ),Banana,2026-09-24,7000.0,7500.0,7250.0,0.0,500.0
Tamil Nadu,Chengalpattu,Nanganallur(Uzhavar Sandhai ),Banana,2026-09-24,9000.0,10000.0,9500.0,0.0,1000.0
Haryana,Jind,Narwana Apmc,Banana,2026-09-24,1300.0,1300.0,1300.0,0.0,0.0
Tamil Nadu,Thirupathur,Natrampalli(Uzhavar Sandhai ),Banana,2026-09-24,5000.0,6000.0,5500.0,0.0,1000.0
Keralam,Thirssur,Nooluvally  Vfpck Market,Banana,2026-09-24,3800.0,4400.0,4200.0,0.0,600.0
Tamil Nadu,Dharmapuri,Palacode(Uzhavar Sandhai ),Banana,2026-09-24,5000.0,5500.0,5250.0,0.0,500.0
Tamil Nadu,Madurai,Palanganatham(Uzhavar Sandhai ),Banana,2026-09-24,3000.0,4000.0,3500.0,0.0,1000.0
Tamil Nadu,Dindigul,Palani(Uzhavar Sandhai ),Banana,2026-09-24,8000.0,9000.0,8500.0,0.0,1000.0
Tamil Nadu,Thirunelveli,Palayamkottai(Uzhavar Sandhai ),Banana,2026-09-24,10000.0,11000.0,10500.0,0.0,1000.0
Tamil Nadu,Thirupur,Palladam(Uzhavar Sandhai ),Banana,2026-09-24,5000.0,6000.0,5500.0,0.0,1000.0
Tamil Nadu,Karur,Pallapatti (Uzhavar Sandhai ),Banana,2026-09-24,6500.0,7000.0,6750.0,0.0,500.0
Tamil Nadu,Vellore,Pallikonda(Uzhavar Sandhai),Banana,2026-09-24,5000.0,6000.0,5500.0,0.0,1000.0
Tamil Nadu,Cuddalore,Panruti(Uzhavar Sandhai ),Banana,2026-09-24,4000.0,8000.0,6000.0,0.0,4000.0
Tamil Nadu,Thanjavur,Papanasam(Uzhavar Sandhai ),Banana,2026-09-24,4000.0,6000.0,5000.0,0.0,2000.0
Tamil Nadu,Ramanathapuram,Paramakudi(Uzhavar Sandhai ),Banana,2026-09-24,4500.0,5000.0,4750.0,0.0,500.0
Tamil Nadu,Namakkal,Paramathivelur(Uzhavar Sandhai ),Banana,2026-09-24,4900.0,5500.0,5200.0,0.0,600.0
Keralam,Thiruvananthapuram,Parassala Market,Banana,2026-09-24,3400.0,3800.0,3600.0,0.0,400.0
Keralam,Thiruvananthapuram,Parassala Market,Banana,2026-09-24,6000.0,6400.0,6200.0,0.0,400.0
Keralam,Thiruvananthapuram,Parassala Market,Banana,2026-09-24,6800.0,7200.0,7000.0,0.0,400.0
Keralam,Thiruvananthapuram,Parassala Market,Banana,2026-09-24,7000.0,7400.0,7200.0,0.0,400.0
Keralam,Thirssur,Pariyaram Vfpck Market,Banana,2026-09-24,3800.0,4500.0,4200.0,0.0,700.0
Keralam,Palakad,Pattambi Market,Banana,2026-09-24,5500.0,6000.0,5800.0,0.0,500.0
Keralam,Palakad,Pattambi Market,Banana,2026-09-24,5000.0,5500.0,5200.0,0.0,500.0
Punjab,Tarntaran,Patti Apmc,Banana,2026-09-24,0.55,0.55,0.55,0.0,0.0
Tamil Nadu,Thanjavur,Pattukottai(Uzhavar Sandhai ),Banana,2026-09-24,3500.0,3500.0,3500.0,0.0,0.0
Tamil Nadu,Dharmapuri,Pennagaram(Uzhavar Sandhai ),Banana,2026-09-24,4500.0,5000.0,4750.0,0.0,500.0
Tamil Nadu,Perambalur,Perambalur(Uzhavar Sandhai ),Banana,2026-09-24,7000.0,8000.0,7500.0,0.0,1000.0
Tamil Nadu,Vellore,Perampet(Uzhavar Sandhai),Banana,2026-09-24,5000.0,5000.0,5000.0,0.0,0.0
Tamil Nadu,Thanjavur,Peravurani(Uzhavar Sandhai),Banana,2026-09-24,3500.0,3500.0,3500.0,0.0,0.0
Tamil Nadu,Theni,Periyakulam(Uzhavar Sandhai ),Banana,2026-09-24,5000.0,6000.0,5500.0,0.0,1000.0
Tamil Nadu,Erode,Periyar Nagar(Uzhavar Sandhai ),Banana,2026-09-24,2500.0,2800.0,2650.0,0.0,300.0
Keralam,Ernakulam,Perumbavoor Market,Banana,2026-09-24,3000.0,4000.0,3500.0,0.0,1000.0
Keralam,Ernakulam,Perumbavoor Market,Banana,2026-09-24,5500.0,6500.0,6000.0,0.0,1000.0
Tamil Nadu,Erode,Perundurai(Uzhavar Sandhai ),Banana,2026-09-24,3000.0,3500.0,3250.0,0.0,500.0
Himachal Pradesh,Chamba,Pmy Chamba,Banana,2026-09-24,4000.0,4500.0,4250.0,0.0,500.0
Himachal Pradesh,Kangra,Pmy Kangra,Banana,2026-09-24,4000.0,5000.0,4500.0,0.0,1000.0
Himachal Pradesh,Solan,Pmy Kather Solan,Banana,2026-09-24,3600.0,6100.0,4800.0,0.0,2500.0
Tamil Nadu,Coimbatore,Pollachi(Uzhavar Sandhai ),Banana,2026-09-24,4000.0,9000.0,6500.0,0.0,5000.0
Tamil Nadu,Thiruvannamalai,Polur(Uzhavar Sandhai ),Banana,2026-09-24,4200.0,5000.0,4600.0,0.0,800.0
Tamil Nadu,Pudukkottai,Ponnamaravathi(Uzhavar Sandhai),Banana,2026-09-24,6500.0,7000.0,6750.0,0.0,500.0
Tamil Nadu,Pudukkottai,Pudukottai(Uzhavar Sandhai ),Banana,2026-09-24,8500.0,9000.0,8750.0,0.0,500.0
Keralam,Wayanad,Pulpally Market,Banana,2026-09-24,3400.0,3600.0,3500.0,0.0,200.0
Maharashtra,Pune,Pune,Banana,2026-09-24,2000.0,6000.0,4000.0,0.0,4000.0
Haryana,Mewat,Punhana Apmc,Banana,2026-09-24,1500.0,1500.0,1500.0,0.0,0.0
Punjab,Gurdaspur,Quadian Apmc,Banana,2026-09-24,2200.0,2400.0,2300.0,0.0,200.0
Andhra Pradesh,Tirupathi,Railway Koduru Apmc,Banana,2026-09-24,850.0,1100.0,900.0,0.0,250.0
Tamil Nadu,Virudhunagar,Rajapalayam(Uzhavar Sandhai ),Banana,2026-09-24,3500.0,4000.0,3750.0,0.0,500.0
Gujarat,Narmada,Rajpipla Apmc,Banana,2026-09-24,1050.0,1275.0,1150.0,0.0,225.0
Punjab,Patiala,Rajpura Apmc,Banana,2026-09-24,3300.0,3500.0,3400.0,0.0,200.0
Tamil Nadu,Ramanathapuram,Ramanathapuram(Uzhavar Sandhai ),Banana,2026-09-24,4000.0,5000.0,4500.0,0.0,1000.0
Punjab,Bhatinda,Rampuraphul(Nabha Mandi) Apmc,Banana,2026-09-24,1700.0,2500.0,2000.0,0.0,800.0
Tamil Nadu,Ranipet,Ranipettai(Uzhavar Sandhai ),Banana,2026-09-24,11000.0,11000.0,11000.0,0.0,0.0
Tamil Nadu,Namakkal,Rasipuram(Uzhavar Sandhai ),Banana,2026-09-24,7500.0,8000.0,7750.0,0.0,500.0
Haryana,Fatehabad,Ratia Apmc,Banana,2026-09-24,2500.0,3000.0,2800.0,0.0,500.0
Andhra Pradesh,Dr.B.R.A.Konaseema,Ravulapalem (Kothapeta Apmc),Banana,2026-09-24,1900.0,3200.0,2400.0,0.0,1300.0
Andhra Pradesh,Dr.B.R.A.Konaseema,Ravulapalem (Kothapeta Apmc),Banana,2026-09-24,1900.0,2300.0,2100.0,0.0,400.0
Andhra Pradesh,Dr.B.R.A.Konaseema,Ravulapalem (Kothapeta Apmc),Banana,2026-09-24,2400.0,3500.0,2700.0,0.0,1100.0
Andhra Pradesh,Dr.B.R.A.Konaseema,Ravulapalem (Kothapeta Apmc),Banana,2026-09-24,2200.0,3400.0,3200.0,0.0,1200.0
Andhra Pradesh,Dr.B.R.A.Konaseema,Ravulapalem (Kothapeta Apmc),Banana,2026-09-24,1600.0,2200.0,1700.0,0.0,600.0
Andhra Pradesh,Dr.B.R.A.Konaseema,Ravulapalem (Kothapeta Apmc),Banana,2026-09-24,3400.0,4200.0,3800.0,0.0,800.0
Haryana,Rewari,Rewari Apmc,Banana,2026-09-24,1500.0,3500.0,2500.0,0.0,2000.0
Uttarakhand,Haridwar,Roorkee Apmc,Banana,2026-09-24,800.0,1200.0,1000.0,0.0,400.0
Tamil Nadu,Coimbatore,Rspuram(Uzhavar Sandhai ),Banana,2026-09-24,8000.0,8600.0,8300.0,0.0,600.0
Uttarakhand,Udhamsinghnagar,Rudrapur Apmc,Banana,2026-09-24,3000.0,4000.0,3500.0,0.0,1000.0
Haryana,Yamuna Nagar,Sadhaura Apmc,Banana,2026-09-24,2600.0,2800.0,2700.0,0.0,200.0
Tamil Nadu,Erode,Sampath Nagar(Uzhavar Sandhai ),Banana,2026-09-24,2500.0,2800.0,2650.0,0.0,300.0
Tamil Nadu,Tenkasi,Sankarankoil(Uzhavar Sandhai ),Banana,2026-09-24,5000.0,6000.0,5500.0,0.0,1000.0
Tamil Nadu,Kallakuruchi,Sankarapuram(Uzhavar Sandhai ),Banana,2026-09-24,4000.0,4000.0,4000.0,0.0,0.0
Tamil Nadu,Erode,Sathiyamagalam(Uzhavar Sandhai ),Banana,2026-09-24,7000.0,7300.0,7150.0,0.0,300.0
Tamil Nadu,Virudhunagar,Sathur(Uzhavar Sandhai ),Banana,2026-09-24,3500.0,4000.0,3750.0,0.0,500.0
Meghalaya,East Khasi Hills,Shillong Apmc,Banana,2026-09-24,3000.0,5000.0,4000.0,0.0,2000.0
Tamil Nadu,Sivaganga,Singampunari(Uzhavar Sandhai ),Banana,2026-09-24,3500.0,4000.0,3750.0,0.0,500.0
Tamil Nadu,Coimbatore,Singanallur(Uzhavar Sandhai ),Banana,2026-09-24,5000.0,9000.0,7000.0,0.0,4000.0
Punjab,Fatehgarh,Sirhind Apmc,Banana,2026-09-24,3300.0,4000.0,3600.0,0.0,700.0
Tamil Nadu,Nagapattinam,Sirkali(Uzhavar Sandhai ),Banana,2026-09-24,4000.0,5000.0,4500.0,0.0,1000.0
Tamil Nadu,Sivaganga,Sivagangai (Uzhavar Sandhai ),Banana,2026-09-24,4000.0,4000.0,4000.0,0.0,0.0
Tamil Nadu,Virudhunagar,Sivakasi(Uzhavar Sandhai ),Banana,2026-09-24,3500.0,4000.0,3750.0,0.0,500.0
Himachal Pradesh,Kangra,Smy Baijnath,Banana,2026-09-24,3700.0,3800.0,3800.0,0.0,100.0
Himachal Pradesh,Kangra,Smy Dharamshala,Banana,2026-09-24,4500.0,4800.0,4650.0,0.0,300.0
Himachal Pradesh,Kangra,Smy Jaisinghpur,Banana,2026-09-24,4800.0,5200.0,5000.0,0.0,400.0
Himachal Pradesh,Mandi,Smy Jogindernagar,Banana,2026-09-24,3000.0,4000.0,3500.0,0.0,1000.0
Himachal Pradesh,Kangra,Smy Nagrota Bagwan,Banana,2026-09-24,4000.0,4800.0,4400.0,0.0,800.0
Himachal Pradesh,Kangra,Smy Palampur,Banana,2026-09-24,4500.0,5000.0,4800.0,0.0,500.0
Himachal Pradesh,Una,Smy Santoshgarh,Banana,2026-09-24,3200.0,3300.0,3250.0,0.0,100.0
Tamil Nadu,Salem,Sooramangalam(Uzhavar Sandhai ),Banana,2026-09-24,7500.0,8000.0,7750.0,0.0,500.0
Tamil Nadu,Virudhunagar,Srivilliputhur(Uzhavar Sandhai ),Banana,2026-09-24,3500.0,4000.0,3750.0,0.0,500.0
Tamil Nadu,Coimbatore,Sulur(Uzhavar Sandhai ),Banana,2026-09-24,5000.0,8500.0,6750.0,0.0,3500.0
Tamil Nadu,Coimbatore,Sundarapuram(Uzhavar Sandhai ),Banana,2026-09-24,8000.0,8600.0,8300.0,0.0,600.0
Tamil Nadu,Kancheepuram,Sunguvarchatram(Uzhavar Sandhai ),Banana,2026-09-24,5000.0,5000.0,5000.0,0.0,0.0
Tamil Nadu,Thiruvannamalai,Tamarainagar(Uzhavar Sandhai ),Banana,2026-09-24,5000.0,6000.0,5500.0,0.0,1000.0
Haryana,Mewat,Tauru Apmc,Banana,2026-09-24,2500.0,2500.0,2500.0,0.0,0.0
Tamil Nadu,Tenkasi,Tenkasi(Uzhavar Sandhai ),Banana,2026-09-24,8000.0,8000.0,8000.0,0.0,0.0
Tamil Nadu,Erode,Thalavadi(Uzhavar Sandhai ),Banana,2026-09-24,7000.0,7400.0,7200.0,0.0,400.0
Tamil Nadu,Virudhunagar,Thalavaipuram(Uzhavar Sandhai ),Banana,2026-09-24,3200.0,4000.0,3600.0,0.0,800.0
Tamil Nadu,Salem,Thammampatti (Uzhavar Sandhai ),Banana,2026-09-24,6500.0,7000.0,6750.0,0.0,500.0
Tamil Nadu,Thanjavur,Thanjavur(Uzhavar Sandhai ),Banana,2026-09-24,10000.0,10000.0,10000.0,0.0,0.0
Tamil Nadu,Salem,Thathakapatti(Uzhavar Sandhai ),Banana,2026-09-24,4000.0,8000.0,6000.0,0.0,4000.0
Tamil Nadu,Theni,Theni(Uzhavar Sandhai ),Banana,2026-09-24,6000.0,7000.0,6500.0,0.0,1000.0
Andhra Pradesh,Tirupathi,Thiruchanur Apmc,Banana,2026-09-24,1000.0,2000.0,1600.0,0.0,1000.0
Tamil Nadu,Chengalpattu,Thirukalukundram(Uzhavar Sandhai ),Banana,2026-09-24,4500.0,6500.0,5500.0,0.0,2000.0
Tamil Nadu,Madurai,Thirumangalam(Uzhavar Sandhai ),Banana,2026-09-24,3000.0,4000.0,3500.0,0.0,1000.0
Tamil Nadu,Vellore,Thirupathur Apmc,Banana,2026-09-24,4000.0,4000.0,4000.0,0.0,0.0
Keralam,Malappuram,Thiruvali  Vfpck Market,Banana,2026-09-24,4500.0,4700.0,4600.0,0.0,200.0
Tamil Nadu,Thiruchirappalli,Thiruverumbur(Uzhavar Sandhai ),Banana,2026-09-24,5000.0,5000.0,5000.0,0.0,0.0
Keralam,Thirssur,Thottippal Vfpck Market,Banana,2026-09-24,500.0,2000.0,1250.0,0.0,1500.0
Keralam,Thirssur,Thottippal Vfpck Market,Banana,2026-09-24,1000.0,4000.0,2850.0,0.0,3000.0
Tamil Nadu,Thiruchirappalli,Thuraiyur Apmc,Banana,2026-09-24,4000.0,5000.0,4500.0,0.0,1000.0
Tamil Nadu,Villupuram,Tindivanam Apmc,Banana,2026-09-24,5000.0,6000.0,5500.0,0.0,1000.0
Tamil Nadu,Namakkal,Tiruchengode Apmc,Banana,2026-09-24,4500.0,5500.0,5000.0,0.0,1000.0
Tamil Nadu,Thanjavur,Tirukattupalli(Uzhavar Sandhai ),Banana,2026-09-24,6500.0,6500.0,6500.0,0.0,0.0
Tamil Nadu,Sivaganga,Tirupatthur(Uzhavar Sandhai ),Banana,2026-09-24,3500.0,4000.0,3750.0,0.0,500.0
Tamil Nadu,Thirupur,Tiruppur (North) (Uzhavar Sandhai ),Banana,2026-09-24,6000.0,6500.0,6250.0,0.0,500.0
Tamil Nadu,Thirupur,Tiruppur (South) (Uzhavar Sandhai ),Banana,2026-09-24,5000.0,6000.0,5500.0,0.0,1000.0
Tamil Nadu,Thiruvarur,Tiruthuraipoondi(Uzhavar Sandhai ),Banana,2026-09-24,4000.0,4000.0,4000.0,0.0,0.0
Tamil Nadu,Thiruvannamalai,Tiruvannamalai(Uzhavar Sandhai ),Banana,2026-09-24,5000.0,6000.0,5500.0,0.0,1000.0
Tamil Nadu,Tuticorin,Tuticorin(Uzhavar Sandhai ),Banana,2026-09-24,2500.0,3000.0,2750.0,0.0,500.0
Tamil Nadu,The Nilgiris,Udhagamandalam(Uzhavar Sandhai ),Banana,2026-09-24,3500.0,5000.0,4250.0,0.0,1500.0
Tamil Nadu,Coimbatore,Udumalpet Apmc,Banana,2026-09-24,4000.0,5000.0,4500.0,0.0,1000.0
Tamil Nadu,Villupuram,Ulundurpettai Apmc,Banana,2026-09-24,4000.0,4000.0,4000.0,0.0,0.0
Tamil Nadu,Cuddalore,Vadalur(Uzhavar Sandhai ),Banana,2026-09-24,8000.0,8000.0,8000.0,0.0,0.0
Tamil Nadu,Nagercoil (Kannyiakumari),Vadaseri Apmc,Banana,2026-09-24,6500.0,7000.0,6750.0,0.0,500.0
Tamil Nadu,Coimbatore,Vadavalli(Uzhavar Sandhai ),Banana,2026-09-24,8000.0,8600.0,8300.0,0.0,600.0
Gujarat,Surendranagar,Vadhvan Apmc,Banana,2026-09-24,2000.0,2500.0,2250.0,0.0,500.0
Tamil Nadu,Thiruvannamalai,Vandavasi(Uzhavar Sandhai ),Banana,2026-09-24,4000.0,5000.0,4500.0,0.0,1000.0
Tamil Nadu,Thirupathur,Vaniyampadi(Uzhavar Sandhai ),Banana,2026-09-24,4000.0,4000.0,4000.0,0.0,0.0
Tamil Nadu,Salem,Vazhapadi(Uzhavar Sandhai),Banana,2026-09-24,8000.0,8000.0,8000.0,0.0,0.0
Tamil Nadu,Nagapattinam,Vedaranyam(Uzhavar Sandhai),Banana,2026-09-24,4000.0,4500.0,4250.0,0.0,500.0
Tamil Nadu,Karur,Velayuthampalayam(Uzhavar Sandhai ),Banana,2026-09-24,5200.0,6000.0,5600.0,0.0,800.0
Tamil Nadu,Vellore,Vellore Apmc,Banana,2026-09-24,8000.0,8000.0,8000.0,0.0,0.0
Tamil Nadu,Karur,Vengamedu(Uzhavar Sandhai ),Banana,2026-09-24,5000.0,6000.0,5500.0,0.0,1000.0
Tamil Nadu,Villupuram,Villupuram(Uzhavar Sandhai ),Banana,2026-09-24,4000.0,10000.0,7000.0,0.0,6000.0
Tamil Nadu,Pudukkottai,Viralimalai(Uzhavar Sandhai ),Banana,2026-09-24,4500.0,5000.0,4750.0,0.0,500.0
Tamil Nadu,Virudhunagar,Virudhunagar(Uzhavar Sandhai ),Banana,2026-09-24,3500.0,4000.0,3750.0,0.0,500.0
Tamil Nadu,Cuddalore,Viruthachalam(Uzhavar Sandhai ),Banana,2026-09-24,4000.0,7000.0,5500.0,0.0,3000.0
Punjab,Ferozpur,Zira Apmc,Banana,2026-09-24,3100.0,3100.0,3100.0,0.0,0.0
Tamil Nadu,Dharmapuri,Ajattihalli(Uzhavar Sandhai ),Banana - Green,2026-09-24,2500.0,3000.0,2750.0,0.0,500.0
Tamil Nadu,Pudukkottai,Alangudi(Uzhavar Sandhai ),Banana - Green,2026-09-24,2500.0,3000.0,2750.0,0.0,500.0
Tamil Nadu,Thirunelveli,Ambasamudram(Uzhavar Sandhai ),Banana - Green,2026-09-24,2500.0,3000.0,2750.0,0.0,500.0
Tamil Nadu,Salem,Ammapet(Uzhavar Sandhai ),Banana - Green,2026-09-24,2000.0,2400.0,2200.0,0.0,400.0
Tamil Nadu,Madurai,Anaiyur(Uzhavar Sandhai ),Banana - Green,2026-09-24,2000.0,2400.0,2200.0,0.0,400.0
Tamil Nadu,Theni,Andipatti(Uzhavar Sandhai ),Banana - Green,2026-09-24,2500.0,3000.0,2750.0,0.0,500.0
Tamil Nadu,Madurai,Anna Nagar(Uzhavar Sandhai ),Banana - Green,2026-09-24,2000.0,2500.0,2250.0,0.0,500.0
Tamil Nadu,Thiruvannamalai,Arani(Uzhavar Sandhai ),Banana - Green,2026-09-24,1500.0,2000.0,1750.0,0.0,500.0
Tamil Nadu,Pudukkottai,Aranthangi(Uzhavar Sandhai ),Banana - Green,2026-09-24,2500.0,3000.0,2750.0,0.0,500.0
Tamil Nadu,Ranipet,Arcot(Uzhavar Sandhai ),Banana - Green,2026-09-24,4000.0,5000.0,4500.0,0.0,1000.0
Tamil Nadu,Virudhunagar,Aruppukottai(Uzhavar Sandhai ),Banana - Green,2026-09-24,3000.0,3500.0,3250.0,0.0,500.0
Keralam,Kottayam,Athirampuzha Market,Banana - Green,2026-09-24,4800.0,5000.0,4900.0,0.0,200.0
Tamil Nadu,Salem,Athur(Uzhavar Sandhai ),Banana - Green,2026-09-24,2000.0,2400.0,2200.0,0.0,400.0
Tamil Nadu,Salem,Attayampatti(Uzhavar Sandhai ),Banana - Green,2026-09-24,2400.0,2800.0,2600.0,0.0,400.0
Tamil Nadu,Krishnagiri,Avallapalli(Uzhavar Sandhai ),Banana - Green,2026-09-24,3500.0,4000.0,3750.0,0.0,500.0
Tamil Nadu,Theni,Bodinayakanur(Uzhavar Sandhai ),Banana - Green,2026-09-24,3600.0,3600.0,3600.0,0.0,0.0
Tamil Nadu,Thiruvannamalai,Chengam(Uzhavar Sandhai ),Banana - Green,2026-09-24,1200.0,1500.0,1350.0,0.0,300.0
Keralam,Alappuzha,Chengannur Market,Banana - Green,2026-09-24,4600.0,4900.0,4800.0,0.0,300.0
Keralam,Alappuzha,Cherthala Market,Banana - Green,2026-09-24,3200.0,3400.0,3300.0,0.0,200.0
Tamil Nadu,Thiruvannamalai,Cheyyar(Uzhavar Sandhai ),Banana - Green,2026-09-24,1500.0,2000.0,1750.0,0.0,500.0
Tamil Nadu,Cuddalore,Chidambaram(Uzhavar Sandhai ),Banana - Green,2026-09-24,2500.0,3000.0,2750.0,0.0,500.0
Tamil Nadu,Dindigul,Chinnalapatti(Uzhavar Sandhai ),Banana - Green,2026-09-24,3500.0,4000.0,3750.0,0.0,500.0
Tamil Nadu,Theni,Chinnamanur(Uzhavar Sandhai ),Banana - Green,2026-09-24,3600.0,3800.0,3700.0,0.0,200.0
Tamil Nadu,Madurai,Chokkikulam(Uzhavar Sandhai ),Banana - Green,2026-09-24,2000.0,2400.0,2200.0,0.0,400.0
Tamil Nadu,The Nilgiris,Coonoor(Uzhavar Sandhai ),Banana - Green,2026-09-24,4600.0,5000.0,4800.0,0.0,400.0
Tamil Nadu,Cuddalore,Cuddalore(Uzhavar Sandhai ),Banana - Green,2026-09-24,3000.0,3500.0,3250.0,0.0,500.0
Tamil Nadu,Krishnagiri,Denkanikottai(Uzhavar Sandhai ),Banana - Green,2026-09-24,4000.0,4500.0,4250.0,0.0,500.0
Tamil Nadu,Sivaganga,Devakottai (Uzhavar Sandhai ),Banana - Green,2026-09-24,2600.0,3000.0,2800.0,0.0,400.0
Tamil Nadu,Theni,Devaram(Uzhavar Sandhai ),Banana - Green,2026-09-24,3000.0,3000.0,3000.0,0.0,0.0
Tamil Nadu,Thirupur,Dharapuram(Uzhavar Sandhai ),Banana - Green,2026-09-24,2400.0,2800.0,2600.0,0.0,400.0
Tamil Nadu,Dharmapuri,Dharmapuri(Uzhavar Sandhai ),Banana - Green,2026-09-24,2800.0,3000.0,2900.0,0.0,200.0
Tamil Nadu,Dindigul,Dindigul(Uzhavar Sandhai ),Banana - Green,2026-09-24,1500.0,2000.0,1750.0,0.0,500.0
Tamil Nadu,Salem,Edapadi (Uzhavar Sandhai ),Banana - Green,2026-09-24,2500.0,3000.0,2750.0,0.0,500.0
Tamil Nadu,Salem,Elampillai(Uzhavar Sandhai ),Banana - Green,2026-09-24,2500.0,3000.0,2750.0,0.0,500.0
Tamil Nadu,Pudukkottai,Gandarvakottai(Uzhavar Sandhai ),Banana - Green,2026-09-24,2500.0,3000.0,2750.0,0.0,500.0
Tamil Nadu,Karur,Gandhigramam(Uzhavar Sandhai),Banana - Green,2026-09-24,2000.0,3000.0,2500.0,0.0,1000.0
Tamil Nadu,Villupuram,Gingee(Uzhavar Sandhai ),Banana - Green,2026-09-24,4000.0,4000.0,4000.0,0.0,0.0
Tamil Nadu,Erode,Gobichettipalayam(Uzhavar Sandhai ),Banana - Green,2026-09-24,3500.0,4000.0,3750.0,0.0,500.0
Tamil Nadu,The Nilgiris,Gudalur(Uzhavar Sandhai ),Banana - Green,2026-09-24,4000.0,4500.0,4250.0,0.0,500.0
Tamil Nadu,Vellore,Gudiyatham(Uzhavar Sandhai ),Banana - Green,2026-09-24,3500.0,3500.0,3500.0,0.0,0.0
Tamil Nadu,Chengalpattu,Guduvancheri(Uzhavar Sandhai ),Banana - Green,2026-09-24,3500.0,4000.0,3750.0,0.0,500.0
Punjab,Gurdaspur,Gurdaspur Apmc,Banana - Green,2026-09-24,2400.0,2400.0,2400.0,0.0,0.0
Keralam,Alappuzha,Harippad Market,Banana - Green,2026-09-24,5500.0,6000.0,5500.0,0.0,500.0
Tamil Nadu,Dharmapuri,Harur(Uzhavar Sandhai ),Banana - Green,2026-09-24,2000.0,2500.0,2250.0,0.0,500.0
Tamil Nadu,Salem,Hasthampatti(Uzhavar Sandhai ),Banana - Green,2026-09-24,1800.0,2000.0,1900.0,0.0,200.0
Tamil Nadu,Krishnagiri,Hosur(Uzhavar Sandhai ),Banana - Green,2026-09-24,4000.0,5000.0,4500.0,0.0,1000.0
Tamil Nadu,Salem,Jalagandapuram(Uzhavar Sandhai ),Banana - Green,2026-09-24,2500.0,2800.0,2650.0,0.0,300.0
Punjab,Jalandhar,Jalandhar City(Jalandhar) Apmc,Banana - Green,2026-09-24,1200.0,1800.0,1400.0,0.0,600.0
Tamil Nadu,Chengalpattu,Jameenrayapettai(Uzhavar Sandhai ),Banana - Green,2026-09-24,3500.0,4000.0,3750.0,0.0,500.0
Tamil Nadu,Vellore,Kahithapattarai(Uzhavar Sandhai ),Banana - Green,2026-09-24,6000.0,6000.0,6000.0,0.0,0.0
Tamil Nadu,Kallakuruchi,Kallakurichi(Uzhavar Sandhai ),Banana - Green,2026-09-24,2000.0,2000.0,2000.0,0.0,0.0
Tamil Nadu,Theni,Kambam(Uzhavar Sandhai ),Banana - Green,2026-09-24,3500.0,3600.0,3550.0,0.0,100.0
Tamil Nadu,Kancheepuram,Kancheepuram(Uzhavar Sandhai ),Banana - Green,2026-09-24,3500.0,4500.0,4000.0,0.0,1000.0
Tamil Nadu,Thirupur,Kangayam(Uzhavar Sandhai ),Banana - Green,2026-09-24,2500.0,2800.0,2650.0,0.0,300.0
Tamil Nadu,Sivaganga,Karaikudi(Uzhavar Sandhai ),Banana - Green,2026-09-24,3500.0,4000.0,3750.0,0.0,500.0
Tamil Nadu,Pudukkottai,Karambakkudi(Uzhavar Sandhai ),Banana - Green,2026-09-24,2500.0,3000.0,2750.0,0.0,500.0
Tamil Nadu,Dharmapuri,Karimangalam(Uzhavar Sandhai),Banana - Green,2026-09-24,2800.0,3000.0,2900.0,0.0,200.0
Tamil Nadu,Virudhunagar,Kariyapatti(Uzhavar Sandhai ),Banana - Green,2026-09-24,3000.0,3500.0,3250.0,0.0,500.0
Tamil Nadu,Karur,Karur(Uzhavar Sandhai ),Banana - Green,2026-09-24,2500.0,3000.0,2750.0,0.0,500.0
Tamil Nadu,Vellore,Katpadi (Uzhavar Sandhai ),Banana - Green,2026-09-24,3000.0,3000.0,3000.0,0.0,0.0
Keralam,Idukki,Kattappana Market,Banana - Green,2026-09-24,5400.0,5800.0,5800.0,0.0,400.0
Tamil Nadu,Krishnagiri,Kaveripattinam(Uzhavar Sandhai ),Banana - Green,2026-09-24,2500.0,3000.0,2750.0,0.0,500.0
Tamil Nadu,Thiruvannamalai,Keelpennathur(Uzhavar Sandhai ),Banana - Green,2026-09-24,3500.0,4000.0,3750.0,0.0,500.0
Tamil Nadu,Thiruchirappalli,Kknagar(Uzhavar Sandhai ),Banana - Green,2026-09-24,3000.0,3000.0,3000.0,0.0,0.0
Tamil Nadu,Tuticorin,Kovilpatti(Uzhavar Sandhai ),Banana - Green,2026-09-24,2500.0,3000.0,2750.0,0.0,500.0
Tamil Nadu,Krishnagiri,Krishnagiri(Uzhavar Sandhai ),Banana - Green,2026-09-24,3000.0,3500.0,3250.0,0.0,500.0
Tamil Nadu,Karur,Kulithalai(Uzhavar Sandhai ),Banana - Green,2026-09-24,2500.0,3000.0,2750.0,0.0,500.0
Tamil Nadu,Namakkal,Kumarapalayam(Uzhavar Sandhai ),Banana - Green,2026-09-24,4000.0,4500.0,4250.0,0.0,500.0
Tamil Nadu,Thanjavur,Kumbakonam (Uzhavar Sandhai ),Banana - Green,2026-09-24,4800.0,4800.0,4800.0,0.0,0.0
Tamil Nadu,Kancheepuram,Kundrathur(Uzhavar Sandhai ),Banana - Green,2026-09-24,3000.0,3000.0,3000.0,0.0,0.0
Tamil Nadu,Coimbatore,Kurichi(Uzhavar Sandhai ),Banana - Green,2026-09-24,4000.0,4500.0,4250.0,0.0,500.0
Uttar Pradesh,Raebarelli,Lalganj Apmc,Banana - Green,2026-09-24,1000.0,1200.0,1100.0,0.0,200.0
Tamil Nadu,Thiruchirappalli,Lalgudi(Uzhavar Sandhai ),Banana - Green,2026-09-24,3000.0,3000.0,3000.0,0.0,0.0
Uttar Pradesh,Khiri (Lakhimpur),Maigalganj Apmc,Banana - Green,2026-09-24,1650.0,1690.0,1670.0,0.0,40.0
Tamil Nadu,Thiruchirappalli,Manachanallur(Uzhavar Sandhai ),Banana - Green,2026-09-24,2500.0,2500.0,2500.0,0.0,0.0
Tamil Nadu,Thiruchirappalli,Manapparai(Uzhavar Sandhai ),Banana - Green,2026-09-24,3000.0,3000.0,3000.0,0.0,0.0
Tamil Nadu,Thiruvarur,Mannargudi I(Uzhavar Sandhai ),Banana - Green,2026-09-24,4800.0,4800.0,4800.0,0.0,0.0
Tamil Nadu,Thiruvarur,Mannargudi Ii(Uzhavar Sandhai ),Banana - Green,2026-09-24,4800.0,4800.0,4800.0,0.0,0.0
Tripura,South Tripura,Manubazar,Banana - Green,2026-09-24,2400.0,2600.0,2500.0,0.0,200.0
Tamil Nadu,Nagapattinam,Mayiladuthurai(Uzhavar Sandhai ),Banana - Green,2026-09-24,3600.0,4000.0,3800.0,0.0,400.0
Tamil Nadu,Salem,Mecheri(Uzhavar Sandhai),Banana - Green,2026-09-24,2500.0,3000.0,2750.0,0.0,500.0
Tamil Nadu,Chengalpattu,Medavakkam(Uzhavar Sandhai ),Banana - Green,2026-09-24,3500.0,3800.0,3650.0,0.0,300.0
Tamil Nadu,Thirunelveli,Melapalayam(Uzhavar Sandhai ),Banana - Green,2026-09-24,3000.0,4000.0,3500.0,0.0,1000.0
Tamil Nadu,Madurai,Melur(Uzhavar Sandhai ),Banana - Green,2026-09-24,3000.0,3600.0,3300.0,0.0,600.0
Tamil Nadu,Coimbatore,Mettupalayam(Uzhavar Sandhai ),Banana - Green,2026-09-24,4500.0,5000.0,4750.0,0.0,500.0
Tamil Nadu,Salem,Mettur(Uzhavar Sandhai ),Banana - Green,2026-09-24,2800.0,3000.0,2900.0,0.0,200.0
Tamil Nadu,Namakkal,Mohanur(Uzhavar Sandhai ),Banana - Green,2026-09-24,3400.0,4000.0,3700.0,0.0,600.0
Keralam,Kozhikode(Calicut),Mukkom Market,Banana - Green,2026-09-24,5400.0,5800.0,5600.0,0.0,400.0
Maharashtra,Mumbai,Mumbai,Banana - Green,2026-09-24,3000.0,4000.0,3500.0,0.0,1000.0
Tamil Nadu,Thiruchirappalli,Musiri(Uzhavar Sandhai ),Banana - Green,2026-09-24,2000.0,2500.0,2250.0,0.0,500.0
Tamil Nadu,Thiruvarur,Muthupettai(Uzhavar Sandhai ),Banana - Green,2026-09-24,4000.0,4000.0,4000.0,0.0,0.0
Tamil Nadu,Nagapattinam,Nagapattinam(Uzhavar Sandhai ),Banana - Green,2026-09-24,3100.0,3100.0,3100.0,0.0,0.0
Tamil Nadu,Namakkal,Namakkal(Uzhavar Sandhai ),Banana - Green,2026-09-24,4000.0,4500.0,4250.0,0.0,500.0
Tamil Nadu,Chengalpattu,Nanganallur(Uzhavar Sandhai ),Banana - Green,2026-09-24,3500.0,4000.0,3750.0,0.0,500.0
Tamil Nadu,Thirupathur,Natrampalli(Uzhavar Sandhai ),Banana - Green,2026-09-24,2500.0,3000.0,2750.0,0.0,500.0
Tamil Nadu,Thiruvarur,Needamangalam(Uzhavar Sandhai ),Banana - Green,2026-09-24,4000.0,4000.0,4000.0,0.0,0.0
Keralam,Thiruvananthapuram,Neyyatinkara Market,Banana - Green,2026-09-24,6000.0,6500.0,6200.0,0.0,500.0
Keralam,Ernakulam,North Paravur Market,Banana - Green,2026-09-24,4500.0,5000.0,4800.0,0.0,500.0
Tamil Nadu,Kancheepuram,Padappai(Uzhavar Sandhai ),Banana - Green,2026-09-24,3500.0,4000.0,3750.0,0.0,500.0
Tamil Nadu,Dharmapuri,Palacode(Uzhavar Sandhai ),Banana - Green,2026-09-24,2000.0,2500.0,2250.0,0.0,500.0
Tamil Nadu,Madurai,Palanganatham(Uzhavar Sandhai ),Banana - Green,2026-09-24,1500.0,2000.0,1750.0,0.0,500.0
Tamil Nadu,Dindigul,Palani(Uzhavar Sandhai ),Banana - Green,2026-09-24,3600.0,4000.0,3800.0,0.0,400.0
Tamil Nadu,Thirunelveli,Palayamkottai(Uzhavar Sandhai ),Banana - Green,2026-09-24,3000.0,4000.0,3500.0,0.0,1000.0
Tamil Nadu,Thirupur,Palladam(Uzhavar Sandhai ),Banana - Green,2026-09-24,2500.0,3000.0,2750.0,0.0,500.0
Tamil Nadu,Karur,Pallapatti (Uzhavar Sandhai ),Banana - Green,2026-09-24,2500.0,3000.0,2750.0,0.0,500.0
Tamil Nadu,Chengalpattu,Pallavaram(Uzhavar Sandhai ),Banana - Green,2026-09-24,3500.0,4000.0,3750.0,0.0,500.0
Tamil Nadu,Vellore,Pallikonda(Uzhavar Sandhai),Banana - Green,2026-09-24,2500.0,3000.0,2750.0,0.0,500.0
Keralam,Kottayam,Pampady Market,Banana - Green,2026-09-24,7500.0,9000.0,8500.0,0.0,1500.0
Uttar Pradesh,Balrampur,Panchpedwa Apmc,Banana - Green,2026-09-24,1300.0,1500.0,1400.0,0.0,200.0
Keralam,Alappuzha,Pandanadu  Vfpck Market,Banana - Green,2026-09-24,7800.0,7800.0,7800.0,0.0,0.0
Tamil Nadu,Cuddalore,Panruti(Uzhavar Sandhai ),Banana - Green,2026-09-24,2500.0,2500.0,2500.0,0.0,0.0
Tamil Nadu,Thanjavur,Papanasam(Uzhavar Sandhai ),Banana - Green,2026-09-24,4800.0,4800.0,4800.0,0.0,0.0
Tamil Nadu,Ramanathapuram,Paramakudi(Uzhavar Sandhai ),Banana - Green,2026-09-24,3000.0,3200.0,3100.0,0.0,200.0
Tamil Nadu,Namakkal,Paramathivelur(Uzhavar Sandhai ),Banana - Green,2026-09-24,3500.0,4000.0,3750.0,0.0,500.0
Tamil Nadu,Thiruvellore,Paruthipattu(Uzhavar Sandhai ),Banana - Green,2026-09-24,4000.0,4000.0,4000.0,0.0,0.0
Keralam,Palakad,Pattambi Market,Banana - Green,2026-09-24,5000.0,5500.0,5200.0,0.0,500.0
Tamil Nadu,Thanjavur,Pattukottai(Uzhavar Sandhai ),Banana - Green,2026-09-24,3000.0,3000.0,3000.0,0.0,0.0
Keralam,Kannur,Payyannur Market,Banana - Green,2026-09-24,4700.0,4900.0,4800.0,0.0,200.0
Tamil Nadu,Dharmapuri,Pennagaram(Uzhavar Sandhai ),Banana - Green,2026-09-24,2500.0,3000.0,2750.0,0.0,500.0
Tamil Nadu,Perambalur,Perambalur(Uzhavar Sandhai ),Banana - Green,2026-09-24,3000.0,4000.0,3500.0,0.0,1000.0
Tamil Nadu,Vellore,Perampet(Uzhavar Sandhai),Banana - Green,2026-09-24,3500.0,3500.0,3500.0,0.0,0.0
Tamil Nadu,Thanjavur,Peravurani(Uzhavar Sandhai),Banana - Green,2026-09-24,3000.0,3000.0,3000.0,0.0,0.0
Tamil Nadu,Theni,Periyakulam(Uzhavar Sandhai ),Banana - Green,2026-09-24,2500.0,3000.0,2750.0,0.0,500.0
Tamil Nadu,Erode,Periyar Nagar(Uzhavar Sandhai ),Banana - Green,2026-09-24,3000.0,3500.0,3250.0,0.0,500.0
Keralam,Ernakulam,Perumbavoor Market,Banana - Green,2026-09-24,5000.0,5800.0,5400.0,0.0,800.0
Tamil Nadu,Erode,Perundurai(Uzhavar Sandhai ),Banana - Green,2026-09-24,2500.0,2800.0,2650.0,0.0,300.0
Tamil Nadu,Coimbatore,Pollachi(Uzhavar Sandhai ),Banana - Green,2026-09-24,4000.0,4500.0,4250.0,0.0,500.0
Tamil Nadu,Thiruvannamalai,Polur(Uzhavar Sandhai ),Banana - Green,2026-09-24,1600.0,2000.0,1800.0,0.0,400.0
Tamil Nadu,Pudukkottai,Ponnamaravathi(Uzhavar Sandhai),Banana - Green,2026-09-24,2500.0,3000.0,2750.0,0.0,500.0
Tamil Nadu,Pudukkottai,Pudukottai(Uzhavar Sandhai ),Banana - Green,2026-09-24,2500.0,3000.0,2750.0,0.0,500.0
Keralam,Wayanad,Pulpally Market,Banana - Green,2026-09-24,2200.0,2400.0,2300.0,0.0,200.0
Keralam,Kozhikode(Calicut),Quilandy Market,Banana - Green,2026-09-24,4800.0,5000.0,5000.0,0.0,200.0
Tamil Nadu,Virudhunagar,Rajapalayam(Uzhavar Sandhai ),Banana - Green,2026-09-24,3000.0,3600.0,3300.0,0.0,600.0
Tamil Nadu,Ramanathapuram,Ramanathapuram(Uzhavar Sandhai ),Banana - Green,2026-09-24,3000.0,3500.0,3250.0,0.0,500.0
Tamil Nadu,Ranipet,Ranipettai(Uzhavar Sandhai ),Banana - Green,2026-09-24,4000.0,5000.0,4500.0,0.0,1000.0
Tamil Nadu,Namakkal,Rasipuram(Uzhavar Sandhai ),Banana - Green,2026-09-24,3500.0,4000.0,3750.0,0.0,500.0
Tamil Nadu,Coimbatore,Rspuram(Uzhavar Sandhai ),Banana - Green,2026-09-24,3600.0,4200.0,3900.0,0.0,600.0
Telangana,Hyderabad,Rythu Bazar Mehdipatnam,Banana - Green,2026-09-24,900.0,900.0,900.0,0.0,0.0
Tamil Nadu,Erode,Sampath Nagar(Uzhavar Sandhai ),Banana - Green,2026-09-24,3000.0,3500.0,3250.0,0.0,500.0
Tamil Nadu,Tenkasi,Sankarankoil(Uzhavar Sandhai ),Banana - Green,2026-09-24,3500.0,4000.0,3750.0,0.0,500.0
Tamil Nadu,Kallakuruchi,Sankarapuram(Uzhavar Sandhai ),Banana - Green,2026-09-24,3000.0,3000.0,3000.0,0.0,0.0
Telangana,Ranga Reddy,"Saroornagar,Rbz",Banana - Green,2026-09-24,4000.0,4000.0,4000.0,0.0,0.0
Tamil Nadu,Erode,Sathiyamagalam(Uzhavar Sandhai ),Banana - Green,2026-09-24,3000.0,3500.0,3250.0,0.0,500.0
Tamil Nadu,Virudhunagar,Sathur(Uzhavar Sandhai ),Banana - Green,2026-09-24,3500.0,4000.0,3750.0,0.0,500.0
Tamil Nadu,Sivaganga,Singampunari(Uzhavar Sandhai ),Banana - Green,2026-09-24,2500.0,3000.0,2750.0,0.0,500.0
Tamil Nadu,Coimbatore,Singanallur(Uzhavar Sandhai ),Banana - Green,2026-09-24,4000.0,4500.0,4250.0,0.0,500.0
Tamil Nadu,Nagapattinam,Sirkali(Uzhavar Sandhai ),Banana - Green,2026-09-24,2500.0,3000.0,2750.0,0.0,500.0
Tamil Nadu,Sivaganga,Sivagangai (Uzhavar Sandhai ),Banana - Green,2026-09-24,3000.0,3000.0,3000.0,0.0,0.0
Tamil Nadu,Virudhunagar,Sivakasi(Uzhavar Sandhai ),Banana - Green,2026-09-24,3500.0,4000.0,3750.0,0.0,500.0
Tamil Nadu,Salem,Sooramangalam(Uzhavar Sandhai ),Banana - Green,2026-09-24,2000.0,2400.0,2200.0,0.0,400.0
Tamil Nadu,Virudhunagar,Srivilliputhur(Uzhavar Sandhai ),Banana - Green,2026-09-24,2500.0,3000.0,2750.0,0.0,500.0
Tamil Nadu,Coimbatore,Sulur(Uzhavar Sandhai ),Banana - Green,2026-09-24,3500.0,4000.0,3750.0,0.0,500.0
Tamil Nadu,Coimbatore,Sundarapuram(Uzhavar Sandhai ),Banana - Green,2026-09-24,4000.0,4500.0,4250.0,0.0,500.0
Tamil Nadu,Kancheepuram,Sunguvarchatram(Uzhavar Sandhai ),Banana - Green,2026-09-24,3000.0,3000.0,3000.0,0.0,0.0
Gujarat,Surat,Surat Apmc,Banana - Green,2026-09-24,800.0,1500.0,1150.0,0.0,700.0
Tamil Nadu,Thiruvannamalai,Tamarainagar(Uzhavar Sandhai ),Banana - Green,2026-09-24,3500.0,4200.0,3850.0,0.0,700.0
Tamil Nadu,Tenkasi,Tenkasi(Uzhavar Sandhai ),Banana - Green,2026-09-24,3000.0,3000.0,3000.0,0.0,0.0
Tamil Nadu,Erode,Thalavadi(Uzhavar Sandhai ),Banana - Green,2026-09-24,3000.0,3500.0,3250.0,0.0,500.0
Tamil Nadu,Virudhunagar,Thalavaipuram(Uzhavar Sandhai ),Banana - Green,2026-09-24,2800.0,3500.0,3150.0,0.0,700.0
Tamil Nadu,Salem,Thammampatti (Uzhavar Sandhai ),Banana - Green,2026-09-24,2000.0,2500.0,2250.0,0.0,500.0
Tamil Nadu,Thanjavur,Thanjavur(Uzhavar Sandhai ),Banana - Green,2026-09-24,4000.0,4000.0,4000.0,0.0,0.0
Tamil Nadu,Salem,Thathakapatti(Uzhavar Sandhai ),Banana - Green,2026-09-24,4000.0,5000.0,4500.0,0.0,1000.0
Tamil Nadu,Theni,Theni(Uzhavar Sandhai ),Banana - Green,2026-09-24,3000.0,3000.0,3000.0,0.0,0.0
Tamil Nadu,Chengalpattu,Thirukalukundram(Uzhavar Sandhai ),Banana - Green,2026-09-24,3800.0,4000.0,3900.0,0.0,200.0
Tamil Nadu,Vellore,Thirupathur Apmc,Banana - Green,2026-09-24,2500.0,2500.0,2500.0,0.0,0.0
Tamil Nadu,Thiruchirappalli,Thiruverumbur(Uzhavar Sandhai ),Banana - Green,2026-09-24,2500.0,2500.0,2500.0,0.0,0.0
Keralam,Ernakulam,Thrippunithura Market,Banana - Green,2026-09-24,4800.0,7000.0,5000.0,0.0,2200.0
Tamil Nadu,Thiruchirappalli,Thuraiyur Apmc,Banana - Green,2026-09-24,2000.0,2500.0,2250.0,0.0,500.0
Tamil Nadu,Villupuram,Tindivanam Apmc,Banana - Green,2026-09-24,5000.0,5000.0,5000.0,0.0,0.0
Tamil Nadu,Namakkal,Tiruchengode Apmc,Banana - Green,2026-09-24,4000.0,4500.0,4250.0,0.0,500.0
Tamil Nadu,Thanjavur,Tirukattupalli(Uzhavar Sandhai ),Banana - Green,2026-09-24,4000.0,4000.0,4000.0,0.0,0.0
Tamil Nadu,Sivaganga,Tirupatthur(Uzhavar Sandhai ),Banana - Green,2026-09-24,3500.0,4000.0,3750.0,0.0,500.0
Tamil Nadu,Thirupur,Tiruppur (North) (Uzhavar Sandhai ),Banana - Green,2026-09-24,2500.0,3000.0,2750.0,0.0,500.0
Tamil Nadu,Thirupur,Tiruppur (South) (Uzhavar Sandhai ),Banana - Green,2026-09-24,2500.0,3000.0,2750.0,0.0,500.0
Tamil Nadu,Thiruvellore,Tiruthani(Uzhavar Sandhai ),Banana - Green,2026-09-24,4000.0,4000.0,4000.0,0.0,0.0
Tamil Nadu,Thiruvarur,Tiruthuraipoondi(Uzhavar Sandhai ),Banana - Green,2026-09-24,4000.0,4000.0,4000.0,0.0,0.0
Tamil Nadu,Thiruvannamalai,Tiruvannamalai(Uzhavar Sandhai ),Banana - Green,2026-09-24,2500.0,3000.0,2750.0,0.0,500.0
Tamil Nadu,Thiruvarur,Tiruvarur(Uzhavar Sandhai ),Banana - Green,2026-09-24,4000.0,4000.0,4000.0,0.0,0.0
Tamil Nadu,Tuticorin,Tuticorin(Uzhavar Sandhai ),Banana - Green,2026-09-24,2500.0,3000.0,2750.0,0.0,500.0
Tamil Nadu,The Nilgiris,Udhagamandalam(Uzhavar Sandhai ),Banana - Green,2026-09-24,4000.0,4500.0,4250.0,0.0,500.0
Tamil Nadu,Coimbatore,Udumalpet Apmc,Banana - Green,2026-09-24,2500.0,3000.0,2750.0,0.0,500.0
Tamil Nadu,Villupuram,Ulundurpettai Apmc,Banana - Green,2026-09-24,3000.0,3000.0,3000.0,0.0,0.0
Tamil Nadu,Madurai,Usilampatti(Uzhavar Sandhai ),Banana - Green,2026-09-24,2500.0,3000.0,2750.0,0.0,500.0
Tamil Nadu,Cuddalore,Vadalur(Uzhavar Sandhai ),Banana - Green,2026-09-24,4000.0,4000.0,4000.0,0.0,0.0
Tamil Nadu,Nagercoil (Kannyiakumari),Vadaseri Apmc,Banana - Green,2026-09-24,6000.0,6500.0,6250.0,0.0,500.0
Tamil Nadu,Coimbatore,Vadavalli(Uzhavar Sandhai ),Banana - Green,2026-09-24,3800.0,4400.0,4100.0,0.0,600.0
Gujarat,Surendranagar,Vadhvan Apmc,Banana - Green,2026-09-24,1000.0,1500.0,1250.0,0.0,500.0
Tamil Nadu,Thiruvarur,Valangaiman Apmc,Banana - Green,2026-09-24,4000.0,4000.0,4000.0,0.0,0.0
Tamil Nadu,Thiruvannamalai,Vandavasi(Uzhavar Sandhai ),Banana - Green,2026-09-24,1600.0,2000.0,1800.0,0.0,400.0
Tamil Nadu,Thirupathur,Vaniyampadi(Uzhavar Sandhai ),Banana - Green,2026-09-24,3000.0,3000.0,3000.0,0.0,0.0
Tamil Nadu,Salem,Vazhapadi(Uzhavar Sandhai),Banana - Green,2026-09-24,3000.0,3000.0,3000.0,0.0,0.0
Tamil Nadu,Nagapattinam,Vedaranyam(Uzhavar Sandhai),Banana - Green,2026-09-24,2000.0,2500.0,2250.0,0.0,500.0
Tamil Nadu,Karur,Velayuthampalayam(Uzhavar Sandhai ),Banana - Green,2026-09-24,2400.0,3000.0,2700.0,0.0,600.0
Tamil Nadu,Vellore,Vellore Apmc,Banana - Green,2026-09-24,3500.0,3500.0,3500.0,0.0,0.0
Tamil Nadu,Karur,Vengamedu(Uzhavar Sandhai ),Banana - Green,2026-09-24,2500.0,3000.0,2750.0,0.0,500.0
Tamil Nadu,Villupuram,Villupuram(Uzhavar Sandhai ),Banana - Green,2026-09-24,3000.0,3000.0,3000.0,0.0,0.0
Tamil Nadu,Pudukkottai,Viralimalai(Uzhavar Sandhai ),Banana - Green,2026-09-24,2500.0,3000.0,2750.0,0.0,500.0
Tamil Nadu,Virudhunagar,Virudhunagar(Uzhavar Sandhai ),Banana - Green,2026-09-24,2500.0,3000.0,2750.0,0.0,500.0
Tamil Nadu,Cuddalore,Viruthachalam(Uzhavar Sandhai ),Banana - Green,2026-09-24,2500.0,3000.0,2750.0,0.0,500.0
Rajasthan,Jaipur,Bassi Apmc,Barley(Jau),2026-09-24,2522.0,2522.0,2522.0,0.0,0.0
Rajasthan,Bikaner,Sridungargarh Apmc,Barley(Jau),2026-09-24,1980.0,1980.0,1980.0,0.0,0.0
Tamil Nadu,Dharmapuri,Ajattihalli(Uzhavar Sandhai ),Beans,2026-09-24,11200.0,11200.0,11200.0,0.0,0.0
Tamil Nadu,Salem,Ammapet(Uzhavar Sandhai ),Beans,2026-09-24,9000.0,9500.0,9250.0,0.0,500.0
Tamil Nadu,Madurai,Anaiyur(Uzhavar Sandhai ),Beans,2026-09-24,10000.0,11000.0,10500.0,0.0,1000.0
Tamil Nadu,Theni,Andipatti(Uzhavar Sandhai ),Beans,2026-09-24,9000.0,9500.0,9250.0,0.0,500.0
Tamil Nadu,Madurai,Anna Nagar(Uzhavar Sandhai ),Beans,2026-09-24,8800.0,9800.0,9300.0,0.0,1000.0
Tamil Nadu,Thiruvannamalai,Arani(Uzhavar Sandhai ),Beans,2026-09-24,10000.0,12000.0,11000.0,0.0,2000.0
Tamil Nadu,Ranipet,Arcot(Uzhavar Sandhai ),Beans,2026-09-24,8000.0,8000.0,8000.0,0.0,0.0
Tamil Nadu,Ariyalur,Ariyalur(Uzhavar Sandhai),Beans,2026-09-24,8000.0,9000.0,8500.0,0.0,1000.0
Tamil Nadu,Virudhunagar,Aruppukottai(Uzhavar Sandhai ),Beans,2026-09-24,9000.0,10000.0,9500.0,0.0,1000.0
Tamil Nadu,Salem,Athur(Uzhavar Sandhai ),Beans,2026-09-24,8000.0,9500.0,8750.0,0.0,1500.0
Tamil Nadu,Krishnagiri,Avallapalli(Uzhavar Sandhai ),Beans,2026-09-24,7000.0,8000.0,7500.0,0.0,1000.0
Karnataka,Chikkaballapur,Bagepalli Apmc,Beans,2026-09-24,3500.0,4000.0,3600.0,0.0,500.0
Tamil Nadu,Thiruvannamalai,Chengam(Uzhavar Sandhai ),Beans,2026-09-24,6000.0,7000.0,6500.0,0.0,1000.0
Tamil Nadu,Thiruvannamalai,Cheyyar(Uzhavar Sandhai ),Beans,2026-09-24,10000.0,12000.0,11000.0,0.0,2000.0
Tamil Nadu,Dindigul,Chinnalapatti(Uzhavar Sandhai ),Beans,2026-09-24,9000.0,10000.0,9500.0,0.0,1000.0
Tamil Nadu,Theni,Chinnamanur(Uzhavar Sandhai ),Beans,2026-09-24,10000.0,10000.0,10000.0,0.0,0.0
Tamil Nadu,Madurai,Chokkikulam(Uzhavar Sandhai ),Beans,2026-09-24,10000.0,11000.0,10500.0,0.0,1000.0
Tamil Nadu,The Nilgiris,Coonoor(Uzhavar Sandhai ),Beans,2026-09-24,6500.0,7000.0,6750.0,0.0,500.0
Tamil Nadu,Cuddalore,Cuddalore(Uzhavar Sandhai ),Beans,2026-09-24,10000.0,10000.0,10000.0,0.0,0.0
Tamil Nadu,Krishnagiri,Denkanikottai(Uzhavar Sandhai ),Beans,2026-09-24,7000.0,8000.0,7500.0,0.0,1000.0
Tamil Nadu,Sivaganga,Devakottai (Uzhavar Sandhai ),Beans,2026-09-24,8600.0,9400.0,9000.0,0.0,800.0
Tamil Nadu,Thirupur,Dharapuram(Uzhavar Sandhai ),Beans,2026-09-24,10000.0,10500.0,10250.0,0.0,500.0
Tamil Nadu,Dharmapuri,Dharmapuri(Uzhavar Sandhai ),Beans,2026-09-24,10500.0,11200.0,10850.0,0.0,700.0
Nagaland,Dimapur,Dimapur Apmc,Beans,2026-09-24,5500.0,6500.0,6000.0,0.0,1000.0
Tamil Nadu,Dindigul,Dindigul(Uzhavar Sandhai ),Beans,2026-09-24,8000.0,10000.0,9000.0,0.0,2000.0
Tamil Nadu,Salem,Edapadi (Uzhavar Sandhai ),Beans,2026-09-24,8500.0,9500.0,9000.0,0.0,1000.0
Tamil Nadu,Salem,Elampillai(Uzhavar Sandhai ),Beans,2026-09-24,7000.0,8000.0,7500.0,0.0,1000.0
Tamil Nadu,Karur,Gandhigramam(Uzhavar Sandhai),Beans,2026-09-24,9000.0,10000.0,9500.0,0.0,1000.0
Tamil Nadu,Villupuram,Gingee(Uzhavar Sandhai ),Beans,2026-09-24,10000.0,10000.0,10000.0,0.0,0.0
Tamil Nadu,Erode,Gobichettipalayam(Uzhavar Sandhai ),Beans,2026-09-24,9000.0,9800.0,9400.0,0.0,800.0
Tamil Nadu,The Nilgiris,Gudalur(Uzhavar Sandhai ),Beans,2026-09-24,6000.0,7000.0,6500.0,0.0,1000.0
Tamil Nadu,Vellore,Gudiyatham(Uzhavar Sandhai ),Beans,2026-09-24,7600.0,7600.0,7600.0,0.0,0.0
Karnataka,Chamarajanagar,Gundlupet Apmc,Beans,2026-09-24,7200.0,7200.0,7200.0,0.0,0.0
Tamil Nadu,Dharmapuri,Harur(Uzhavar Sandhai ),Beans,2026-09-24,10000.0,11000.0,10500.0,0.0,1000.0
Tamil Nadu,Salem,Hasthampatti(Uzhavar Sandhai ),Beans,2026-09-24,8600.0,9000.0,8800.0,0.0,400.0
Karnataka,Davangere,Honnali Apmc,Beans,2026-09-24,2000.0,5000.0,3900.0,0.0,3000.0
Tamil Nadu,Krishnagiri,Hosur(Uzhavar Sandhai ),Beans,2026-09-24,7000.0,8000.0,7500.0,0.0,1000.0
Tamil Nadu,Salem,Jalagandapuram(Uzhavar Sandhai ),Beans,2026-09-24,9000.0,10000.0,9500.0,0.0,1000.0
Tamil Nadu,Chengalpattu,Jameenrayapettai(Uzhavar Sandhai ),Beans,2026-09-24,10000.0,11000.0,10500.0,0.0,1000.0
Tamil Nadu,Vellore,Kahithapattarai(Uzhavar Sandhai ),Beans,2026-09-24,8600.0,8600.0,8600.0,0.0,0.0
Tamil Nadu,Kallakuruchi,Kallakurichi(Uzhavar Sandhai ),Beans,2026-09-24,12000.0,12000.0,12000.0,0.0,0.0
Tamil Nadu,Theni,Kambam(Uzhavar Sandhai ),Beans,2026-09-24,8500.0,9500.0,9000.0,0.0,1000.0
Tamil Nadu,Sivaganga,Karaikudi(Uzhavar Sandhai ),Beans,2026-09-24,10500.0,11500.0,11000.0,0.0,1000.0
Tamil Nadu,Dharmapuri,Karimangalam(Uzhavar Sandhai),Beans,2026-09-24,10000.0,11000.0,10500.0,0.0,1000.0
Tamil Nadu,Virudhunagar,Kariyapatti(Uzhavar Sandhai ),Beans,2026-09-24,9000.0,10000.0,9500.0,0.0,1000.0
Tamil Nadu,Karur,Karur(Uzhavar Sandhai ),Beans,2026-09-24,9500.0,10000.0,9750.0,0.0,500.0
Tamil Nadu,Vellore,Katpadi (Uzhavar Sandhai ),Beans,2026-09-24,10000.0,10000.0,10000.0,0.0,0.0
Tamil Nadu,Krishnagiri,Kaveripattinam(Uzhavar Sandhai ),Beans,2026-09-24,10000.0,10000.0,10000.0,0.0,0.0
Tamil Nadu,Thiruchirappalli,Kknagar(Uzhavar Sandhai ),Beans,2026-09-24,96.0,9600.0,4848.0,0.0,9504.0
Tamil Nadu,Tuticorin,Kovilpatti(Uzhavar Sandhai ),Beans,2026-09-24,9000.0,9500.0,9250.0,0.0,500.0
Tamil Nadu,Krishnagiri,Krishnagiri(Uzhavar Sandhai ),Beans,2026-09-24,8000.0,9000.0,8500.0,0.0,1000.0
Tamil Nadu,Karur,Kulithalai(Uzhavar Sandhai ),Beans,2026-09-24,7000.0,8000.0,7500.0,0.0,1000.0
Tamil Nadu,Namakkal,Kumarapalayam(Uzhavar Sandhai ),Beans,2026-09-24,8000.0,9000.0,8500.0,0.0,1000.0
Tamil Nadu,Thanjavur,Kumbakonam (Uzhavar Sandhai ),Beans,2026-09-24,7200.0,9600.0,8400.0,0.0,2400.0
Tamil Nadu,Kancheepuram,Kundrathur(Uzhavar Sandhai ),Beans,2026-09-24,5000.0,6000.0,5500.0,0.0,1000.0
Tamil Nadu,Thiruchirappalli,Lalgudi(Uzhavar Sandhai ),Beans,2026-09-24,8800.0,9800.0,9300.0,0.0,1000.0
Tamil Nadu,Thiruchirappalli,Manachanallur(Uzhavar Sandhai ),Beans,2026-09-24,9600.0,9600.0,9600.0,0.0,0.0
Tamil Nadu,Thiruchirappalli,Manapparai(Uzhavar Sandhai ),Beans,2026-09-24,9000.0,10000.0,9500.0,0.0,1000.0
Tamil Nadu,Thiruvarur,Mannargudi I(Uzhavar Sandhai ),Beans,2026-09-24,9400.0,9400.0,9400.0,0.0,0.0
Tamil Nadu,Thiruvarur,Mannargudi Ii(Uzhavar Sandhai ),Beans,2026-09-24,9400.0,9400.0,9400.0,0.0,0.0
Tamil Nadu,Thirunelveli,Melapalayam(Uzhavar Sandhai ),Beans,2026-09-24,11500.0,12000.0,11750.0,0.0,500.0
Tamil Nadu,Coimbatore,Mettupalayam(Uzhavar Sandhai ),Beans,2026-09-24,8000.0,9000.0,8500.0,0.0,1000.0
Tamil Nadu,Salem,Mettur(Uzhavar Sandhai ),Beans,2026-09-24,9500.0,10000.0,9750.0,0.0,500.0
Tamil Nadu,Namakkal,Mohanur(Uzhavar Sandhai ),Beans,2026-09-24,8600.0,10000.0,9300.0,0.0,1400.0
Maharashtra,Mumbai,Mumbai,Beans,2026-09-24,2400.0,3000.0,2700.0,0.0,600.0
Tamil Nadu,Thiruchirappalli,Musiri(Uzhavar Sandhai ),Beans,2026-09-24,8500.0,9000.0,8750.0,0.0,500.0
Tamil Nadu,Nagapattinam,Nagapattinam(Uzhavar Sandhai ),Beans,2026-09-24,9800.0,9800.0,9800.0,0.0,0.0
Tamil Nadu,Namakkal,Namakkal(Uzhavar Sandhai ),Beans,2026-09-24,8500.0,9000.0,8750.0,0.0,500.0
Tamil Nadu,Chengalpattu,Nanganallur(Uzhavar Sandhai ),Beans,2026-09-24,7500.0,8000.0,7750.0,0.0,500.0
Tamil Nadu,Thirupathur,Natrampalli(Uzhavar Sandhai ),Beans,2026-09-24,7000.0,8000.0,7500.0,0.0,1000.0
Tamil Nadu,Kancheepuram,Padappai(Uzhavar Sandhai ),Beans,2026-09-24,6000.0,8000.0,7000.0,0.0,2000.0
Tamil Nadu,Dharmapuri,Palacode(Uzhavar Sandhai ),Beans,2026-09-24,9000.0,9500.0,9250.0,0.0,500.0
Tamil Nadu,Madurai,Palanganatham(Uzhavar Sandhai ),Beans,2026-09-24,10000.0,11000.0,10500.0,0.0,1000.0
Tamil Nadu,Dindigul,Palani(Uzhavar Sandhai ),Beans,2026-09-24,8000.0,10000.0,9000.0,0.0,2000.0
Tamil Nadu,Thirunelveli,Palayamkottai(Uzhavar Sandhai ),Beans,2026-09-24,11500.0,12000.0,11750.0,0.0,500.0
Tamil Nadu,Thirupur,Palladam(Uzhavar Sandhai ),Beans,2026-09-24,8500.0,9000.0,8750.0,0.0,500.0
Tamil Nadu,Chengalpattu,Pallavaram(Uzhavar Sandhai ),Beans,2026-09-24,10000.0,11000.0,10500.0,0.0,1000.0
Tamil Nadu,Vellore,Pallikonda(Uzhavar Sandhai),Beans,2026-09-24,7500.0,8000.0,7750.0,0.0,500.0
Tamil Nadu,Ramanathapuram,Paramakudi(Uzhavar Sandhai ),Beans,2026-09-24,8000.0,8500.0,8250.0,0.0,500.0
Tamil Nadu,Namakkal,Paramathivelur(Uzhavar Sandhai ),Beans,2026-09-24,8500.0,9500.0,9000.0,0.0,1000.0
Tamil Nadu,Thanjavur,Pattukottai(Uzhavar Sandhai ),Beans,2026-09-24,9400.0,9400.0,9400.0,0.0,0.0
Tamil Nadu,Dharmapuri,Pennagaram(Uzhavar Sandhai ),Beans,2026-09-24,7500.0,8000.0,7750.0,0.0,500.0
Tamil Nadu,Perambalur,Perambalur(Uzhavar Sandhai ),Beans,2026-09-24,10000.0,11000.0,10500.0,0.0,1000.0
Tamil Nadu,Vellore,Perampet(Uzhavar Sandhai),Beans,2026-09-24,7500.0,7500.0,7500.0,0.0,0.0
Tamil Nadu,Thanjavur,Peravurani(Uzhavar Sandhai),Beans,2026-09-24,9000.0,9000.0,9000.0,0.0,0.0
Tamil Nadu,Theni,Periyakulam(Uzhavar Sandhai ),Beans,2026-09-24,9500.0,9500.0,9500.0,0.0,0.0
Tamil Nadu,Erode,Perundurai(Uzhavar Sandhai ),Beans,2026-09-24,7000.0,7500.0,7250.0,0.0,500.0
Tamil Nadu,Coimbatore,Pollachi(Uzhavar Sandhai ),Beans,2026-09-24,8500.0,9000.0,8750.0,0.0,500.0
Tamil Nadu,Thiruvannamalai,Polur(Uzhavar Sandhai ),Beans,2026-09-24,8000.0,10000.0,9000.0,0.0,2000.0
Tamil Nadu,Pudukkottai,Pudukottai(Uzhavar Sandhai ),Beans,2026-09-24,8500.0,9000.0,8750.0,0.0,500.0
Maharashtra,Pune,Pune,Beans,2026-09-24,3000.0,4000.0,3500.0,0.0,1000.0
Tamil Nadu,Virudhunagar,Rajapalayam(Uzhavar Sandhai ),Beans,2026-09-24,9000.0,10000.0,9500.0,0.0,1000.0
Karnataka,Bengaluru South,Ramanagara Apmc,Beans,2026-09-24,4000.0,6000.0,5000.0,0.0,2000.0
Tamil Nadu,Ramanathapuram,Ramanathapuram(Uzhavar Sandhai ),Beans,2026-09-24,8000.0,8500.0,8250.0,0.0,500.0
Tamil Nadu,Ranipet,Ranipettai(Uzhavar Sandhai ),Beans,2026-09-24,6000.0,8000.0,7000.0,0.0,2000.0
Tamil Nadu,Namakkal,Rasipuram(Uzhavar Sandhai ),Beans,2026-09-24,8000.0,9000.0,8500.0,0.0,1000.0
Tamil Nadu,Coimbatore,Rspuram(Uzhavar Sandhai ),Beans,2026-09-24,8000.0,9000.0,8500.0,0.0,1000.0
Tamil Nadu,Erode,Sampath Nagar(Uzhavar Sandhai ),Beans,2026-09-24,9200.0,9600.0,9400.0,0.0,400.0
Tamil Nadu,Tenkasi,Sankarankoil(Uzhavar Sandhai ),Beans,2026-09-24,13000.0,13000.0,13000.0,0.0,0.0
Tamil Nadu,Kallakuruchi,Sankarapuram(Uzhavar Sandhai ),Beans,2026-09-24,10000.0,10000.0,10000.0,0.0,0.0
Tamil Nadu,Erode,Sathiyamagalam(Uzhavar Sandhai ),Beans,2026-09-24,8500.0,9000.0,8750.0,0.0,500.0
Tamil Nadu,Virudhunagar,Sathur(Uzhavar Sandhai ),Beans,2026-09-24,8000.0,9000.0,8500.0,0.0,1000.0
Tamil Nadu,Sivaganga,Singampunari(Uzhavar Sandhai ),Beans,2026-09-24,10400.0,11200.0,10800.0,0.0,800.0
Tamil Nadu,Coimbatore,Singanallur(Uzhavar Sandhai ),Beans,2026-09-24,8000.0,9000.0,8500.0,0.0,1000.0
Tamil Nadu,Nagapattinam,Sirkali(Uzhavar Sandhai ),Beans,2026-09-24,9000.0,9000.0,9000.0,0.0,0.0
Tamil Nadu,Sivaganga,Sivagangai (Uzhavar Sandhai ),Beans,2026-09-24,9500.0,10500.0,10000.0,0.0,1000.0
Tamil Nadu,Virudhunagar,Sivakasi(Uzhavar Sandhai ),Beans,2026-09-24,8000.0,10000.0,9000.0,0.0,2000.0
Tamil Nadu,Salem,Sooramangalam(Uzhavar Sandhai ),Beans,2026-09-24,10000.0,10400.0,10200.0,0.0,400.0
Tamil Nadu,Virudhunagar,Srivilliputhur(Uzhavar Sandhai ),Beans,2026-09-24,9000.0,10000.0,9500.0,0.0,1000.0
Tamil Nadu,Coimbatore,Sulur(Uzhavar Sandhai ),Beans,2026-09-24,8000.0,9000.0,8500.0,0.0,1000.0
Tamil Nadu,Coimbatore,Sundarapuram(Uzhavar Sandhai ),Beans,2026-09-24,9000.0,9500.0,9250.0,0.0,500.0
Tamil Nadu,Kancheepuram,Sunguvarchatram(Uzhavar Sandhai ),Beans,2026-09-24,5000.0,6000.0,5500.0,0.0,1000.0
Tamil Nadu,Thiruvannamalai,Tamarainagar(Uzhavar Sandhai ),Beans,2026-09-24,8000.0,10000.0,9000.0,0.0,2000.0
Tamil Nadu,Tenkasi,Tenkasi(Uzhavar Sandhai ),Beans,2026-09-24,10000.0,10000.0,10000.0,0.0,0.0
Tamil Nadu,Erode,Thalavadi(Uzhavar Sandhai ),Beans,2026-09-24,7500.0,8500.0,8000.0,0.0,1000.0
Tamil Nadu,Virudhunagar,Thalavaipuram(Uzhavar Sandhai ),Beans,2026-09-24,8000.0,10000.0,9000.0,0.0,2000.0
Tamil Nadu,Salem,Thammampatti (Uzhavar Sandhai ),Beans,2026-09-24,7500.0,8000.0,7750.0,0.0,500.0
Tamil Nadu,Thanjavur,Thanjavur(Uzhavar Sandhai ),Beans,2026-09-24,9000.0,9000.0,9000.0,0.0,0.0
Tamil Nadu,Salem,Thathakapatti(Uzhavar Sandhai ),Beans,2026-09-24,9000.0,9500.0,9250.0,0.0,500.0
Tamil Nadu,Theni,Theni(Uzhavar Sandhai ),Beans,2026-09-24,9500.0,9500.0,9500.0,0.0,0.0
Tamil Nadu,Vellore,Thirupathur Apmc,Beans,2026-09-24,7000.0,7000.0,7000.0,0.0,0.0
Tamil Nadu,Thiruchirappalli,Thiruverumbur(Uzhavar Sandhai ),Beans,2026-09-24,9600.0,9600.0,9600.0,0.0,0.0
Tamil Nadu,Thiruchirappalli,Thuraiyur Apmc,Beans,2026-09-24,9000.0,10000.0,9500.0,0.0,1000.0
Tamil Nadu,Villupuram,Tindivanam Apmc,Beans,2026-09-24,11000.0,11000.0,11000.0,0.0,0.0
Tamil Nadu,Namakkal,Tiruchengode Apmc,Beans,2026-09-24,8500.0,9000.0,8750.0,0.0,500.0
Tamil Nadu,Thanjavur,Tirukattupalli(Uzhavar Sandhai ),Beans,2026-09-24,9000.0,9000.0,9000.0,0.0,0.0
Tamil Nadu,Sivaganga,Tirupatthur(Uzhavar Sandhai ),Beans,2026-09-24,10500.0,11500.0,11000.0,0.0,1000.0
Tamil Nadu,Thirupur,Tiruppur (North) (Uzhavar Sandhai ),Beans,2026-09-24,6000.0,7000.0,6500.0,0.0,1000.0
Tamil Nadu,Thirupur,Tiruppur (South) (Uzhavar Sandhai ),Beans,2026-09-24,5000.0,6000.0,5500.0,0.0,1000.0
Tamil Nadu,Thiruvannamalai,Tiruvannamalai(Uzhavar Sandhai ),Beans,2026-09-24,8000.0,10000.0,9000.0,0.0,2000.0
Tamil Nadu,Tuticorin,Tuticorin(Uzhavar Sandhai ),Beans,2026-09-24,12000.0,13000.0,12500.0,0.0,1000.0
Tamil Nadu,The Nilgiris,Udhagamandalam(Uzhavar Sandhai ),Beans,2026-09-24,6500.0,7000.0,6750.0,0.0,500.0
Tamil Nadu,Coimbatore,Udumalpet Apmc,Beans,2026-09-24,9000.0,10000.0,9500.0,0.0,1000.0
Tamil Nadu,Cuddalore,Vadalur(Uzhavar Sandhai ),Beans,2026-09-24,8000.0,8000.0,8000.0,0.0,0.0
Tamil Nadu,Nagercoil (Kannyiakumari),Vadaseri Apmc,Beans,2026-09-24,12000.0,12500.0,12250.0,0.0,500.0
Tamil Nadu,Coimbatore,Vadavalli(Uzhavar Sandhai ),Beans,2026-09-24,8000.0,9000.0,8500.0,0.0,1000.0
Tamil Nadu,Thiruvannamalai,Vandavasi(Uzhavar Sandhai ),Beans,2026-09-24,10000.0,12000.0,11000.0,0.0,2000.0
Tamil Nadu,Thirupathur,Vaniyampadi(Uzhavar Sandhai ),Beans,2026-09-24,7000.0,7000.0,7000.0,0.0,0.0
Tamil Nadu,Salem,Vazhapadi(Uzhavar Sandhai),Beans,2026-09-24,9000.0,9000.0,9000.0,0.0,0.0
Tamil Nadu,Vellore,Vellore Apmc,Beans,2026-09-24,6000.0,7000.0,6500.0,0.0,1000.0
Tamil Nadu,Villupuram,Villupuram(Uzhavar Sandhai ),Beans,2026-09-24,11000.0,11000.0,11000.0,0.0,0.0
Tamil Nadu,Virudhunagar,Virudhunagar(Uzhavar Sandhai ),Beans,2026-09-24,9000.0,10000.0,9500.0,0.0,1000.0
Tamil Nadu,Cuddalore,Viruthachalam(Uzhavar Sandhai ),Beans,2026-09-24,9000.0,10000.0,9500.0,0.0,1000.0
Tamil Nadu,Dharmapuri,Ajattihalli(Uzhavar Sandhai ),Beetroot,2026-09-24,5000.0,5400.0,5200.0,0.0,400.0
Tamil Nadu,Salem,Ammapet(Uzhavar Sandhai ),Beetroot,2026-09-24,5500.0,6000.0,5750.0,0.0,500.0
Tamil Nadu,Madurai,Anaiyur(Uzhavar Sandhai ),Beetroot,2026-09-24,4500.0,5000.0,4750.0,0.0,500.0
Tamil Nadu,Theni,Andipatti(Uzhavar Sandhai ),Beetroot,2026-09-24,3300.0,3500.0,3400.0,0.0,200.0
Tamil Nadu,Madurai,Anna Nagar(Uzhavar Sandhai ),Beetroot,2026-09-24,5000.0,5000.0,5000.0,0.0,0.0
Tamil Nadu,Thiruvannamalai,Arani(Uzhavar Sandhai ),Beetroot,2026-09-24,3500.0,4200.0,3850.0,0.0,700.0
Tamil Nadu,Ranipet,Arcot(Uzhavar Sandhai ),Beetroot,2026-09-24,4500.0,4500.0,4500.0,0.0,0.0
Tamil Nadu,Ariyalur,Ariyalur(Uzhavar Sandhai),Beetroot,2026-09-24,4000.0,4500.0,4250.0,0.0,500.0
Tamil Nadu,Virudhunagar,Aruppukottai(Uzhavar Sandhai ),Beetroot,2026-09-24,4000.0,5000.0,4500.0,0.0,1000.0
Keralam,Kottayam,Athirampuzha Market,Beetroot,2026-09-24,6400.0,6600.0,6500.0,0.0,200.0
Tamil Nadu,Salem,Athur(Uzhavar Sandhai ),Beetroot,2026-09-24,5000.0,7000.0,6000.0,0.0,2000.0
Tamil Nadu,Krishnagiri,Avallapalli(Uzhavar Sandhai ),Beetroot,2026-09-24,3500.0,4000.0,3750.0,0.0,500.0
Karnataka,Chikkaballapur,Bagepalli Apmc,Beetroot,2026-09-24,1800.0,2100.0,1900.0,0.0,300.0
Tamil Nadu,Theni,Bodinayakanur(Uzhavar Sandhai ),Beetroot,2026-09-24,3600.0,3600.0,3600.0,0.0,0.0
Tamil Nadu,Thiruvannamalai,Chengam(Uzhavar Sandhai ),Beetroot,2026-09-24,4200.0,4800.0,4500.0,0.0,600.0
Keralam,Alappuzha,Chengannur Market,Beetroot,2026-09-24,3800.0,4100.0,4000.0,0.0,300.0
Keralam,Alappuzha,Cherthala Market,Beetroot,2026-09-24,4200.0,4500.0,4300.0,0.0,300.0
Tamil Nadu,Thiruvannamalai,Cheyyar(Uzhavar Sandhai ),Beetroot,2026-09-24,3500.0,4200.0,3850.0,0.0,700.0
Tamil Nadu,Dindigul,Chinnalapatti(Uzhavar Sandhai ),Beetroot,2026-09-24,7000.0,8000.0,7500.0,0.0,1000.0
Tamil Nadu,Theni,Chinnamanur(Uzhavar Sandhai ),Beetroot,2026-09-24,3600.0,3600.0,3600.0,0.0,0.0
Tamil Nadu,Madurai,Chokkikulam(Uzhavar Sandhai ),Beetroot,2026-09-24,4000.0,5000.0,4500.0,0.0,1000.0
Tamil Nadu,The Nilgiris,Coonoor(Uzhavar Sandhai ),Beetroot,2026-09-24,4600.0,5000.0,4800.0,0.0,400.0
Tamil Nadu,Cuddalore,Cuddalore(Uzhavar Sandhai ),Beetroot,2026-09-24,4500.0,4500.0,4500.0,0.0,0.0
Tamil Nadu,Krishnagiri,Denkanikottai(Uzhavar Sandhai ),Beetroot,2026-09-24,3000.0,4000.0,3500.0,0.0,1000.0
Tamil Nadu,Sivaganga,Devakottai (Uzhavar Sandhai ),Beetroot,2026-09-24,4600.0,5200.0,4900.0,0.0,600.0
Tamil Nadu,Theni,Devaram(Uzhavar Sandhai ),Beetroot,2026-09-24,3500.0,3500.0,3500.0,0.0,0.0
Tamil Nadu,Thirupur,Dharapuram(Uzhavar Sandhai ),Beetroot,2026-09-24,3500.0,7000.0,5250.0,0.0,3500.0
Tamil Nadu,Dharmapuri,Dharmapuri(Uzhavar Sandhai ),Beetroot,2026-09-24,5200.0,5400.0,5300.0,0.0,200.0
Tamil Nadu,Dindigul,Dindigul(Uzhavar Sandhai ),Beetroot,2026-09-24,7000.0,8000.0,7500.0,0.0,1000.0
Tamil Nadu,Salem,Edapadi (Uzhavar Sandhai ),Beetroot,2026-09-24,5000.0,6000.0,5500.0,0.0,1000.0
Tamil Nadu,Salem,Elampillai(Uzhavar Sandhai ),Beetroot,2026-09-24,4000.0,5000.0,4500.0,0.0,1000.0
Tamil Nadu,Karur,Gandhigramam(Uzhavar Sandhai),Beetroot,2026-09-24,6500.0,7000.0,6750.0,0.0,500.0
Tamil Nadu,Villupuram,Gingee(Uzhavar Sandhai ),Beetroot,2026-09-24,5000.0,5000.0,5000.0,0.0,0.0
Tamil Nadu,Erode,Gobichettipalayam(Uzhavar Sandhai ),Beetroot,2026-09-24,5500.0,6000.0,5750.0,0.0,500.0
Tamil Nadu,The Nilgiris,Gudalur(Uzhavar Sandhai ),Beetroot,2026-09-24,4000.0,4500.0,4250.0,0.0,500.0
Tamil Nadu,Vellore,Gudiyatham(Uzhavar Sandhai ),Beetroot,2026-09-24,4600.0,4600.0,4600.0,0.0,0.0
Haryana,Hissar,Hansi Apmc,Beetroot,2026-09-24,6000.0,7000.0,6500.0,0.0,1000.0
Keralam,Alappuzha,Harippad Market,Beetroot,2026-09-24,6000.0,6500.0,6000.0,0.0,500.0
Tamil Nadu,Dharmapuri,Harur(Uzhavar Sandhai ),Beetroot,2026-09-24,4500.0,5000.0,4750.0,0.0,500.0
Tamil Nadu,Salem,Hasthampatti(Uzhavar Sandhai ),Beetroot,2026-09-24,5000.0,6000.0,5500.0,0.0,1000.0
Karnataka,Davangere,Honnali Apmc,Beetroot,2026-09-24,1000.0,1500.0,1300.0,0.0,500.0
Tamil Nadu,Krishnagiri,Hosur(Uzhavar Sandhai ),Beetroot,2026-09-24,3500.0,4000.0,3750.0,0.0,500.0
Tamil Nadu,Salem,Jalagandapuram(Uzhavar Sandhai ),Beetroot,2026-09-24,5000.0,6000.0,5500.0,0.0,1000.0
Tamil Nadu,Chengalpattu,Jameenrayapettai(Uzhavar Sandhai ),Beetroot,2026-09-24,4000.0,5000.0,4500.0,0.0,1000.0
Tamil Nadu,Vellore,Kahithapattarai(Uzhavar Sandhai ),Beetroot,2026-09-24,4000.0,4000.0,4000.0,0.0,0.0
Tamil Nadu,Kallakuruchi,Kallakurichi(Uzhavar Sandhai ),Beetroot,2026-09-24,6000.0,6000.0,6000.0,0.0,0.0
Tamil Nadu,Theni,Kambam(Uzhavar Sandhai ),Beetroot,2026-09-24,3000.0,3600.0,3300.0,0.0,600.0
Tamil Nadu,Thirupur,Kangayam(Uzhavar Sandhai ),Beetroot,2026-09-24,2000.0,2500.0,2250.0,0.0,500.0
Tamil Nadu,Sivaganga,Karaikudi(Uzhavar Sandhai ),Beetroot,2026-09-24,4400.0,5400.0,4900.0,0.0,1000.0
Tamil Nadu,Dharmapuri,Karimangalam(Uzhavar Sandhai),Beetroot,2026-09-24,4500.0,5000.0,4750.0,0.0,500.0
Tamil Nadu,Virudhunagar,Kariyapatti(Uzhavar Sandhai ),Beetroot,2026-09-24,4500.0,5000.0,4750.0,0.0,500.0
Tamil Nadu,Karur,Karur(Uzhavar Sandhai ),Beetroot,2026-09-24,6500.0,7000.0,6750.0,0.0,500.0
Tamil Nadu,Vellore,Katpadi (Uzhavar Sandhai ),Beetroot,2026-09-24,4500.0,4500.0,4500.0,0.0,0.0
Keralam,Idukki,Kattappana Market,Beetroot,2026-09-24,3800.0,4300.0,4000.0,0.0,500.0
Tamil Nadu,Thiruchirappalli,Kknagar(Uzhavar Sandhai ),Beetroot,2026-09-24,5000.0,5000.0,5000.0,0.0,0.0
Tamil Nadu,Dindigul,Kodaikkanal(Uzhavar Sandhai),Beetroot,2026-09-24,6000.0,7000.0,6500.0,0.0,1000.0
Tamil Nadu,Tuticorin,Kovilpatti(Uzhavar Sandhai ),Beetroot,2026-09-24,5000.0,5500.0,5250.0,0.0,500.0
Tamil Nadu,Krishnagiri,Krishnagiri(Uzhavar Sandhai ),Beetroot,2026-09-24,4000.0,4500.0,4250.0,0.0,500.0
Tamil Nadu,Karur,Kulithalai(Uzhavar Sandhai ),Beetroot,2026-09-24,4000.0,4400.0,4200.0,0.0,400.0
Tamil Nadu,Namakkal,Kumarapalayam(Uzhavar Sandhai ),Beetroot,2026-09-24,6000.0,7000.0,6500.0,0.0,1000.0
Tamil Nadu,Thanjavur,Kumbakonam (Uzhavar Sandhai ),Beetroot,2026-09-24,4800.0,4800.0,4800.0,0.0,0.0
Tamil Nadu,Kancheepuram,Kundrathur(Uzhavar Sandhai ),Beetroot,2026-09-24,3500.0,4000.0,3750.0,0.0,500.0
Tamil Nadu,Thiruchirappalli,Lalgudi(Uzhavar Sandhai ),Beetroot,2026-09-24,5000.0,5000.0,5000.0,0.0,0.0
Jammu and Kashmir,Jammu,Mac F&V Market Narwal Jammu,Beetroot,2026-09-24,2800.0,3000.0,2900.0,0.0,200.0
Punjab,Sangrur,Malerkotla Apmc,Beetroot,2026-09-24,1800.0,2500.0,2000.0,0.0,700.0
Tamil Nadu,Thiruchirappalli,Manachanallur(Uzhavar Sandhai ),Beetroot,2026-09-24,5000.0,5000.0,5000.0,0.0,0.0
Tamil Nadu,Thiruchirappalli,Manapparai(Uzhavar Sandhai ),Beetroot,2026-09-24,5000.0,5000.0,5000.0,0.0,0.0
Tamil Nadu,Thiruvarur,Mannargudi I(Uzhavar Sandhai ),Beetroot,2026-09-24,5400.0,5400.0,5400.0,0.0,0.0
Tamil Nadu,Thiruvarur,Mannargudi Ii(Uzhavar Sandhai ),Beetroot,2026-09-24,5000.0,5000.0,5000.0,0.0,0.0
Tamil Nadu,Nagapattinam,Mayiladuthurai(Uzhavar Sandhai ),Beetroot,2026-09-24,4000.0,4000.0,4000.0,0.0,0.0
Tamil Nadu,Thirunelveli,Melapalayam(Uzhavar Sandhai ),Beetroot,2026-09-24,4200.0,6000.0,5100.0,0.0,1800.0
Tamil Nadu,Coimbatore,Mettupalayam(Uzhavar Sandhai ),Beetroot,2026-09-24,6000.0,6500.0,6250.0,0.0,500.0
Tamil Nadu,Salem,Mettur(Uzhavar Sandhai ),Beetroot,2026-09-24,5500.0,6000.0,5750.0,0.0,500.0
Tamil Nadu,Namakkal,Mohanur(Uzhavar Sandhai ),Beetroot,2026-09-24,6400.0,7000.0,6700.0,0.0,600.0
Keralam,Kozhikode(Calicut),Mukkom Market,Beetroot,2026-09-24,4500.0,5000.0,4800.0,0.0,500.0
Maharashtra,Mumbai,Mumbai,Beetroot,2026-09-24,1600.0,2200.0,1900.0,0.0,600.0
Tamil Nadu,Thiruchirappalli,Musiri(Uzhavar Sandhai ),Beetroot,2026-09-24,4500.0,5000.0,4750.0,0.0,500.0
Tamil Nadu,Thiruvarur,Muthupettai(Uzhavar Sandhai ),Beetroot,2026-09-24,5000.0,5000.0,5000.0,0.0,0.0
Tamil Nadu,Nagapattinam,Nagapattinam(Uzhavar Sandhai ),Beetroot,2026-09-24,4000.0,4000.0,4000.0,0.0,0.0
Tamil Nadu,Namakkal,Namakkal(Uzhavar Sandhai ),Beetroot,2026-09-24,6500.0,7000.0,6750.0,0.0,500.0
Tamil Nadu,Chengalpattu,Nanganallur(Uzhavar Sandhai ),Beetroot,2026-09-24,5500.0,6000.0,5750.0,0.0,500.0
Tamil Nadu,Thirupathur,Natrampalli(Uzhavar Sandhai ),Beetroot,2026-09-24,5000.0,6000.0,5500.0,0.0,1000.0
Keralam,Thiruvananthapuram,Neyyatinkara Market,Beetroot,2026-09-24,5400.0,6000.0,5600.0,0.0,600.0
Keralam,Ernakulam,North Paravur Market,Beetroot,2026-09-24,4700.0,5500.0,5000.0,0.0,800.0
Tamil Nadu,Kancheepuram,Padappai(Uzhavar Sandhai ),Beetroot,2026-09-24,3500.0,4000.0,3750.0,0.0,500.0
Tamil Nadu,Dharmapuri,Palacode(Uzhavar Sandhai ),Beetroot,2026-09-24,4600.0,5000.0,4800.0,0.0,400.0
Tamil Nadu,Madurai,Palanganatham(Uzhavar Sandhai ),Beetroot,2026-09-24,4000.0,5000.0,4500.0,0.0,1000.0
Tamil Nadu,Dindigul,Palani(Uzhavar Sandhai ),Beetroot,2026-09-24,3000.0,7000.0,5000.0,0.0,4000.0
Tamil Nadu,Thirunelveli,Palayamkottai(Uzhavar Sandhai ),Beetroot,2026-09-24,4400.0,6000.0,5200.0,0.0,1600.0
Tamil Nadu,Thirupur,Palladam(Uzhavar Sandhai ),Beetroot,2026-09-24,2500.0,3000.0,2750.0,0.0,500.0
Tamil Nadu,Chengalpattu,Pallavaram(Uzhavar Sandhai ),Beetroot,2026-09-24,4000.0,5000.0,4500.0,0.0,1000.0
Tamil Nadu,Vellore,Pallikonda(Uzhavar Sandhai),Beetroot,2026-09-24,3500.0,3500.0,3500.0,0.0,0.0
Keralam,Kottayam,Pampady Market,Beetroot,2026-09-24,3700.0,5000.0,4700.0,0.0,1300.0
Tamil Nadu,Ramanathapuram,Paramakudi(Uzhavar Sandhai ),Beetroot,2026-09-24,4500.0,4800.0,4650.0,0.0,300.0
Tamil Nadu,Namakkal,Paramathivelur(Uzhavar Sandhai ),Beetroot,2026-09-24,6700.0,7500.0,7100.0,0.0,800.0
Keralam,Thiruvananthapuram,Parassala Market,Beetroot,2026-09-24,3800.0,4200.0,4000.0,0.0,400.0
Punjab,Pathankot,Pathankot Apmc,Beetroot,2026-09-24,1900.0,1900.0,1900.0,0.0,0.0
Keralam,Palakad,Pattambi Market,Beetroot,2026-09-24,4000.0,4500.0,4200.0,0.0,500.0
Tamil Nadu,Thanjavur,Pattukottai(Uzhavar Sandhai ),Beetroot,2026-09-24,5800.0,5800.0,5800.0,0.0,0.0
Tamil Nadu,Dharmapuri,Pennagaram(Uzhavar Sandhai ),Beetroot,2026-09-24,5000.0,5500.0,5250.0,0.0,500.0
Tamil Nadu,Perambalur,Perambalur(Uzhavar Sandhai ),Beetroot,2026-09-24,5600.0,6000.0,5800.0,0.0,400.0
Tamil Nadu,Vellore,Perampet(Uzhavar Sandhai),Beetroot,2026-09-24,4500.0,4500.0,4500.0,0.0,0.0
Tamil Nadu,Theni,Periyakulam(Uzhavar Sandhai ),Beetroot,2026-09-24,3400.0,3600.0,3500.0,0.0,200.0
Keralam,Ernakulam,Perumbavoor Market,Beetroot,2026-09-24,4500.0,5200.0,4700.0,0.0,700.0
Tamil Nadu,Erode,Perundurai(Uzhavar Sandhai ),Beetroot,2026-09-24,5500.0,6000.0,5750.0,0.0,500.0
Tamil Nadu,Coimbatore,Pollachi(Uzhavar Sandhai ),Beetroot,2026-09-24,4500.0,6500.0,5500.0,0.0,2000.0
Tamil Nadu,Thiruvannamalai,Polur(Uzhavar Sandhai ),Beetroot,2026-09-24,4000.0,4800.0,4400.0,0.0,800.0
Tamil Nadu,Pudukkottai,Pudukottai(Uzhavar Sandhai ),Beetroot,2026-09-24,5000.0,5500.0,5250.0,0.0,500.0
Maharashtra,Pune,Pune,Beetroot,2026-09-24,2000.0,2000.0,2000.0,0.0,0.0
Keralam,Kozhikode(Calicut),Quilandy Market,Beetroot,2026-09-24,4600.0,5000.0,4800.0,0.0,400.0
Tamil Nadu,Virudhunagar,Rajapalayam(Uzhavar Sandhai ),Beetroot,2026-09-24,4500.0,5000.0,4750.0,0.0,500.0
Karnataka,Bengaluru South,Ramanagara Apmc,Beetroot,2026-09-24,3000.0,3600.0,3200.0,0.0,600.0
Tamil Nadu,Ramanathapuram,Ramanathapuram(Uzhavar Sandhai ),Beetroot,2026-09-24,4000.0,5000.0,4500.0,0.0,1000.0
Tamil Nadu,Ranipet,Ranipettai(Uzhavar Sandhai ),Beetroot,2026-09-24,4500.0,5000.0,4750.0,0.0,500.0
Tamil Nadu,Namakkal,Rasipuram(Uzhavar Sandhai ),Beetroot,2026-09-24,6000.0,7000.0,6500.0,0.0,1000.0
Odisha,Rayagada,Rayagada(Muniguda) Apmc,Beetroot,2026-09-24,8500.0,9240.0,8900.0,0.0,740.0
Tamil Nadu,Coimbatore,Rspuram(Uzhavar Sandhai ),Beetroot,2026-09-24,5500.0,6000.0,5750.0,0.0,500.0
Telangana,Hyderabad,Rythu Bazar Mehdipatnam,Beetroot,2026-09-24,3200.0,3200.0,3200.0,0.0,0.0
Tamil Nadu,Erode,Sampath Nagar(Uzhavar Sandhai ),Beetroot,2026-09-24,6200.0,6600.0,6400.0,0.0,400.0
Tamil Nadu,Kallakuruchi,Sankarapuram(Uzhavar Sandhai ),Beetroot,2026-09-24,6000.0,6000.0,6000.0,0.0,0.0
Telangana,Ranga Reddy,"Saroornagar,Rbz",Beetroot,2026-09-24,3200.0,3200.0,3200.0,0.0,0.0
Tamil Nadu,Erode,Sathiyamagalam(Uzhavar Sandhai ),Beetroot,2026-09-24,5500.0,6000.0,5750.0,0.0,500.0
Tamil Nadu,Virudhunagar,Sathur(Uzhavar Sandhai ),Beetroot,2026-09-24,4500.0,5000.0,4750.0,0.0,500.0
Meghalaya,East Khasi Hills,Shillong Apmc,Beetroot,2026-09-24,7500.0,8500.0,8000.0,0.0,1000.0
Tamil Nadu,Sivaganga,Singampunari(Uzhavar Sandhai ),Beetroot,2026-09-24,4200.0,5200.0,4700.0,0.0,1000.0
Tamil Nadu,Coimbatore,Singanallur(Uzhavar Sandhai ),Beetroot,2026-09-24,5500.0,6000.0,5750.0,0.0,500.0
Tamil Nadu,Nagapattinam,Sirkali(Uzhavar Sandhai ),Beetroot,2026-09-24,4500.0,5000.0,4750.0,0.0,500.0
Tamil Nadu,Sivaganga,Sivagangai (Uzhavar Sandhai ),Beetroot,2026-09-24,4200.0,5200.0,4700.0,0.0,1000.0
Tamil Nadu,Virudhunagar,Sivakasi(Uzhavar Sandhai ),Beetroot,2026-09-24,4000.0,5000.0,4500.0,0.0,1000.0
Himachal Pradesh,Kangra,Smy Jaisinghpur,Beetroot,2026-09-24,5000.0,5200.0,5100.0,0.0,200.0
Himachal Pradesh,Kangra,Smy Palampur,Beetroot,2026-09-24,4800.0,5000.0,4900.0,0.0,200.0
Tamil Nadu,Salem,Sooramangalam(Uzhavar Sandhai ),Beetroot,2026-09-24,6000.0,6500.0,6250.0,0.0,500.0
Tamil Nadu,Virudhunagar,Srivilliputhur(Uzhavar Sandhai ),Beetroot,2026-09-24,4500.0,5000.0,4750.0,0.0,500.0
Tamil Nadu,Coimbatore,Sulur(Uzhavar Sandhai ),Beetroot,2026-09-24,5500.0,6000.0,5750.0,0.0,500.0
Tamil Nadu,Coimbatore,Sundarapuram(Uzhavar Sandhai ),Beetroot,2026-09-24,6000.0,6500.0,6250.0,0.0,500.0
Tamil Nadu,Kancheepuram,Sunguvarchatram(Uzhavar Sandhai ),Beetroot,2026-09-24,3500.0,4000.0,3750.0,0.0,500.0
Gujarat,Surat,Surat Apmc,Beetroot,2026-09-24,1500.0,2500.0,2000.0,0.0,1000.0
Tamil Nadu,Tenkasi,Tenkasi(Uzhavar Sandhai ),Beetroot,2026-09-24,4000.0,4000.0,4000.0,0.0,0.0
Tamil Nadu,Erode,Thalavadi(Uzhavar Sandhai ),Beetroot,2026-09-24,3400.0,3800.0,3600.0,0.0,400.0
Tamil Nadu,Virudhunagar,Thalavaipuram(Uzhavar Sandhai ),Beetroot,2026-09-24,4000.0,5000.0,4500.0,0.0,1000.0
Tamil Nadu,Salem,Thammampatti (Uzhavar Sandhai ),Beetroot,2026-09-24,6500.0,7000.0,6750.0,0.0,500.0
Tamil Nadu,Thanjavur,Thanjavur(Uzhavar Sandhai ),Beetroot,2026-09-24,5000.0,5000.0,5000.0,0.0,0.0
Tamil Nadu,Salem,Thathakapatti(Uzhavar Sandhai ),Beetroot,2026-09-24,5000.0,6500.0,5750.0,0.0,1500.0
Tamil Nadu,Theni,Theni(Uzhavar Sandhai ),Beetroot,2026-09-24,3600.0,3600.0,3600.0,0.0,0.0
Tamil Nadu,Vellore,Thirupathur Apmc,Beetroot,2026-09-24,5000.0,5000.0,5000.0,0.0,0.0
Tamil Nadu,Thiruchirappalli,Thiruverumbur(Uzhavar Sandhai ),Beetroot,2026-09-24,5000.0,5000.0,5000.0,0.0,0.0
Keralam,Ernakulam,Thrippunithura Market,Beetroot,2026-09-24,7000.0,8000.0,7200.0,0.0,1000.0
Tamil Nadu,Thiruchirappalli,Thuraiyur Apmc,Beetroot,2026-09-24,4500.0,5000.0,4750.0,0.0,500.0
Tamil Nadu,Villupuram,Tindivanam Apmc,Beetroot,2026-09-24,4500.0,4500.0,4500.0,0.0,0.0
Tamil Nadu,Namakkal,Tiruchengode Apmc,Beetroot,2026-09-24,6000.0,7000.0,6500.0,0.0,1000.0
Tamil Nadu,Sivaganga,Tirupatthur(Uzhavar Sandhai ),Beetroot,2026-09-24,4400.0,5400.0,4900.0,0.0,1000.0
Tamil Nadu,Thirupur,Tiruppur (North) (Uzhavar Sandhai ),Beetroot,2026-09-24,5000.0,6000.0,5500.0,0.0,1000.0
Tamil Nadu,Thirupur,Tiruppur (South) (Uzhavar Sandhai ),Beetroot,2026-09-24,4000.0,5000.0,4500.0,0.0,1000.0
Tamil Nadu,Thiruvellore,Tiruthani(Uzhavar Sandhai ),Beetroot,2026-09-24,6000.0,6000.0,6000.0,0.0,0.0
Tamil Nadu,Thiruvannamalai,Tiruvannamalai(Uzhavar Sandhai ),Beetroot,2026-09-24,4000.0,4800.0,4400.0,0.0,800.0
Tamil Nadu,Tuticorin,Tuticorin(Uzhavar Sandhai ),Beetroot,2026-09-24,4500.0,5000.0,4750.0,0.0,500.0
Tamil Nadu,The Nilgiris,Udhagamandalam(Uzhavar Sandhai ),Beetroot,2026-09-24,4500.0,5000.0,4750.0,0.0,500.0
Tamil Nadu,Coimbatore,Udumalpet Apmc,Beetroot,2026-09-24,4000.0,7500.0,5750.0,0.0,3500.0
Tamil Nadu,Cuddalore,Vadalur(Uzhavar Sandhai ),Beetroot,2026-09-24,4000.0,5000.0,4500.0,0.0,1000.0
Tamil Nadu,Nagercoil (Kannyiakumari),Vadaseri Apmc,Beetroot,2026-09-24,6000.0,6500.0,6250.0,0.0,500.0
Tamil Nadu,Coimbatore,Vadavalli(Uzhavar Sandhai ),Beetroot,2026-09-24,5500.0,6000.0,5750.0,0.0,500.0
Gujarat,Surendranagar,Vadhvan Apmc,Beetroot,2026-09-24,1500.0,2000.0,1750.0,0.0,500.0
Tamil Nadu,Thiruvannamalai,Vandavasi(Uzhavar Sandhai ),Beetroot,2026-09-24,3500.0,4200.0,3850.0,0.0,700.0
Tamil Nadu,Thirupathur,Vaniyampadi(Uzhavar Sandhai ),Beetroot,2026-09-24,6000.0,6000.0,6000.0,0.0,0.0
Tamil Nadu,Salem,Vazhapadi(Uzhavar Sandhai),Beetroot,2026-09-24,5000.0,5000.0,5000.0,0.0,0.0
Tamil Nadu,Nagapattinam,Vedaranyam(Uzhavar Sandhai),Beetroot,2026-09-24,4000.0,4500.0,4250.0,0.0,500.0
Tamil Nadu,Vellore,Vellore Apmc,Beetroot,2026-09-24,3000.0,3600.0,3300.0,0.0,600.0
Tamil Nadu,Villupuram,Villupuram(Uzhavar Sandhai ),Beetroot,2026-09-24,4000.0,4000.0,4000.0,0.0,0.0
Tamil Nadu,Virudhunagar,Virudhunagar(Uzhavar Sandhai ),Beetroot,2026-09-24,3500.0,4000.0,3750.0,0.0,500.0
Tamil Nadu,Cuddalore,Viruthachalam(Uzhavar Sandhai ),Beetroot,2026-09-24,6000.0,6000.0,6000.0,0.0,0.0
Telangana,Warangal,Warangal Apmc,Beetroot,2026-09-24,2500.0,3000.0,2750.0,0.0,500.0
Uttar Pradesh,Badaun,Badayoun Apmc,Bengal Gram Dal(Chana Dal),2026-09-24,8000.0,8000.0,8000.0,0.0,0.0
Uttar Pradesh,Bareilly,Bareilly Apmc,Bengal Gram Dal(Chana Dal),2026-09-24,6715.0,6850.0,6763.82,0.0,135.0
Uttar Pradesh,Sambhal,Chandausi Apmc,Bengal Gram Dal(Chana Dal),2026-09-24,7535.0,7535.0,7535.0,0.0,0.0
Andhra Pradesh,Prakasam,Addanki Apmc,Bengal Gram(Gram)(Whole),2026-09-24,6000.0,6150.0,6070.0,0.0,150.0
Maharashtra,Ahilyanagar,Apmc Karjat ,Bengal Gram(Gram)(Whole),2026-09-24,5000.0,5500.0,5200.0,0.0,500.0
Andhra Pradesh,Markapuram,Cumbum Apmc,Bengal Gram(Gram)(Whole),2026-09-24,5700.0,5900.0,5800.0,0.0,200.0
Andhra Pradesh,Nandyal,Dhone Apmc,Bengal Gram(Gram)(Whole),2026-09-24,5800.0,5850.0,5810.0,0.0,50.0
Gujarat,Rajkot,Dhoraji Apmc,Bengal Gram(Gram)(Whole),2026-09-24,6305.0,6355.0,6355.0,0.0,50.0
Gujarat,Jamnagar,Dhrol Apmc,Bengal Gram(Gram)(Whole),2026-09-24,6150.0,6570.0,6360.0,0.0,420.0
Andhra Pradesh,Markapuram,Giddalur Apmc,Bengal Gram(Gram)(Whole),2026-09-24,5900.0,6050.0,5950.0,0.0,150.0
Andhra Pradesh,Ananthapuramu,Guntakal Apmc,Bengal Gram(Gram)(Whole),2026-09-24,6500.0,6700.0,6600.0,0.0,200.0
Madhya Pradesh,Indore,Indore Apmc,Bengal Gram(Gram)(Whole),2026-09-24,8125.0,8125.0,8125.0,0.0,0.0
Gujarat,Jamnagar,Jam Jodhpur Apmc,Bengal Gram(Gram)(Whole),2026-09-24,5650.0,6575.0,6100.0,0.0,925.0
Andhra Pradesh,YSR Kadapa,Jammalamadugu Apmc,Bengal Gram(Gram)(Whole),2026-09-24,6300.0,6700.0,6500.0,0.0,400.0
Andhra Pradesh,Prakasam,Kondapi Apmc,Bengal Gram(Gram)(Whole),2026-09-24,5800.0,6000.0,5900.0,0.0,200.0
Rajasthan,Kota,Kota Apmc,Bengal Gram(Gram)(Whole),2026-09-24,5800.0,5800.0,5800.0,0.0,0.0
Karnataka,Koppal,Kustagi Apmc,Bengal Gram(Gram)(Whole),2026-09-24,6500.0,6500.0,6500.0,0.0,0.0
Manipur,Imphal East,Lamlong Bazaar Apmc,Bengal Gram(Gram)(Whole),2026-09-24,8500.0,9000.0,8750.0,0.0,500.0
Andhra Pradesh,Prakasam,Maddipadu Apmc,Bengal Gram(Gram)(Whole),2026-09-24,6000.0,6000.0,6000.0,0.0,0.0
Andhra Pradesh,Nandyal,Nandikotkur Apmc,Bengal Gram(Gram)(Whole),2026-09-24,5400.0,5650.0,5500.0,0.0,250.0
Andhra Pradesh,Palnadu,Narasaraopet Apmc,Bengal Gram(Gram)(Whole),2026-09-24,6500.0,6500.0,6500.0,0.0,0.0
Andhra Pradesh,YSR Kadapa,Proddatur Apmc,Bengal Gram(Gram)(Whole),2026-09-24,6400.0,6400.0,6400.0,0.0,0.0
Rajasthan,Churu,Sadulpur Apmc,Bengal Gram(Gram)(Whole),2026-09-24,5200.0,5200.0,5200.0,0.0,0.0
Karnataka,Raichur,Sindhanur Apmc,Bengal Gram(Gram)(Whole),2026-09-24,5900.0,7000.0,6550.0,0.0,1100.0
Andhra Pradesh,Ananthapuramu,Urvakonda Apmc,Bengal Gram(Gram)(Whole),2026-09-24,6400.0,7300.0,6800.0,0.0,900.0
Tamil Nadu,Madurai,Anaiyur(Uzhavar Sandhai ),Betal Leaves,2026-09-24,24000.0,28000.0,26000.0,0.0,4000.0
Tamil Nadu,Madurai,Chokkikulam(Uzhavar Sandhai ),Betal Leaves,2026-09-24,24000.0,28000.0,26000.0,0.0,4000.0
Tamil Nadu,Krishnagiri,Hosur(Uzhavar Sandhai ),Betal Leaves,2026-09-24,10000.0,12000.0,11000.0,0.0,2000.0
Tamil Nadu,Theni,Kambam(Uzhavar Sandhai ),Betal Leaves,2026-09-24,24000.0,24000.0,24000.0,0.0,0.0
Tamil Nadu,Thiruchirappalli,Kknagar(Uzhavar Sandhai ),Betal Leaves,2026-09-24,12000.0,12000.0,12000.0,0.0,0.0
Tamil Nadu,Karur,Kulithalai(Uzhavar Sandhai ),Betal Leaves,2026-09-24,9000.0,10000.0,9500.0,0.0,1000.0
Tamil Nadu,Thiruchirappalli,Musiri(Uzhavar Sandhai ),Betal Leaves,2026-09-24,7500.0,8000.0,7750.0,0.0,500.0
Tamil Nadu,Namakkal,Namakkal(Uzhavar Sandhai ),Betal Leaves,2026-09-24,12000.0,13000.0,12500.0,0.0,1000.0
Tamil Nadu,Madurai,Palanganatham(Uzhavar Sandhai ),Betal Leaves,2026-09-24,20000.0,28000.0,24000.0,0.0,8000.0
Meghalaya,East Khasi Hills,Shillong Apmc,Betal Leaves,2026-09-24,10000.0,20000.0,15000.0,0.0,10000.0
Tamil Nadu,Coimbatore,Singanallur(Uzhavar Sandhai ),Betal Leaves,2026-09-24,23000.0,24000.0,23500.0,0.0,1000.0
West Bengal,Medinipur(E),Tamluk (Medinipur E) Apmc,Betal Leaves,2026-09-24,4000.0,12000.0,8000.0,0.0,8000.0
West Bengal,Medinipur(E),Tamluk (Medinipur E) Apmc,Betal Leaves,2026-09-24,16500.0,42000.0,27500.0,0.0,25500.0
Tamil Nadu,Thanjavur,Thanjavur(Uzhavar Sandhai ),Betal Leaves,2026-09-24,17000.0,17000.0,17000.0,0.0,0.0
Tamil Nadu,Theni,Theni(Uzhavar Sandhai ),Betal Leaves,2026-09-24,22000.0,22000.0,22000.0,0.0,0.0
Tamil Nadu,Thiruchirappalli,Thuraiyur Apmc,Betal Leaves,2026-09-24,9000.0,10000.0,9500.0,0.0,1000.0
Tamil Nadu,Vellore,Vellore Apmc,Betal Leaves,2026-09-24,15000.0,15000.0,15000.0,0.0,0.0
Tamil Nadu,Dharmapuri,Ajattihalli(Uzhavar Sandhai ),Bhindi(Ladies Finger),2026-09-24,2000.0,2000.0,2000.0,0.0,0.0
Tamil Nadu,Pudukkottai,Alangudi(Uzhavar Sandhai ),Bhindi(Ladies Finger),2026-09-24,2500.0,3000.0,2750.0,0.0,500.0
Tamil Nadu,Thirunelveli,Ambasamudram(Uzhavar Sandhai ),Bhindi(Ladies Finger),2026-09-24,3400.0,3800.0,3600.0,0.0,400.0
Tamil Nadu,Salem,Ammapet(Uzhavar Sandhai ),Bhindi(Ladies Finger),2026-09-24,3600.0,4000.0,3800.0,0.0,400.0
Tamil Nadu,Madurai,Anaiyur(Uzhavar Sandhai ),Bhindi(Ladies Finger),2026-09-24,3000.0,3400.0,3200.0,0.0,400.0
Tamil Nadu,Theni,Andipatti(Uzhavar Sandhai ),Bhindi(Ladies Finger),2026-09-24,4300.0,4500.0,4400.0,0.0,200.0
Tamil Nadu,Madurai,Anna Nagar(Uzhavar Sandhai ),Bhindi(Ladies Finger),2026-09-24,4600.0,5000.0,4800.0,0.0,400.0
Maharashtra,Ratnagiri,Apmc Ratnagiri (Nachane) ,Bhindi(Ladies Finger),2026-09-24,2000.0,3000.0,2500.0,0.0,1000.0
Tamil Nadu,Thiruvannamalai,Arani(Uzhavar Sandhai ),Bhindi(Ladies Finger),2026-09-24,3500.0,4200.0,3850.0,0.0,700.0
Tamil Nadu,Pudukkottai,Aranthangi(Uzhavar Sandhai ),Bhindi(Ladies Finger),2026-09-24,2500.0,3000.0,2750.0,0.0,500.0
Tamil Nadu,Ranipet,Arcot(Uzhavar Sandhai ),Bhindi(Ladies Finger),2026-09-24,3000.0,3000.0,3000.0,0.0,0.0
Tamil Nadu,Ariyalur,Ariyalur(Uzhavar Sandhai),Bhindi(Ladies Finger),2026-09-24,3500.0,4000.0,3750.0,0.0,500.0
Tamil Nadu,Virudhunagar,Aruppukottai(Uzhavar Sandhai ),Bhindi(Ladies Finger),2026-09-24,3000.0,4000.0,3500.0,0.0,1000.0
Tamil Nadu,Salem,Athur(Uzhavar Sandhai ),Bhindi(Ladies Finger),2026-09-24,2500.0,3000.0,2750.0,0.0,500.0
Odisha,Bargarh,Attabira Apmc,Bhindi(Ladies Finger),2026-09-24,3200.0,3600.0,3400.0,0.0,400.0
Tamil Nadu,Salem,Attayampatti(Uzhavar Sandhai ),Bhindi(Ladies Finger),2026-09-24,3800.0,3800.0,3800.0,0.0,0.0
Tamil Nadu,Krishnagiri,Avallapalli(Uzhavar Sandhai ),Bhindi(Ladies Finger),2026-09-24,3500.0,4000.0,3750.0,0.0,500.0
Odisha,Cuttack,Banki Apmc,Bhindi(Ladies Finger),2026-09-24,3000.0,4000.0,3500.0,0.0,1000.0
Haryana,Hissar,Barwala(Hisar) Apmc,Bhindi(Ladies Finger),2026-09-24,2500.0,3300.0,3000.0,0.0,800.0
Uttarakhand,Udhamsinghnagar,Bazpur Apmc,Bhindi(Ladies Finger),2026-09-24,1500.0,1500.0,1500.0,0.0,0.0
Madhya Pradesh,Betul,Betul(F&V) Apmc,Bhindi(Ladies Finger),2026-09-24,1500.0,2000.0,1800.0,0.0,500.0
Tamil Nadu,Theni,Bodinayakanur(Uzhavar Sandhai ),Bhindi(Ladies Finger),2026-09-24,4400.0,4400.0,4400.0,0.0,0.0
Odisha,Boudh,Boudh Apmc,Bhindi(Ladies Finger),2026-09-24,5500.0,6500.0,6000.0,0.0,1000.0
Chandigarh,Chandigarh,Chandigarh (Grain/F&V) Apmc,Bhindi(Ladies Finger),2026-09-24,800.0,1400.0,1300.0,0.0,600.0
Tamil Nadu,Thiruvannamalai,Chengam(Uzhavar Sandhai ),Bhindi(Ladies Finger),2026-09-24,2500.0,3000.0,2750.0,0.0,500.0
Keralam,Alappuzha,Chengannur Market,Bhindi(Ladies Finger),2026-09-24,4000.0,4300.0,4200.0,0.0,300.0
Keralam,Alappuzha,Cherthala Market,Bhindi(Ladies Finger),2026-09-24,4000.0,4200.0,4100.0,0.0,200.0
Tamil Nadu,Thiruvannamalai,Cheyyar(Uzhavar Sandhai ),Bhindi(Ladies Finger),2026-09-24,3500.0,4200.0,3850.0,0.0,700.0
Tamil Nadu,Cuddalore,Chidambaram(Uzhavar Sandhai ),Bhindi(Ladies Finger),2026-09-24,2500.0,2500.0,2500.0,0.0,0.0
Tamil Nadu,Dindigul,Chinnalapatti(Uzhavar Sandhai ),Bhindi(Ladies Finger),2026-09-24,3600.0,4000.0,3800.0,0.0,400.0
Tamil Nadu,Theni,Chinnamanur(Uzhavar Sandhai ),Bhindi(Ladies Finger),2026-09-24,4200.0,4200.0,4200.0,0.0,0.0
Tamil Nadu,Madurai,Chokkikulam(Uzhavar Sandhai ),Bhindi(Ladies Finger),2026-09-24,3000.0,3400.0,3200.0,0.0,400.0
Tamil Nadu,The Nilgiris,Coonoor(Uzhavar Sandhai ),Bhindi(Ladies Finger),2026-09-24,4000.0,4400.0,4200.0,0.0,400.0
Tamil Nadu,Cuddalore,Cuddalore(Uzhavar Sandhai ),Bhindi(Ladies Finger),2026-09-24,2500.0,2500.0,2500.0,0.0,0.0
Gujarat,Amreli,Damnagar Apmc,Bhindi(Ladies Finger),2026-09-24,3500.0,3500.0,3500.0,0.0,0.0
Tamil Nadu,Krishnagiri,Denkanikottai(Uzhavar Sandhai ),Bhindi(Ladies Finger),2026-09-24,3000.0,4000.0,3500.0,0.0,1000.0
Tamil Nadu,Sivaganga,Devakottai (Uzhavar Sandhai ),Bhindi(Ladies Finger),2026-09-24,3200.0,3400.0,3300.0,0.0,200.0
Tamil Nadu,Theni,Devaram(Uzhavar Sandhai ),Bhindi(Ladies Finger),2026-09-24,4200.0,4200.0,4200.0,0.0,0.0
Tamil Nadu,Thirupur,Dharapuram(Uzhavar Sandhai ),Bhindi(Ladies Finger),2026-09-24,5000.0,5400.0,5200.0,0.0,400.0
Tamil Nadu,Dharmapuri,Dharmapuri(Uzhavar Sandhai ),Bhindi(Ladies Finger),2026-09-24,1800.0,2000.0,1900.0,0.0,200.0
Nagaland,Dimapur,Dimapur Apmc,Bhindi(Ladies Finger),2026-09-24,4000.0,5000.0,4500.0,0.0,1000.0
Tamil Nadu,Dindigul,Dindigul(Uzhavar Sandhai ),Bhindi(Ladies Finger),2026-09-24,3000.0,4000.0,3500.0,0.0,1000.0
Punjab,Ludhiana,Doraha Apmc,Bhindi(Ladies Finger),2026-09-24,1700.0,2000.0,1800.0,0.0,300.0
Tamil Nadu,Salem,Edapadi (Uzhavar Sandhai ),Bhindi(Ladies Finger),2026-09-24,2500.0,3000.0,2750.0,0.0,500.0
Tamil Nadu,Salem,Elampillai(Uzhavar Sandhai ),Bhindi(Ladies Finger),2026-09-24,3000.0,3200.0,3100.0,0.0,200.0
Uttar Pradesh,Agra,Fatehabad Apmc,Bhindi(Ladies Finger),2026-09-24,1000.0,1500.0,1200.0,0.0,500.0
Tamil Nadu,Pudukkottai,Gandarvakottai(Uzhavar Sandhai ),Bhindi(Ladies Finger),2026-09-24,2500.0,3000.0,2750.0,0.0,500.0
Tamil Nadu,Karur,Gandhigramam(Uzhavar Sandhai),Bhindi(Ladies Finger),2026-09-24,3500.0,4000.0,3750.0,0.0,500.0
West Bengal,Dakshin Dinajpur,Gangarampur(Dakshin Dinajpur) Apmc,Bhindi(Ladies Finger),2026-09-24,3000.0,3500.0,3200.0,0.0,500.0
Punjab,Hoshiarpur,Garh Shankar Apmc,Bhindi(Ladies Finger),2026-09-24,2800.0,2800.0,2800.0,0.0,0.0
Tamil Nadu,Villupuram,Gingee(Uzhavar Sandhai ),Bhindi(Ladies Finger),2026-09-24,4000.0,4000.0,4000.0,0.0,0.0
Tamil Nadu,Erode,Gobichettipalayam(Uzhavar Sandhai ),Bhindi(Ladies Finger),2026-09-24,4000.0,4400.0,4200.0,0.0,400.0
Gujarat,Rajkot,Gondal(Veg.Market Gondal) Apmc,Bhindi(Ladies Finger),2026-09-24,1000.0,5000.0,3000.0,0.0,4000.0
Tamil Nadu,The Nilgiris,Gudalur(Uzhavar Sandhai ),Bhindi(Ladies Finger),2026-09-24,4000.0,4400.0,4200.0,0.0,400.0
Tamil Nadu,Vellore,Gudiyatham(Uzhavar Sandhai ),Bhindi(Ladies Finger),2026-09-24,2500.0,2500.0,2500.0,0.0,0.0
Tamil Nadu,Chengalpattu,Guduvancheri(Uzhavar Sandhai ),Bhindi(Ladies Finger),2026-09-24,5000.0,6000.0,5500.0,0.0,1000.0
Uttar Pradesh,Bulandshahar,Gulavati Apmc,Bhindi(Ladies Finger),2026-09-24,3100.0,3300.0,3200.0,0.0,200.0
Punjab,Gurdaspur,Gurdaspur Apmc,Bhindi(Ladies Finger),2026-09-24,1400.0,1400.0,1400.0,0.0,0.0
Haryana,Gurgaon,Gurgaon Apmc,Bhindi(Ladies Finger),2026-09-24,1500.0,2000.0,1750.0,0.0,500.0
Haryana,Hissar,Hansi Apmc,Bhindi(Ladies Finger),2026-09-24,2000.0,2500.0,2250.0,0.0,500.0
Uttarakhand,Haridwar,Haridwar Union Apmc,Bhindi(Ladies Finger),2026-09-24,700.0,1100.0,800.0,0.0,400.0
Punjab,Tarntaran,Harike Apmc,Bhindi(Ladies Finger),2026-09-24,1100.0,1200.0,1150.0,0.0,100.0
Keralam,Alappuzha,Harippad Market,Bhindi(Ladies Finger),2026-09-24,4000.0,4500.0,4000.0,0.0,500.0
Tamil Nadu,Dharmapuri,Harur(Uzhavar Sandhai ),Bhindi(Ladies Finger),2026-09-24,2500.0,3000.0,2750.0,0.0,500.0
Tamil Nadu,Salem,Hasthampatti(Uzhavar Sandhai ),Bhindi(Ladies Finger),2026-09-24,3400.0,3800.0,3600.0,0.0,400.0
Tamil Nadu,Krishnagiri,Hosur(Uzhavar Sandhai ),Bhindi(Ladies Finger),2026-09-24,3500.0,4000.0,3750.0,0.0,500.0
Telangana,Ranga Reddy,Ibrahimpatnam Apmc,Bhindi(Ladies Finger),2026-09-24,3000.0,3000.0,3000.0,0.0,0.0
Tamil Nadu,Salem,Jalagandapuram(Uzhavar Sandhai ),Bhindi(Ladies Finger),2026-09-24,3000.0,3400.0,3200.0,0.0,400.0
Uttar Pradesh,Shahjahanpur,Jalalabad Apmc,Bhindi(Ladies Finger),2026-09-24,900.0,1000.0,950.0,0.0,100.0
Punjab,Jalandhar,Jalandhar City(Jalandhar) Apmc,Bhindi(Ladies Finger),2026-09-24,1200.0,2500.0,1800.0,0.0,1300.0
Tamil Nadu,Chengalpattu,Jameenrayapettai(Uzhavar Sandhai ),Bhindi(Ladies Finger),2026-09-24,5000.0,6000.0,5500.0,0.0,1000.0
Uttar Pradesh,Etawah,Jasvantnagar Apmc,Bhindi(Ladies Finger),2026-09-24,2165.0,2265.0,2215.0,0.0,100.0
Tamil Nadu,Ariyalur,Jeyankondam (Uzhavar Sandhai ),Bhindi(Ladies Finger),2026-09-24,3200.0,3600.0,3400.0,0.0,400.0
Odisha,Kalahandi,Junagarh Apmc,Bhindi(Ladies Finger),2026-09-24,2000.0,2400.0,2200.0,0.0,400.0
Tamil Nadu,Vellore,Kahithapattarai(Uzhavar Sandhai ),Bhindi(Ladies Finger),2026-09-24,3000.0,3000.0,3000.0,0.0,0.0
Uttar Pradesh,Shamli,Kairana Apmc,Bhindi(Ladies Finger),2026-09-24,1300.0,1400.0,1350.0,0.0,100.0
Tamil Nadu,Kallakuruchi,Kallakurichi(Uzhavar Sandhai ),Bhindi(Ladies Finger),2026-09-24,3000.0,3000.0,3000.0,0.0,0.0
Odisha,Dhenkanal,Kamakhyanagar Apmc,Bhindi(Ladies Finger),2026-09-24,5000.0,5000.0,5000.0,0.0,0.0
Tamil Nadu,Theni,Kambam(Uzhavar Sandhai ),Bhindi(Ladies Finger),2026-09-24,4200.0,4500.0,4350.0,0.0,300.0
Tamil Nadu,Ramanathapuram,Kamuthi(Uzhavar Sandhai ),Bhindi(Ladies Finger),2026-09-24,4500.0,5000.0,4750.0,0.0,500.0
Tamil Nadu,Kancheepuram,Kancheepuram(Uzhavar Sandhai ),Bhindi(Ladies Finger),2026-09-24,3000.0,3500.0,3250.0,0.0,500.0
Tamil Nadu,Thirunelveli,Kandiyaperi(Uzhavar Sandhai ),Bhindi(Ladies Finger),2026-09-24,3400.0,3800.0,3600.0,0.0,400.0
Tamil Nadu,Thirupur,Kangayam(Uzhavar Sandhai ),Bhindi(Ladies Finger),2026-09-24,4500.0,5000.0,4750.0,0.0,500.0
Tamil Nadu,Sivaganga,Karaikudi(Uzhavar Sandhai ),Bhindi(Ladies Finger),2026-09-24,3400.0,3800.0,3600.0,0.0,400.0
Tamil Nadu,Pudukkottai,Karambakkudi(Uzhavar Sandhai ),Bhindi(Ladies Finger),2026-09-24,3500.0,4000.0,3750.0,0.0,500.0
Odisha,Mayurbhanja,Karanjia Apmc,Bhindi(Ladies Finger),2026-09-24,4500.0,5000.0,4800.0,0.0,500.0
Tamil Nadu,Dharmapuri,Karimangalam(Uzhavar Sandhai),Bhindi(Ladies Finger),2026-09-24,2600.0,2800.0,2700.0,0.0,200.0
Tamil Nadu,Virudhunagar,Kariyapatti(Uzhavar Sandhai ),Bhindi(Ladies Finger),2026-09-24,3500.0,4000.0,3750.0,0.0,500.0
Tamil Nadu,Karur,Karur(Uzhavar Sandhai ),Bhindi(Ladies Finger),2026-09-24,3500.0,4000.0,3750.0,0.0,500.0
Tamil Nadu,Vellore,Katpadi (Uzhavar Sandhai ),Bhindi(Ladies Finger),2026-09-24,3500.0,3500.0,3500.0,0.0,0.0
Keralam,Idukki,Kattappana Market,Bhindi(Ladies Finger),2026-09-24,5200.0,5500.0,5500.0,0.0,300.0
Tamil Nadu,Krishnagiri,Kaveripattinam(Uzhavar Sandhai ),Bhindi(Ladies Finger),2026-09-24,2500.0,2500.0,2500.0,0.0,0.0
Madhya Pradesh,Khandwa,Khandwa(F&V) Apmc,Bhindi(Ladies Finger),2026-09-24,800.0,1800.0,1250.0,0.0,1000.0
Odisha,Boudh,Khunthabandha Apmc,Bhindi(Ladies Finger),2026-09-24,5500.0,6500.0,6000.0,0.0,1000.0
Tamil Nadu,Thiruchirappalli,Kknagar(Uzhavar Sandhai ),Bhindi(Ladies Finger),2026-09-24,4600.0,4600.0,4600.0,0.0,0.0
Tamil Nadu,Tuticorin,Kovilpatti(Uzhavar Sandhai ),Bhindi(Ladies Finger),2026-09-24,3000.0,3500.0,3250.0,0.0,500.0
Tamil Nadu,Krishnagiri,Krishnagiri(Uzhavar Sandhai ),Bhindi(Ladies Finger),2026-09-24,3000.0,3500.0,3250.0,0.0,500.0
Tamil Nadu,Karur,Kulithalai(Uzhavar Sandhai ),Bhindi(Ladies Finger),2026-09-24,3000.0,3600.0,3300.0,0.0,600.0
Tamil Nadu,Namakkal,Kumarapalayam(Uzhavar Sandhai ),Bhindi(Ladies Finger),2026-09-24,2500.0,3000.0,2750.0,0.0,500.0
Tamil Nadu,Thanjavur,Kumbakonam (Uzhavar Sandhai ),Bhindi(Ladies Finger),2026-09-24,7200.0,7200.0,7200.0,0.0,0.0
Tamil Nadu,Kancheepuram,Kundrathur(Uzhavar Sandhai ),Bhindi(Ladies Finger),2026-09-24,3000.0,3000.0,3000.0,0.0,0.0
Tamil Nadu,Coimbatore,Kurichi(Uzhavar Sandhai ),Bhindi(Ladies Finger),2026-09-24,4500.0,5000.0,4750.0,0.0,500.0
Keralam,Pathanamthitta,Kuttoor Market,Bhindi(Ladies Finger),2026-09-24,6600.0,7000.0,6800.0,0.0,400.0
Tamil Nadu,Thiruchirappalli,Lalgudi(Uzhavar Sandhai ),Bhindi(Ladies Finger),2026-09-24,4600.0,5000.0,4800.0,0.0,400.0
Punjab,Jalandhar,Lohian Khas Apmc,Bhindi(Ladies Finger),2026-09-24,2400.0,2800.0,2600.0,0.0,400.0
Punjab,Ludhiana,Ludhiana Apmc,Bhindi(Ladies Finger),2026-09-24,1500.0,2000.0,1800.0,0.0,500.0
Jammu and Kashmir,Jammu,Mac F&V Market Narwal Jammu,Bhindi(Ladies Finger),2026-09-24,2500.0,3200.0,2850.0,0.0,700.0
Bihar,Madhubani,Madhubani Apmc,Bhindi(Ladies Finger),2026-09-24,1300.0,1500.0,1400.0,0.0,200.0
Tamil Nadu,Chengalpattu,Madhuranthagam(Uzhavar Sandhai ),Bhindi(Ladies Finger),2026-09-24,5000.0,5000.0,5000.0,0.0,0.0
Telangana,Mahbubnagar,Mahabubnagar(Rythu Bazar),Bhindi(Ladies Finger),2026-09-24,4000.0,4000.0,4000.0,0.0,0.0
Uttar Pradesh,Khiri (Lakhimpur),Maigalganj Apmc,Bhindi(Ladies Finger),2026-09-24,2100.0,2130.0,2115.0,0.0,30.0
Punjab,Sangrur,Malerkotla Apmc,Bhindi(Ladies Finger),2026-09-24,1200.0,2500.0,2000.0,0.0,1300.0
Tamil Nadu,Thiruchirappalli,Manachanallur(Uzhavar Sandhai ),Bhindi(Ladies Finger),2026-09-24,4600.0,4600.0,4600.0,0.0,0.0
Tamil Nadu,Thiruchirappalli,Manapparai(Uzhavar Sandhai ),Bhindi(Ladies Finger),2026-09-24,4600.0,5000.0,4800.0,0.0,400.0
Madhya Pradesh,Dhar,Manawar(F&V) Apmc,Bhindi(Ladies Finger),2026-09-24,1000.0,1300.0,1100.0,0.0,300.0
Madhya Pradesh,Mandsaur,Mandsaur(F&V) Apmc,Bhindi(Ladies Finger),2026-09-24,2125.0,3775.0,3200.0,0.0,1650.0
Uttarakhand,Haridwar,Manglaur Apmc,Bhindi(Ladies Finger),2026-09-24,800.0,1200.0,1000.0,0.0,400.0
Tamil Nadu,Thiruvarur,Mannargudi I(Uzhavar Sandhai ),Bhindi(Ladies Finger),2026-09-24,4000.0,4000.0,4000.0,0.0,0.0
Tamil Nadu,Thiruvarur,Mannargudi Ii(Uzhavar Sandhai ),Bhindi(Ladies Finger),2026-09-24,4000.0,4000.0,4000.0,0.0,0.0
Gujarat,Gandhinagar,Mansa(Manas Veg Yard) Apmc,Bhindi(Ladies Finger),2026-09-24,2000.0,2500.0,2500.0,0.0,500.0
Tripura,South Tripura,Manubazar,Bhindi(Ladies Finger),2026-09-24,5200.0,5500.0,5300.0,0.0,300.0
Tamil Nadu,Nagapattinam,Mayiladuthurai(Uzhavar Sandhai ),Bhindi(Ladies Finger),2026-09-24,4500.0,5000.0,4750.0,0.0,500.0
Tamil Nadu,Salem,Mecheri(Uzhavar Sandhai),Bhindi(Ladies Finger),2026-09-24,2500.0,3000.0,2750.0,0.0,500.0
Haryana,Rohtak,Meham,Bhindi(Ladies Finger),2026-09-24,3000.0,3000.0,3000.0,0.0,0.0
Punjab,Jalandhar,Mehatpur Apmc,Bhindi(Ladies Finger),2026-09-24,2800.0,3000.0,2900.0,0.0,200.0
Tamil Nadu,Thirunelveli,Melapalayam(Uzhavar Sandhai ),Bhindi(Ladies Finger),2026-09-24,3400.0,3800.0,3600.0,0.0,400.0
Tamil Nadu,Madurai,Melur(Uzhavar Sandhai ),Bhindi(Ladies Finger),2026-09-24,3000.0,3400.0,3200.0,0.0,400.0
Tamil Nadu,Coimbatore,Mettupalayam(Uzhavar Sandhai ),Bhindi(Ladies Finger),2026-09-24,3500.0,4000.0,3750.0,0.0,500.0
Tamil Nadu,Salem,Mettur(Uzhavar Sandhai ),Bhindi(Ladies Finger),2026-09-24,2800.0,3000.0,2900.0,0.0,200.0
Tamil Nadu,Namakkal,Mohanur(Uzhavar Sandhai ),Bhindi(Ladies Finger),2026-09-24,3600.0,4400.0,4000.0,0.0,800.0
Keralam,Kozhikode(Calicut),Mukkom Market,Bhindi(Ladies Finger),2026-09-24,4400.0,4800.0,4600.0,0.0,400.0
Maharashtra,Mumbai,Mumbai,Bhindi(Ladies Finger),2026-09-24,3000.0,4000.0,3500.0,0.0,1000.0
Tamil Nadu,Thiruchirappalli,Musiri(Uzhavar Sandhai ),Bhindi(Ladies Finger),2026-09-24,4000.0,4600.0,4300.0,0.0,600.0
Tamil Nadu,Thiruvarur,Muthupettai(Uzhavar Sandhai ),Bhindi(Ladies Finger),2026-09-24,3800.0,3800.0,3800.0,0.0,0.0
Tamil Nadu,Nagapattinam,Nagapattinam(Uzhavar Sandhai ),Bhindi(Ladies Finger),2026-09-24,5500.0,6000.0,5750.0,0.0,500.0
Tamil Nadu,Namakkal,Namakkal(Uzhavar Sandhai ),Bhindi(Ladies Finger),2026-09-24,3500.0,4000.0,3750.0,0.0,500.0
Tamil Nadu,Chengalpattu,Nanganallur(Uzhavar Sandhai ),Bhindi(Ladies Finger),2026-09-24,4500.0,5000.0,4750.0,0.0,500.0
Haryana,Mahendragarh-Narnaul,Narnaul Apmc,Bhindi(Ladies Finger),2026-09-24,2000.0,3200.0,2500.0,0.0,1200.0
Tamil Nadu,Thirupathur,Natrampalli(Uzhavar Sandhai ),Bhindi(Ladies Finger),2026-09-24,2500.0,3000.0,2750.0,0.0,500.0
Tamil Nadu,Thiruvarur,Needamangalam(Uzhavar Sandhai ),Bhindi(Ladies Finger),2026-09-24,3800.0,3800.0,3800.0,0.0,0.0
Keralam,Thiruvananthapuram,Neyyatinkara Market,Bhindi(Ladies Finger),2026-09-24,5400.0,6000.0,5600.0,0.0,600.0
Punjab,Moga,Nihal Singh Wala Apmc,Bhindi(Ladies Finger),2026-09-24,3500.0,3500.0,3500.0,0.0,0.0
Odisha,Balasore,Nilagiri Apmc,Bhindi(Ladies Finger),2026-09-24,3500.0,3600.0,3600.0,0.0,100.0
Keralam,Ernakulam,North Paravur Market,Bhindi(Ladies Finger),2026-09-24,4000.0,5000.0,4500.0,0.0,1000.0
Tamil Nadu,Kancheepuram,Padappai(Uzhavar Sandhai ),Bhindi(Ladies Finger),2026-09-24,3000.0,4000.0,3500.0,0.0,1000.0
Gujarat,Vadodara(Baroda),Padra Apmc,Bhindi(Ladies Finger),2026-09-24,3000.0,3500.0,3250.0,0.0,500.0
Tamil Nadu,Dharmapuri,Palacode(Uzhavar Sandhai ),Bhindi(Ladies Finger),2026-09-24,2200.0,2500.0,2350.0,0.0,300.0
Tamil Nadu,Madurai,Palanganatham(Uzhavar Sandhai ),Bhindi(Ladies Finger),2026-09-24,3000.0,3400.0,3200.0,0.0,400.0
Tamil Nadu,Dindigul,Palani(Uzhavar Sandhai ),Bhindi(Ladies Finger),2026-09-24,2500.0,3000.0,2750.0,0.0,500.0
Tamil Nadu,Thirunelveli,Palayamkottai(Uzhavar Sandhai ),Bhindi(Ladies Finger),2026-09-24,3400.0,3800.0,3600.0,0.0,400.0
Tamil Nadu,Karur,Pallapatti (Uzhavar Sandhai ),Bhindi(Ladies Finger),2026-09-24,4500.0,5000.0,4750.0,0.0,500.0
Tamil Nadu,Chengalpattu,Pallavaram(Uzhavar Sandhai ),Bhindi(Ladies Finger),2026-09-24,4000.0,5000.0,4500.0,0.0,1000.0
Tamil Nadu,Vellore,Pallikonda(Uzhavar Sandhai),Bhindi(Ladies Finger),2026-09-24,2500.0,3000.0,2750.0,0.0,500.0
Keralam,Kottayam,Pampady Market,Bhindi(Ladies Finger),2026-09-24,5000.0,6500.0,6000.0,0.0,1500.0
Odisha,Sundergarh,Panposh Apmc,Bhindi(Ladies Finger),2026-09-24,4000.0,4500.0,4200.0,0.0,500.0
Tamil Nadu,Cuddalore,Panruti(Uzhavar Sandhai ),Bhindi(Ladies Finger),2026-09-24,3000.0,3000.0,3000.0,0.0,0.0
Tamil Nadu,Thanjavur,Papanasam(Uzhavar Sandhai ),Bhindi(Ladies Finger),2026-09-24,7200.0,7200.0,7200.0,0.0,0.0
Tamil Nadu,Ramanathapuram,Paramakudi(Uzhavar Sandhai ),Bhindi(Ladies Finger),2026-09-24,5000.0,5200.0,5100.0,0.0,200.0
Tamil Nadu,Namakkal,Paramathivelur(Uzhavar Sandhai ),Bhindi(Ladies Finger),2026-09-24,3900.0,4500.0,4200.0,0.0,600.0
Keralam,Thiruvananthapuram,Parassala Market,Bhindi(Ladies Finger),2026-09-24,5800.0,6200.0,6000.0,0.0,400.0
Tamil Nadu,Thiruvellore,Paruthipattu(Uzhavar Sandhai ),Bhindi(Ladies Finger),2026-09-24,5000.0,5000.0,5000.0,0.0,0.0
Punjab,Pathankot,Pathankot Apmc,Bhindi(Ladies Finger),2026-09-24,900.0,900.0,900.0,0.0,0.0
Keralam,Palakad,Pattambi Market,Bhindi(Ladies Finger),2026-09-24,4500.0,5000.0,4800.0,0.0,500.0
Punjab,Tarntaran,Patti Apmc,Bhindi(Ladies Finger),2026-09-24,0.02,0.02,0.02,0.0,0.0
Tamil Nadu,Thanjavur,Pattukottai(Uzhavar Sandhai ),Bhindi(Ladies Finger),2026-09-24,4400.0,4400.0,4400.0,0.0,0.0
Tamil Nadu,Dharmapuri,Pennagaram(Uzhavar Sandhai ),Bhindi(Ladies Finger),2026-09-24,2800.0,3000.0,2900.0,0.0,200.0
Tamil Nadu,Thiruvellore,Perambakkam(Uzhavar Sandhai ),Bhindi(Ladies Finger),2026-09-24,4000.0,4000.0,4000.0,0.0,0.0
Tamil Nadu,Perambalur,Perambalur(Uzhavar Sandhai ),Bhindi(Ladies Finger),2026-09-24,4400.0,4800.0,4600.0,0.0,400.0
Tamil Nadu,Vellore,Perampet(Uzhavar Sandhai),Bhindi(Ladies Finger),2026-09-24,2500.0,2500.0,2500.0,0.0,0.0
Tamil Nadu,Thanjavur,Peravurani(Uzhavar Sandhai),Bhindi(Ladies Finger),2026-09-24,4400.0,4400.0,4400.0,0.0,0.0
Tamil Nadu,Theni,Periyakulam(Uzhavar Sandhai ),Bhindi(Ladies Finger),2026-09-24,4400.0,4500.0,4450.0,0.0,100.0
Tamil Nadu,Erode,Periyar Nagar(Uzhavar Sandhai ),Bhindi(Ladies Finger),2026-09-24,3200.0,3600.0,3400.0,0.0,400.0
Keralam,Ernakulam,Perumbavoor Market,Bhindi(Ladies Finger),2026-09-24,4000.0,5000.0,4500.0,0.0,1000.0
Tamil Nadu,Erode,Perundurai(Uzhavar Sandhai ),Bhindi(Ladies Finger),2026-09-24,3600.0,4000.0,3800.0,0.0,400.0
Himachal Pradesh,Chamba,Pmy Chamba,Bhindi(Ladies Finger),2026-09-24,3500.0,4000.0,3750.0,0.0,500.0
Himachal Pradesh,Kangra,Pmy Kangra,Bhindi(Ladies Finger),2026-09-24,2500.0,3000.0,2750.0,0.0,500.0
Himachal Pradesh,Solan,Pmy Kather Solan,Bhindi(Ladies Finger),2026-09-24,2500.0,3000.0,2800.0,0.0,500.0
Tamil Nadu,Coimbatore,Pollachi(Uzhavar Sandhai ),Bhindi(Ladies Finger),2026-09-24,5500.0,6000.0,5750.0,0.0,500.0
Tamil Nadu,Thiruvannamalai,Polur(Uzhavar Sandhai ),Bhindi(Ladies Finger),2026-09-24,3300.0,4000.0,3650.0,0.0,700.0
Tamil Nadu,Pudukkottai,Ponnamaravathi(Uzhavar Sandhai),Bhindi(Ladies Finger),2026-09-24,2500.0,3000.0,2750.0,0.0,500.0
Tamil Nadu,Pudukkottai,Pudukottai(Uzhavar Sandhai ),Bhindi(Ladies Finger),2026-09-24,3000.0,3500.0,3250.0,0.0,500.0
Maharashtra,Pune,Pune,Bhindi(Ladies Finger),2026-09-24,4000.0,4000.0,4000.0,0.0,0.0
Maharashtra,Pune,Pune,Bhindi(Ladies Finger),2026-09-24,2000.0,3000.0,2500.0,0.0,1000.0
Punjab,Gurdaspur,Quadian Apmc,Bhindi(Ladies Finger),2026-09-24,3600.0,3800.0,3700.0,0.0,200.0
Keralam,Kozhikode(Calicut),Quilandy Market,Bhindi(Ladies Finger),2026-09-24,3700.0,4000.0,3800.0,0.0,300.0
Odisha,Sambalpur,Rairakhol Apmc,Bhindi(Ladies Finger),2026-09-24,6000.0,6500.0,6200.0,0.0,500.0
Tamil Nadu,Virudhunagar,Rajapalayam(Uzhavar Sandhai ),Bhindi(Ladies Finger),2026-09-24,4000.0,4500.0,4250.0,0.0,500.0
Punjab,Patiala,Rajpura Apmc,Bhindi(Ladies Finger),2026-09-24,2200.0,2400.0,2300.0,0.0,200.0
Tamil Nadu,Ramanathapuram,Ramanathapuram(Uzhavar Sandhai ),Bhindi(Ladies Finger),2026-09-24,4500.0,5000.0,4750.0,0.0,500.0
Punjab,Bhatinda,Rampuraphul(Nabha Mandi) Apmc,Bhindi(Ladies Finger),2026-09-24,2000.0,3000.0,2500.0,0.0,1000.0
Haryana,Sirsa,Rania Apmc,Bhindi(Ladies Finger),2026-09-24,300.0,550.0,400.0,0.0,250.0
Haryana,Sirsa,Rania(Jiwan Nagar) Apmc,Bhindi(Ladies Finger),2026-09-24,300.0,450.0,350.0,0.0,150.0
Tamil Nadu,Ranipet,Ranipettai(Uzhavar Sandhai ),Bhindi(Ladies Finger),2026-09-24,2500.0,2500.0,2500.0,0.0,0.0
Tamil Nadu,Namakkal,Rasipuram(Uzhavar Sandhai ),Bhindi(Ladies Finger),2026-09-24,4200.0,4400.0,4300.0,0.0,200.0
Haryana,Fatehabad,Ratia Apmc,Bhindi(Ladies Finger),2026-09-24,2500.0,2500.0,2500.0,0.0,0.0
Bihar,East Champaran/ Motihari,Raxaul Apmc,Bhindi(Ladies Finger),2026-09-24,800.0,1000.0,900.0,0.0,200.0
Odisha,Rayagada,Rayagada(Muniguda) Apmc,Bhindi(Ladies Finger),2026-09-24,4600.0,6880.0,5500.0,0.0,2280.0
Punjab,Amritsar,Rayya Apmc,Bhindi(Ladies Finger),2026-09-24,670.0,670.0,670.0,0.0,0.0
Uttarakhand,Haridwar,Roorkee Apmc,Bhindi(Ladies Finger),2026-09-24,1200.0,1600.0,1400.0,0.0,400.0
Tamil Nadu,Coimbatore,Rspuram(Uzhavar Sandhai ),Bhindi(Ladies Finger),2026-09-24,4000.0,4400.0,4200.0,0.0,400.0
Uttarakhand,Udhamsinghnagar,Rudrapur Apmc,Bhindi(Ladies Finger),2026-09-24,2000.0,3000.0,2500.0,0.0,1000.0
Telangana,Hyderabad,Rythu Bazar Mehdipatnam,Bhindi(Ladies Finger),2026-09-24,4000.0,4000.0,4000.0,0.0,0.0
Haryana,Yamuna Nagar,Sadhaura Apmc,Bhindi(Ladies Finger),2026-09-24,1400.0,1600.0,1500.0,0.0,200.0
Uttar Pradesh,Sambhal,Sambhal Apmc,Bhindi(Ladies Finger),2026-09-24,1000.0,1015.0,1010.0,0.0,15.0
Tamil Nadu,Erode,Sampath Nagar(Uzhavar Sandhai ),Bhindi(Ladies Finger),2026-09-24,3200.0,3600.0,3400.0,0.0,400.0
Punjab,Ludhiana,Samrala Apmc,Bhindi(Ladies Finger),2026-09-24,2500.0,3000.0,2800.0,0.0,500.0
Tamil Nadu,Tenkasi,Sankarankoil(Uzhavar Sandhai ),Bhindi(Ladies Finger),2026-09-24,4000.0,4500.0,4250.0,0.0,500.0
Tamil Nadu,Kallakuruchi,Sankarapuram(Uzhavar Sandhai ),Bhindi(Ladies Finger),2026-09-24,3000.0,3000.0,3000.0,0.0,0.0
Madhya Pradesh,Rajgarh,Sarangpur(F&V) Apmc,Bhindi(Ladies Finger),2026-09-24,900.0,900.0,900.0,0.0,0.0
Telangana,Ranga Reddy,"Saroornagar,Rbz",Bhindi(Ladies Finger),2026-09-24,4000.0,4000.0,4000.0,0.0,0.0
Tamil Nadu,Erode,Sathiyamagalam(Uzhavar Sandhai ),Bhindi(Ladies Finger),2026-09-24,4000.0,4600.0,4300.0,0.0,600.0
Tamil Nadu,Virudhunagar,Sathur(Uzhavar Sandhai ),Bhindi(Ladies Finger),2026-09-24,3500.0,4000.0,3750.0,0.0,500.0
Madhya Pradesh,Badwani,Sendhwa(F&V) Apmc,Bhindi(Ladies Finger),2026-09-24,700.0,1100.0,900.0,0.0,400.0
Tamil Nadu,Sivaganga,Singampunari(Uzhavar Sandhai ),Bhindi(Ladies Finger),2026-09-24,3200.0,3600.0,3400.0,0.0,400.0
Tamil Nadu,Coimbatore,Singanallur(Uzhavar Sandhai ),Bhindi(Ladies Finger),2026-09-24,4000.0,4500.0,4250.0,0.0,500.0
Madhya Pradesh,Harda,Sirali(F&V) Apmc,Bhindi(Ladies Finger),2026-09-24,1000.0,1000.0,1000.0,0.0,0.0
Punjab,Fatehgarh,Sirhind Apmc,Bhindi(Ladies Finger),2026-09-24,2000.0,3600.0,3000.0,0.0,1600.0
Tamil Nadu,Nagapattinam,Sirkali(Uzhavar Sandhai ),Bhindi(Ladies Finger),2026-09-24,4500.0,5000.0,4750.0,0.0,500.0
Tamil Nadu,Sivaganga,Sivagangai (Uzhavar Sandhai ),Bhindi(Ladies Finger),2026-09-24,3200.0,3600.0,3400.0,0.0,400.0
Tamil Nadu,Virudhunagar,Sivakasi(Uzhavar Sandhai ),Bhindi(Ladies Finger),2026-09-24,4000.0,5000.0,4500.0,0.0,1000.0
Himachal Pradesh,Kangra,Smy Baijnath,Bhindi(Ladies Finger),2026-09-24,2700.0,30002.0,2800.0,0.0,27302.0
Himachal Pradesh,Kangra,Smy Dharamshala,Bhindi(Ladies Finger),2026-09-24,3000.0,3500.0,3250.0,0.0,500.0
Himachal Pradesh,Kangra,Smy Jaisinghpur,Bhindi(Ladies Finger),2026-09-24,3000.0,3800.0,3400.0,0.0,800.0
Himachal Pradesh,Mandi,Smy Jogindernagar,Bhindi(Ladies Finger),2026-09-24,2200.0,3000.0,2600.0,0.0,800.0
Himachal Pradesh,Kangra,Smy Nagrota Bagwan,Bhindi(Ladies Finger),2026-09-24,2400.0,3200.0,2800.0,0.0,800.0
Himachal Pradesh,Kangra,Smy Palampur,Bhindi(Ladies Finger),2026-09-24,3000.0,3500.0,3200.0,0.0,500.0
Himachal Pradesh,Una,Smy Santoshgarh,Bhindi(Ladies Finger),2026-09-24,1500.0,2200.0,1850.0,0.0,700.0
Tamil Nadu,Salem,Sooramangalam(Uzhavar Sandhai ),Bhindi(Ladies Finger),2026-09-24,4000.0,4400.0,4200.0,0.0,400.0
Tamil Nadu,Virudhunagar,Srivilliputhur(Uzhavar Sandhai ),Bhindi(Ladies Finger),2026-09-24,3500.0,4000.0,3750.0,0.0,500.0
Tamil Nadu,Coimbatore,Sulur(Uzhavar Sandhai ),Bhindi(Ladies Finger),2026-09-24,4000.0,4400.0,4200.0,0.0,400.0
Tamil Nadu,Coimbatore,Sundarapuram(Uzhavar Sandhai ),Bhindi(Ladies Finger),2026-09-24,4500.0,5000.0,4750.0,0.0,500.0
Tamil Nadu,Kancheepuram,Sunguvarchatram(Uzhavar Sandhai ),Bhindi(Ladies Finger),2026-09-24,3000.0,3000.0,3000.0,0.0,0.0
Gujarat,Surat,Surat Apmc,Bhindi(Ladies Finger),2026-09-24,2000.0,5000.0,3500.0,0.0,3000.0
Gujarat,Gir Somnath,Talalagir Apmc,Bhindi(Ladies Finger),2026-09-24,650.0,980.0,800.0,0.0,330.0
Tamil Nadu,Thiruvannamalai,Tamarainagar(Uzhavar Sandhai ),Bhindi(Ladies Finger),2026-09-24,2000.0,2500.0,2250.0,0.0,500.0
Punjab,Hoshiarpur,Tanda Urmur Apmc,Bhindi(Ladies Finger),2026-09-24,3000.0,4000.0,3500.0,0.0,1000.0
Bihar,Gaya,Tekari Apmc,Bhindi(Ladies Finger),2026-09-24,300.0,300.0,300.0,0.0,0.0
Tamil Nadu,Tenkasi,Tenkasi(Uzhavar Sandhai ),Bhindi(Ladies Finger),2026-09-24,4000.0,4000.0,4000.0,0.0,0.0
Tamil Nadu,Erode,Thalavadi(Uzhavar Sandhai ),Bhindi(Ladies Finger),2026-09-24,3000.0,3400.0,3200.0,0.0,400.0
Tamil Nadu,Virudhunagar,Thalavaipuram(Uzhavar Sandhai ),Bhindi(Ladies Finger),2026-09-24,3600.0,4500.0,4050.0,0.0,900.0
Tamil Nadu,Salem,Thammampatti (Uzhavar Sandhai ),Bhindi(Ladies Finger),2026-09-24,3000.0,3500.0,3250.0,0.0,500.0
Tamil Nadu,Thanjavur,Thanjavur(Uzhavar Sandhai ),Bhindi(Ladies Finger),2026-09-24,5400.0,5400.0,5400.0,0.0,0.0
Tamil Nadu,Salem,Thathakapatti(Uzhavar Sandhai ),Bhindi(Ladies Finger),2026-09-24,4000.0,4400.0,4200.0,0.0,400.0
Tamil Nadu,Theni,Theni(Uzhavar Sandhai ),Bhindi(Ladies Finger),2026-09-24,4000.0,4500.0,4250.0,0.0,500.0
Tamil Nadu,Chengalpattu,Thirukalukundram(Uzhavar Sandhai ),Bhindi(Ladies Finger),2026-09-24,4000.0,5000.0,4500.0,0.0,1000.0
Tamil Nadu,Madurai,Thirumangalam(Uzhavar Sandhai ),Bhindi(Ladies Finger),2026-09-24,3000.0,3400.0,3200.0,0.0,400.0
Tamil Nadu,Vellore,Thirupathur Apmc,Bhindi(Ladies Finger),2026-09-24,3000.0,3000.0,3000.0,0.0,0.0
Tamil Nadu,Thiruchirappalli,Thiruverumbur(Uzhavar Sandhai ),Bhindi(Ladies Finger),2026-09-24,4600.0,4600.0,4600.0,0.0,0.0
Keralam,Ernakulam,Thrippunithura Market,Bhindi(Ladies Finger),2026-09-24,6000.0,7000.0,6200.0,0.0,1000.0
Tamil Nadu,Thiruchirappalli,Thuraiyur Apmc,Bhindi(Ladies Finger),2026-09-24,5000.0,5500.0,5250.0,0.0,500.0
Tamil Nadu,Villupuram,Tindivanam Apmc,Bhindi(Ladies Finger),2026-09-24,3500.0,3500.0,3500.0,0.0,0.0
Tamil Nadu,Namakkal,Tiruchengode Apmc,Bhindi(Ladies Finger),2026-09-24,3000.0,3500.0,3250.0,0.0,500.0
Tamil Nadu,Thanjavur,Tirukattupalli(Uzhavar Sandhai ),Bhindi(Ladies Finger),2026-09-24,5400.0,5400.0,5400.0,0.0,0.0
Tamil Nadu,Sivaganga,Tirupatthur(Uzhavar Sandhai ),Bhindi(Ladies Finger),2026-09-24,3400.0,3600.0,3500.0,0.0,200.0
Tamil Nadu,Thirupur,Tiruppur (North) (Uzhavar Sandhai ),Bhindi(Ladies Finger),2026-09-24,4500.0,5000.0,4750.0,0.0,500.0
Tamil Nadu,Thirupur,Tiruppur (South) (Uzhavar Sandhai ),Bhindi(Ladies Finger),2026-09-24,4000.0,5000.0,4500.0,0.0,1000.0
Tamil Nadu,Thiruvellore,Tiruthani(Uzhavar Sandhai ),Bhindi(Ladies Finger),2026-09-24,4000.0,4000.0,4000.0,0.0,0.0
Tamil Nadu,Thiruvarur,Tiruthuraipoondi(Uzhavar Sandhai ),Bhindi(Ladies Finger),2026-09-24,4000.0,4000.0,4000.0,0.0,0.0
Tamil Nadu,Thiruvannamalai,Tiruvannamalai(Uzhavar Sandhai ),Bhindi(Ladies Finger),2026-09-24,2400.0,3000.0,2700.0,0.0,600.0
Tamil Nadu,Thiruvarur,Tiruvarur(Uzhavar Sandhai ),Bhindi(Ladies Finger),2026-09-24,3800.0,3800.0,3800.0,0.0,0.0
Tamil Nadu,Tuticorin,Tuticorin(Uzhavar Sandhai ),Bhindi(Ladies Finger),2026-09-24,2500.0,3000.0,2750.0,0.0,500.0
Tamil Nadu,The Nilgiris,Udhagamandalam(Uzhavar Sandhai ),Bhindi(Ladies Finger),2026-09-24,4000.0,4200.0,4100.0,0.0,200.0
Tamil Nadu,Coimbatore,Udumalpet Apmc,Bhindi(Ladies Finger),2026-09-24,4500.0,5800.0,5150.0,0.0,1300.0
Tamil Nadu,Villupuram,Ulundurpettai Apmc,Bhindi(Ladies Finger),2026-09-24,3000.0,3000.0,3000.0,0.0,0.0
Tamil Nadu,Madurai,Usilampatti(Uzhavar Sandhai ),Bhindi(Ladies Finger),2026-09-24,3000.0,3400.0,3200.0,0.0,400.0
Tamil Nadu,Cuddalore,Vadalur(Uzhavar Sandhai ),Bhindi(Ladies Finger),2026-09-24,3000.0,3000.0,3000.0,0.0,0.0
Tamil Nadu,Nagercoil (Kannyiakumari),Vadaseri Apmc,Bhindi(Ladies Finger),2026-09-24,5000.0,5500.0,5250.0,0.0,500.0
Tamil Nadu,Coimbatore,Vadavalli(Uzhavar Sandhai ),Bhindi(Ladies Finger),2026-09-24,4000.0,4400.0,4200.0,0.0,400.0
Gujarat,Surendranagar,Vadhvan Apmc,Bhindi(Ladies Finger),2026-09-24,3500.0,4000.0,3750.0,0.0,500.0
Tamil Nadu,Thiruvarur,Valangaiman Apmc,Bhindi(Ladies Finger),2026-09-24,4000.0,4000.0,4000.0,0.0,0.0
Tamil Nadu,Thiruvannamalai,Vandavasi(Uzhavar Sandhai ),Bhindi(Ladies Finger),2026-09-24,3500.0,4200.0,3850.0,0.0,700.0
Tamil Nadu,Thirupathur,Vaniyampadi(Uzhavar Sandhai ),Bhindi(Ladies Finger),2026-09-24,3000.0,3000.0,3000.0,0.0,0.0
Telangana,Siddipet,Vantamamidi Apmc,Bhindi(Ladies Finger),2026-09-24,2500.0,2500.0,2500.0,0.0,0.0
Tamil Nadu,Salem,Vazhapadi(Uzhavar Sandhai),Bhindi(Ladies Finger),2026-09-24,3500.0,3500.0,3500.0,0.0,0.0
Tamil Nadu,Nagapattinam,Vedaranyam(Uzhavar Sandhai),Bhindi(Ladies Finger),2026-09-24,4800.0,5500.0,5150.0,0.0,700.0
Tamil Nadu,Dindigul,Vedasanthur(Uzhavar Sandhai ),Bhindi(Ladies Finger),2026-09-24,2500.0,3000.0,2750.0,0.0,500.0
Tamil Nadu,Karur,Velayuthampalayam(Uzhavar Sandhai ),Bhindi(Ladies Finger),2026-09-24,3200.0,4000.0,3600.0,0.0,800.0
Tamil Nadu,Vellore,Vellore Apmc,Bhindi(Ladies Finger),2026-09-24,2500.0,3000.0,2750.0,0.0,500.0
Tamil Nadu,Karur,Vengamedu(Uzhavar Sandhai ),Bhindi(Ladies Finger),2026-09-24,3500.0,4000.0,3750.0,0.0,500.0
Uttarakhand,Dehradoon,Vikasnagar Apmc,Bhindi(Ladies Finger),2026-09-24,1000.0,1500.0,1500.0,0.0,500.0
Tamil Nadu,Villupuram,Villupuram(Uzhavar Sandhai ),Bhindi(Ladies Finger),2026-09-24,4600.0,4600.0,4600.0,0.0,0.0
Tamil Nadu,Pudukkottai,Viralimalai(Uzhavar Sandhai ),Bhindi(Ladies Finger),2026-09-24,2500.0,3000.0,2750.0,0.0,500.0
Tamil Nadu,Virudhunagar,Virudhunagar(Uzhavar Sandhai ),Bhindi(Ladies Finger),2026-09-24,3500.0,4000.0,3750.0,0.0,500.0
Tamil Nadu,Cuddalore,Viruthachalam(Uzhavar Sandhai ),Bhindi(Ladies Finger),2026-09-24,2000.0,2000.0,2000.0,0.0,0.0
Telangana,Warangal,Warangal Apmc,Bhindi(Ladies Finger),2026-09-24,1500.0,2000.0,1750.0,0.0,500.0
Tamil Nadu,Dharmapuri,Ajattihalli(Uzhavar Sandhai ),Bitter Gourd,2026-09-24,3500.0,3500.0,3500.0,0.0,0.0
Tamil Nadu,Pudukkottai,Alangudi(Uzhavar Sandhai ),Bitter Gourd,2026-09-24,6000.0,7000.0,6500.0,0.0,1000.0
Tamil Nadu,Salem,Ammapet(Uzhavar Sandhai ),Bitter Gourd,2026-09-24,3600.0,4000.0,3800.0,0.0,400.0
Tamil Nadu,Madurai,Anaiyur(Uzhavar Sandhai ),Bitter Gourd,2026-09-24,5000.0,6000.0,5500.0,0.0,1000.0
Tamil Nadu,Theni,Andipatti(Uzhavar Sandhai ),Bitter Gourd,2026-09-24,4400.0,4800.0,4600.0,0.0,400.0
Tamil Nadu,Madurai,Anna Nagar(Uzhavar Sandhai ),Bitter Gourd,2026-09-24,5600.0,5600.0,5600.0,0.0,0.0
Tamil Nadu,Madurai,Anna Nagar(Uzhavar Sandhai ),Bitter Gourd,2026-09-24,5500.0,6500.0,6000.0,0.0,1000.0
Maharashtra,Ratnagiri,Apmc Ratnagiri (Nachane) ,Bitter Gourd,2026-09-24,2000.0,3000.0,2500.0,0.0,1000.0
Tamil Nadu,Thiruvannamalai,Arani(Uzhavar Sandhai ),Bitter Gourd,2026-09-24,4000.0,4800.0,4400.0,0.0,800.0
Tamil Nadu,Pudukkottai,Aranthangi(Uzhavar Sandhai ),Bitter Gourd,2026-09-24,6000.0,7000.0,6500.0,0.0,1000.0
Tamil Nadu,Ranipet,Arcot(Uzhavar Sandhai ),Bitter Gourd,2026-09-24,4000.0,4000.0,4000.0,0.0,0.0
Tamil Nadu,Virudhunagar,Aruppukottai(Uzhavar Sandhai ),Bitter Gourd,2026-09-24,6000.0,8000.0,7000.0,0.0,2000.0
Keralam,Kottayam,Athirampuzha Market,Bitter Gourd,2026-09-24,6000.0,6200.0,6100.0,0.0,200.0
Tamil Nadu,Salem,Athur(Uzhavar Sandhai ),Bitter Gourd,2026-09-24,4500.0,5000.0,4750.0,0.0,500.0
Tamil Nadu,Salem,Attayampatti(Uzhavar Sandhai ),Bitter Gourd,2026-09-24,5000.0,5500.0,5250.0,0.0,500.0
Tamil Nadu,Krishnagiri,Avallapalli(Uzhavar Sandhai ),Bitter Gourd,2026-09-24,3500.0,4000.0,3750.0,0.0,500.0
Karnataka,Chikkaballapur,Bagepalli Apmc,Bitter Gourd,2026-09-24,2000.0,2500.0,2100.0,0.0,500.0
Haryana,Hissar,Barwala(Hisar) Apmc,Bitter Gourd,2026-09-24,2500.0,3000.0,2800.0,0.0,500.0
Odisha,Mayurbhanja,Betnoti Apmc,Bitter Gourd,2026-09-24,3800.0,4200.0,4000.0,0.0,400.0
Tamil Nadu,Theni,Bodinayakanur(Uzhavar Sandhai ),Bitter Gourd,2026-09-24,4800.0,4800.0,4800.0,0.0,0.0
Odisha,Boudh,Boudh Apmc,Bitter Gourd,2026-09-24,4000.0,5000.0,4500.0,0.0,1000.0
Chandigarh,Chandigarh,Chandigarh (Grain/F&V) Apmc,Bitter Gourd,2026-09-24,800.0,1300.0,1300.0,0.0,500.0
Tamil Nadu,Thiruvannamalai,Chengam(Uzhavar Sandhai ),Bitter Gourd,2026-09-24,5000.0,6000.0,5500.0,0.0,1000.0
Keralam,Alappuzha,Chengannur Market,Bitter Gourd,2026-09-24,7400.0,7700.0,7500.0,0.0,300.0
Keralam,Alappuzha,Cherthala Market,Bitter Gourd,2026-09-24,5000.0,5300.0,5100.0,0.0,300.0
Tamil Nadu,Thiruvannamalai,Cheyyar(Uzhavar Sandhai ),Bitter Gourd,2026-09-24,3200.0,4000.0,3600.0,0.0,800.0
Tamil Nadu,Dindigul,Chinnalapatti(Uzhavar Sandhai ),Bitter Gourd,2026-09-24,5000.0,6000.0,5500.0,0.0,1000.0
Tamil Nadu,Theni,Chinnamanur(Uzhavar Sandhai ),Bitter Gourd,2026-09-24,4800.0,4800.0,4800.0,0.0,0.0
Tamil Nadu,Madurai,Chokkikulam(Uzhavar Sandhai ),Bitter Gourd,2026-09-24,5000.0,6000.0,5500.0,0.0,1000.0
Tripura,Dhalai,Chowmanu Apmc,Bitter Gourd,2026-09-24,7000.0,8000.0,7500.0,0.0,1000.0
Tamil Nadu,The Nilgiris,Coonoor(Uzhavar Sandhai ),Bitter Gourd,2026-09-24,5000.0,5400.0,5200.0,0.0,400.0
Tamil Nadu,Cuddalore,Cuddalore(Uzhavar Sandhai ),Bitter Gourd,2026-09-24,6000.0,7000.0,6500.0,0.0,1000.0
Tamil Nadu,Krishnagiri,Denkanikottai(Uzhavar Sandhai ),Bitter Gourd,2026-09-24,3000.0,4000.0,3500.0,0.0,1000.0
Tamil Nadu,Sivaganga,Devakottai (Uzhavar Sandhai ),Bitter Gourd,2026-09-24,5600.0,5800.0,5700.0,0.0,200.0
Tamil Nadu,Theni,Devaram(Uzhavar Sandhai ),Bitter Gourd,2026-09-24,4600.0,4600.0,4600.0,0.0,0.0
Tamil Nadu,Thirupur,Dharapuram(Uzhavar Sandhai ),Bitter Gourd,2026-09-24,5500.0,6200.0,5850.0,0.0,700.0
Tamil Nadu,Dharmapuri,Dharmapuri(Uzhavar Sandhai ),Bitter Gourd,2026-09-24,3300.0,3500.0,3400.0,0.0,200.0
Nagaland,Dimapur,Dimapur Apmc,Bitter Gourd,2026-09-24,5500.0,7000.0,6000.0,0.0,1500.0
Tamil Nadu,Dindigul,Dindigul(Uzhavar Sandhai ),Bitter Gourd,2026-09-24,5000.0,6000.0,5500.0,0.0,1000.0
Punjab,Ludhiana,Doraha Apmc,Bitter Gourd,2026-09-24,1600.0,2000.0,1800.0,0.0,400.0
Tamil Nadu,Salem,Edapadi (Uzhavar Sandhai ),Bitter Gourd,2026-09-24,3500.0,4000.0,3750.0,0.0,500.0
Tamil Nadu,Salem,Elampillai(Uzhavar Sandhai ),Bitter Gourd,2026-09-24,3500.0,4000.0,3750.0,0.0,500.0
Jammu and Kashmir,Udhampur,Fruit And Vegetable Market Udhampur,Bitter Gourd,2026-09-24,1750.0,1750.0,1750.0,0.0,0.0
Tamil Nadu,Pudukkottai,Gandarvakottai(Uzhavar Sandhai ),Bitter Gourd,2026-09-24,6500.0,7000.0,6750.0,0.0,500.0
Tamil Nadu,Karur,Gandhigramam(Uzhavar Sandhai),Bitter Gourd,2026-09-24,5500.0,6000.0,5750.0,0.0,500.0
West Bengal,Dakshin Dinajpur,Gangarampur(Dakshin Dinajpur) Apmc,Bitter Gourd,2026-09-24,4000.0,4500.0,4300.0,0.0,500.0
Tamil Nadu,Villupuram,Gingee(Uzhavar Sandhai ),Bitter Gourd,2026-09-24,5000.0,6000.0,5500.0,0.0,1000.0
Tamil Nadu,Erode,Gobichettipalayam(Uzhavar Sandhai ),Bitter Gourd,2026-09-24,4000.0,4500.0,4250.0,0.0,500.0
Gujarat,Rajkot,Gondal(Veg.Market Gondal) Apmc,Bitter Gourd,2026-09-24,1000.0,3000.0,2000.0,0.0,2000.0
Tamil Nadu,The Nilgiris,Gudalur(Uzhavar Sandhai ),Bitter Gourd,2026-09-24,4500.0,5000.0,4750.0,0.0,500.0
Tamil Nadu,Vellore,Gudiyatham(Uzhavar Sandhai ),Bitter Gourd,2026-09-24,4000.0,4000.0,4000.0,0.0,0.0
Tamil Nadu,Chengalpattu,Guduvancheri(Uzhavar Sandhai ),Bitter Gourd,2026-09-24,5000.0,6000.0,5500.0,0.0,1000.0
Punjab,Gurdaspur,Gurdaspur Apmc,Bitter Gourd,2026-09-24,1800.0,1800.0,1800.0,0.0,0.0
Haryana,Gurgaon,Gurgaon Apmc,Bitter Gourd,2026-09-24,1200.0,1600.0,1400.0,0.0,400.0
Haryana,Hissar,Hansi Apmc,Bitter Gourd,2026-09-24,3000.0,3500.0,3250.0,0.0,500.0
Punjab,Tarntaran,Harike Apmc,Bitter Gourd,2026-09-24,500.0,600.0,550.0,0.0,100.0
Keralam,Alappuzha,Harippad Market,Bitter Gourd,2026-09-24,6500.0,7000.0,6500.0,0.0,500.0
Tamil Nadu,Dharmapuri,Harur(Uzhavar Sandhai ),Bitter Gourd,2026-09-24,5000.0,6000.0,5500.0,0.0,1000.0
Tamil Nadu,Salem,Hasthampatti(Uzhavar Sandhai ),Bitter Gourd,2026-09-24,3000.0,3500.0,3250.0,0.0,500.0
Tamil Nadu,Krishnagiri,Hosur(Uzhavar Sandhai ),Bitter Gourd,2026-09-24,3500.0,4000.0,3750.0,0.0,500.0
Tamil Nadu,Salem,Jalagandapuram(Uzhavar Sandhai ),Bitter Gourd,2026-09-24,4000.0,4500.0,4250.0,0.0,500.0
Tamil Nadu,Chengalpattu,Jameenrayapettai(Uzhavar Sandhai ),Bitter Gourd,2026-09-24,5000.0,6000.0,5500.0,0.0,1000.0
Uttar Pradesh,Etawah,Jasvantnagar Apmc,Bitter Gourd,2026-09-24,2260.0,2360.0,2310.0,0.0,100.0
Tamil Nadu,Vellore,Kahithapattarai(Uzhavar Sandhai ),Bitter Gourd,2026-09-24,3000.0,3000.0,3000.0,0.0,0.0
Uttar Pradesh,Shamli,Kairana Apmc,Bitter Gourd,2026-09-24,2400.0,2500.0,2450.0,0.0,100.0
Tamil Nadu,Kallakuruchi,Kallakurichi(Uzhavar Sandhai ),Bitter Gourd,2026-09-24,6000.0,6000.0,6000.0,0.0,0.0
Odisha,Dhenkanal,Kamakhyanagar Apmc,Bitter Gourd,2026-09-24,6000.0,6000.0,6000.0,0.0,0.0
Tamil Nadu,Theni,Kambam(Uzhavar Sandhai ),Bitter Gourd,2026-09-24,4500.0,4600.0,4550.0,0.0,100.0
Tamil Nadu,Thirupur,Kangayam(Uzhavar Sandhai ),Bitter Gourd,2026-09-24,5500.0,6000.0,5750.0,0.0,500.0
Tamil Nadu,Sivaganga,Karaikudi(Uzhavar Sandhai ),Bitter Gourd,2026-09-24,4800.0,5400.0,5100.0,0.0,600.0
Tamil Nadu,Pudukkottai,Karambakkudi(Uzhavar Sandhai ),Bitter Gourd,2026-09-24,7000.0,8000.0,7500.0,0.0,1000.0
Tamil Nadu,Dharmapuri,Karimangalam(Uzhavar Sandhai),Bitter Gourd,2026-09-24,3300.0,3500.0,3400.0,0.0,200.0
Tamil Nadu,Virudhunagar,Kariyapatti(Uzhavar Sandhai ),Bitter Gourd,2026-09-24,5500.0,6000.0,5750.0,0.0,500.0
Tamil Nadu,Karur,Karur(Uzhavar Sandhai ),Bitter Gourd,2026-09-24,5500.0,6000.0,5750.0,0.0,500.0
Tamil Nadu,Vellore,Katpadi (Uzhavar Sandhai ),Bitter Gourd,2026-09-24,4500.0,4500.0,4500.0,0.0,0.0
Keralam,Idukki,Kattappana Market,Bitter Gourd,2026-09-24,4800.0,5800.0,5200.0,0.0,1000.0
Tamil Nadu,Krishnagiri,Kaveripattinam(Uzhavar Sandhai ),Bitter Gourd,2026-09-24,5000.0,5000.0,5000.0,0.0,0.0
Madhya Pradesh,Khandwa,Khandwa(F&V) Apmc,Bitter Gourd,2026-09-24,800.0,1500.0,1200.0,0.0,700.0
Odisha,Boudh,Khunthabandha Apmc,Bitter Gourd,2026-09-24,4500.0,5500.0,5000.0,0.0,1000.0
Tamil Nadu,Thiruchirappalli,Kknagar(Uzhavar Sandhai ),Bitter Gourd,2026-09-24,5600.0,5600.0,5600.0,0.0,0.0
Tamil Nadu,Tuticorin,Kovilpatti(Uzhavar Sandhai ),Bitter Gourd,2026-09-24,11000.0,12000.0,11500.0,0.0,1000.0
Tamil Nadu,Krishnagiri,Krishnagiri(Uzhavar Sandhai ),Bitter Gourd,2026-09-24,3200.0,3600.0,3400.0,0.0,400.0
Tamil Nadu,Karur,Kulithalai(Uzhavar Sandhai ),Bitter Gourd,2026-09-24,4800.0,5200.0,5000.0,0.0,400.0
Tamil Nadu,Namakkal,Kumarapalayam(Uzhavar Sandhai ),Bitter Gourd,2026-09-24,5000.0,5800.0,5400.0,0.0,800.0
Tamil Nadu,Thanjavur,Kumbakonam (Uzhavar Sandhai ),Bitter Gourd,2026-09-24,7200.0,7200.0,7200.0,0.0,0.0
Tamil Nadu,Kancheepuram,Kundrathur(Uzhavar Sandhai ),Bitter Gourd,2026-09-24,4000.0,4000.0,4000.0,0.0,0.0
Tamil Nadu,Coimbatore,Kurichi(Uzhavar Sandhai ),Bitter Gourd,2026-09-24,4800.0,5200.0,5000.0,0.0,400.0
Keralam,Pathanamthitta,Kuttoor Market,Bitter Gourd,2026-09-24,9600.0,10000.0,9800.0,0.0,400.0
Tamil Nadu,Thiruchirappalli,Lalgudi(Uzhavar Sandhai ),Bitter Gourd,2026-09-24,5600.0,5600.0,5600.0,0.0,0.0
Punjab,Ludhiana,Ludhiana Apmc,Bitter Gourd,2026-09-24,1300.0,2000.0,1500.0,0.0,700.0
Jammu and Kashmir,Jammu,Mac F&V Market Narwal Jammu,Bitter Gourd,2026-09-24,2000.0,2500.0,2250.0,0.0,500.0
Tamil Nadu,Chengalpattu,Madhuranthagam(Uzhavar Sandhai ),Bitter Gourd,2026-09-24,4000.0,4000.0,4000.0,0.0,0.0
Telangana,Mahbubnagar,Mahabubnagar(Rythu Bazar),Bitter Gourd,2026-09-24,4000.0,4000.0,4000.0,0.0,0.0
Punjab,Sangrur,Malerkotla Apmc,Bitter Gourd,2026-09-24,1800.0,2500.0,2000.0,0.0,700.0
Tamil Nadu,Thiruchirappalli,Manachanallur(Uzhavar Sandhai ),Bitter Gourd,2026-09-24,5000.0,6000.0,5500.0,0.0,1000.0
Tamil Nadu,Thiruchirappalli,Manapparai(Uzhavar Sandhai ),Bitter Gourd,2026-09-24,5600.0,5600.0,5600.0,0.0,0.0
Madhya Pradesh,Dhar,Manawar(F&V) Apmc,Bitter Gourd,2026-09-24,1700.0,2000.0,1800.0,0.0,300.0
Tamil Nadu,Thiruvarur,Mannargudi I(Uzhavar Sandhai ),Bitter Gourd,2026-09-24,6000.0,6000.0,6000.0,0.0,0.0
Tamil Nadu,Thiruvarur,Mannargudi Ii(Uzhavar Sandhai ),Bitter Gourd,2026-09-24,6000.0,6000.0,6000.0,0.0,0.0
Tamil Nadu,Nagapattinam,Mayiladuthurai(Uzhavar Sandhai ),Bitter Gourd,2026-09-24,6000.0,7000.0,6500.0,0.0,1000.0
Tamil Nadu,Salem,Mecheri(Uzhavar Sandhai),Bitter Gourd,2026-09-24,4000.0,4500.0,4250.0,0.0,500.0
Tamil Nadu,Thirunelveli,Melapalayam(Uzhavar Sandhai ),Bitter Gourd,2026-09-24,4500.0,6500.0,5500.0,0.0,2000.0
Tamil Nadu,Madurai,Melur(Uzhavar Sandhai ),Bitter Gourd,2026-09-24,4500.0,5000.0,4750.0,0.0,500.0
Tamil Nadu,Coimbatore,Mettupalayam(Uzhavar Sandhai ),Bitter Gourd,2026-09-24,5000.0,5500.0,5250.0,0.0,500.0
Tamil Nadu,Salem,Mettur(Uzhavar Sandhai ),Bitter Gourd,2026-09-24,4000.0,4500.0,4250.0,0.0,500.0
Tamil Nadu,Namakkal,Mohanur(Uzhavar Sandhai ),Bitter Gourd,2026-09-24,5800.0,6800.0,6300.0,0.0,1000.0
Punjab,Hoshiarpur,Mukerian Apmc,Bitter Gourd,2026-09-24,1500.0,2500.0,2000.0,0.0,1000.0
Maharashtra,Mumbai,Mumbai,Bitter Gourd,2026-09-24,1600.0,2200.0,1900.0,0.0,600.0
Tamil Nadu,Thiruchirappalli,Musiri(Uzhavar Sandhai ),Bitter Gourd,2026-09-24,5500.0,6000.0,5750.0,0.0,500.0
Tamil Nadu,Thiruvarur,Muthupettai(Uzhavar Sandhai ),Bitter Gourd,2026-09-24,5000.0,5000.0,5000.0,0.0,0.0
Tamil Nadu,Nagapattinam,Nagapattinam(Uzhavar Sandhai ),Bitter Gourd,2026-09-24,4100.0,5000.0,4550.0,0.0,900.0
Tamil Nadu,Namakkal,Namakkal(Uzhavar Sandhai ),Bitter Gourd,2026-09-24,5000.0,6000.0,5500.0,0.0,1000.0
Tamil Nadu,Chengalpattu,Nanganallur(Uzhavar Sandhai ),Bitter Gourd,2026-09-24,5500.0,6000.0,5750.0,0.0,500.0
Tamil Nadu,Thirupathur,Natrampalli(Uzhavar Sandhai ),Bitter Gourd,2026-09-24,4000.0,5000.0,4500.0,0.0,1000.0
Tamil Nadu,Thiruvarur,Needamangalam(Uzhavar Sandhai ),Bitter Gourd,2026-09-24,4800.0,4800.0,4800.0,0.0,0.0
Keralam,Thiruvananthapuram,Neyyatinkara Market,Bitter Gourd,2026-09-24,6000.0,6500.0,6200.0,0.0,500.0
Keralam,Ernakulam,North Paravur Market,Bitter Gourd,2026-09-24,6000.0,7000.0,6500.0,0.0,1000.0
Tamil Nadu,Kancheepuram,Padappai(Uzhavar Sandhai ),Bitter Gourd,2026-09-24,3500.0,4500.0,4000.0,0.0,1000.0
Gujarat,Vadodara(Baroda),Padra Apmc,Bitter Gourd,2026-09-24,1200.0,1750.0,1500.0,0.0,550.0
Tamil Nadu,Dharmapuri,Palacode(Uzhavar Sandhai ),Bitter Gourd,2026-09-24,3600.0,3800.0,3700.0,0.0,200.0
Tamil Nadu,Madurai,Palanganatham(Uzhavar Sandhai ),Bitter Gourd,2026-09-24,4500.0,5000.0,4750.0,0.0,500.0
Tamil Nadu,Dindigul,Palani(Uzhavar Sandhai ),Bitter Gourd,2026-09-24,4000.0,4800.0,4400.0,0.0,800.0
Tamil Nadu,Thirunelveli,Palayamkottai(Uzhavar Sandhai ),Bitter Gourd,2026-09-24,4500.0,6500.0,5500.0,0.0,2000.0
Tamil Nadu,Thirupur,Palladam(Uzhavar Sandhai ),Bitter Gourd,2026-09-24,5000.0,6000.0,5500.0,0.0,1000.0
Tamil Nadu,Karur,Pallapatti (Uzhavar Sandhai ),Bitter Gourd,2026-09-24,5500.0,6000.0,5750.0,0.0,500.0
Tamil Nadu,Chengalpattu,Pallavaram(Uzhavar Sandhai ),Bitter Gourd,2026-09-24,5000.0,6000.0,5500.0,0.0,1000.0
Tamil Nadu,Vellore,Pallikonda(Uzhavar Sandhai),Bitter Gourd,2026-09-24,4500.0,4500.0,4500.0,0.0,0.0
Keralam,Kottayam,Pampady Market,Bitter Gourd,2026-09-24,6000.0,8000.0,7000.0,0.0,2000.0
Odisha,Sundergarh,Panposh Apmc,Bitter Gourd,2026-09-24,4500.0,5200.0,5000.0,0.0,700.0
Tamil Nadu,Cuddalore,Panruti(Uzhavar Sandhai ),Bitter Gourd,2026-09-24,5000.0,5000.0,5000.0,0.0,0.0
Tamil Nadu,Thanjavur,Papanasam(Uzhavar Sandhai ),Bitter Gourd,2026-09-24,4800.0,7200.0,6000.0,0.0,2400.0
Tamil Nadu,Ramanathapuram,Paramakudi(Uzhavar Sandhai ),Bitter Gourd,2026-09-24,6000.0,6400.0,6200.0,0.0,400.0
Tamil Nadu,Namakkal,Paramathivelur(Uzhavar Sandhai ),Bitter Gourd,2026-09-24,5800.0,6500.0,6150.0,0.0,700.0
Tamil Nadu,Thiruvellore,Paruthipattu(Uzhavar Sandhai ),Bitter Gourd,2026-09-24,5000.0,5000.0,5000.0,0.0,0.0
Punjab,Pathankot,Pathankot Apmc,Bitter Gourd,2026-09-24,1300.0,1300.0,1300.0,0.0,0.0
Keralam,Palakad,Pattambi Market,Bitter Gourd,2026-09-24,6000.0,6500.0,6200.0,0.0,500.0
Punjab,Tarntaran,Patti Apmc,Bitter Gourd,2026-09-24,0.03,0.03,0.03,0.0,0.0
Tamil Nadu,Thanjavur,Pattukottai(Uzhavar Sandhai ),Bitter Gourd,2026-09-24,6000.0,6000.0,6000.0,0.0,0.0
Tamil Nadu,Dharmapuri,Pennagaram(Uzhavar Sandhai ),Bitter Gourd,2026-09-24,3500.0,4000.0,3750.0,0.0,500.0
Tamil Nadu,Perambalur,Perambalur(Uzhavar Sandhai ),Bitter Gourd,2026-09-24,5600.0,6000.0,5800.0,0.0,400.0
Tamil Nadu,Vellore,Perampet(Uzhavar Sandhai),Bitter Gourd,2026-09-24,4000.0,4000.0,4000.0,0.0,0.0
Tamil Nadu,Thanjavur,Peravurani(Uzhavar Sandhai),Bitter Gourd,2026-09-24,6000.0,6000.0,6000.0,0.0,0.0
Tamil Nadu,Theni,Periyakulam(Uzhavar Sandhai ),Bitter Gourd,2026-09-24,4600.0,4800.0,4700.0,0.0,200.0
Tamil Nadu,Erode,Periyar Nagar(Uzhavar Sandhai ),Bitter Gourd,2026-09-24,4200.0,4600.0,4400.0,0.0,400.0
Keralam,Ernakulam,Perumbavoor Market,Bitter Gourd,2026-09-24,5000.0,6000.0,5500.0,0.0,1000.0
Tamil Nadu,Erode,Perundurai(Uzhavar Sandhai ),Bitter Gourd,2026-09-24,4500.0,5000.0,4750.0,0.0,500.0
Himachal Pradesh,Chamba,Pmy Chamba,Bitter Gourd,2026-09-24,2500.0,3000.0,2750.0,0.0,500.0
Himachal Pradesh,Kangra,Pmy Kangra,Bitter Gourd,2026-09-24,2500.0,3000.0,2750.0,0.0,500.0
Himachal Pradesh,Solan,Pmy Kather Solan,Bitter Gourd,2026-09-24,2500.0,3000.0,2800.0,0.0,500.0
Tamil Nadu,Coimbatore,Pollachi(Uzhavar Sandhai ),Bitter Gourd,2026-09-24,4500.0,5000.0,4750.0,0.0,500.0
Tamil Nadu,Thiruvannamalai,Polur(Uzhavar Sandhai ),Bitter Gourd,2026-09-24,4000.0,4800.0,4400.0,0.0,800.0
Tamil Nadu,Pudukkottai,Ponnamaravathi(Uzhavar Sandhai),Bitter Gourd,2026-09-24,6500.0,7000.0,6750.0,0.0,500.0
Tamil Nadu,Pudukkottai,Pudukottai(Uzhavar Sandhai ),Bitter Gourd,2026-09-24,7500.0,8000.0,7750.0,0.0,500.0
Keralam,Kasargod,Pullur Periya  Vfpck Market,Bitter Gourd,2026-09-24,4800.0,5000.0,4900.0,0.0,200.0
Keralam,Wayanad,Pulpally Market,Bitter Gourd,2026-09-24,3300.0,3500.0,3400.0,0.0,200.0
Maharashtra,Pune,Pune,Bitter Gourd,2026-09-24,3000.0,4000.0,3500.0,0.0,1000.0
Punjab,Gurdaspur,Quadian Apmc,Bitter Gourd,2026-09-24,1300.0,1500.0,1400.0,0.0,200.0
Keralam,Kozhikode(Calicut),Quilandy Market,Bitter Gourd,2026-09-24,6200.0,6500.0,6300.0,0.0,300.0
Tamil Nadu,Virudhunagar,Rajapalayam(Uzhavar Sandhai ),Bitter Gourd,2026-09-24,8000.0,9000.0,8500.0,0.0,1000.0
Karnataka,Bengaluru South,Ramanagara Apmc,Bitter Gourd,2026-09-24,3200.0,4000.0,3500.0,0.0,800.0
Tamil Nadu,Ramanathapuram,Ramanathapuram(Uzhavar Sandhai ),Bitter Gourd,2026-09-24,5000.0,5500.0,5250.0,0.0,500.0
Tamil Nadu,Ranipet,Ranipettai(Uzhavar Sandhai ),Bitter Gourd,2026-09-24,3600.0,3600.0,3600.0,0.0,0.0
Tamil Nadu,Namakkal,Rasipuram(Uzhavar Sandhai ),Bitter Gourd,2026-09-24,5500.0,6000.0,5750.0,0.0,500.0
Bihar,East Champaran/ Motihari,Raxaul Apmc,Bitter Gourd,2026-09-24,1200.0,1400.0,1300.0,0.0,200.0
Punjab,Amritsar,Rayya Apmc,Bitter Gourd,2026-09-24,1345.0,1345.0,1345.0,0.0,0.0
Uttarakhand,Haridwar,Roorkee Apmc,Bitter Gourd,2026-09-24,650.0,850.0,750.0,0.0,200.0
Tamil Nadu,Coimbatore,Rspuram(Uzhavar Sandhai ),Bitter Gourd,2026-09-24,4200.0,4800.0,4500.0,0.0,600.0
Uttarakhand,Udhamsinghnagar,Rudrapur Apmc,Bitter Gourd,2026-09-24,1500.0,2000.0,1800.0,0.0,500.0
Telangana,Hyderabad,Rythu Bazar Mehdipatnam,Bitter Gourd,2026-09-24,2300.0,2300.0,2300.0,0.0,0.0
Tamil Nadu,Erode,Sampath Nagar(Uzhavar Sandhai ),Bitter Gourd,2026-09-24,4200.0,4600.0,4400.0,0.0,400.0
Tamil Nadu,Kallakuruchi,Sankarapuram(Uzhavar Sandhai ),Bitter Gourd,2026-09-24,6000.0,7000.0,6500.0,0.0,1000.0
Madhya Pradesh,Rajgarh,Sarangpur(F&V) Apmc,Bitter Gourd,2026-09-24,1100.0,1100.0,1100.0,0.0,0.0
Telangana,Ranga Reddy,"Saroornagar,Rbz",Bitter Gourd,2026-09-24,2300.0,2300.0,2300.0,0.0,0.0
Tamil Nadu,Erode,Sathiyamagalam(Uzhavar Sandhai ),Bitter Gourd,2026-09-24,4000.0,4500.0,4250.0,0.0,500.0
Tamil Nadu,Virudhunagar,Sathur(Uzhavar Sandhai ),Bitter Gourd,2026-09-24,5500.0,6000.0,5750.0,0.0,500.0
Tamil Nadu,Sivaganga,Singampunari(Uzhavar Sandhai ),Bitter Gourd,2026-09-24,4600.0,5200.0,4900.0,0.0,600.0
Tamil Nadu,Coimbatore,Singanallur(Uzhavar Sandhai ),Bitter Gourd,2026-09-24,4000.0,4600.0,4300.0,0.0,600.0
Punjab,Fatehgarh,Sirhind Apmc,Bitter Gourd,2026-09-24,2300.0,2300.0,2300.0,0.0,0.0
Tamil Nadu,Nagapattinam,Sirkali(Uzhavar Sandhai ),Bitter Gourd,2026-09-24,5500.0,6000.0,5750.0,0.0,500.0
Tamil Nadu,Sivaganga,Sivagangai (Uzhavar Sandhai ),Bitter Gourd,2026-09-24,5200.0,5600.0,5400.0,0.0,400.0
Tamil Nadu,Virudhunagar,Sivakasi(Uzhavar Sandhai ),Bitter Gourd,2026-09-24,6000.0,7000.0,6500.0,0.0,1000.0
Himachal Pradesh,Kangra,Smy Baijnath,Bitter Gourd,2026-09-24,3100.0,3300.0,3200.0,0.0,200.0
Himachal Pradesh,Kangra,Smy Dharamshala,Bitter Gourd,2026-09-24,3000.0,3200.0,3100.0,0.0,200.0
Himachal Pradesh,Mandi,Smy Jogindernagar,Bitter Gourd,2026-09-24,3000.0,4000.0,3500.0,0.0,1000.0
Himachal Pradesh,Kangra,Smy Palampur,Bitter Gourd,2026-09-24,2500.0,3000.0,2800.0,0.0,500.0
Himachal Pradesh,Una,Smy Santoshgarh,Bitter Gourd,2026-09-24,2000.0,2200.0,2100.0,0.0,200.0
Tamil Nadu,Salem,Sooramangalam(Uzhavar Sandhai ),Bitter Gourd,2026-09-24,3500.0,3800.0,3650.0,0.0,300.0
Tamil Nadu,Virudhunagar,Srivilliputhur(Uzhavar Sandhai ),Bitter Gourd,2026-09-24,7000.0,8000.0,7500.0,0.0,1000.0
Tamil Nadu,Coimbatore,Sulur(Uzhavar Sandhai ),Bitter Gourd,2026-09-24,4000.0,4600.0,4300.0,0.0,600.0
Tamil Nadu,Coimbatore,Sundarapuram(Uzhavar Sandhai ),Bitter Gourd,2026-09-24,4200.0,4800.0,4500.0,0.0,600.0
Tamil Nadu,Kancheepuram,Sunguvarchatram(Uzhavar Sandhai ),Bitter Gourd,2026-09-24,4000.0,4000.0,4000.0,0.0,0.0
Gujarat,Surat,Surat Apmc,Bitter Gourd,2026-09-24,1500.0,3000.0,2250.0,0.0,1500.0
Tamil Nadu,Thiruvannamalai,Tamarainagar(Uzhavar Sandhai ),Bitter Gourd,2026-09-24,5000.0,6000.0,5500.0,0.0,1000.0
West Bengal,Medinipur(E),Tamluk (Medinipur E) Apmc,Bitter Gourd,2026-09-24,3800.0,4200.0,4000.0,0.0,400.0
Punjab,Hoshiarpur,Tanda Urmur Apmc,Bitter Gourd,2026-09-24,2500.0,3000.0,2800.0,0.0,500.0
Bihar,Gaya,Tekari Apmc,Bitter Gourd,2026-09-24,850.0,850.0,850.0,0.0,0.0
Tamil Nadu,Tenkasi,Tenkasi(Uzhavar Sandhai ),Bitter Gourd,2026-09-24,5000.0,5000.0,5000.0,0.0,0.0
Tamil Nadu,Erode,Thalavadi(Uzhavar Sandhai ),Bitter Gourd,2026-09-24,4400.0,4800.0,4600.0,0.0,400.0
Tamil Nadu,Virudhunagar,Thalavaipuram(Uzhavar Sandhai ),Bitter Gourd,2026-09-24,7500.0,9000.0,8250.0,0.0,1500.0
Tamil Nadu,Salem,Thammampatti (Uzhavar Sandhai ),Bitter Gourd,2026-09-24,4000.0,4500.0,4250.0,0.0,500.0
Tamil Nadu,Thanjavur,Thanjavur(Uzhavar Sandhai ),Bitter Gourd,2026-09-24,6000.0,6000.0,6000.0,0.0,0.0
Tamil Nadu,Salem,Thathakapatti(Uzhavar Sandhai ),Bitter Gourd,2026-09-24,3600.0,4000.0,3800.0,0.0,400.0
Tamil Nadu,Theni,Theni(Uzhavar Sandhai ),Bitter Gourd,2026-09-24,4800.0,4800.0,4800.0,0.0,0.0
Tamil Nadu,Chengalpattu,Thirukalukundram(Uzhavar Sandhai ),Bitter Gourd,2026-09-24,5000.0,6000.0,5500.0,0.0,1000.0
Tamil Nadu,Madurai,Thirumangalam(Uzhavar Sandhai ),Bitter Gourd,2026-09-24,5000.0,5500.0,5250.0,0.0,500.0
Tamil Nadu,Vellore,Thirupathur Apmc,Bitter Gourd,2026-09-24,5000.0,5000.0,5000.0,0.0,0.0
Tamil Nadu,Thiruchirappalli,Thiruverumbur(Uzhavar Sandhai ),Bitter Gourd,2026-09-24,6000.0,6000.0,6000.0,0.0,0.0
Keralam,Ernakulam,Thrippunithura Market,Bitter Gourd,2026-09-24,7000.0,8000.0,7200.0,0.0,1000.0
Tamil Nadu,Thiruchirappalli,Thuraiyur Apmc,Bitter Gourd,2026-09-24,6000.0,7000.0,6500.0,0.0,1000.0
Tamil Nadu,Villupuram,Tindivanam Apmc,Bitter Gourd,2026-09-24,5000.0,7000.0,6000.0,0.0,2000.0
Tamil Nadu,Namakkal,Tiruchengode Apmc,Bitter Gourd,2026-09-24,5500.0,6000.0,5750.0,0.0,500.0
Tamil Nadu,Thanjavur,Tirukattupalli(Uzhavar Sandhai ),Bitter Gourd,2026-09-24,5400.0,6000.0,5700.0,0.0,600.0
Tamil Nadu,Sivaganga,Tirupatthur(Uzhavar Sandhai ),Bitter Gourd,2026-09-24,4800.0,5400.0,5100.0,0.0,600.0
Tamil Nadu,Thirupur,Tiruppur (North) (Uzhavar Sandhai ),Bitter Gourd,2026-09-24,4500.0,5000.0,4750.0,0.0,500.0
Tamil Nadu,Thirupur,Tiruppur (South) (Uzhavar Sandhai ),Bitter Gourd,2026-09-24,5000.0,6000.0,5500.0,0.0,1000.0
Tamil Nadu,Thiruvellore,Tiruthani(Uzhavar Sandhai ),Bitter Gourd,2026-09-24,6000.0,6000.0,6000.0,0.0,0.0
Tamil Nadu,Thiruvarur,Tiruthuraipoondi(Uzhavar Sandhai ),Bitter Gourd,2026-09-24,6000.0,6000.0,6000.0,0.0,0.0
Tamil Nadu,Thiruvannamalai,Tiruvannamalai(Uzhavar Sandhai ),Bitter Gourd,2026-09-24,4000.0,5000.0,4500.0,0.0,1000.0
Tamil Nadu,Thiruvarur,Tiruvarur(Uzhavar Sandhai ),Bitter Gourd,2026-09-24,6000.0,6000.0,6000.0,0.0,0.0
Tamil Nadu,Tuticorin,Tuticorin(Uzhavar Sandhai ),Bitter Gourd,2026-09-24,4500.0,5000.0,4750.0,0.0,500.0
Tamil Nadu,The Nilgiris,Udhagamandalam(Uzhavar Sandhai ),Bitter Gourd,2026-09-24,4500.0,5000.0,4750.0,0.0,500.0
Tamil Nadu,Coimbatore,Udumalpet Apmc,Bitter Gourd,2026-09-24,5500.0,6500.0,6000.0,0.0,1000.0
Tamil Nadu,Villupuram,Ulundurpettai Apmc,Bitter Gourd,2026-09-24,6000.0,6000.0,6000.0,0.0,0.0
Tamil Nadu,Madurai,Usilampatti(Uzhavar Sandhai ),Bitter Gourd,2026-09-24,4500.0,5000.0,4750.0,0.0,500.0
Tamil Nadu,Nagercoil (Kannyiakumari),Vadaseri Apmc,Bitter Gourd,2026-09-24,6500.0,7000.0,6750.0,0.0,500.0
Tamil Nadu,Coimbatore,Vadavalli(Uzhavar Sandhai ),Bitter Gourd,2026-09-24,4000.0,4600.0,4300.0,0.0,600.0
Gujarat,Surendranagar,Vadhvan Apmc,Bitter Gourd,2026-09-24,1500.0,2000.0,1750.0,0.0,500.0
Tamil Nadu,Thiruvarur,Valangaiman Apmc,Bitter Gourd,2026-09-24,6000.0,6000.0,6000.0,0.0,0.0
Tamil Nadu,Thiruvannamalai,Vandavasi(Uzhavar Sandhai ),Bitter Gourd,2026-09-24,3000.0,3500.0,3250.0,0.0,500.0
Tamil Nadu,Thirupathur,Vaniyampadi(Uzhavar Sandhai ),Bitter Gourd,2026-09-24,4000.0,4000.0,4000.0,0.0,0.0
Telangana,Siddipet,Vantamamidi Apmc,Bitter Gourd,2026-09-24,2300.0,2300.0,2300.0,0.0,0.0
Tamil Nadu,Salem,Vazhapadi(Uzhavar Sandhai),Bitter Gourd,2026-09-24,4500.0,5000.0,4750.0,0.0,500.0
Tamil Nadu,Nagapattinam,Vedaranyam(Uzhavar Sandhai),Bitter Gourd,2026-09-24,4000.0,5000.0,4500.0,0.0,1000.0
Tamil Nadu,Karur,Velayuthampalayam(Uzhavar Sandhai ),Bitter Gourd,2026-09-24,5000.0,6000.0,5500.0,0.0,1000.0
Tamil Nadu,Vellore,Vellore Apmc,Bitter Gourd,2026-09-24,3000.0,3500.0,3250.0,0.0,500.0
Tamil Nadu,Karur,Vengamedu(Uzhavar Sandhai ),Bitter Gourd,2026-09-24,5500.0,6000.0,5750.0,0.0,500.0
Tamil Nadu,Villupuram,Villupuram(Uzhavar Sandhai ),Bitter Gourd,2026-09-24,6000.0,8000.0,7000.0,0.0,2000.0
Tamil Nadu,Pudukkottai,Viralimalai(Uzhavar Sandhai ),Bitter Gourd,2026-09-24,6500.0,7000.0,6750.0,0.0,500.0
Tamil Nadu,Virudhunagar,Virudhunagar(Uzhavar Sandhai ),Bitter Gourd,2026-09-24,4500.0,5000.0,4750.0,0.0,500.0
Tamil Nadu,Cuddalore,Viruthachalam(Uzhavar Sandhai ),Bitter Gourd,2026-09-24,5000.0,5000.0,5000.0,0.0,0.0
Telangana,Warangal,Warangal Apmc,Bitter Gourd,2026-09-24,2000.0,2500.0,2250.0,0.0,500.0
Uttar Pradesh,Badaun,Badayoun Apmc,Black Gram Dal(Urd Dal),2026-09-24,10750.0,12300.0,11512.1,0.0,1550.0
Uttar Pradesh,Bareilly,Bareilly Apmc,Black Gram Dal(Urd Dal),2026-09-24,10200.0,10650.0,10460.64,0.0,450.0
Uttar Pradesh,Kanpur,Choubepur Apmc,Black Gram Dal(Urd Dal),2026-09-24,7500.0,7500.0,7500.0,0.0,0.0
Andhra Pradesh,Krishna,Gudlavalleru Apmc,Black Gram Dal(Urd Dal),2026-09-24,9000.0,9000.0,9000.0,0.0,0.0
Manipur,Imphal East,Lamlong Bazaar Apmc,Black Gram Dal(Urd Dal),2026-09-24,13000.0,14000.0,13500.0,0.0,1000.0
Andhra Pradesh,Visakhapatnam,Pendurthi Apmc,Black Gram Dal(Urd Dal),2026-09-24,7600.0,7600.0,7600.0,0.0,0.0
Andhra Pradesh,Krishna,Vuyyur Apmc,Black Gram Dal(Urd Dal),2026-09-24,8500.0,8700.0,8600.0,0.0,200.0
Maharashtra,Ahilyanagar,Apmc Karjat ,Black Gram(Urd Beans)(Whole),2026-09-24,7000.0,7750.0,7500.0,0.0,750.0
Maharashtra,Ahilyanagar,Apmc Karjat ,Black Gram(Urd Beans)(Whole),2026-09-24,8100.0,8500.0,8400.0,0.0,400.0
Maharashtra,Ahilyanagar,Karjat(Rashin) ,Black Gram(Urd Beans)(Whole),2026-09-24,8000.0,8500.0,8200.0,0.0,500.0
Rajasthan,Kota,Kota Apmc,Black Gram(Urd Beans)(Whole),2026-09-24,8000.0,8000.0,8000.0,0.0,0.0
Andhra Pradesh,Bapatla,Kuchinapudi Apmc,Black Gram(Urd Beans)(Whole),2026-09-24,9600.0,9800.0,9700.0,0.0,200.0
Andhra Pradesh,Palnadu,Narasaraopet Apmc,Black Gram(Urd Beans)(Whole),2026-09-24,9000.0,9000.0,9000.0,0.0,0.0
Andhra Pradesh,Parvathipuram Manyam,Palakonda Apmc,Black Gram(Urd Beans)(Whole),2026-09-24,7550.0,7550.0,7550.0,0.0,0.0
Andhra Pradesh,Krishna,Pedana Apmc,Black Gram(Urd Beans)(Whole),2026-09-24,8200.0,8700.0,8600.0,0.0,500.0
Andhra Pradesh,Guntur,Ponnur Apmc,Black Gram(Urd Beans)(Whole),2026-09-24,9700.0,9900.0,9800.0,0.0,200.0
Karnataka,Shivamogga,Apmc Thirthahalli,Black Pepper,2026-09-24,28899.0,69500.0,69500.0,0.0,40601.0
Karnataka,Kodagu,Gonikappal Apmc,Black Pepper,2026-09-24,35200.0,69200.0,35300.0,0.0,34000.0
Keralam,Pathanamthitta,Kuttoor Market,Black Pepper,2026-09-24,69600.0,70000.0,69800.0,0.0,400.0
Keralam,Ernakulam,North Paravur Market,Black Pepper,2026-09-24,70000.0,80000.0,75000.0,0.0,10000.0
Keralam,Kannur,Payyannur Market,Black Pepper,2026-09-24,65000.0,67000.0,66000.0,0.0,2000.0
Keralam,Ernakulam,Perumbavoor Market,Black Pepper,2026-09-24,80000.0,90000.0,85000.0,0.0,10000.0
Keralam,Wayanad,Pulpally Market,Black Pepper,2026-09-24,69500.0,69700.0,69600.0,0.0,200.0
Tamil Nadu,Dharmapuri,Ajattihalli(Uzhavar Sandhai ),Bottle Gourd,2026-09-24,1500.0,2000.0,1750.0,0.0,500.0
Tamil Nadu,Pudukkottai,Alangudi(Uzhavar Sandhai ),Bottle Gourd,2026-09-24,1500.0,2000.0,1750.0,0.0,500.0
Tamil Nadu,Salem,Ammapet(Uzhavar Sandhai ),Bottle Gourd,2026-09-24,2500.0,3000.0,2750.0,0.0,500.0
Tamil Nadu,Madurai,Anaiyur(Uzhavar Sandhai ),Bottle Gourd,2026-09-24,2400.0,3000.0,2700.0,0.0,600.0
Tamil Nadu,Theni,Andipatti(Uzhavar Sandhai ),Bottle Gourd,2026-09-24,1200.0,1400.0,1300.0,0.0,200.0
Tamil Nadu,Madurai,Anna Nagar(Uzhavar Sandhai ),Bottle Gourd,2026-09-24,2000.0,2600.0,2300.0,0.0,600.0
Tamil Nadu,Thiruvannamalai,Arani(Uzhavar Sandhai ),Bottle Gourd,2026-09-24,1500.0,2000.0,1750.0,0.0,500.0
Tamil Nadu,Pudukkottai,Aranthangi(Uzhavar Sandhai ),Bottle Gourd,2026-09-24,1500.0,2000.0,1750.0,0.0,500.0
Tamil Nadu,Ranipet,Arcot(Uzhavar Sandhai ),Bottle Gourd,2026-09-24,2000.0,2000.0,2000.0,0.0,0.0
Tamil Nadu,Ariyalur,Ariyalur(Uzhavar Sandhai),Bottle Gourd,2026-09-24,2000.0,2500.0,2250.0,0.0,500.0
Tamil Nadu,Virudhunagar,Aruppukottai(Uzhavar Sandhai ),Bottle Gourd,2026-09-24,2500.0,3000.0,2750.0,0.0,500.0
Tamil Nadu,Salem,Athur(Uzhavar Sandhai ),Bottle Gourd,2026-09-24,2200.0,2500.0,2350.0,0.0,300.0
Tamil Nadu,Salem,Attayampatti(Uzhavar Sandhai ),Bottle Gourd,2026-09-24,3000.0,3000.0,3000.0,0.0,0.0
Tamil Nadu,Krishnagiri,Avallapalli(Uzhavar Sandhai ),Bottle Gourd,2026-09-24,2000.0,2500.0,2250.0,0.0,500.0
Haryana,Hissar,Barwala(Hisar) Apmc,Bottle Gourd,2026-09-24,1000.0,1500.0,1250.0,0.0,500.0
Uttarakhand,Haridwar,Bhagwanpur(Naveen Mandi Sthal) Apmc,Bottle Gourd,2026-09-24,500.0,1000.0,800.0,0.0,500.0
Punjab,Jalandhar,Bhogpur Apmc,Bottle Gourd,2026-09-24,1000.0,1000.0,1000.0,0.0,0.0
West Bengal,Bankura,Bishnupur(Bankura) Apmc,Bottle Gourd,2026-09-24,1000.0,1700.0,1500.0,0.0,700.0
Tamil Nadu,Theni,Bodinayakanur(Uzhavar Sandhai ),Bottle Gourd,2026-09-24,1500.0,1500.0,1500.0,0.0,0.0
Chandigarh,Chandigarh,Chandigarh (Grain/F&V) Apmc,Bottle Gourd,2026-09-24,800.0,1000.0,1000.0,0.0,200.0
Tamil Nadu,Thiruvannamalai,Chengam(Uzhavar Sandhai ),Bottle Gourd,2026-09-24,1500.0,2000.0,1750.0,0.0,500.0
Keralam,Alappuzha,Chengannur Market,Bottle Gourd,2026-09-24,1800.0,2100.0,2000.0,0.0,300.0
Tamil Nadu,Thiruvannamalai,Cheyyar(Uzhavar Sandhai ),Bottle Gourd,2026-09-24,1500.0,2000.0,1750.0,0.0,500.0
Tamil Nadu,Cuddalore,Chidambaram(Uzhavar Sandhai ),Bottle Gourd,2026-09-24,2500.0,2500.0,2500.0,0.0,0.0
Tamil Nadu,Dindigul,Chinnalapatti(Uzhavar Sandhai ),Bottle Gourd,2026-09-24,2500.0,3000.0,2750.0,0.0,500.0
Tamil Nadu,Theni,Chinnamanur(Uzhavar Sandhai ),Bottle Gourd,2026-09-24,1500.0,1500.0,1500.0,0.0,0.0
Tamil Nadu,Madurai,Chokkikulam(Uzhavar Sandhai ),Bottle Gourd,2026-09-24,2400.0,3000.0,2700.0,0.0,600.0
Tamil Nadu,The Nilgiris,Coonoor(Uzhavar Sandhai ),Bottle Gourd,2026-09-24,2600.0,3000.0,2800.0,0.0,400.0
Tamil Nadu,Cuddalore,Cuddalore(Uzhavar Sandhai ),Bottle Gourd,2026-09-24,2000.0,2500.0,2250.0,0.0,500.0
Gujarat,Amreli,Damnagar Apmc,Bottle Gourd,2026-09-24,3000.0,3000.0,3000.0,0.0,0.0
Tamil Nadu,Krishnagiri,Denkanikottai(Uzhavar Sandhai ),Bottle Gourd,2026-09-24,2000.0,2500.0,2250.0,0.0,500.0
Punjab,Mohali,Dera Bassi Apmc,Bottle Gourd,2026-09-24,2700.0,2700.0,2700.0,0.0,0.0
Tamil Nadu,Sivaganga,Devakottai (Uzhavar Sandhai ),Bottle Gourd,2026-09-24,2600.0,2800.0,2700.0,0.0,200.0
Tamil Nadu,Theni,Devaram(Uzhavar Sandhai ),Bottle Gourd,2026-09-24,1500.0,1500.0,1500.0,0.0,0.0
Tamil Nadu,Thirupur,Dharapuram(Uzhavar Sandhai ),Bottle Gourd,2026-09-24,1400.0,1800.0,1600.0,0.0,400.0
Tamil Nadu,Dharmapuri,Dharmapuri(Uzhavar Sandhai ),Bottle Gourd,2026-09-24,1400.0,1500.0,1450.0,0.0,100.0
Tamil Nadu,Dindigul,Dindigul(Uzhavar Sandhai ),Bottle Gourd,2026-09-24,2500.0,3000.0,2750.0,0.0,500.0
Punjab,Ludhiana,Doraha Apmc,Bottle Gourd,2026-09-24,1000.0,2000.0,1500.0,0.0,1000.0
Tamil Nadu,Salem,Edapadi (Uzhavar Sandhai ),Bottle Gourd,2026-09-24,2000.0,2500.0,2250.0,0.0,500.0
Tamil Nadu,Salem,Elampillai(Uzhavar Sandhai ),Bottle Gourd,2026-09-24,2500.0,3000.0,2750.0,0.0,500.0
Uttar Pradesh,Agra,Fatehabad Apmc,Bottle Gourd,2026-09-24,800.0,1000.0,1000.0,0.0,200.0
Haryana,Mewat,Ferozpurzirkha(Nagina) Apmc,Bottle Gourd,2026-09-24,800.0,1200.0,1000.0,0.0,400.0
Tamil Nadu,Pudukkottai,Gandarvakottai(Uzhavar Sandhai ),Bottle Gourd,2026-09-24,1500.0,2000.0,1750.0,0.0,500.0
Tamil Nadu,Karur,Gandhigramam(Uzhavar Sandhai),Bottle Gourd,2026-09-24,2000.0,2500.0,2250.0,0.0,500.0
Punjab,Hoshiarpur,Garh Shankar Apmc,Bottle Gourd,2026-09-24,2800.0,2800.0,2800.0,0.0,0.0
Tamil Nadu,Villupuram,Gingee(Uzhavar Sandhai ),Bottle Gourd,2026-09-24,2500.0,2500.0,2500.0,0.0,0.0
Tamil Nadu,Erode,Gobichettipalayam(Uzhavar Sandhai ),Bottle Gourd,2026-09-24,1500.0,2000.0,1750.0,0.0,500.0
Odisha,Bargarh,Godbhaga Apmc,Bottle Gourd,2026-09-24,2000.0,2400.0,2200.0,0.0,400.0
Tamil Nadu,The Nilgiris,Gudalur(Uzhavar Sandhai ),Bottle Gourd,2026-09-24,2500.0,2800.0,2650.0,0.0,300.0
Tamil Nadu,Vellore,Gudiyatham(Uzhavar Sandhai ),Bottle Gourd,2026-09-24,1500.0,1500.0,1500.0,0.0,0.0
Tamil Nadu,Chengalpattu,Guduvancheri(Uzhavar Sandhai ),Bottle Gourd,2026-09-24,3500.0,4000.0,3750.0,0.0,500.0
Uttar Pradesh,Bulandshahar,Gulavati Apmc,Bottle Gourd,2026-09-24,1500.0,1700.0,1600.0,0.0,200.0
Haryana,Gurgaon,Gurgaon Apmc,Bottle Gourd,2026-09-24,800.0,1200.0,1000.0,0.0,400.0
Haryana,Hissar,Hansi Apmc,Bottle Gourd,2026-09-24,800.0,1500.0,1100.0,0.0,700.0
Uttarakhand,Haridwar,Haridwar Union Apmc,Bottle Gourd,2026-09-24,500.0,800.0,600.0,0.0,300.0
Punjab,Tarntaran,Harike Apmc,Bottle Gourd,2026-09-24,500.0,600.0,550.0,0.0,100.0
Keralam,Alappuzha,Harippad Market,Bottle Gourd,2026-09-24,2200.0,2700.0,2200.0,0.0,500.0
Tamil Nadu,Dharmapuri,Harur(Uzhavar Sandhai ),Bottle Gourd,2026-09-24,2000.0,2500.0,2250.0,0.0,500.0
Tamil Nadu,Salem,Hasthampatti(Uzhavar Sandhai ),Bottle Gourd,2026-09-24,2500.0,3000.0,2750.0,0.0,500.0
Tamil Nadu,Krishnagiri,Hosur(Uzhavar Sandhai ),Bottle Gourd,2026-09-24,2000.0,2500.0,2250.0,0.0,500.0
Tamil Nadu,Salem,Jalagandapuram(Uzhavar Sandhai ),Bottle Gourd,2026-09-24,1600.0,2000.0,1800.0,0.0,400.0
Uttar Pradesh,Shahjahanpur,Jalalabad Apmc,Bottle Gourd,2026-09-24,700.0,800.0,750.0,0.0,100.0
Punjab,Jalandhar,Jalandhar City(Jalandhar) Apmc,Bottle Gourd,2026-09-24,1000.0,1800.0,1400.0,0.0,800.0
Tamil Nadu,Chengalpattu,Jameenrayapettai(Uzhavar Sandhai ),Bottle Gourd,2026-09-24,3500.0,4000.0,3750.0,0.0,500.0
Uttar Pradesh,Etawah,Jasvantnagar Apmc,Bottle Gourd,2026-09-24,1070.0,1170.0,1120.0,0.0,100.0
Haryana,Jhajar,Jhajjar Apmc,Bottle Gourd,2026-09-24,1000.0,1000.0,1000.0,0.0,0.0
Tamil Nadu,Vellore,Kahithapattarai(Uzhavar Sandhai ),Bottle Gourd,2026-09-24,2000.0,2000.0,2000.0,0.0,0.0
Uttar Pradesh,Shamli,Kairana Apmc,Bottle Gourd,2026-09-24,900.0,1000.0,950.0,0.0,100.0
Tamil Nadu,Kallakuruchi,Kallakurichi(Uzhavar Sandhai ),Bottle Gourd,2026-09-24,1500.0,1500.0,1500.0,0.0,0.0
Tamil Nadu,Theni,Kambam(Uzhavar Sandhai ),Bottle Gourd,2026-09-24,1200.0,1400.0,1300.0,0.0,200.0
Tamil Nadu,Kancheepuram,Kancheepuram(Uzhavar Sandhai ),Bottle Gourd,2026-09-24,2500.0,3000.0,2750.0,0.0,500.0
Tamil Nadu,Thirunelveli,Kandiyaperi(Uzhavar Sandhai ),Bottle Gourd,2026-09-24,1600.0,1800.0,1700.0,0.0,200.0
Tamil Nadu,Thirupur,Kangayam(Uzhavar Sandhai ),Bottle Gourd,2026-09-24,1500.0,1800.0,1650.0,0.0,300.0
Tamil Nadu,Sivaganga,Karaikudi(Uzhavar Sandhai ),Bottle Gourd,2026-09-24,3000.0,3500.0,3250.0,0.0,500.0
Tamil Nadu,Pudukkottai,Karambakkudi(Uzhavar Sandhai ),Bottle Gourd,2026-09-24,2000.0,2500.0,2250.0,0.0,500.0
Tamil Nadu,Dharmapuri,Karimangalam(Uzhavar Sandhai),Bottle Gourd,2026-09-24,1800.0,2000.0,1900.0,0.0,200.0
Tamil Nadu,Virudhunagar,Kariyapatti(Uzhavar Sandhai ),Bottle Gourd,2026-09-24,1800.0,2000.0,1900.0,0.0,200.0
Tamil Nadu,Karur,Karur(Uzhavar Sandhai ),Bottle Gourd,2026-09-24,2000.0,2500.0,2250.0,0.0,500.0
Tamil Nadu,Vellore,Katpadi (Uzhavar Sandhai ),Bottle Gourd,2026-09-24,2500.0,2500.0,2500.0,0.0,0.0
Tamil Nadu,Krishnagiri,Kaveripattinam(Uzhavar Sandhai ),Bottle Gourd,2026-09-24,2500.0,2500.0,2500.0,0.0,0.0
Madhya Pradesh,Khandwa,Khandwa(F&V) Apmc,Bottle Gourd,2026-09-24,300.0,500.0,400.0,0.0,200.0
Punjab,Mohali,Kharar Apmc,Bottle Gourd,2026-09-24,2000.0,3500.0,2500.0,0.0,1500.0
West Bengal,Bankura,Khatra Apmc,Bottle Gourd,2026-09-24,1000.0,1600.0,1500.0,0.0,600.0
Uttarakhand,Udhamsinghnagar,Kicchha Apmc,Bottle Gourd,2026-09-24,500.0,700.0,600.0,0.0,200.0
Tamil Nadu,Thiruchirappalli,Kknagar(Uzhavar Sandhai ),Bottle Gourd,2026-09-24,1500.0,2000.0,1750.0,0.0,500.0
Tamil Nadu,Tuticorin,Kovilpatti(Uzhavar Sandhai ),Bottle Gourd,2026-09-24,3000.0,3500.0,3250.0,0.0,500.0
Tamil Nadu,Krishnagiri,Krishnagiri(Uzhavar Sandhai ),Bottle Gourd,2026-09-24,1400.0,1800.0,1600.0,0.0,400.0
Tamil Nadu,Karur,Kulithalai(Uzhavar Sandhai ),Bottle Gourd,2026-09-24,1500.0,2000.0,1750.0,0.0,500.0
Tamil Nadu,Namakkal,Kumarapalayam(Uzhavar Sandhai ),Bottle Gourd,2026-09-24,1800.0,2000.0,1900.0,0.0,200.0
Tamil Nadu,Thanjavur,Kumbakonam (Uzhavar Sandhai ),Bottle Gourd,2026-09-24,2400.0,2400.0,2400.0,0.0,0.0
Tamil Nadu,Kancheepuram,Kundrathur(Uzhavar Sandhai ),Bottle Gourd,2026-09-24,3000.0,3000.0,3000.0,0.0,0.0
Tamil Nadu,Coimbatore,Kurichi(Uzhavar Sandhai ),Bottle Gourd,2026-09-24,3000.0,3500.0,3250.0,0.0,500.0
Uttar Pradesh,Raebarelli,Lalganj Apmc,Bottle Gourd,2026-09-24,1400.0,1600.0,1500.0,0.0,200.0
Tamil Nadu,Thiruchirappalli,Lalgudi(Uzhavar Sandhai ),Bottle Gourd,2026-09-24,2000.0,2600.0,2300.0,0.0,600.0
Punjab,Mohali,Lalru Apmc,Bottle Gourd,2026-09-24,900.0,900.0,900.0,0.0,0.0
Haryana,Bhiwani,Loharu Apmc,Bottle Gourd,2026-09-24,1000.0,1000.0,1000.0,0.0,0.0
Punjab,Ludhiana,Ludhiana Apmc,Bottle Gourd,2026-09-24,200.0,1000.0,700.0,0.0,800.0
Jammu and Kashmir,Jammu,Mac F&V Market Narwal Jammu,Bottle Gourd,2026-09-24,1600.0,2000.0,1800.0,0.0,400.0
Tamil Nadu,Chengalpattu,Madhuranthagam(Uzhavar Sandhai ),Bottle Gourd,2026-09-24,3000.0,3000.0,3000.0,0.0,0.0
Telangana,Mahbubnagar,Mahabubnagar(Rythu Bazar),Bottle Gourd,2026-09-24,2000.0,2000.0,2000.0,0.0,0.0
Uttar Pradesh,Khiri (Lakhimpur),Maigalganj Apmc,Bottle Gourd,2026-09-24,870.0,910.0,890.0,0.0,40.0
Punjab,Sangrur,Malerkotla Apmc,Bottle Gourd,2026-09-24,1500.0,2000.0,1800.0,0.0,500.0
Tamil Nadu,Thiruchirappalli,Manachanallur(Uzhavar Sandhai ),Bottle Gourd,2026-09-24,2000.0,2000.0,2000.0,0.0,0.0
Tamil Nadu,Thiruchirappalli,Manapparai(Uzhavar Sandhai ),Bottle Gourd,2026-09-24,2000.0,2000.0,2000.0,0.0,0.0
Madhya Pradesh,Dhar,Manawar(F&V) Apmc,Bottle Gourd,2026-09-24,700.0,850.0,765.0,0.0,150.0
Uttarakhand,Haridwar,Manglaur Apmc,Bottle Gourd,2026-09-24,500.0,700.0,600.0,0.0,200.0
Tamil Nadu,Thiruvarur,Mannargudi I(Uzhavar Sandhai ),Bottle Gourd,2026-09-24,3000.0,3000.0,3000.0,0.0,0.0
Tamil Nadu,Thiruvarur,Mannargudi Ii(Uzhavar Sandhai ),Bottle Gourd,2026-09-24,3000.0,3000.0,3000.0,0.0,0.0
Tamil Nadu,Nagapattinam,Mayiladuthurai(Uzhavar Sandhai ),Bottle Gourd,2026-09-24,2500.0,3000.0,2750.0,0.0,500.0
Tamil Nadu,Salem,Mecheri(Uzhavar Sandhai),Bottle Gourd,2026-09-24,2000.0,2500.0,2250.0,0.0,500.0
Haryana,Rohtak,Meham,Bottle Gourd,2026-09-24,1000.0,1000.0,1000.0,0.0,0.0
Tamil Nadu,Thirunelveli,Melapalayam(Uzhavar Sandhai ),Bottle Gourd,2026-09-24,1600.0,1800.0,1700.0,0.0,200.0
Tamil Nadu,Madurai,Melur(Uzhavar Sandhai ),Bottle Gourd,2026-09-24,2400.0,2600.0,2500.0,0.0,200.0
Tamil Nadu,Coimbatore,Mettupalayam(Uzhavar Sandhai ),Bottle Gourd,2026-09-24,2000.0,2500.0,2250.0,0.0,500.0
Tamil Nadu,Salem,Mettur(Uzhavar Sandhai ),Bottle Gourd,2026-09-24,1800.0,2000.0,1900.0,0.0,200.0
Tamil Nadu,Namakkal,Mohanur(Uzhavar Sandhai ),Bottle Gourd,2026-09-24,1400.0,2000.0,1700.0,0.0,600.0
Keralam,Kozhikode(Calicut),Mukkom Market,Bottle Gourd,2026-09-24,3000.0,3300.0,3100.0,0.0,300.0
Maharashtra,Mumbai,Mumbai,Bottle Gourd,2026-09-24,1000.0,1600.0,1300.0,0.0,600.0
Tamil Nadu,Thiruchirappalli,Musiri(Uzhavar Sandhai ),Bottle Gourd,2026-09-24,1800.0,2000.0,1900.0,0.0,200.0
Tamil Nadu,Thiruvarur,Muthupettai(Uzhavar Sandhai ),Bottle Gourd,2026-09-24,2800.0,2800.0,2800.0,0.0,0.0
Tamil Nadu,Nagapattinam,Nagapattinam(Uzhavar Sandhai ),Bottle Gourd,2026-09-24,3200.0,3200.0,3200.0,0.0,0.0
Tamil Nadu,Namakkal,Namakkal(Uzhavar Sandhai ),Bottle Gourd,2026-09-24,1000.0,2000.0,1500.0,0.0,1000.0
Tamil Nadu,Chengalpattu,Nanganallur(Uzhavar Sandhai ),Bottle Gourd,2026-09-24,4500.0,5000.0,4750.0,0.0,500.0
Haryana,Mahendragarh-Narnaul,Narnaul Apmc,Bottle Gourd,2026-09-24,600.0,1000.0,800.0,0.0,400.0
Tamil Nadu,Thirupathur,Natrampalli(Uzhavar Sandhai ),Bottle Gourd,2026-09-24,1500.0,2000.0,1750.0,0.0,500.0
Tamil Nadu,Thiruvarur,Needamangalam(Uzhavar Sandhai ),Bottle Gourd,2026-09-24,3000.0,3000.0,3000.0,0.0,0.0
Punjab,Moga,Nihal Singh Wala Apmc,Bottle Gourd,2026-09-24,3500.0,3500.0,3500.0,0.0,0.0
Punjab,Jalandhar,Noor Mehal Apmc,Bottle Gourd,2026-09-24,1400.0,1400.0,1400.0,0.0,0.0
Keralam,Ernakulam,North Paravur Market,Bottle Gourd,2026-09-24,2500.0,3000.0,2800.0,0.0,500.0
Tamil Nadu,Kancheepuram,Padappai(Uzhavar Sandhai ),Bottle Gourd,2026-09-24,2000.0,2500.0,2250.0,0.0,500.0
Gujarat,Vadodara(Baroda),Padra Apmc,Bottle Gourd,2026-09-24,1500.0,2500.0,2000.0,0.0,1000.0
Tamil Nadu,Dharmapuri,Palacode(Uzhavar Sandhai ),Bottle Gourd,2026-09-24,1500.0,1800.0,1650.0,0.0,300.0
Tamil Nadu,Madurai,Palanganatham(Uzhavar Sandhai ),Bottle Gourd,2026-09-24,2000.0,3000.0,2500.0,0.0,1000.0
Tamil Nadu,Dindigul,Palani(Uzhavar Sandhai ),Bottle Gourd,2026-09-24,1400.0,2000.0,1700.0,0.0,600.0
Tamil Nadu,Thirunelveli,Palayamkottai(Uzhavar Sandhai ),Bottle Gourd,2026-09-24,1600.0,1800.0,1700.0,0.0,200.0
Tamil Nadu,Karur,Pallapatti (Uzhavar Sandhai ),Bottle Gourd,2026-09-24,2500.0,3000.0,2750.0,0.0,500.0
Tamil Nadu,Chengalpattu,Pallavaram(Uzhavar Sandhai ),Bottle Gourd,2026-09-24,3500.0,4000.0,3750.0,0.0,500.0
Tamil Nadu,Vellore,Pallikonda(Uzhavar Sandhai),Bottle Gourd,2026-09-24,2000.0,2000.0,2000.0,0.0,0.0
Odisha,Sundergarh,Panposh Apmc,Bottle Gourd,2026-09-24,2000.0,2400.0,2200.0,0.0,400.0
Tamil Nadu,Cuddalore,Panruti(Uzhavar Sandhai ),Bottle Gourd,2026-09-24,3000.0,3000.0,3000.0,0.0,0.0
Tamil Nadu,Thanjavur,Papanasam(Uzhavar Sandhai ),Bottle Gourd,2026-09-24,2400.0,2400.0,2400.0,0.0,0.0
Tamil Nadu,Ramanathapuram,Paramakudi(Uzhavar Sandhai ),Bottle Gourd,2026-09-24,2500.0,2800.0,2650.0,0.0,300.0
Tamil Nadu,Namakkal,Paramathivelur(Uzhavar Sandhai ),Bottle Gourd,2026-09-24,1700.0,2000.0,1850.0,0.0,300.0
Tamil Nadu,Thiruvellore,Paruthipattu(Uzhavar Sandhai ),Bottle Gourd,2026-09-24,4000.0,4000.0,4000.0,0.0,0.0
Punjab,Pathankot,Pathankot Apmc,Bottle Gourd,2026-09-24,1800.0,1800.0,1800.0,0.0,0.0
Keralam,Palakad,Pattambi Market,Bottle Gourd,2026-09-24,4500.0,5000.0,4800.0,0.0,500.0
Tamil Nadu,Thanjavur,Pattukottai(Uzhavar Sandhai ),Bottle Gourd,2026-09-24,2600.0,2600.0,2600.0,0.0,0.0
Haryana,Kurukshetra,Pehowa Apmc,Bottle Gourd,2026-09-24,1200.0,1350.0,1300.0,0.0,150.0
Tamil Nadu,Dharmapuri,Pennagaram(Uzhavar Sandhai ),Bottle Gourd,2026-09-24,2200.0,2400.0,2300.0,0.0,200.0
Tamil Nadu,Perambalur,Perambalur(Uzhavar Sandhai ),Bottle Gourd,2026-09-24,1800.0,2200.0,2000.0,0.0,400.0
Tamil Nadu,Vellore,Perampet(Uzhavar Sandhai),Bottle Gourd,2026-09-24,1500.0,1500.0,1500.0,0.0,0.0
Tamil Nadu,Thanjavur,Peravurani(Uzhavar Sandhai),Bottle Gourd,2026-09-24,2500.0,2500.0,2500.0,0.0,0.0
Tamil Nadu,Theni,Periyakulam(Uzhavar Sandhai ),Bottle Gourd,2026-09-24,1400.0,1400.0,1400.0,0.0,0.0
Tamil Nadu,Erode,Periyar Nagar(Uzhavar Sandhai ),Bottle Gourd,2026-09-24,1500.0,2000.0,1750.0,0.0,500.0
Keralam,Ernakulam,Perumbavoor Market,Bottle Gourd,2026-09-24,2500.0,3300.0,2800.0,0.0,800.0
Tamil Nadu,Erode,Perundurai(Uzhavar Sandhai ),Bottle Gourd,2026-09-24,1500.0,1800.0,1650.0,0.0,300.0
Himachal Pradesh,Kangra,Pmy Kangra,Bottle Gourd,2026-09-24,1500.0,3000.0,2250.0,0.0,1500.0
Himachal Pradesh,Solan,Pmy Kather Solan,Bottle Gourd,2026-09-24,1500.0,2200.0,1800.0,0.0,700.0
Tamil Nadu,Coimbatore,Pollachi(Uzhavar Sandhai ),Bottle Gourd,2026-09-24,3000.0,3500.0,3250.0,0.0,500.0
Tamil Nadu,Thiruvannamalai,Polur(Uzhavar Sandhai ),Bottle Gourd,2026-09-24,1600.0,2000.0,1800.0,0.0,400.0
Tamil Nadu,Pudukkottai,Ponnamaravathi(Uzhavar Sandhai),Bottle Gourd,2026-09-24,2000.0,2500.0,2250.0,0.0,500.0
Tamil Nadu,Pudukkottai,Pudukottai(Uzhavar Sandhai ),Bottle Gourd,2026-09-24,2000.0,2500.0,2250.0,0.0,500.0
Maharashtra,Pune,Pune,Bottle Gourd,2026-09-24,1000.0,3000.0,2000.0,0.0,2000.0
Maharashtra,Pune,Pune,Bottle Gourd,2026-09-24,2000.0,3000.0,2500.0,0.0,1000.0
Keralam,Kozhikode(Calicut),Quilandy Market,Bottle Gourd,2026-09-24,3700.0,4000.0,3800.0,0.0,300.0
Tamil Nadu,Virudhunagar,Rajapalayam(Uzhavar Sandhai ),Bottle Gourd,2026-09-24,1500.0,2000.0,1750.0,0.0,500.0
Punjab,Patiala,Rajpura Apmc,Bottle Gourd,2026-09-24,1500.0,1750.0,1700.0,0.0,250.0
Karnataka,Bengaluru South,Ramanagara Apmc,Bottle Gourd,2026-09-24,1200.0,1600.0,1400.0,0.0,400.0
Tamil Nadu,Ramanathapuram,Ramanathapuram(Uzhavar Sandhai ),Bottle Gourd,2026-09-24,2400.0,2800.0,2600.0,0.0,400.0
Tamil Nadu,Ranipet,Ranipettai(Uzhavar Sandhai ),Bottle Gourd,2026-09-24,1500.0,2000.0,1750.0,0.0,500.0
Tamil Nadu,Namakkal,Rasipuram(Uzhavar Sandhai ),Bottle Gourd,2026-09-24,2000.0,2200.0,2100.0,0.0,200.0
Uttarakhand,Haridwar,Roorkee Apmc,Bottle Gourd,2026-09-24,650.0,850.0,750.0,0.0,200.0
Tamil Nadu,Coimbatore,Rspuram(Uzhavar Sandhai ),Bottle Gourd,2026-09-24,2500.0,3000.0,2750.0,0.0,500.0
Uttarakhand,Udhamsinghnagar,Rudrapur Apmc,Bottle Gourd,2026-09-24,1000.0,2000.0,1500.0,0.0,1000.0
Telangana,Hyderabad,Rythu Bazar Mehdipatnam,Bottle Gourd,2026-09-24,1100.0,1100.0,1100.0,0.0,0.0
Haryana,Yamuna Nagar,Sadhaura Apmc,Bottle Gourd,2026-09-24,1200.0,1400.0,1300.0,0.0,200.0
Uttar Pradesh,Sambhal,Sambhal Apmc,Bottle Gourd,2026-09-24,800.0,815.0,810.0,0.0,15.0
Tamil Nadu,Erode,Sampath Nagar(Uzhavar Sandhai ),Bottle Gourd,2026-09-24,1500.0,2000.0,1750.0,0.0,500.0
Punjab,Ludhiana,Samrala Apmc,Bottle Gourd,2026-09-24,1200.0,1500.0,1300.0,0.0,300.0
Tamil Nadu,Tenkasi,Sankarankoil(Uzhavar Sandhai ),Bottle Gourd,2026-09-24,1500.0,2000.0,1750.0,0.0,500.0
Tamil Nadu,Kallakuruchi,Sankarapuram(Uzhavar Sandhai ),Bottle Gourd,2026-09-24,1500.0,1500.0,1500.0,0.0,0.0
Madhya Pradesh,Rajgarh,Sarangpur(F&V) Apmc,Bottle Gourd,2026-09-24,950.0,950.0,950.0,0.0,0.0
Telangana,Ranga Reddy,"Saroornagar,Rbz",Bottle Gourd,2026-09-24,1100.0,1100.0,1100.0,0.0,0.0
Tamil Nadu,Erode,Sathiyamagalam(Uzhavar Sandhai ),Bottle Gourd,2026-09-24,1500.0,2000.0,1750.0,0.0,500.0
Tamil Nadu,Virudhunagar,Sathur(Uzhavar Sandhai ),Bottle Gourd,2026-09-24,1800.0,2000.0,1900.0,0.0,200.0
Madhya Pradesh,Badwani,Sendhwa(F&V) Apmc,Bottle Gourd,2026-09-24,1000.0,1300.0,1100.0,0.0,300.0
Uttar Pradesh,Hathras,Shadabad Apmc,Bottle Gourd,2026-09-24,800.0,900.0,850.0,0.0,100.0
Tamil Nadu,Sivaganga,Singampunari(Uzhavar Sandhai ),Bottle Gourd,2026-09-24,2600.0,3200.0,2900.0,0.0,600.0
Tamil Nadu,Coimbatore,Singanallur(Uzhavar Sandhai ),Bottle Gourd,2026-09-24,2800.0,3200.0,3000.0,0.0,400.0
Madhya Pradesh,Harda,Sirali(F&V) Apmc,Bottle Gourd,2026-09-24,1000.0,1000.0,1000.0,0.0,0.0
Punjab,Fatehgarh,Sirhind Apmc,Bottle Gourd,2026-09-24,1300.0,2000.0,1600.0,0.0,700.0
Tamil Nadu,Nagapattinam,Sirkali(Uzhavar Sandhai ),Bottle Gourd,2026-09-24,2500.0,3000.0,2750.0,0.0,500.0
Tamil Nadu,Sivaganga,Sivagangai (Uzhavar Sandhai ),Bottle Gourd,2026-09-24,2600.0,3200.0,2900.0,0.0,600.0
Tamil Nadu,Virudhunagar,Sivakasi(Uzhavar Sandhai ),Bottle Gourd,2026-09-24,1500.0,2000.0,1750.0,0.0,500.0
Himachal Pradesh,Kangra,Smy Baijnath,Bottle Gourd,2026-09-24,2400.0,2900.0,2600.0,0.0,500.0
Himachal Pradesh,Kangra,Smy Dharamshala,Bottle Gourd,2026-09-24,2400.0,2800.0,2600.0,0.0,400.0
Himachal Pradesh,Kangra,Smy Jaisinghpur,Bottle Gourd,2026-09-24,2500.0,3800.0,3000.0,0.0,1300.0
Himachal Pradesh,Mandi,Smy Jogindernagar,Bottle Gourd,2026-09-24,2500.0,4000.0,3250.0,0.0,1500.0
Himachal Pradesh,Kangra,Smy Nagrota Bagwan,Bottle Gourd,2026-09-24,1500.0,2500.0,2000.0,0.0,1000.0
Himachal Pradesh,Kangra,Smy Palampur,Bottle Gourd,2026-09-24,2500.0,3500.0,3000.0,0.0,1000.0
Himachal Pradesh,Una,Smy Santoshgarh,Bottle Gourd,2026-09-24,1000.0,1200.0,1100.0,0.0,200.0
Tamil Nadu,Salem,Sooramangalam(Uzhavar Sandhai ),Bottle Gourd,2026-09-24,3000.0,3400.0,3200.0,0.0,400.0
Tamil Nadu,Virudhunagar,Srivilliputhur(Uzhavar Sandhai ),Bottle Gourd,2026-09-24,1700.0,2000.0,1850.0,0.0,300.0
Tamil Nadu,Coimbatore,Sulur(Uzhavar Sandhai ),Bottle Gourd,2026-09-24,3000.0,3200.0,3100.0,0.0,200.0
Tamil Nadu,Coimbatore,Sundarapuram(Uzhavar Sandhai ),Bottle Gourd,2026-09-24,2800.0,3200.0,3000.0,0.0,400.0
Tamil Nadu,Kancheepuram,Sunguvarchatram(Uzhavar Sandhai ),Bottle Gourd,2026-09-24,3000.0,3000.0,3000.0,0.0,0.0
Gujarat,Surat,Surat Apmc,Bottle Gourd,2026-09-24,1000.0,4500.0,2750.0,0.0,3500.0
Tamil Nadu,Thiruvannamalai,Tamarainagar(Uzhavar Sandhai ),Bottle Gourd,2026-09-24,2000.0,2500.0,2250.0,0.0,500.0
Punjab,Hoshiarpur,Tanda Urmur Apmc,Bottle Gourd,2026-09-24,1800.0,2000.0,1900.0,0.0,200.0
Haryana,Mewat,Tauru Apmc,Bottle Gourd,2026-09-24,1000.0,1000.0,1000.0,0.0,0.0
Bihar,Gaya,Tekari Apmc,Bottle Gourd,2026-09-24,500.0,500.0,500.0,0.0,0.0
Tamil Nadu,Tenkasi,Tenkasi(Uzhavar Sandhai ),Bottle Gourd,2026-09-24,2000.0,2000.0,2000.0,0.0,0.0
Tamil Nadu,Erode,Thalavadi(Uzhavar Sandhai ),Bottle Gourd,2026-09-24,1400.0,1800.0,1600.0,0.0,400.0
Tamil Nadu,Virudhunagar,Thalavaipuram(Uzhavar Sandhai ),Bottle Gourd,2026-09-24,1600.0,2000.0,1800.0,0.0,400.0
Tamil Nadu,Salem,Thammampatti (Uzhavar Sandhai ),Bottle Gourd,2026-09-24,2000.0,2500.0,2250.0,0.0,500.0
Tamil Nadu,Thanjavur,Thanjavur(Uzhavar Sandhai ),Bottle Gourd,2026-09-24,3000.0,3000.0,3000.0,0.0,0.0
Tamil Nadu,Salem,Thathakapatti(Uzhavar Sandhai ),Bottle Gourd,2026-09-24,2500.0,3000.0,2750.0,0.0,500.0
Tamil Nadu,Theni,Theni(Uzhavar Sandhai ),Bottle Gourd,2026-09-24,1000.0,1400.0,1200.0,0.0,400.0
Tamil Nadu,Chengalpattu,Thirukalukundram(Uzhavar Sandhai ),Bottle Gourd,2026-09-24,4000.0,4500.0,4250.0,0.0,500.0
Tamil Nadu,Madurai,Thirumangalam(Uzhavar Sandhai ),Bottle Gourd,2026-09-24,2000.0,2400.0,2200.0,0.0,400.0
Tamil Nadu,Vellore,Thirupathur Apmc,Bottle Gourd,2026-09-24,2000.0,2000.0,2000.0,0.0,0.0
Tamil Nadu,Thiruchirappalli,Thiruverumbur(Uzhavar Sandhai ),Bottle Gourd,2026-09-24,2000.0,2000.0,2000.0,0.0,0.0
Keralam,Ernakulam,Thrippunithura Market,Bottle Gourd,2026-09-24,5500.0,6000.0,5700.0,0.0,500.0
Tamil Nadu,Thiruchirappalli,Thuraiyur Apmc,Bottle Gourd,2026-09-24,1500.0,2000.0,1750.0,0.0,500.0
Tamil Nadu,Villupuram,Tindivanam Apmc,Bottle Gourd,2026-09-24,2000.0,2000.0,2000.0,0.0,0.0
Tamil Nadu,Namakkal,Tiruchengode Apmc,Bottle Gourd,2026-09-24,1800.0,2000.0,1900.0,0.0,200.0
Tamil Nadu,Thanjavur,Tirukattupalli(Uzhavar Sandhai ),Bottle Gourd,2026-09-24,3000.0,3000.0,3000.0,0.0,0.0
Tamil Nadu,Sivaganga,Tirupatthur(Uzhavar Sandhai ),Bottle Gourd,2026-09-24,3000.0,3600.0,3300.0,0.0,600.0
Tamil Nadu,Thirupur,Tiruppur (North) (Uzhavar Sandhai ),Bottle Gourd,2026-09-24,1500.0,2000.0,1750.0,0.0,500.0
Tamil Nadu,Thirupur,Tiruppur (South) (Uzhavar Sandhai ),Bottle Gourd,2026-09-24,1500.0,2000.0,1750.0,0.0,500.0
Tamil Nadu,Thiruvellore,Tiruthani(Uzhavar Sandhai ),Bottle Gourd,2026-09-24,3000.0,3000.0,3000.0,0.0,0.0
Tamil Nadu,Thiruvarur,Tiruthuraipoondi(Uzhavar Sandhai ),Bottle Gourd,2026-09-24,3000.0,3000.0,3000.0,0.0,0.0
Tamil Nadu,Thiruvannamalai,Tiruvannamalai(Uzhavar Sandhai ),Bottle Gourd,2026-09-24,2000.0,2500.0,2250.0,0.0,500.0
Tamil Nadu,Thiruvarur,Tiruvarur(Uzhavar Sandhai ),Bottle Gourd,2026-09-24,3000.0,3000.0,3000.0,0.0,0.0
Tamil Nadu,Tuticorin,Tuticorin(Uzhavar Sandhai ),Bottle Gourd,2026-09-24,1000.0,1500.0,1250.0,0.0,500.0
Tamil Nadu,The Nilgiris,Udhagamandalam(Uzhavar Sandhai ),Bottle Gourd,2026-09-24,2500.0,2800.0,2650.0,0.0,300.0
Tamil Nadu,Coimbatore,Udumalpet Apmc,Bottle Gourd,2026-09-24,1800.0,2200.0,2000.0,0.0,400.0
Tamil Nadu,Villupuram,Ulundurpettai Apmc,Bottle Gourd,2026-09-24,2000.0,2000.0,2000.0,0.0,0.0
Tamil Nadu,Madurai,Usilampatti(Uzhavar Sandhai ),Bottle Gourd,2026-09-24,2600.0,3000.0,2800.0,0.0,400.0
Tamil Nadu,Cuddalore,Vadalur(Uzhavar Sandhai ),Bottle Gourd,2026-09-24,2500.0,2500.0,2500.0,0.0,0.0
Tamil Nadu,Nagercoil (Kannyiakumari),Vadaseri Apmc,Bottle Gourd,2026-09-24,2500.0,3000.0,2750.0,0.0,500.0
Tamil Nadu,Coimbatore,Vadavalli(Uzhavar Sandhai ),Bottle Gourd,2026-09-24,3000.0,3400.0,3200.0,0.0,400.0
Gujarat,Surendranagar,Vadhvan Apmc,Bottle Gourd,2026-09-24,1500.0,2000.0,1750.0,0.0,500.0
Tamil Nadu,Thiruvarur,Valangaiman Apmc,Bottle Gourd,2026-09-24,3000.0,3000.0,3000.0,0.0,0.0
Tamil Nadu,Thiruvannamalai,Vandavasi(Uzhavar Sandhai ),Bottle Gourd,2026-09-24,1600.0,2000.0,1800.0,0.0,400.0
Tamil Nadu,Thirupathur,Vaniyampadi(Uzhavar Sandhai ),Bottle Gourd,2026-09-24,2000.0,2000.0,2000.0,0.0,0.0
Tamil Nadu,Salem,Vazhapadi(Uzhavar Sandhai),Bottle Gourd,2026-09-24,3000.0,3000.0,3000.0,0.0,0.0
Tamil Nadu,Nagapattinam,Vedaranyam(Uzhavar Sandhai),Bottle Gourd,2026-09-24,3000.0,3000.0,3000.0,0.0,0.0
Tamil Nadu,Dindigul,Vedasanthur(Uzhavar Sandhai ),Bottle Gourd,2026-09-24,1500.0,2000.0,1750.0,0.0,500.0
Tamil Nadu,Karur,Velayuthampalayam(Uzhavar Sandhai ),Bottle Gourd,2026-09-24,2000.0,2500.0,2250.0,0.0,500.0
Tamil Nadu,Vellore,Vellore Apmc,Bottle Gourd,2026-09-24,1800.0,2000.0,1900.0,0.0,200.0
Tamil Nadu,Karur,Vengamedu(Uzhavar Sandhai ),Bottle Gourd,2026-09-24,2000.0,2500.0,2250.0,0.0,500.0
Tamil Nadu,Villupuram,Villupuram(Uzhavar Sandhai ),Bottle Gourd,2026-09-24,3000.0,3000.0,3000.0,0.0,0.0
Tamil Nadu,Pudukkottai,Viralimalai(Uzhavar Sandhai ),Bottle Gourd,2026-09-24,1500.0,2000.0,1750.0,0.0,500.0
Tamil Nadu,Cuddalore,Viruthachalam(Uzhavar Sandhai ),Bottle Gourd,2026-09-24,3000.0,3000.0,3000.0,0.0,0.0
Punjab,Ferozpur,Zira Apmc,Bottle Gourd,2026-09-24,2800.0,2800.0,2800.0,0.0,0.0
Tamil Nadu,Dharmapuri,Ajattihalli(Uzhavar Sandhai ),Brinjal,2026-09-24,1400.0,1600.0,1500.0,0.0,200.0
Tamil Nadu,Pudukkottai,Alangudi(Uzhavar Sandhai ),Brinjal,2026-09-24,6000.0,7000.0,6500.0,0.0,1000.0
Tamil Nadu,Thirunelveli,Ambasamudram(Uzhavar Sandhai ),Brinjal,2026-09-24,3400.0,3800.0,3600.0,0.0,400.0
Tamil Nadu,Salem,Ammapet(Uzhavar Sandhai ),Brinjal,2026-09-24,2500.0,2800.0,2650.0,0.0,300.0
Tamil Nadu,Madurai,Anaiyur(Uzhavar Sandhai ),Brinjal,2026-09-24,4000.0,5000.0,4500.0,0.0,1000.0
Tamil Nadu,Theni,Andipatti(Uzhavar Sandhai ),Brinjal,2026-09-24,2800.0,3000.0,2900.0,0.0,200.0
Tamil Nadu,Madurai,Anna Nagar(Uzhavar Sandhai ),Brinjal,2026-09-24,2000.0,2600.0,2300.0,0.0,600.0
Tamil Nadu,Madurai,Anna Nagar(Uzhavar Sandhai ),Brinjal,2026-09-24,4000.0,4500.0,4250.0,0.0,500.0
Maharashtra,Ratnagiri,Apmc Ratnagiri (Nachane) ,Brinjal,2026-09-24,1500.0,2500.0,2000.0,0.0,1000.0
Tamil Nadu,Thiruvannamalai,Arani(Uzhavar Sandhai ),Brinjal,2026-09-24,4800.0,6000.0,5400.0,0.0,1200.0
Tamil Nadu,Pudukkottai,Aranthangi(Uzhavar Sandhai ),Brinjal,2026-09-24,5000.0,6000.0,5500.0,0.0,1000.0
Tamil Nadu,Ranipet,Arcot(Uzhavar Sandhai ),Brinjal,2026-09-24,5600.0,5600.0,5600.0,0.0,0.0
Tamil Nadu,Ariyalur,Ariyalur(Uzhavar Sandhai),Brinjal,2026-09-24,5000.0,5500.0,5250.0,0.0,500.0
Tamil Nadu,Virudhunagar,Aruppukottai(Uzhavar Sandhai ),Brinjal,2026-09-24,3000.0,4000.0,3500.0,0.0,1000.0
Keralam,Kottayam,Athirampuzha Market,Brinjal,2026-09-24,3500.0,3700.0,3600.0,0.0,200.0
Tamil Nadu,Salem,Athur(Uzhavar Sandhai ),Brinjal,2026-09-24,2500.0,3000.0,2750.0,0.0,500.0
Odisha,Bargarh,Attabira Apmc,Brinjal,2026-09-24,2600.0,3000.0,2800.0,0.0,400.0
Tamil Nadu,Salem,Attayampatti(Uzhavar Sandhai ),Brinjal,2026-09-24,3400.0,4000.0,3700.0,0.0,600.0
Tamil Nadu,Krishnagiri,Avallapalli(Uzhavar Sandhai ),Brinjal,2026-09-24,2500.0,3000.0,2750.0,0.0,500.0
Karnataka,Chikkaballapur,Bagepalli Apmc,Brinjal,2026-09-24,1000.0,1300.0,1200.0,0.0,300.0
Punjab,Moga,Baghapurana Apmc,Brinjal,2026-09-24,1700.0,2200.0,2000.0,0.0,500.0
Nagaland,Wokha,Baghty Apmc,Brinjal,2026-09-24,2000.0,2500.0,2350.0,0.0,500.0
Odisha,Cuttack,Banki Apmc,Brinjal,2026-09-24,3500.0,4500.0,4000.0,0.0,1000.0
Tripura,South Tripura,Barpathari Apmc,Brinjal,2026-09-24,5400.0,5600.0,5500.0,0.0,200.0
Haryana,Hissar,Barwala(Hisar) Apmc,Brinjal,2026-09-24,1000.0,1200.0,1100.0,0.0,200.0
Odisha,Mayurbhanja,Betnoti Apmc,Brinjal,2026-09-24,4800.0,5200.0,5000.0,0.0,400.0
Madhya Pradesh,Betul,Betul(F&V) Apmc,Brinjal,2026-09-24,1000.0,1500.0,1200.0,0.0,500.0
Punjab,Bhatinda,Bhagta Bhai Ka Apmc,Brinjal,2026-09-24,2300.0,2300.0,2300.0,0.0,0.0
Uttarakhand,Haridwar,Bhagwanpur(Naveen Mandi Sthal) Apmc,Brinjal,2026-09-24,500.0,600.0,550.0,0.0,100.0
Odisha,Kalahandi,Bhawanipatna Apmc,Brinjal,2026-09-24,2800.0,2800.0,2800.0,0.0,0.0
Punjab,Jalandhar,Bhogpur Apmc,Brinjal,2026-09-24,1300.0,1300.0,1300.0,0.0,0.0
West Bengal,Bankura,Bishnupur(Bankura) Apmc,Brinjal,2026-09-24,2800.0,3500.0,3000.0,0.0,700.0
Tamil Nadu,Theni,Bodinayakanur(Uzhavar Sandhai ),Brinjal,2026-09-24,3200.0,3200.0,3200.0,0.0,0.0
Odisha,Boudh,Boudh Apmc,Brinjal,2026-09-24,5500.0,6500.0,6000.0,0.0,1000.0
Chandigarh,Chandigarh,Chandigarh (Grain/F&V) Apmc,Brinjal,2026-09-24,800.0,1000.0,1000.0,0.0,200.0
Tamil Nadu,Thiruvannamalai,Chengam(Uzhavar Sandhai ),Brinjal,2026-09-24,2500.0,3000.0,2750.0,0.0,500.0
Keralam,Alappuzha,Chengannur Market,Brinjal,2026-09-24,4500.0,4800.0,4600.0,0.0,300.0
Keralam,Alappuzha,Cherthala Market,Brinjal,2026-09-24,4000.0,4200.0,4100.0,0.0,200.0
Tamil Nadu,Thiruvannamalai,Cheyyar(Uzhavar Sandhai ),Brinjal,2026-09-24,4000.0,4800.0,4400.0,0.0,800.0
Tamil Nadu,Cuddalore,Chidambaram(Uzhavar Sandhai ),Brinjal,2026-09-24,4000.0,5000.0,4500.0,0.0,1000.0
Tamil Nadu,Dindigul,Chinnalapatti(Uzhavar Sandhai ),Brinjal,2026-09-24,5000.0,6000.0,5500.0,0.0,1000.0
Tamil Nadu,Theni,Chinnamanur(Uzhavar Sandhai ),Brinjal,2026-09-24,3200.0,3200.0,3200.0,0.0,0.0
Tamil Nadu,Madurai,Chokkikulam(Uzhavar Sandhai ),Brinjal,2026-09-24,4000.0,5000.0,4500.0,0.0,1000.0
Tripura,Dhalai,Chowmanu Apmc,Brinjal,2026-09-24,4000.0,5000.0,4500.0,0.0,1000.0
Tamil Nadu,The Nilgiris,Coonoor(Uzhavar Sandhai ),Brinjal,2026-09-24,3000.0,3200.0,3100.0,0.0,200.0
Tamil Nadu,Cuddalore,Cuddalore(Uzhavar Sandhai ),Brinjal,2026-09-24,4000.0,5000.0,4500.0,0.0,1000.0
Gujarat,Amreli,Damnagar Apmc,Brinjal,2026-09-24,3000.0,3000.0,3000.0,0.0,0.0
Tripura,North Tripura,Dasda Apmc,Brinjal,2026-09-24,2750.0,2750.0,2750.0,0.0,0.0
Tamil Nadu,Krishnagiri,Denkanikottai(Uzhavar Sandhai ),Brinjal,2026-09-24,2500.0,3000.0,2750.0,0.0,500.0
Tamil Nadu,Sivaganga,Devakottai (Uzhavar Sandhai ),Brinjal,2026-09-24,4400.0,5400.0,4900.0,0.0,1000.0
Tamil Nadu,Theni,Devaram(Uzhavar Sandhai ),Brinjal,2026-09-24,3000.0,3000.0,3000.0,0.0,0.0
Tamil Nadu,Thirupur,Dharapuram(Uzhavar Sandhai ),Brinjal,2026-09-24,5000.0,5400.0,5200.0,0.0,400.0
Tamil Nadu,Dharmapuri,Dharmapuri(Uzhavar Sandhai ),Brinjal,2026-09-24,1500.0,1600.0,1550.0,0.0,100.0
Nagaland,Dimapur,Dimapur Apmc,Brinjal,2026-09-24,3000.0,4000.0,3500.0,0.0,1000.0
Tamil Nadu,Dindigul,Dindigul(Uzhavar Sandhai ),Brinjal,2026-09-24,5000.0,6000.0,5500.0,0.0,1000.0
Punjab,Ludhiana,Doraha Apmc,Brinjal,2026-09-24,800.0,2000.0,1600.0,0.0,1200.0
Tamil Nadu,Salem,Edapadi (Uzhavar Sandhai ),Brinjal,2026-09-24,2500.0,3000.0,2750.0,0.0,500.0
Tamil Nadu,Salem,Elampillai(Uzhavar Sandhai ),Brinjal,2026-09-24,2500.0,3000.0,2750.0,0.0,500.0
Uttar Pradesh,Agra,Fatehabad Apmc,Brinjal,2026-09-24,1200.0,1500.0,1400.0,0.0,300.0
Haryana,Mewat,Ferozpurzirkha(Nagina) Apmc,Brinjal,2026-09-24,1200.0,1600.0,1400.0,0.0,400.0
Jammu and Kashmir,Udhampur,Fruit And Vegetable Market Udhampur,Brinjal,2026-09-24,1750.0,1750.0,1750.0,0.0,0.0
Tamil Nadu,Pudukkottai,Gandarvakottai(Uzhavar Sandhai ),Brinjal,2026-09-24,4500.0,6000.0,5250.0,0.0,1500.0
Tamil Nadu,Karur,Gandhigramam(Uzhavar Sandhai),Brinjal,2026-09-24,2800.0,3200.0,3000.0,0.0,400.0
West Bengal,Dakshin Dinajpur,Gangarampur(Dakshin Dinajpur) Apmc,Brinjal,2026-09-24,4000.0,5000.0,4500.0,0.0,1000.0
Tamil Nadu,Villupuram,Gingee(Uzhavar Sandhai ),Brinjal,2026-09-24,4000.0,5000.0,4500.0,0.0,1000.0
Tamil Nadu,Erode,Gobichettipalayam(Uzhavar Sandhai ),Brinjal,2026-09-24,2500.0,3000.0,2750.0,0.0,500.0
Odisha,Bargarh,Godbhaga Apmc,Brinjal,2026-09-24,2600.0,3000.0,2800.0,0.0,400.0
Gujarat,Rajkot,Gondal(Veg.Market Gondal) Apmc,Brinjal,2026-09-24,200.0,3000.0,1600.0,0.0,2800.0
Tamil Nadu,The Nilgiris,Gudalur(Uzhavar Sandhai ),Brinjal,2026-09-24,2800.0,3200.0,3000.0,0.0,400.0
Tamil Nadu,Vellore,Gudiyatham(Uzhavar Sandhai ),Brinjal,2026-09-24,3500.0,3500.0,3500.0,0.0,0.0
Tamil Nadu,Chengalpattu,Guduvancheri(Uzhavar Sandhai ),Brinjal,2026-09-24,3500.0,4000.0,3750.0,0.0,500.0
Uttar Pradesh,Bulandshahar,Gulavati Apmc,Brinjal,2026-09-24,1500.0,1700.0,1600.0,0.0,200.0
Odisha,Rayagada,Gunpur Apmc,Brinjal,2026-09-24,6600.0,7480.0,7000.0,0.0,880.0
Punjab,Gurdaspur,Gurdaspur Apmc,Brinjal,2026-09-24,1400.0,1400.0,1400.0,0.0,0.0
Haryana,Gurgaon,Gurgaon Apmc,Brinjal,2026-09-24,1200.0,1600.0,1400.0,0.0,400.0
Haryana,Hissar,Hansi Apmc,Brinjal,2026-09-24,1000.0,1500.0,1250.0,0.0,500.0
Punjab,Tarntaran,Harike Apmc,Brinjal,2026-09-24,300.0,400.0,350.0,0.0,100.0
Keralam,Alappuzha,Harippad Market,Brinjal,2026-09-24,4500.0,5000.0,4500.0,0.0,500.0
Tamil Nadu,Dharmapuri,Harur(Uzhavar Sandhai ),Brinjal,2026-09-24,2000.0,2500.0,2250.0,0.0,500.0
Tamil Nadu,Salem,Hasthampatti(Uzhavar Sandhai ),Brinjal,2026-09-24,2600.0,2800.0,2700.0,0.0,200.0
Karnataka,Davangere,Honnali Apmc,Brinjal,2026-09-24,500.0,800.0,700.0,0.0,300.0
Tamil Nadu,Krishnagiri,Hosur(Uzhavar Sandhai ),Brinjal,2026-09-24,2000.0,2500.0,2250.0,0.0,500.0
Tamil Nadu,Salem,Jalagandapuram(Uzhavar Sandhai ),Brinjal,2026-09-24,3000.0,3500.0,3250.0,0.0,500.0
Uttar Pradesh,Shahjahanpur,Jalalabad Apmc,Brinjal,2026-09-24,700.0,800.0,750.0,0.0,100.0
Punjab,Jalandhar,Jalandhar City(Jalandhar) Apmc,Brinjal,2026-09-24,600.0,1000.0,800.0,0.0,400.0
Tamil Nadu,Chengalpattu,Jameenrayapettai(Uzhavar Sandhai ),Brinjal,2026-09-24,3500.0,4000.0,3750.0,0.0,500.0
Uttar Pradesh,Etawah,Jasvantnagar Apmc,Brinjal,2026-09-24,1770.0,1870.0,1820.0,0.0,100.0
Tamil Nadu,Ariyalur,Jeyankondam (Uzhavar Sandhai ),Brinjal,2026-09-24,3500.0,4000.0,3750.0,0.0,500.0
West Bengal,Jhargram,Jhargram Apmc,Brinjal,2026-09-24,4000.0,4500.0,4300.0,0.0,500.0
Tamil Nadu,Vellore,Kahithapattarai(Uzhavar Sandhai ),Brinjal,2026-09-24,3600.0,3600.0,3600.0,0.0,0.0
Uttar Pradesh,Shamli,Kairana Apmc,Brinjal,2026-09-24,1000.0,1100.0,1050.0,0.0,100.0
Odisha,Kalahandi,Kalahandi(Dharamagarh) Apmc,Brinjal,2026-09-24,2500.0,2900.0,2700.0,0.0,400.0
Tamil Nadu,Kallakuruchi,Kallakurichi(Uzhavar Sandhai ),Brinjal,2026-09-24,5000.0,5000.0,5000.0,0.0,0.0
Odisha,Dhenkanal,Kamakhyanagar Apmc,Brinjal,2026-09-24,5000.0,5000.0,5000.0,0.0,0.0
Tamil Nadu,Theni,Kambam(Uzhavar Sandhai ),Brinjal,2026-09-24,2500.0,3000.0,2750.0,0.0,500.0
Tamil Nadu,Ramanathapuram,Kamuthi(Uzhavar Sandhai ),Brinjal,2026-09-24,5500.0,6000.0,5750.0,0.0,500.0
Tamil Nadu,Kancheepuram,Kancheepuram(Uzhavar Sandhai ),Brinjal,2026-09-24,3000.0,4000.0,3500.0,0.0,1000.0
Tamil Nadu,Thirunelveli,Kandiyaperi(Uzhavar Sandhai ),Brinjal,2026-09-24,2000.0,2500.0,2250.0,0.0,500.0
Tamil Nadu,Thirupur,Kangayam(Uzhavar Sandhai ),Brinjal,2026-09-24,5500.0,6000.0,5750.0,0.0,500.0
Odisha,Bolangir,Kantabaji Apmc,Brinjal,2026-09-24,1800.0,2800.0,2300.0,0.0,1000.0
Tamil Nadu,Sivaganga,Karaikudi(Uzhavar Sandhai ),Brinjal,2026-09-24,4400.0,5400.0,4900.0,0.0,1000.0
Tamil Nadu,Pudukkottai,Karambakkudi(Uzhavar Sandhai ),Brinjal,2026-09-24,7000.0,8000.0,7500.0,0.0,1000.0
Odisha,Mayurbhanja,Karanjia Apmc,Brinjal,2026-09-24,4000.0,4500.0,4200.0,0.0,500.0
Tamil Nadu,Dharmapuri,Karimangalam(Uzhavar Sandhai),Brinjal,2026-09-24,1800.0,2000.0,1900.0,0.0,200.0
Tamil Nadu,Virudhunagar,Kariyapatti(Uzhavar Sandhai ),Brinjal,2026-09-24,3500.0,4000.0,3750.0,0.0,500.0
Tamil Nadu,Karur,Karur(Uzhavar Sandhai ),Brinjal,2026-09-24,3500.0,4500.0,4000.0,0.0,1000.0
Tamil Nadu,Vellore,Katpadi (Uzhavar Sandhai ),Brinjal,2026-09-24,4500.0,4500.0,4500.0,0.0,0.0
Keralam,Idukki,Kattappana Market,Brinjal,2026-09-24,3800.0,4500.0,4200.0,0.0,700.0
Tamil Nadu,Krishnagiri,Kaveripattinam(Uzhavar Sandhai ),Brinjal,2026-09-24,4000.0,5000.0,4500.0,0.0,1000.0
Tamil Nadu,Thiruvannamalai,Keelpennathur(Uzhavar Sandhai ),Brinjal,2026-09-24,4500.0,5000.0,4750.0,0.0,500.0
Madhya Pradesh,Khandwa,Khandwa(F&V) Apmc,Brinjal,2026-09-24,1000.0,2200.0,1250.0,0.0,1200.0
West Bengal,Bankura,Khatra Apmc,Brinjal,2026-09-24,2500.0,3300.0,3000.0,0.0,800.0
Odisha,Boudh,Khunthabandha Apmc,Brinjal,2026-09-24,5000.0,6000.0,5500.0,0.0,1000.0
Tamil Nadu,Thiruchirappalli,Kknagar(Uzhavar Sandhai ),Brinjal,2026-09-24,4000.0,4600.0,4300.0,0.0,600.0
Tamil Nadu,Dindigul,Kodaikkanal(Uzhavar Sandhai),Brinjal,2026-09-24,4000.0,5000.0,4500.0,0.0,1000.0
Tamil Nadu,Tuticorin,Kovilpatti(Uzhavar Sandhai ),Brinjal,2026-09-24,1500.0,2000.0,1750.0,0.0,500.0
Tamil Nadu,Krishnagiri,Krishnagiri(Uzhavar Sandhai ),Brinjal,2026-09-24,1600.0,2000.0,1800.0,0.0,400.0
Tamil Nadu,Karur,Kulithalai(Uzhavar Sandhai ),Brinjal,2026-09-24,2400.0,2800.0,2600.0,0.0,400.0
Tamil Nadu,Namakkal,Kumarapalayam(Uzhavar Sandhai ),Brinjal,2026-09-24,4500.0,5000.0,4750.0,0.0,500.0
Tamil Nadu,Thanjavur,Kumbakonam (Uzhavar Sandhai ),Brinjal,2026-09-24,3600.0,4800.0,4200.0,0.0,1200.0
Tamil Nadu,Kancheepuram,Kundrathur(Uzhavar Sandhai ),Brinjal,2026-09-24,3500.0,4000.0,3750.0,0.0,500.0
Tamil Nadu,Coimbatore,Kurichi(Uzhavar Sandhai ),Brinjal,2026-09-24,4000.0,5000.0,4500.0,0.0,1000.0
Keralam,Pathanamthitta,Kuttoor Market,Brinjal,2026-09-24,4600.0,5000.0,4800.0,0.0,400.0
Uttar Pradesh,Raebarelli,Lalganj Apmc,Brinjal,2026-09-24,1200.0,1400.0,1300.0,0.0,200.0
Tamil Nadu,Thiruchirappalli,Lalgudi(Uzhavar Sandhai ),Brinjal,2026-09-24,4000.0,4600.0,4300.0,0.0,600.0
Punjab,Mohali,Lalru Apmc,Brinjal,2026-09-24,2500.0,2500.0,2500.0,0.0,0.0
Punjab,Jalandhar,Lohian Khas Apmc,Brinjal,2026-09-24,1400.0,1800.0,1600.0,0.0,400.0
Punjab,Ludhiana,Ludhiana Apmc,Brinjal,2026-09-24,200.0,1800.0,1000.0,0.0,1600.0
Jammu and Kashmir,Jammu,Mac F&V Market Narwal Jammu,Brinjal,2026-09-24,2000.0,2500.0,2250.0,0.0,500.0
Bihar,Madhubani,Madhubani Apmc,Brinjal,2026-09-24,3300.0,3500.0,3400.0,0.0,200.0
Tamil Nadu,Chengalpattu,Madhuranthagam(Uzhavar Sandhai ),Brinjal,2026-09-24,5000.0,5000.0,5000.0,0.0,0.0
Telangana,Mahbubnagar,Mahabubnagar(Rythu Bazar),Brinjal,2026-09-24,2400.0,2400.0,2400.0,0.0,0.0
Uttar Pradesh,Khiri (Lakhimpur),Maigalganj Apmc,Brinjal,2026-09-24,1000.0,1030.0,1015.0,0.0,30.0
Punjab,Sangrur,Malerkotla Apmc,Brinjal,2026-09-24,1000.0,1800.0,1500.0,0.0,800.0
Tamil Nadu,Thiruchirappalli,Manachanallur(Uzhavar Sandhai ),Brinjal,2026-09-24,4600.0,4600.0,4600.0,0.0,0.0
Tamil Nadu,Thiruchirappalli,Manapparai(Uzhavar Sandhai ),Brinjal,2026-09-24,2400.0,2400.0,2400.0,0.0,0.0
Madhya Pradesh,Dhar,Manawar(F&V) Apmc,Brinjal,2026-09-24,700.0,1000.0,800.0,0.0,300.0
Madhya Pradesh,Mandsaur,Mandsaur(F&V) Apmc,Brinjal,2026-09-24,1400.0,2900.0,1975.0,0.0,1500.0
Uttarakhand,Haridwar,Manglaur Apmc,Brinjal,2026-09-24,700.0,1000.0,800.0,0.0,300.0
Tamil Nadu,Thiruvarur,Mannargudi I(Uzhavar Sandhai ),Brinjal,2026-09-24,3800.0,3800.0,3800.0,0.0,0.0
Tamil Nadu,Thiruvarur,Mannargudi Ii(Uzhavar Sandhai ),Brinjal,2026-09-24,3800.0,3800.0,3800.0,0.0,0.0
Gujarat,Gandhinagar,Mansa(Manas Veg Yard) Apmc,Brinjal,2026-09-24,4000.0,4000.0,4000.0,0.0,0.0
Gujarat,Gandhinagar,Mansa(Manas Veg Yard) Apmc,Brinjal,2026-09-24,1500.0,1500.0,1500.0,0.0,0.0
Gujarat,Gandhinagar,Mansa(Manas Veg Yard) Apmc,Brinjal,2026-09-24,1500.0,2500.0,2000.0,0.0,1000.0
Goa,North Goa,Mapusa Apmc,Brinjal,2026-09-24,1400.0,1400.0,1400.0,0.0,0.0
Tamil Nadu,Nagapattinam,Mayiladuthurai(Uzhavar Sandhai ),Brinjal,2026-09-24,4500.0,5000.0,4750.0,0.0,500.0
Tamil Nadu,Salem,Mecheri(Uzhavar Sandhai),Brinjal,2026-09-24,2500.0,3000.0,2750.0,0.0,500.0
Tamil Nadu,Chengalpattu,Medavakkam(Uzhavar Sandhai ),Brinjal,2026-09-24,4000.0,5000.0,4500.0,0.0,1000.0
Haryana,Rohtak,Meham,Brinjal,2026-09-24,1200.0,1200.0,1200.0,0.0,0.0
Punjab,Jalandhar,Mehatpur Apmc,Brinjal,2026-09-24,1800.0,2000.0,1900.0,0.0,200.0
Tamil Nadu,Thirunelveli,Melapalayam(Uzhavar Sandhai ),Brinjal,2026-09-24,2000.0,2500.0,2250.0,0.0,500.0
Tamil Nadu,Madurai,Melur(Uzhavar Sandhai ),Brinjal,2026-09-24,3600.0,4000.0,3800.0,0.0,400.0
Tamil Nadu,Coimbatore,Mettupalayam(Uzhavar Sandhai ),Brinjal,2026-09-24,2400.0,2800.0,2600.0,0.0,400.0
Tamil Nadu,Salem,Mettur(Uzhavar Sandhai ),Brinjal,2026-09-24,2200.0,2500.0,2350.0,0.0,300.0
Tamil Nadu,Namakkal,Mohanur(Uzhavar Sandhai ),Brinjal,2026-09-24,3600.0,4800.0,4200.0,0.0,1200.0
Punjab,Hoshiarpur,Mukerian Apmc,Brinjal,2026-09-24,1500.0,2500.0,2000.0,0.0,1000.0
Keralam,Kozhikode(Calicut),Mukkom Market,Brinjal,2026-09-24,4400.0,4600.0,4500.0,0.0,200.0
Tamil Nadu,Thiruchirappalli,Musiri(Uzhavar Sandhai ),Brinjal,2026-09-24,3000.0,4500.0,3750.0,0.0,1500.0
Tamil Nadu,Thiruvarur,Muthupettai(Uzhavar Sandhai ),Brinjal,2026-09-24,3600.0,3600.0,3600.0,0.0,0.0
Tamil Nadu,Nagapattinam,Nagapattinam(Uzhavar Sandhai ),Brinjal,2026-09-24,4800.0,5500.0,5150.0,0.0,700.0
Tamil Nadu,Namakkal,Namakkal(Uzhavar Sandhai ),Brinjal,2026-09-24,4000.0,4800.0,4400.0,0.0,800.0
Tamil Nadu,Chengalpattu,Nanganallur(Uzhavar Sandhai ),Brinjal,2026-09-24,3500.0,4000.0,3750.0,0.0,500.0
Haryana,Mahendragarh-Narnaul,Narnaul Apmc,Brinjal,2026-09-24,1000.0,2500.0,1500.0,0.0,1500.0
Tamil Nadu,Thirupathur,Natrampalli(Uzhavar Sandhai ),Brinjal,2026-09-24,4000.0,5000.0,4500.0,0.0,1000.0
Tamil Nadu,Thiruvarur,Needamangalam(Uzhavar Sandhai ),Brinjal,2026-09-24,3600.0,3600.0,3600.0,0.0,0.0
Keralam,Thiruvananthapuram,Neyyatinkara Market,Brinjal,2026-09-24,3500.0,4000.0,3700.0,0.0,500.0
Odisha,Balasore,Nilagiri Apmc,Brinjal,2026-09-24,4450.0,4500.0,4500.0,0.0,50.0
Keralam,Ernakulam,North Paravur Market,Brinjal,2026-09-24,3000.0,4000.0,3500.0,0.0,1000.0
Madhya Pradesh,Jabalpur,Paatan (F&V) Apmc,Brinjal,2026-09-24,1500.0,1500.0,1500.0,0.0,0.0
Tamil Nadu,Kancheepuram,Padappai(Uzhavar Sandhai ),Brinjal,2026-09-24,3000.0,4000.0,3500.0,0.0,1000.0
Gujarat,Vadodara(Baroda),Padra Apmc,Brinjal,2026-09-24,1500.0,3000.0,2250.0,0.0,1500.0
Tamil Nadu,Dharmapuri,Palacode(Uzhavar Sandhai ),Brinjal,2026-09-24,2000.0,2500.0,2250.0,0.0,500.0
Andhra Pradesh,Chittor,Palamaner Apmc,Brinjal,2026-09-24,1200.0,2000.0,1600.0,0.0,800.0
Tamil Nadu,Madurai,Palanganatham(Uzhavar Sandhai ),Brinjal,2026-09-24,4000.0,4500.0,4250.0,0.0,500.0
Tamil Nadu,Dindigul,Palani(Uzhavar Sandhai ),Brinjal,2026-09-24,4000.0,4500.0,4250.0,0.0,500.0
Tamil Nadu,Thirunelveli,Palayamkottai(Uzhavar Sandhai ),Brinjal,2026-09-24,2000.0,2500.0,2250.0,0.0,500.0
Tamil Nadu,Thirupur,Palladam(Uzhavar Sandhai ),Brinjal,2026-09-24,3500.0,4000.0,3750.0,0.0,500.0
Tamil Nadu,Karur,Pallapatti (Uzhavar Sandhai ),Brinjal,2026-09-24,5000.0,6000.0,5500.0,0.0,1000.0
Tamil Nadu,Chengalpattu,Pallavaram(Uzhavar Sandhai ),Brinjal,2026-09-24,2500.0,3000.0,2750.0,0.0,500.0
Tamil Nadu,Vellore,Pallikonda(Uzhavar Sandhai),Brinjal,2026-09-24,3500.0,4000.0,3750.0,0.0,500.0
Keralam,Kottayam,Pampady Market,Brinjal,2026-09-24,3500.0,5000.0,4500.0,0.0,1500.0
Odisha,Sundergarh,Panposh Apmc,Brinjal,2026-09-24,4000.0,5000.0,4500.0,0.0,1000.0
Tamil Nadu,Cuddalore,Panruti(Uzhavar Sandhai ),Brinjal,2026-09-24,4000.0,5000.0,4500.0,0.0,1000.0
Tamil Nadu,Thanjavur,Papanasam(Uzhavar Sandhai ),Brinjal,2026-09-24,3600.0,4800.0,4200.0,0.0,1200.0
Tamil Nadu,Ramanathapuram,Paramakudi(Uzhavar Sandhai ),Brinjal,2026-09-24,6000.0,6400.0,6200.0,0.0,400.0
Tamil Nadu,Namakkal,Paramathivelur(Uzhavar Sandhai ),Brinjal,2026-09-24,3500.0,4000.0,3750.0,0.0,500.0
Keralam,Thiruvananthapuram,Parassala Market,Brinjal,2026-09-24,3800.0,4200.0,4000.0,0.0,400.0
Keralam,Thiruvananthapuram,Parassala Market,Brinjal,2026-09-24,4800.0,5200.0,5000.0,0.0,400.0
Tamil Nadu,Thiruvellore,Paruthipattu(Uzhavar Sandhai ),Brinjal,2026-09-24,5000.0,5000.0,5000.0,0.0,0.0
Keralam,Palakad,Pattambi Market,Brinjal,2026-09-24,3000.0,3500.0,3200.0,0.0,500.0
Punjab,Tarntaran,Patti Apmc,Brinjal,2026-09-24,0.03,0.03,0.03,0.0,0.0
Tamil Nadu,Thanjavur,Pattukottai(Uzhavar Sandhai ),Brinjal,2026-09-24,3400.0,3400.0,3400.0,0.0,0.0
Tamil Nadu,Dharmapuri,Pennagaram(Uzhavar Sandhai ),Brinjal,2026-09-24,2500.0,2800.0,2650.0,0.0,300.0
Tamil Nadu,Thiruvellore,Perambakkam(Uzhavar Sandhai ),Brinjal,2026-09-24,5000.0,5000.0,5000.0,0.0,0.0
Tamil Nadu,Perambalur,Perambalur(Uzhavar Sandhai ),Brinjal,2026-09-24,3600.0,4000.0,3800.0,0.0,400.0
Tamil Nadu,Vellore,Perampet(Uzhavar Sandhai),Brinjal,2026-09-24,2500.0,3000.0,2750.0,0.0,500.0
Tamil Nadu,Thanjavur,Peravurani(Uzhavar Sandhai),Brinjal,2026-09-24,3400.0,4400.0,3900.0,0.0,1000.0
Tamil Nadu,Theni,Periyakulam(Uzhavar Sandhai ),Brinjal,2026-09-24,2800.0,3000.0,2900.0,0.0,200.0
Tamil Nadu,Erode,Periyar Nagar(Uzhavar Sandhai ),Brinjal,2026-09-24,2000.0,2500.0,2250.0,0.0,500.0
Keralam,Ernakulam,Perumbavoor Market,Brinjal,2026-09-24,3000.0,4000.0,3500.0,0.0,1000.0
Tamil Nadu,Erode,Perundurai(Uzhavar Sandhai ),Brinjal,2026-09-24,3600.0,4000.0,3800.0,0.0,400.0
Himachal Pradesh,Chamba,Pmy Chamba,Brinjal,2026-09-24,2500.0,3000.0,2750.0,0.0,500.0
Himachal Pradesh,Kangra,Pmy Kangra,Brinjal,2026-09-24,2200.0,2500.0,2350.0,0.0,300.0
Himachal Pradesh,Solan,Pmy Kather Solan,Brinjal,2026-09-24,2000.0,3000.0,2500.0,0.0,1000.0
Tamil Nadu,Coimbatore,Pollachi(Uzhavar Sandhai ),Brinjal,2026-09-24,4500.0,5000.0,4750.0,0.0,500.0
Tamil Nadu,Thiruvannamalai,Polur(Uzhavar Sandhai ),Brinjal,2026-09-24,5000.0,6000.0,5500.0,0.0,1000.0
Tamil Nadu,Pudukkottai,Ponnamaravathi(Uzhavar Sandhai),Brinjal,2026-09-24,6500.0,7000.0,6750.0,0.0,500.0
Tamil Nadu,Pudukkottai,Pudukottai(Uzhavar Sandhai ),Brinjal,2026-09-24,6500.0,7000.0,6750.0,0.0,500.0
Maharashtra,Pune,Pune,Brinjal,2026-09-24,3500.0,3500.0,3500.0,0.0,0.0
Maharashtra,Pune,Pune,Brinjal,2026-09-24,2000.0,3000.0,2500.0,0.0,1000.0
Punjab,Gurdaspur,Quadian Apmc,Brinjal,2026-09-24,900.0,1100.0,1000.0,0.0,200.0
Keralam,Kozhikode(Calicut),Quilandy Market,Brinjal,2026-09-24,3500.0,4000.0,3800.0,0.0,500.0
Punjab,Ludhiana,Raikot Apmc,Brinjal,2026-09-24,2665.0,2665.0,2665.0,0.0,0.0
Odisha,Sambalpur,Rairakhol Apmc,Brinjal,2026-09-24,3500.0,4000.0,3800.0,0.0,500.0
Tamil Nadu,Virudhunagar,Rajapalayam(Uzhavar Sandhai ),Brinjal,2026-09-24,3000.0,3500.0,3250.0,0.0,500.0
Karnataka,Bengaluru South,Ramanagara Apmc,Brinjal,2026-09-24,800.0,2000.0,1600.0,0.0,1200.0
Karnataka,Bengaluru South,Ramanagara Apmc,Brinjal,2026-09-24,1000.0,1600.0,1200.0,0.0,600.0
Tamil Nadu,Ramanathapuram,Ramanathapuram(Uzhavar Sandhai ),Brinjal,2026-09-24,5000.0,5500.0,5250.0,0.0,500.0
Punjab,Bhatinda,Rampuraphul(Nabha Mandi) Apmc,Brinjal,2026-09-24,900.0,1500.0,1000.0,0.0,600.0
Tamil Nadu,Ranipet,Ranipettai(Uzhavar Sandhai ),Brinjal,2026-09-24,3600.0,4400.0,4000.0,0.0,800.0
Tamil Nadu,Namakkal,Rasipuram(Uzhavar Sandhai ),Brinjal,2026-09-24,4600.0,5000.0,4800.0,0.0,400.0
Haryana,Fatehabad,Ratia Apmc,Brinjal,2026-09-24,1200.0,1400.0,1300.0,0.0,200.0
Bihar,East Champaran/ Motihari,Raxaul Apmc,Brinjal,2026-09-24,1800.0,2000.0,1900.0,0.0,200.0
Punjab,Amritsar,Rayya Apmc,Brinjal,2026-09-24,500.0,500.0,500.0,0.0,0.0
Uttarakhand,Haridwar,Roorkee Apmc,Brinjal,2026-09-24,800.0,1000.0,900.0,0.0,200.0
Punjab,Ropar (Rupnagar),Ropar Apmc,Brinjal,2026-09-24,1800.0,2000.0,1900.0,0.0,200.0
Tamil Nadu,Coimbatore,Rspuram(Uzhavar Sandhai ),Brinjal,2026-09-24,2800.0,3400.0,3100.0,0.0,600.0
Uttarakhand,Udhamsinghnagar,Rudrapur Apmc,Brinjal,2026-09-24,1500.0,2500.0,2000.0,0.0,1000.0
Telangana,Hyderabad,Rythu Bazar Mehdipatnam,Brinjal,2026-09-24,2300.0,2300.0,2300.0,0.0,0.0
Haryana,Yamuna Nagar,Sadhaura Apmc,Brinjal,2026-09-24,1300.0,1500.0,1400.0,0.0,200.0
Punjab,Ludhiana,Sahnewal Apmc,Brinjal,2026-09-24,2200.0,2200.0,2200.0,0.0,0.0
Uttar Pradesh,Sambhal,Sambhal Apmc,Brinjal,2026-09-24,810.0,825.0,820.0,0.0,15.0
Tamil Nadu,Erode,Sampath Nagar(Uzhavar Sandhai ),Brinjal,2026-09-24,2000.0,2500.0,2250.0,0.0,500.0
Tamil Nadu,Tenkasi,Sankarankoil(Uzhavar Sandhai ),Brinjal,2026-09-24,1500.0,2000.0,1750.0,0.0,500.0
Tamil Nadu,Kallakuruchi,Sankarapuram(Uzhavar Sandhai ),Brinjal,2026-09-24,4000.0,4000.0,4000.0,0.0,0.0
Madhya Pradesh,Rajgarh,Sarangpur(F&V) Apmc,Brinjal,2026-09-24,850.0,850.0,850.0,0.0,0.0
Telangana,Ranga Reddy,"Saroornagar,Rbz",Brinjal,2026-09-24,2300.0,2300.0,2300.0,0.0,0.0
Tamil Nadu,Erode,Sathiyamagalam(Uzhavar Sandhai ),Brinjal,2026-09-24,2400.0,2800.0,2600.0,0.0,400.0
Tamil Nadu,Virudhunagar,Sathur(Uzhavar Sandhai ),Brinjal,2026-09-24,3500.0,4000.0,3750.0,0.0,500.0
Madhya Pradesh,Badwani,Sendhwa(F&V) Apmc,Brinjal,2026-09-24,600.0,1000.0,800.0,0.0,400.0
Uttar Pradesh,Hathras,Shadabad Apmc,Brinjal,2026-09-24,600.0,700.0,650.0,0.0,100.0
Meghalaya,East Khasi Hills,Shillong Apmc,Brinjal,2026-09-24,4000.0,4500.0,4300.0,0.0,500.0
Tamil Nadu,Sivaganga,Singampunari(Uzhavar Sandhai ),Brinjal,2026-09-24,4200.0,4600.0,4400.0,0.0,400.0
Tamil Nadu,Coimbatore,Singanallur(Uzhavar Sandhai ),Brinjal,2026-09-24,3800.0,4600.0,4200.0,0.0,800.0
Madhya Pradesh,Harda,Sirali(F&V) Apmc,Brinjal,2026-09-24,1000.0,1000.0,1000.0,0.0,0.0
Punjab,Fatehgarh,Sirhind Apmc,Brinjal,2026-09-24,1700.0,2500.0,2000.0,0.0,800.0
Tamil Nadu,Nagapattinam,Sirkali(Uzhavar Sandhai ),Brinjal,2026-09-24,5000.0,5500.0,5250.0,0.0,500.0
Tamil Nadu,Sivaganga,Sivagangai (Uzhavar Sandhai ),Brinjal,2026-09-24,4200.0,4600.0,4400.0,0.0,400.0
Tamil Nadu,Virudhunagar,Sivakasi(Uzhavar Sandhai ),Brinjal,2026-09-24,3500.0,4000.0,3750.0,0.0,500.0
Himachal Pradesh,Kangra,Smy Baijnath,Brinjal,2026-09-24,2600.0,2800.0,2700.0,0.0,200.0
Himachal Pradesh,Kangra,Smy Dharamshala,Brinjal,2026-09-24,2500.0,3200.0,2850.0,0.0,700.0
Himachal Pradesh,Kangra,Smy Jaisinghpur,Brinjal,2026-09-24,2800.0,3500.0,3200.0,0.0,700.0
Himachal Pradesh,Mandi,Smy Jogindernagar,Brinjal,2026-09-24,2500.0,3000.0,2750.0,0.0,500.0
Himachal Pradesh,Kangra,Smy Nagrota Bagwan,Brinjal,2026-09-24,2000.0,2400.0,2200.0,0.0,400.0
Himachal Pradesh,Kangra,Smy Palampur,Brinjal,2026-09-24,2500.0,3000.0,2800.0,0.0,500.0
Himachal Pradesh,Una,Smy Santoshgarh,Brinjal,2026-09-24,2000.0,2000.0,2000.0,0.0,0.0
Tamil Nadu,Salem,Sooramangalam(Uzhavar Sandhai ),Brinjal,2026-09-24,1800.0,2000.0,1900.0,0.0,200.0
Tamil Nadu,Virudhunagar,Srivilliputhur(Uzhavar Sandhai ),Brinjal,2026-09-24,2500.0,3000.0,2750.0,0.0,500.0
Tamil Nadu,Coimbatore,Sulur(Uzhavar Sandhai ),Brinjal,2026-09-24,4000.0,4600.0,4300.0,0.0,600.0
Tamil Nadu,Coimbatore,Sundarapuram(Uzhavar Sandhai ),Brinjal,2026-09-24,3500.0,4000.0,3750.0,0.0,500.0
Tamil Nadu,Kancheepuram,Sunguvarchatram(Uzhavar Sandhai ),Brinjal,2026-09-24,3500.0,4000.0,3750.0,0.0,500.0
Gujarat,Surat,Surat Apmc,Brinjal,2026-09-24,1500.0,4500.0,3000.0,0.0,3000.0
Gujarat,Gir Somnath,Talalagir Apmc,Brinjal,2026-09-24,260.0,450.0,330.0,0.0,190.0
Tamil Nadu,Thiruvannamalai,Tamarainagar(Uzhavar Sandhai ),Brinjal,2026-09-24,4000.0,5000.0,4500.0,0.0,1000.0
West Bengal,Medinipur(E),Tamluk (Medinipur E) Apmc,Brinjal,2026-09-24,4200.0,4600.0,4400.0,0.0,400.0
Punjab,Hoshiarpur,Tanda Urmur Apmc,Brinjal,2026-09-24,2500.0,3000.0,2800.0,0.0,500.0
Tamil Nadu,Tenkasi,Tenkasi(Uzhavar Sandhai ),Brinjal,2026-09-24,2500.0,2500.0,2500.0,0.0,0.0
Tamil Nadu,Erode,Thalavadi(Uzhavar Sandhai ),Brinjal,2026-09-24,2600.0,3000.0,2800.0,0.0,400.0
Tamil Nadu,Virudhunagar,Thalavaipuram(Uzhavar Sandhai ),Brinjal,2026-09-24,2800.0,3500.0,3150.0,0.0,700.0
Tamil Nadu,Salem,Thammampatti (Uzhavar Sandhai ),Brinjal,2026-09-24,2500.0,3500.0,3000.0,0.0,1000.0
Tamil Nadu,Thanjavur,Thanjavur(Uzhavar Sandhai ),Brinjal,2026-09-24,4000.0,4400.0,4200.0,0.0,400.0
Tamil Nadu,Salem,Thathakapatti(Uzhavar Sandhai ),Brinjal,2026-09-24,3000.0,4000.0,3500.0,0.0,1000.0
Tamil Nadu,Theni,Theni(Uzhavar Sandhai ),Brinjal,2026-09-24,3000.0,3000.0,3000.0,0.0,0.0
Tamil Nadu,Chengalpattu,Thirukalukundram(Uzhavar Sandhai ),Brinjal,2026-09-24,4000.0,4500.0,4250.0,0.0,500.0
Tamil Nadu,Madurai,Thirumangalam(Uzhavar Sandhai ),Brinjal,2026-09-24,4500.0,5000.0,4750.0,0.0,500.0
Tamil Nadu,Vellore,Thirupathur Apmc,Brinjal,2026-09-24,3600.0,3600.0,3600.0,0.0,0.0
Tamil Nadu,Thiruchirappalli,Thiruverumbur(Uzhavar Sandhai ),Brinjal,2026-09-24,4600.0,4600.0,4600.0,0.0,0.0
Keralam,Ernakulam,Thrippunithura Market,Brinjal,2026-09-24,6000.0,7000.0,6200.0,0.0,1000.0
Tamil Nadu,Thiruchirappalli,Thuraiyur Apmc,Brinjal,2026-09-24,2500.0,3000.0,2750.0,0.0,500.0
Tamil Nadu,Villupuram,Tindivanam Apmc,Brinjal,2026-09-24,4000.0,5000.0,4500.0,0.0,1000.0
Tamil Nadu,Namakkal,Tiruchengode Apmc,Brinjal,2026-09-24,4500.0,5000.0,4750.0,0.0,500.0
Tamil Nadu,Thanjavur,Tirukattupalli(Uzhavar Sandhai ),Brinjal,2026-09-24,4400.0,4400.0,4400.0,0.0,0.0
Tamil Nadu,Sivaganga,Tirupatthur(Uzhavar Sandhai ),Brinjal,2026-09-24,4400.0,5400.0,4900.0,0.0,1000.0
Tamil Nadu,Thirupur,Tiruppur (North) (Uzhavar Sandhai ),Brinjal,2026-09-24,2500.0,3000.0,2750.0,0.0,500.0
Tamil Nadu,Thirupur,Tiruppur (South) (Uzhavar Sandhai ),Brinjal,2026-09-24,4000.0,5000.0,4500.0,0.0,1000.0
Tamil Nadu,Thiruvellore,Tiruthani(Uzhavar Sandhai ),Brinjal,2026-09-24,4000.0,4000.0,4000.0,0.0,0.0
Tamil Nadu,Thiruvarur,Tiruthuraipoondi(Uzhavar Sandhai ),Brinjal,2026-09-24,3800.0,3800.0,3800.0,0.0,0.0
Tamil Nadu,Thiruvannamalai,Tiruvannamalai(Uzhavar Sandhai ),Brinjal,2026-09-24,5000.0,6000.0,5500.0,0.0,1000.0
Tamil Nadu,Thiruvarur,Tiruvarur(Uzhavar Sandhai ),Brinjal,2026-09-24,4000.0,4000.0,4000.0,0.0,0.0
Tamil Nadu,Tuticorin,Tuticorin(Uzhavar Sandhai ),Brinjal,2026-09-24,2500.0,3000.0,2750.0,0.0,500.0
Tamil Nadu,The Nilgiris,Udhagamandalam(Uzhavar Sandhai ),Brinjal,2026-09-24,2500.0,3000.0,2750.0,0.0,500.0
Tamil Nadu,Coimbatore,Udumalpet Apmc,Brinjal,2026-09-24,4000.0,4500.0,4250.0,0.0,500.0
Tamil Nadu,Villupuram,Ulundurpettai Apmc,Brinjal,2026-09-24,3000.0,3000.0,3000.0,0.0,0.0
Tamil Nadu,Madurai,Usilampatti(Uzhavar Sandhai ),Brinjal,2026-09-24,4000.0,4500.0,4250.0,0.0,500.0
Tamil Nadu,Cuddalore,Vadalur(Uzhavar Sandhai ),Brinjal,2026-09-24,4000.0,4000.0,4000.0,0.0,0.0
Tamil Nadu,Nagercoil (Kannyiakumari),Vadaseri Apmc,Brinjal,2026-09-24,6000.0,6500.0,6250.0,0.0,500.0
Tamil Nadu,Coimbatore,Vadavalli(Uzhavar Sandhai ),Brinjal,2026-09-24,3000.0,3500.0,3250.0,0.0,500.0
Gujarat,Surendranagar,Vadhvan Apmc,Brinjal,2026-09-24,1500.0,2500.0,2000.0,0.0,1000.0
Tamil Nadu,Thiruvarur,Valangaiman Apmc,Brinjal,2026-09-24,4000.0,4000.0,4000.0,0.0,0.0
Tamil Nadu,Thiruvannamalai,Vandavasi(Uzhavar Sandhai ),Brinjal,2026-09-24,4000.0,4800.0,4400.0,0.0,800.0
Tamil Nadu,Thirupathur,Vaniyampadi(Uzhavar Sandhai ),Brinjal,2026-09-24,3000.0,3000.0,3000.0,0.0,0.0
Telangana,Siddipet,Vantamamidi Apmc,Brinjal,2026-09-24,1000.0,1500.0,1250.0,0.0,500.0
Tamil Nadu,Salem,Vazhapadi(Uzhavar Sandhai),Brinjal,2026-09-24,2500.0,2500.0,2500.0,0.0,0.0
Tamil Nadu,Nagapattinam,Vedaranyam(Uzhavar Sandhai),Brinjal,2026-09-24,5000.0,6000.0,5500.0,0.0,1000.0
Tamil Nadu,Dindigul,Vedasanthur(Uzhavar Sandhai ),Brinjal,2026-09-24,4000.0,5000.0,4500.0,0.0,1000.0
Tamil Nadu,Karur,Velayuthampalayam(Uzhavar Sandhai ),Brinjal,2026-09-24,2800.0,3500.0,3150.0,0.0,700.0
Tamil Nadu,Vellore,Vellore Apmc,Brinjal,2026-09-24,3500.0,4000.0,3750.0,0.0,500.0
Tamil Nadu,Karur,Vengamedu(Uzhavar Sandhai ),Brinjal,2026-09-24,3500.0,4500.0,4000.0,0.0,1000.0
Uttarakhand,Dehradoon,Vikasnagar Apmc,Brinjal,2026-09-24,700.0,700.0,700.0,0.0,0.0
Tamil Nadu,Villupuram,Villupuram(Uzhavar Sandhai ),Brinjal,2026-09-24,4000.0,4500.0,4250.0,0.0,500.0
Tamil Nadu,Pudukkottai,Viralimalai(Uzhavar Sandhai ),Brinjal,2026-09-24,5500.0,6000.0,5750.0,0.0,500.0
Tamil Nadu,Virudhunagar,Virudhunagar(Uzhavar Sandhai ),Brinjal,2026-09-24,3500.0,4000.0,3750.0,0.0,500.0
Tamil Nadu,Cuddalore,Viruthachalam(Uzhavar Sandhai ),Brinjal,2026-09-24,4000.0,4000.0,4000.0,0.0,0.0
Telangana,Warangal,Warangal Apmc,Brinjal,2026-09-24,1500.0,2000.0,1750.0,0.0,500.0
Punjab,Ferozpur,Zira Apmc,Brinjal,2026-09-24,1600.0,1600.0,1600.0,0.0,0.0
Tamil Nadu,Dharmapuri,Ajattihalli(Uzhavar Sandhai ),Cabbage,2026-09-24,2600.0,3000.0,2800.0,0.0,400.0
Tamil Nadu,Salem,Ammapet(Uzhavar Sandhai ),Cabbage,2026-09-24,2600.0,3000.0,2800.0,0.0,400.0
Tamil Nadu,Madurai,Anaiyur(Uzhavar Sandhai ),Cabbage,2026-09-24,2200.0,2400.0,2300.0,0.0,200.0
Tamil Nadu,Theni,Andipatti(Uzhavar Sandhai ),Cabbage,2026-09-24,2800.0,3000.0,2900.0,0.0,200.0
Tamil Nadu,Madurai,Anna Nagar(Uzhavar Sandhai ),Cabbage,2026-09-24,2800.0,2800.0,2800.0,0.0,0.0
Maharashtra,Ratnagiri,Apmc Ratnagiri (Nachane) ,Cabbage,2026-09-24,1000.0,1400.0,1100.0,0.0,400.0
Tamil Nadu,Thiruvannamalai,Arani(Uzhavar Sandhai ),Cabbage,2026-09-24,2500.0,3000.0,2750.0,0.0,500.0
Tamil Nadu,Ranipet,Arcot(Uzhavar Sandhai ),Cabbage,2026-09-24,3000.0,3000.0,3000.0,0.0,0.0
Tamil Nadu,Ariyalur,Ariyalur(Uzhavar Sandhai),Cabbage,2026-09-24,3000.0,3500.0,3250.0,0.0,500.0
Tamil Nadu,Virudhunagar,Aruppukottai(Uzhavar Sandhai ),Cabbage,2026-09-24,3000.0,4000.0,3500.0,0.0,1000.0
Keralam,Kottayam,Athirampuzha Market,Cabbage,2026-09-24,2800.0,3000.0,2900.0,0.0,200.0
Tamil Nadu,Salem,Athur(Uzhavar Sandhai ),Cabbage,2026-09-24,2500.0,3000.0,2750.0,0.0,500.0
Odisha,Bargarh,Attabira Apmc,Cabbage,2026-09-24,1400.0,1800.0,1600.0,0.0,400.0
Tamil Nadu,Krishnagiri,Avallapalli(Uzhavar Sandhai ),Cabbage,2026-09-24,1000.0,1500.0,1250.0,0.0,500.0
Karnataka,Chikkaballapur,Bagepalli Apmc,Cabbage,2026-09-24,700.0,850.0,750.0,0.0,150.0
Punjab,Moga,Baghapurana Apmc,Cabbage,2026-09-24,2000.0,3000.0,2500.0,0.0,1000.0
Haryana,Hissar,Barwala(Hisar) Apmc,Cabbage,2026-09-24,2000.0,2500.0,2250.0,0.0,500.0
Madhya Pradesh,Betul,Betul(F&V) Apmc,Cabbage,2026-09-24,600.0,1000.0,800.0,0.0,400.0
Odisha,Kalahandi,Bhawanipatna Apmc,Cabbage,2026-09-24,2700.0,2700.0,2700.0,0.0,0.0
Tamil Nadu,Theni,Bodinayakanur(Uzhavar Sandhai ),Cabbage,2026-09-24,3000.0,3000.0,3000.0,0.0,0.0
Odisha,Boudh,Boudh Apmc,Cabbage,2026-09-24,3500.0,4500.0,4000.0,0.0,1000.0
Chandigarh,Chandigarh,Chandigarh (Grain/F&V) Apmc,Cabbage,2026-09-24,300.0,1200.0,1000.0,0.0,900.0
Tamil Nadu,Thiruvannamalai,Chengam(Uzhavar Sandhai ),Cabbage,2026-09-24,2500.0,3000.0,2750.0,0.0,500.0
Keralam,Alappuzha,Chengannur Market,Cabbage,2026-09-24,2800.0,3100.0,3000.0,0.0,300.0
Keralam,Alappuzha,Cherthala Market,Cabbage,2026-09-24,3800.0,4000.0,3900.0,0.0,200.0
Tamil Nadu,Thiruvannamalai,Cheyyar(Uzhavar Sandhai ),Cabbage,2026-09-24,2500.0,3000.0,2750.0,0.0,500.0
Tamil Nadu,Dindigul,Chinnalapatti(Uzhavar Sandhai ),Cabbage,2026-09-24,3600.0,4000.0,3800.0,0.0,400.0
Tamil Nadu,Theni,Chinnamanur(Uzhavar Sandhai ),Cabbage,2026-09-24,3000.0,3000.0,3000.0,0.0,0.0
Tamil Nadu,Madurai,Chokkikulam(Uzhavar Sandhai ),Cabbage,2026-09-24,2200.0,2400.0,2300.0,0.0,200.0
Tamil Nadu,The Nilgiris,Coonoor(Uzhavar Sandhai ),Cabbage,2026-09-24,2200.0,2500.0,2350.0,0.0,300.0
Tamil Nadu,Cuddalore,Cuddalore(Uzhavar Sandhai ),Cabbage,2026-09-24,2500.0,2800.0,2650.0,0.0,300.0
Gujarat,Amreli,Damnagar Apmc,Cabbage,2026-09-24,3000.0,3000.0,3000.0,0.0,0.0
West Bengal,Darjeeling,Darjeeling Apmc,Cabbage,2026-09-24,2800.0,3000.0,2900.0,0.0,200.0
Tamil Nadu,Krishnagiri,Denkanikottai(Uzhavar Sandhai ),Cabbage,2026-09-24,1000.0,1500.0,1250.0,0.0,500.0
Tamil Nadu,Sivaganga,Devakottai (Uzhavar Sandhai ),Cabbage,2026-09-24,3000.0,3400.0,3200.0,0.0,400.0
Tamil Nadu,Theni,Devaram(Uzhavar Sandhai ),Cabbage,2026-09-24,3000.0,3000.0,3000.0,0.0,0.0
Tamil Nadu,Thirupur,Dharapuram(Uzhavar Sandhai ),Cabbage,2026-09-24,3200.0,3600.0,3400.0,0.0,400.0
Tamil Nadu,Dharmapuri,Dharmapuri(Uzhavar Sandhai ),Cabbage,2026-09-24,2800.0,3000.0,2900.0,0.0,200.0
Tamil Nadu,Dindigul,Dindigul(Uzhavar Sandhai ),Cabbage,2026-09-24,3000.0,4000.0,3500.0,0.0,1000.0
Tamil Nadu,Salem,Edapadi (Uzhavar Sandhai ),Cabbage,2026-09-24,2500.0,3000.0,2750.0,0.0,500.0
Tamil Nadu,Salem,Elampillai(Uzhavar Sandhai ),Cabbage,2026-09-24,3000.0,3400.0,3200.0,0.0,400.0
Jammu and Kashmir,Udhampur,Fruit And Vegetable Market Udhampur,Cabbage,2026-09-24,2750.0,2750.0,2750.0,0.0,0.0
Tamil Nadu,Karur,Gandhigramam(Uzhavar Sandhai),Cabbage,2026-09-24,3500.0,4000.0,3750.0,0.0,500.0
Tamil Nadu,Villupuram,Gingee(Uzhavar Sandhai ),Cabbage,2026-09-24,4000.0,4000.0,4000.0,0.0,0.0
Tamil Nadu,Erode,Gobichettipalayam(Uzhavar Sandhai ),Cabbage,2026-09-24,2500.0,3000.0,2750.0,0.0,500.0
Odisha,Bargarh,Godbhaga Apmc,Cabbage,2026-09-24,1600.0,2000.0,1800.0,0.0,400.0
Gujarat,Rajkot,Gondal(Veg.Market Gondal) Apmc,Cabbage,2026-09-24,200.0,1200.0,700.0,0.0,1000.0
Tamil Nadu,The Nilgiris,Gudalur(Uzhavar Sandhai ),Cabbage,2026-09-24,1500.0,2000.0,1750.0,0.0,500.0
Tamil Nadu,Vellore,Gudiyatham(Uzhavar Sandhai ),Cabbage,2026-09-24,3000.0,3000.0,3000.0,0.0,0.0
Odisha,Rayagada,Gunpur Apmc,Cabbage,2026-09-24,6840.0,7900.0,7440.0,0.0,1060.0
Haryana,Gurgaon,Gurgaon Apmc,Cabbage,2026-09-24,800.0,1200.0,1000.0,0.0,400.0
Keralam,Alappuzha,Harippad Market,Cabbage,2026-09-24,4500.0,5000.0,4500.0,0.0,500.0
Tamil Nadu,Dharmapuri,Harur(Uzhavar Sandhai ),Cabbage,2026-09-24,2500.0,3000.0,2750.0,0.0,500.0
Tamil Nadu,Salem,Hasthampatti(Uzhavar Sandhai ),Cabbage,2026-09-24,3200.0,3400.0,3300.0,0.0,200.0
Karnataka,Davangere,Honnali Apmc,Cabbage,2026-09-24,400.0,500.0,450.0,0.0,100.0
Tamil Nadu,Krishnagiri,Hosur(Uzhavar Sandhai ),Cabbage,2026-09-24,1000.0,1500.0,1250.0,0.0,500.0
Tamil Nadu,Salem,Jalagandapuram(Uzhavar Sandhai ),Cabbage,2026-09-24,2600.0,3000.0,2800.0,0.0,400.0
Punjab,Jalandhar,Jalandhar City(Jalandhar) Apmc,Cabbage,2026-09-24,1000.0,1800.0,1400.0,0.0,800.0
Tamil Nadu,Chengalpattu,Jameenrayapettai(Uzhavar Sandhai ),Cabbage,2026-09-24,2200.0,2500.0,2350.0,0.0,300.0
Uttar Pradesh,Etawah,Jasvantnagar Apmc,Cabbage,2026-09-24,2070.0,2170.0,2120.0,0.0,100.0
Tamil Nadu,Vellore,Kahithapattarai(Uzhavar Sandhai ),Cabbage,2026-09-24,2500.0,2500.0,2500.0,0.0,0.0
Uttar Pradesh,Shamli,Kairana Apmc,Cabbage,2026-09-24,1400.0,1500.0,1450.0,0.0,100.0
Odisha,Kalahandi,Kalahandi(Dharamagarh) Apmc,Cabbage,2026-09-24,2500.0,2900.0,2700.0,0.0,400.0
Tamil Nadu,Kallakuruchi,Kallakurichi(Uzhavar Sandhai ),Cabbage,2026-09-24,4000.0,4000.0,4000.0,0.0,0.0
Odisha,Dhenkanal,Kamakhyanagar Apmc,Cabbage,2026-09-24,4000.0,4000.0,4000.0,0.0,0.0
Tamil Nadu,Theni,Kambam(Uzhavar Sandhai ),Cabbage,2026-09-24,3000.0,3000.0,3000.0,0.0,0.0
Odisha,Bolangir,Kantabaji Apmc,Cabbage,2026-09-24,2000.0,3000.0,2500.0,0.0,1000.0
Tamil Nadu,Sivaganga,Karaikudi(Uzhavar Sandhai ),Cabbage,2026-09-24,2600.0,2800.0,2700.0,0.0,200.0
Tamil Nadu,Dharmapuri,Karimangalam(Uzhavar Sandhai),Cabbage,2026-09-24,2800.0,3000.0,2900.0,0.0,200.0
Tamil Nadu,Virudhunagar,Kariyapatti(Uzhavar Sandhai ),Cabbage,2026-09-24,3500.0,4000.0,3750.0,0.0,500.0
West Bengal,Darjeeling,Karsiyang(Matigara) Apmc,Cabbage,2026-09-24,2800.0,3000.0,2900.0,0.0,200.0
Tamil Nadu,Karur,Karur(Uzhavar Sandhai ),Cabbage,2026-09-24,3500.0,4000.0,3750.0,0.0,500.0
Tamil Nadu,Vellore,Katpadi (Uzhavar Sandhai ),Cabbage,2026-09-24,2500.0,2500.0,2500.0,0.0,0.0
Keralam,Idukki,Kattappana Market,Cabbage,2026-09-24,2900.0,3300.0,3200.0,0.0,400.0
Madhya Pradesh,Khandwa,Khandwa(F&V) Apmc,Cabbage,2026-09-24,300.0,600.0,500.0,0.0,300.0
Odisha,Boudh,Khunthabandha Apmc,Cabbage,2026-09-24,3500.0,4500.0,4000.0,0.0,1000.0
Tamil Nadu,Thiruchirappalli,Kknagar(Uzhavar Sandhai ),Cabbage,2026-09-24,3200.0,3200.0,3200.0,0.0,0.0
Tamil Nadu,Dindigul,Kodaikkanal(Uzhavar Sandhai),Cabbage,2026-09-24,3500.0,4000.0,3750.0,0.0,500.0
Tamil Nadu,Tuticorin,Kovilpatti(Uzhavar Sandhai ),Cabbage,2026-09-24,3000.0,3500.0,3250.0,0.0,500.0
Tamil Nadu,Krishnagiri,Krishnagiri(Uzhavar Sandhai ),Cabbage,2026-09-24,2500.0,3000.0,2750.0,0.0,500.0
Tamil Nadu,Karur,Kulithalai(Uzhavar Sandhai ),Cabbage,2026-09-24,3000.0,3200.0,3100.0,0.0,200.0
Tamil Nadu,Namakkal,Kumarapalayam(Uzhavar Sandhai ),Cabbage,2026-09-24,2500.0,3000.0,2750.0,0.0,500.0
Tamil Nadu,Thanjavur,Kumbakonam (Uzhavar Sandhai ),Cabbage,2026-09-24,3000.0,3000.0,3000.0,0.0,0.0
Tamil Nadu,Kancheepuram,Kundrathur(Uzhavar Sandhai ),Cabbage,2026-09-24,3000.0,3000.0,3000.0,0.0,0.0
Tamil Nadu,Thiruchirappalli,Lalgudi(Uzhavar Sandhai ),Cabbage,2026-09-24,3000.0,3000.0,3000.0,0.0,0.0
Punjab,Ludhiana,Ludhiana Apmc,Cabbage,2026-09-24,800.0,1600.0,1200.0,0.0,800.0
Jammu and Kashmir,Jammu,Mac F&V Market Narwal Jammu,Cabbage,2026-09-24,2000.0,2200.0,2100.0,0.0,200.0
Telangana,Mahbubnagar,Mahabubnagar(Rythu Bazar),Cabbage,2026-09-24,3000.0,3000.0,3000.0,0.0,0.0
Uttar Pradesh,Khiri (Lakhimpur),Maigalganj Apmc,Cabbage,2026-09-24,800.0,830.0,815.0,0.0,30.0
Punjab,Sangrur,Malerkotla Apmc,Cabbage,2026-09-24,800.0,1500.0,1200.0,0.0,700.0
Tamil Nadu,Thiruchirappalli,Manachanallur(Uzhavar Sandhai ),Cabbage,2026-09-24,3000.0,3000.0,3000.0,0.0,0.0
Tamil Nadu,Thiruchirappalli,Manapparai(Uzhavar Sandhai ),Cabbage,2026-09-24,3000.0,3000.0,3000.0,0.0,0.0
Madhya Pradesh,Dhar,Manawar(F&V) Apmc,Cabbage,2026-09-24,900.0,1200.0,1000.0,0.0,300.0
Madhya Pradesh,Mandsaur,Mandsaur(F&V) Apmc,Cabbage,2026-09-24,1300.0,2750.0,1900.0,0.0,1450.0
Tamil Nadu,Thiruvarur,Mannargudi I(Uzhavar Sandhai ),Cabbage,2026-09-24,3400.0,3400.0,3400.0,0.0,0.0
Tamil Nadu,Thiruvarur,Mannargudi Ii(Uzhavar Sandhai ),Cabbage,2026-09-24,3400.0,3400.0,3400.0,0.0,0.0
Gujarat,Gandhinagar,Mansa(Manas Veg Yard) Apmc,Cabbage,2026-09-24,1500.0,2000.0,1500.0,0.0,500.0
Tamil Nadu,Nagapattinam,Mayiladuthurai(Uzhavar Sandhai ),Cabbage,2026-09-24,3000.0,3000.0,3000.0,0.0,0.0
Tamil Nadu,Thirunelveli,Melapalayam(Uzhavar Sandhai ),Cabbage,2026-09-24,2600.0,2800.0,2700.0,0.0,200.0
Tamil Nadu,Coimbatore,Mettupalayam(Uzhavar Sandhai ),Cabbage,2026-09-24,2500.0,3000.0,2750.0,0.0,500.0
Tamil Nadu,Salem,Mettur(Uzhavar Sandhai ),Cabbage,2026-09-24,2800.0,3000.0,2900.0,0.0,200.0
Tamil Nadu,Namakkal,Mohanur(Uzhavar Sandhai ),Cabbage,2026-09-24,2800.0,3500.0,3150.0,0.0,700.0
Punjab,Hoshiarpur,Mukerian Apmc,Cabbage,2026-09-24,1500.0,2100.0,1800.0,0.0,600.0
Keralam,Kozhikode(Calicut),Mukkom Market,Cabbage,2026-09-24,2400.0,2600.0,2500.0,0.0,200.0
Maharashtra,Mumbai,Mumbai,Cabbage,2026-09-24,1000.0,1300.0,1150.0,0.0,300.0
Tamil Nadu,Thiruchirappalli,Musiri(Uzhavar Sandhai ),Cabbage,2026-09-24,2500.0,3000.0,2750.0,0.0,500.0
Tamil Nadu,Thiruvarur,Muthupettai(Uzhavar Sandhai ),Cabbage,2026-09-24,3400.0,3400.0,3400.0,0.0,0.0
Tamil Nadu,Nagapattinam,Nagapattinam(Uzhavar Sandhai ),Cabbage,2026-09-24,3500.0,4000.0,3750.0,0.0,500.0
Tamil Nadu,Namakkal,Namakkal(Uzhavar Sandhai ),Cabbage,2026-09-24,2000.0,2500.0,2250.0,0.0,500.0
Tamil Nadu,Chengalpattu,Nanganallur(Uzhavar Sandhai ),Cabbage,2026-09-24,3500.0,4000.0,3750.0,0.0,500.0
Haryana,Mahendragarh-Narnaul,Narnaul Apmc,Cabbage,2026-09-24,1500.0,3000.0,2500.0,0.0,1500.0
Tamil Nadu,Thirupathur,Natrampalli(Uzhavar Sandhai ),Cabbage,2026-09-24,2500.0,3000.0,2750.0,0.0,500.0
Keralam,Thiruvananthapuram,Neyyatinkara Market,Cabbage,2026-09-24,3400.0,4000.0,3700.0,0.0,600.0
Keralam,Ernakulam,North Paravur Market,Cabbage,2026-09-24,2400.0,3000.0,2800.0,0.0,600.0
Tamil Nadu,Kancheepuram,Padappai(Uzhavar Sandhai ),Cabbage,2026-09-24,2000.0,2500.0,2250.0,0.0,500.0
Gujarat,Vadodara(Baroda),Padra Apmc,Cabbage,2026-09-24,1000.0,1500.0,1250.0,0.0,500.0
Tamil Nadu,Dharmapuri,Palacode(Uzhavar Sandhai ),Cabbage,2026-09-24,2600.0,3000.0,2800.0,0.0,400.0
Andhra Pradesh,Chittor,Palamaner Apmc,Cabbage,2026-09-24,600.0,1000.0,800.0,0.0,400.0
Tamil Nadu,Madurai,Palanganatham(Uzhavar Sandhai ),Cabbage,2026-09-24,2200.0,2400.0,2300.0,0.0,200.0
Tamil Nadu,Dindigul,Palani(Uzhavar Sandhai ),Cabbage,2026-09-24,2500.0,3000.0,2750.0,0.0,500.0
Tamil Nadu,Thirunelveli,Palayamkottai(Uzhavar Sandhai ),Cabbage,2026-09-24,2600.0,2800.0,2700.0,0.0,200.0
Tamil Nadu,Thirupur,Palladam(Uzhavar Sandhai ),Cabbage,2026-09-24,2500.0,3000.0,2750.0,0.0,500.0
Tamil Nadu,Chengalpattu,Pallavaram(Uzhavar Sandhai ),Cabbage,2026-09-24,2000.0,2500.0,2250.0,0.0,500.0
Tamil Nadu,Vellore,Pallikonda(Uzhavar Sandhai),Cabbage,2026-09-24,3000.0,3000.0,3000.0,0.0,0.0
Keralam,Kottayam,Pampady Market,Cabbage,2026-09-24,3500.0,5000.0,3700.0,0.0,1500.0
Tamil Nadu,Ramanathapuram,Paramakudi(Uzhavar Sandhai ),Cabbage,2026-09-24,4500.0,4800.0,4650.0,0.0,300.0
Tamil Nadu,Namakkal,Paramathivelur(Uzhavar Sandhai ),Cabbage,2026-09-24,2400.0,2800.0,2600.0,0.0,400.0
Tamil Nadu,Thiruvellore,Paruthipattu(Uzhavar Sandhai ),Cabbage,2026-09-24,4000.0,4000.0,4000.0,0.0,0.0
Keralam,Palakad,Pattambi Market,Cabbage,2026-09-24,2000.0,2500.0,2200.0,0.0,500.0
Punjab,Tarntaran,Patti Apmc,Cabbage,2026-09-24,1200.0,1200.0,1200.0,0.0,0.0
Tamil Nadu,Thanjavur,Pattukottai(Uzhavar Sandhai ),Cabbage,2026-09-24,3400.0,3400.0,3400.0,0.0,0.0
Tamil Nadu,Dharmapuri,Pennagaram(Uzhavar Sandhai ),Cabbage,2026-09-24,3000.0,3500.0,3250.0,0.0,500.0
Tamil Nadu,Perambalur,Perambalur(Uzhavar Sandhai ),Cabbage,2026-09-24,3000.0,3000.0,3000.0,0.0,0.0
Tamil Nadu,Vellore,Perampet(Uzhavar Sandhai),Cabbage,2026-09-24,3000.0,3000.0,3000.0,0.0,0.0
Tamil Nadu,Theni,Periyakulam(Uzhavar Sandhai ),Cabbage,2026-09-24,2800.0,3000.0,2900.0,0.0,200.0
Keralam,Ernakulam,Perumbavoor Market,Cabbage,2026-09-24,3000.0,4200.0,3700.0,0.0,1200.0
Tamil Nadu,Erode,Perundurai(Uzhavar Sandhai ),Cabbage,2026-09-24,2500.0,2800.0,2650.0,0.0,300.0
Himachal Pradesh,Kangra,Pmy Kangra,Cabbage,2026-09-24,2500.0,3000.0,2750.0,0.0,500.0
Himachal Pradesh,Solan,Pmy Kather Solan,Cabbage,2026-09-24,1500.0,2200.0,1800.0,0.0,700.0
Tamil Nadu,Coimbatore,Pollachi(Uzhavar Sandhai ),Cabbage,2026-09-24,3000.0,3500.0,3250.0,0.0,500.0
Tamil Nadu,Thiruvannamalai,Polur(Uzhavar Sandhai ),Cabbage,2026-09-24,2500.0,3000.0,2750.0,0.0,500.0
Tamil Nadu,Pudukkottai,Pudukottai(Uzhavar Sandhai ),Cabbage,2026-09-24,3000.0,3500.0,3250.0,0.0,500.0
Maharashtra,Pune,Pune,Cabbage,2026-09-24,700.0,1000.0,850.0,0.0,300.0
Maharashtra,Pune,Pune,Cabbage,2026-09-24,1000.0,1200.0,1100.0,0.0,200.0
Punjab,Gurdaspur,Quadian Apmc,Cabbage,2026-09-24,1000.0,1200.0,1100.0,0.0,200.0
Keralam,Kozhikode(Calicut),Quilandy Market,Cabbage,2026-09-24,2800.0,3100.0,3000.0,0.0,300.0
Tamil Nadu,Virudhunagar,Rajapalayam(Uzhavar Sandhai ),Cabbage,2026-09-24,3000.0,3500.0,3250.0,0.0,500.0
Karnataka,Bengaluru South,Ramanagara Apmc,Cabbage,2026-09-24,1000.0,1600.0,1200.0,0.0,600.0
Tamil Nadu,Ramanathapuram,Ramanathapuram(Uzhavar Sandhai ),Cabbage,2026-09-24,4000.0,4200.0,4100.0,0.0,200.0
Punjab,Bhatinda,Rampuraphul(Nabha Mandi) Apmc,Cabbage,2026-09-24,1500.0,2500.0,2000.0,0.0,1000.0
Tamil Nadu,Ranipet,Ranipettai(Uzhavar Sandhai ),Cabbage,2026-09-24,2500.0,2500.0,2500.0,0.0,0.0
Tamil Nadu,Namakkal,Rasipuram(Uzhavar Sandhai ),Cabbage,2026-09-24,3400.0,3600.0,3500.0,0.0,200.0
Punjab,Ropar (Rupnagar),Ropar Apmc,Cabbage,2026-09-24,1700.0,2000.0,1800.0,0.0,300.0
Tamil Nadu,Coimbatore,Rspuram(Uzhavar Sandhai ),Cabbage,2026-09-24,2200.0,2400.0,2300.0,0.0,200.0
Uttarakhand,Udhamsinghnagar,Rudrapur Apmc,Cabbage,2026-09-24,2500.0,3500.0,3000.0,0.0,1000.0
Telangana,Hyderabad,Rythu Bazar Mehdipatnam,Cabbage,2026-09-24,1300.0,1300.0,1300.0,0.0,0.0
Tamil Nadu,Erode,Sampath Nagar(Uzhavar Sandhai ),Cabbage,2026-09-24,2000.0,2200.0,2100.0,0.0,200.0
Madhya Pradesh,Rajgarh,Sarangpur(F&V) Apmc,Cabbage,2026-09-24,900.0,900.0,900.0,0.0,0.0
Telangana,Ranga Reddy,"Saroornagar,Rbz",Cabbage,2026-09-24,1300.0,1300.0,1300.0,0.0,0.0
Tamil Nadu,Erode,Sathiyamagalam(Uzhavar Sandhai ),Cabbage,2026-09-24,3000.0,3400.0,3200.0,0.0,400.0
Tamil Nadu,Virudhunagar,Sathur(Uzhavar Sandhai ),Cabbage,2026-09-24,3500.0,4000.0,3750.0,0.0,500.0
Madhya Pradesh,Badwani,Sendhwa(F&V) Apmc,Cabbage,2026-09-24,700.0,900.0,800.0,0.0,200.0
Meghalaya,East Khasi Hills,Shillong Apmc,Cabbage,2026-09-24,1600.0,1800.0,1700.0,0.0,200.0
Tamil Nadu,Sivaganga,Singampunari(Uzhavar Sandhai ),Cabbage,2026-09-24,2400.0,2600.0,2500.0,0.0,200.0
Tamil Nadu,Coimbatore,Singanallur(Uzhavar Sandhai ),Cabbage,2026-09-24,2000.0,2500.0,2250.0,0.0,500.0
Punjab,Fatehgarh,Sirhind Apmc,Cabbage,2026-09-24,1400.0,2500.0,2000.0,0.0,1100.0
Tamil Nadu,Nagapattinam,Sirkali(Uzhavar Sandhai ),Cabbage,2026-09-24,3000.0,3000.0,3000.0,0.0,0.0
Tamil Nadu,Sivaganga,Sivagangai (Uzhavar Sandhai ),Cabbage,2026-09-24,2400.0,2600.0,2500.0,0.0,200.0
Tamil Nadu,Virudhunagar,Sivakasi(Uzhavar Sandhai ),Cabbage,2026-09-24,3000.0,3500.0,3250.0,0.0,500.0
Himachal Pradesh,Kangra,Smy Baijnath,Cabbage,2026-09-24,1800.0,2100.0,2000.0,0.0,300.0
Himachal Pradesh,Kullu,Smy Bandrol,Cabbage,2026-09-24,800.0,1200.0,1000.0,0.0,400.0
Himachal Pradesh,Kangra,Smy Dharamshala,Cabbage,2026-09-24,2000.0,2500.0,2250.0,0.0,500.0
Himachal Pradesh,Kangra,Smy Jaisinghpur,Cabbage,2026-09-24,2800.0,3200.0,3000.0,0.0,400.0
Himachal Pradesh,Mandi,Smy Jogindernagar,Cabbage,2026-09-24,2000.0,2400.0,2200.0,0.0,400.0
Himachal Pradesh,Kangra,Smy Jwalaji,Cabbage,2026-09-24,2500.0,3000.0,2750.0,0.0,500.0
Himachal Pradesh,Kangra,Smy Nagrota Bagwan,Cabbage,2026-09-24,2400.0,2800.0,2600.0,0.0,400.0
Himachal Pradesh,Kangra,Smy Palampur,Cabbage,2026-09-24,2500.0,3000.0,2800.0,0.0,500.0
Himachal Pradesh,Una,Smy Santoshgarh,Cabbage,2026-09-24,2400.0,2400.0,2400.0,0.0,0.0
Tamil Nadu,Salem,Sooramangalam(Uzhavar Sandhai ),Cabbage,2026-09-24,2600.0,3000.0,2800.0,0.0,400.0
Tamil Nadu,Virudhunagar,Srivilliputhur(Uzhavar Sandhai ),Cabbage,2026-09-24,3000.0,3500.0,3250.0,0.0,500.0
Tamil Nadu,Coimbatore,Sulur(Uzhavar Sandhai ),Cabbage,2026-09-24,2500.0,3000.0,2750.0,0.0,500.0
Tamil Nadu,Coimbatore,Sundarapuram(Uzhavar Sandhai ),Cabbage,2026-09-24,2000.0,2600.0,2300.0,0.0,600.0
Tamil Nadu,Kancheepuram,Sunguvarchatram(Uzhavar Sandhai ),Cabbage,2026-09-24,3000.0,3000.0,3000.0,0.0,0.0
Gujarat,Surat,Surat Apmc,Cabbage,2026-09-24,600.0,1300.0,950.0,0.0,700.0
Gujarat,Gir Somnath,Talalagir Apmc,Cabbage,2026-09-24,200.0,460.0,320.0,0.0,260.0
Punjab,Hoshiarpur,Tanda Urmur Apmc,Cabbage,2026-09-24,2000.0,3000.0,2500.0,0.0,1000.0
Tamil Nadu,Tenkasi,Tenkasi(Uzhavar Sandhai ),Cabbage,2026-09-24,3000.0,3000.0,3000.0,0.0,0.0
Tamil Nadu,Erode,Thalavadi(Uzhavar Sandhai ),Cabbage,2026-09-24,1400.0,1800.0,1600.0,0.0,400.0
Tamil Nadu,Virudhunagar,Thalavaipuram(Uzhavar Sandhai ),Cabbage,2026-09-24,2800.0,3500.0,3150.0,0.0,700.0
Tamil Nadu,Salem,Thammampatti (Uzhavar Sandhai ),Cabbage,2026-09-24,3500.0,4000.0,3750.0,0.0,500.0
Tamil Nadu,Thanjavur,Thanjavur(Uzhavar Sandhai ),Cabbage,2026-09-24,3600.0,3600.0,3600.0,0.0,0.0
Tamil Nadu,Salem,Thathakapatti(Uzhavar Sandhai ),Cabbage,2026-09-24,2500.0,3500.0,3000.0,0.0,1000.0
Tamil Nadu,Theni,Theni(Uzhavar Sandhai ),Cabbage,2026-09-24,3000.0,3000.0,3000.0,0.0,0.0
Tamil Nadu,Vellore,Thirupathur Apmc,Cabbage,2026-09-24,3400.0,3400.0,3400.0,0.0,0.0
Tamil Nadu,Thiruchirappalli,Thiruverumbur(Uzhavar Sandhai ),Cabbage,2026-09-24,3200.0,3200.0,3200.0,0.0,0.0
Keralam,Ernakulam,Thrippunithura Market,Cabbage,2026-09-24,5000.0,6000.0,5200.0,0.0,1000.0
Tamil Nadu,Thiruchirappalli,Thuraiyur Apmc,Cabbage,2026-09-24,2500.0,3000.0,2750.0,0.0,500.0
Tamil Nadu,Villupuram,Tindivanam Apmc,Cabbage,2026-09-24,3500.0,3500.0,3500.0,0.0,0.0
Tamil Nadu,Namakkal,Tiruchengode Apmc,Cabbage,2026-09-24,2500.0,3000.0,2750.0,0.0,500.0
Tamil Nadu,Sivaganga,Tirupatthur(Uzhavar Sandhai ),Cabbage,2026-09-24,2600.0,2800.0,2700.0,0.0,200.0
Tamil Nadu,Thirupur,Tiruppur (North) (Uzhavar Sandhai ),Cabbage,2026-09-24,2500.0,3000.0,2750.0,0.0,500.0
Tamil Nadu,Thirupur,Tiruppur (South) (Uzhavar Sandhai ),Cabbage,2026-09-24,2500.0,3000.0,2750.0,0.0,500.0
Tamil Nadu,Thiruvellore,Tiruthani(Uzhavar Sandhai ),Cabbage,2026-09-24,4000.0,4000.0,4000.0,0.0,0.0
Tamil Nadu,Thiruvannamalai,Tiruvannamalai(Uzhavar Sandhai ),Cabbage,2026-09-24,2000.0,2500.0,2250.0,0.0,500.0
Tamil Nadu,Tuticorin,Tuticorin(Uzhavar Sandhai ),Cabbage,2026-09-24,2500.0,3000.0,2750.0,0.0,500.0
Tamil Nadu,The Nilgiris,Udhagamandalam(Uzhavar Sandhai ),Cabbage,2026-09-24,1500.0,2000.0,1750.0,0.0,500.0
Tamil Nadu,Coimbatore,Udumalpet Apmc,Cabbage,2026-09-24,2500.0,3000.0,2750.0,0.0,500.0
Tamil Nadu,Cuddalore,Vadalur(Uzhavar Sandhai ),Cabbage,2026-09-24,3000.0,3000.0,3000.0,0.0,0.0
Tamil Nadu,Nagercoil (Kannyiakumari),Vadaseri Apmc,Cabbage,2026-09-24,4800.0,5300.0,5050.0,0.0,500.0
Tamil Nadu,Coimbatore,Vadavalli(Uzhavar Sandhai ),Cabbage,2026-09-24,2000.0,2200.0,2100.0,0.0,200.0
Gujarat,Surendranagar,Vadhvan Apmc,Cabbage,2026-09-24,1000.0,2000.0,1500.0,0.0,1000.0
Tamil Nadu,Thirupathur,Vaniyampadi(Uzhavar Sandhai ),Cabbage,2026-09-24,4000.0,4000.0,4000.0,0.0,0.0
Telangana,Siddipet,Vantamamidi Apmc,Cabbage,2026-09-24,700.0,1000.0,850.0,0.0,300.0
Tamil Nadu,Salem,Vazhapadi(Uzhavar Sandhai),Cabbage,2026-09-24,3000.0,3000.0,3000.0,0.0,0.0
Tamil Nadu,Nagapattinam,Vedaranyam(Uzhavar Sandhai),Cabbage,2026-09-24,3400.0,3400.0,3400.0,0.0,0.0
Tamil Nadu,Vellore,Vellore Apmc,Cabbage,2026-09-24,2000.0,2500.0,2250.0,0.0,500.0
Uttarakhand,Dehradoon,Vikasnagar Apmc,Cabbage,2026-09-24,1200.0,1500.0,1500.0,0.0,300.0
Tamil Nadu,Villupuram,Villupuram(Uzhavar Sandhai ),Cabbage,2026-09-24,4000.0,4000.0,4000.0,0.0,0.0
Tamil Nadu,Virudhunagar,Virudhunagar(Uzhavar Sandhai ),Cabbage,2026-09-24,3500.0,4000.0,3750.0,0.0,500.0
Tamil Nadu,Cuddalore,Viruthachalam(Uzhavar Sandhai ),Cabbage,2026-09-24,3000.0,3000.0,3000.0,0.0,0.0
Tamil Nadu,Dharmapuri,Ajattihalli(Uzhavar Sandhai ),Capsicum,2026-09-24,6800.0,6800.0,6800.0,0.0,0.0
Tamil Nadu,Salem,Ammapet(Uzhavar Sandhai ),Capsicum,2026-09-24,5500.0,6000.0,5750.0,0.0,500.0
Tamil Nadu,Madurai,Anaiyur(Uzhavar Sandhai ),Capsicum,2026-09-24,5000.0,6000.0,5500.0,0.0,1000.0
Tamil Nadu,Madurai,Anna Nagar(Uzhavar Sandhai ),Capsicum,2026-09-24,4800.0,4800.0,4800.0,0.0,0.0
Tamil Nadu,Ranipet,Arcot(Uzhavar Sandhai ),Capsicum,2026-09-24,5000.0,5000.0,5000.0,0.0,0.0
Keralam,Kottayam,Athirampuzha Market,Capsicum,2026-09-24,5000.0,5200.0,5100.0,0.0,200.0
Tamil Nadu,Salem,Athur(Uzhavar Sandhai ),Capsicum,2026-09-24,6500.0,7000.0,6750.0,0.0,500.0
Tamil Nadu,Krishnagiri,Avallapalli(Uzhavar Sandhai ),Capsicum,2026-09-24,3500.0,4000.0,3750.0,0.0,500.0
Karnataka,Chikkaballapur,Bagepalli Apmc,Capsicum,2026-09-24,2000.0,3000.0,2500.0,0.0,1000.0
Uttar Pradesh,Bareilly,Bareilly Apmc,Capsicum,2026-09-24,2000.0,2000.0,2000.0,0.0,0.0
Haryana,Hissar,Barwala(Hisar) Apmc,Capsicum,2026-09-24,5000.0,6000.0,5500.0,0.0,1000.0
Chandigarh,Chandigarh,Chandigarh (Grain/F&V) Apmc,Capsicum,2026-09-24,1500.0,2000.0,2000.0,0.0,500.0
Tamil Nadu,Thiruvannamalai,Chengam(Uzhavar Sandhai ),Capsicum,2026-09-24,7000.0,8000.0,7500.0,0.0,1000.0
Keralam,Alappuzha,Chengannur Market,Capsicum,2026-09-24,6800.0,7300.0,7000.0,0.0,500.0
Tamil Nadu,Theni,Chinnamanur(Uzhavar Sandhai ),Capsicum,2026-09-24,5000.0,5000.0,5000.0,0.0,0.0
Tamil Nadu,Madurai,Chokkikulam(Uzhavar Sandhai ),Capsicum,2026-09-24,5000.0,6000.0,5500.0,0.0,1000.0
Tamil Nadu,The Nilgiris,Coonoor(Uzhavar Sandhai ),Capsicum,2026-09-24,5500.0,6000.0,5750.0,0.0,500.0
Tamil Nadu,Cuddalore,Cuddalore(Uzhavar Sandhai ),Capsicum,2026-09-24,6000.0,7000.0,6500.0,0.0,1000.0
Tamil Nadu,Krishnagiri,Denkanikottai(Uzhavar Sandhai ),Capsicum,2026-09-24,3000.0,4000.0,3500.0,0.0,1000.0
Tamil Nadu,Dharmapuri,Dharmapuri(Uzhavar Sandhai ),Capsicum,2026-09-24,6400.0,6800.0,6600.0,0.0,400.0
Tamil Nadu,Dindigul,Dindigul(Uzhavar Sandhai ),Capsicum,2026-09-24,7000.0,8000.0,7500.0,0.0,1000.0
Punjab,Ludhiana,Doraha Apmc,Capsicum,2026-09-24,3000.0,5000.0,4000.0,0.0,2000.0
Tamil Nadu,Salem,Edapadi (Uzhavar Sandhai ),Capsicum,2026-09-24,5000.0,5500.0,5250.0,0.0,500.0
Tamil Nadu,Salem,Elampillai(Uzhavar Sandhai ),Capsicum,2026-09-24,4500.0,5000.0,4750.0,0.0,500.0
Tamil Nadu,Karur,Gandhigramam(Uzhavar Sandhai),Capsicum,2026-09-24,6500.0,7000.0,6750.0,0.0,500.0
Punjab,Hoshiarpur,Garh Shankar Apmc,Capsicum,2026-09-24,3200.0,3200.0,3200.0,0.0,0.0
Tamil Nadu,The Nilgiris,Gudalur(Uzhavar Sandhai ),Capsicum,2026-09-24,5000.0,6000.0,5500.0,0.0,1000.0
Punjab,Gurdaspur,Gurdaspur Apmc,Capsicum,2026-09-24,2850.0,2850.0,2850.0,0.0,0.0
Haryana,Hissar,Hansi Apmc,Capsicum,2026-09-24,5000.0,6000.0,5500.0,0.0,1000.0
Punjab,Tarntaran,Harike Apmc,Capsicum,2026-09-24,1100.0,1200.0,1150.0,0.0,100.0
Keralam,Alappuzha,Harippad Market,Capsicum,2026-09-24,9000.0,9500.0,9000.0,0.0,500.0
Tamil Nadu,Dharmapuri,Harur(Uzhavar Sandhai ),Capsicum,2026-09-24,6000.0,7000.0,6500.0,0.0,1000.0
Tamil Nadu,Salem,Hasthampatti(Uzhavar Sandhai ),Capsicum,2026-09-24,5600.0,6000.0,5800.0,0.0,400.0
Tamil Nadu,Krishnagiri,Hosur(Uzhavar Sandhai ),Capsicum,2026-09-24,3500.0,4000.0,3750.0,0.0,500.0
Tamil Nadu,Salem,Jalagandapuram(Uzhavar Sandhai ),Capsicum,2026-09-24,5500.0,6000.0,5750.0,0.0,500.0
Punjab,Jalandhar,Jalandhar City(Jalandhar) Apmc,Capsicum,2026-09-24,1500.0,2000.0,1700.0,0.0,500.0
Tamil Nadu,Chengalpattu,Jameenrayapettai(Uzhavar Sandhai ),Capsicum,2026-09-24,5000.0,6000.0,5500.0,0.0,1000.0
Tamil Nadu,Vellore,Kahithapattarai(Uzhavar Sandhai ),Capsicum,2026-09-24,5600.0,5600.0,5600.0,0.0,0.0
Tamil Nadu,Kallakuruchi,Kallakurichi(Uzhavar Sandhai ),Capsicum,2026-09-24,9000.0,9000.0,9000.0,0.0,0.0
Tamil Nadu,Theni,Kambam(Uzhavar Sandhai ),Capsicum,2026-09-24,5000.0,5000.0,5000.0,0.0,0.0
Tamil Nadu,Sivaganga,Karaikudi(Uzhavar Sandhai ),Capsicum,2026-09-24,5500.0,6500.0,6000.0,0.0,1000.0
Tamil Nadu,Karur,Karur(Uzhavar Sandhai ),Capsicum,2026-09-24,6500.0,7000.0,6750.0,0.0,500.0
Tamil Nadu,Vellore,Katpadi (Uzhavar Sandhai ),Capsicum,2026-09-24,4000.0,4000.0,4000.0,0.0,0.0
Keralam,Idukki,Kattappana Market,Capsicum,2026-09-24,7000.0,7800.0,7500.0,0.0,800.0
Madhya Pradesh,Khandwa,Khandwa(F&V) Apmc,Capsicum,2026-09-24,1000.0,3000.0,1800.0,0.0,2000.0
Punjab,Mohali,Kharar Apmc,Capsicum,2026-09-24,4000.0,6000.0,4500.0,0.0,2000.0
Tamil Nadu,Thiruchirappalli,Kknagar(Uzhavar Sandhai ),Capsicum,2026-09-24,4600.0,4600.0,4600.0,0.0,0.0
Tamil Nadu,Tuticorin,Kovilpatti(Uzhavar Sandhai ),Capsicum,2026-09-24,5000.0,5500.0,5250.0,0.0,500.0
Tamil Nadu,Krishnagiri,Krishnagiri(Uzhavar Sandhai ),Capsicum,2026-09-24,5000.0,6000.0,5500.0,0.0,1000.0
Tamil Nadu,Thanjavur,Kumbakonam (Uzhavar Sandhai ),Capsicum,2026-09-24,7200.0,7200.0,7200.0,0.0,0.0
Tamil Nadu,Kancheepuram,Kundrathur(Uzhavar Sandhai ),Capsicum,2026-09-24,4500.0,4500.0,4500.0,0.0,0.0
Punjab,Mohali,Lalru Apmc,Capsicum,2026-09-24,4560.0,4560.0,4560.0,0.0,0.0
Punjab,Ludhiana,Ludhiana Apmc,Capsicum,2026-09-24,2000.0,3000.0,2400.0,0.0,1000.0
Jammu and Kashmir,Jammu,Mac F&V Market Narwal Jammu,Capsicum,2026-09-24,5000.0,5500.0,5250.0,0.0,500.0
Tamil Nadu,Thirunelveli,Melapalayam(Uzhavar Sandhai ),Capsicum,2026-09-24,5000.0,5500.0,5250.0,0.0,500.0
Tamil Nadu,Coimbatore,Mettupalayam(Uzhavar Sandhai ),Capsicum,2026-09-24,5500.0,6000.0,5750.0,0.0,500.0
Tamil Nadu,Salem,Mettur(Uzhavar Sandhai ),Capsicum,2026-09-24,5500.0,6000.0,5750.0,0.0,500.0
Punjab,Hoshiarpur,Mukerian Apmc,Capsicum,2026-09-24,3500.0,4500.0,4000.0,0.0,1000.0
Tamil Nadu,Thiruchirappalli,Musiri(Uzhavar Sandhai ),Capsicum,2026-09-24,4500.0,5000.0,4750.0,0.0,500.0
Tamil Nadu,Namakkal,Namakkal(Uzhavar Sandhai ),Capsicum,2026-09-24,4500.0,5000.0,4750.0,0.0,500.0
Tamil Nadu,Chengalpattu,Nanganallur(Uzhavar Sandhai ),Capsicum,2026-09-24,5500.0,6000.0,5750.0,0.0,500.0
Haryana,Mahendragarh-Narnaul,Narnaul Apmc,Capsicum,2026-09-24,4000.0,5000.0,5000.0,0.0,1000.0
Punjab,Moga,Nihal Singh Wala Apmc,Capsicum,2026-09-24,4800.0,4800.0,4800.0,0.0,0.0
Keralam,Ernakulam,North Paravur Market,Capsicum,2026-09-24,5000.0,6000.0,5500.0,0.0,1000.0
Tamil Nadu,Kancheepuram,Padappai(Uzhavar Sandhai ),Capsicum,2026-09-24,3500.0,4500.0,4000.0,0.0,1000.0
Tamil Nadu,Dharmapuri,Palacode(Uzhavar Sandhai ),Capsicum,2026-09-24,6600.0,6800.0,6700.0,0.0,200.0
Tamil Nadu,Madurai,Palanganatham(Uzhavar Sandhai ),Capsicum,2026-09-24,5000.0,6000.0,5500.0,0.0,1000.0
Tamil Nadu,Thirunelveli,Palayamkottai(Uzhavar Sandhai ),Capsicum,2026-09-24,5000.0,5500.0,5250.0,0.0,500.0
Tamil Nadu,Chengalpattu,Pallavaram(Uzhavar Sandhai ),Capsicum,2026-09-24,5000.0,6000.0,5500.0,0.0,1000.0
Tamil Nadu,Thiruvellore,Paruthipattu(Uzhavar Sandhai ),Capsicum,2026-09-24,6000.0,6000.0,6000.0,0.0,0.0
Tamil Nadu,Thanjavur,Pattukottai(Uzhavar Sandhai ),Capsicum,2026-09-24,6000.0,6000.0,6000.0,0.0,0.0
Tamil Nadu,Dharmapuri,Pennagaram(Uzhavar Sandhai ),Capsicum,2026-09-24,6500.0,7000.0,6750.0,0.0,500.0
Tamil Nadu,Perambalur,Perambalur(Uzhavar Sandhai ),Capsicum,2026-09-24,6000.0,6000.0,6000.0,0.0,0.0
Himachal Pradesh,Chamba,Pmy Chamba,Capsicum,2026-09-24,4500.0,5000.0,4750.0,0.0,500.0
Himachal Pradesh,Kangra,Pmy Kangra,Capsicum,2026-09-24,6500.0,7000.0,6750.0,0.0,500.0
Himachal Pradesh,Solan,Pmy Kather Solan,Capsicum,2026-09-24,1000.0,6000.0,3000.0,0.0,5000.0
Tamil Nadu,Pudukkottai,Pudukottai(Uzhavar Sandhai ),Capsicum,2026-09-24,5500.0,6000.0,5750.0,0.0,500.0
Punjab,Gurdaspur,Quadian Apmc,Capsicum,2026-09-24,3500.0,3700.0,3600.0,0.0,200.0
Punjab,Ludhiana,Raikot Apmc,Capsicum,2026-09-24,1985.0,1985.0,1985.0,0.0,0.0
Karnataka,Bengaluru South,Ramanagara Apmc,Capsicum,2026-09-24,3000.0,4500.0,4000.0,0.0,1500.0
Tamil Nadu,Ranipet,Ranipettai(Uzhavar Sandhai ),Capsicum,2026-09-24,5000.0,5000.0,5000.0,0.0,0.0
Tamil Nadu,Erode,Sampath Nagar(Uzhavar Sandhai ),Capsicum,2026-09-24,4500.0,4800.0,4650.0,0.0,300.0
Meghalaya,East Khasi Hills,Shillong Apmc,Capsicum,2026-09-24,4000.0,6000.0,5000.0,0.0,2000.0
Tamil Nadu,Coimbatore,Singanallur(Uzhavar Sandhai ),Capsicum,2026-09-24,5500.0,6000.0,5750.0,0.0,500.0
Punjab,Fatehgarh,Sirhind Apmc,Capsicum,2026-09-24,5000.0,5700.0,5300.0,0.0,700.0
Himachal Pradesh,Kangra,Smy Baijnath,Capsicum,2026-09-24,7500.0,8500.0,8000.0,0.0,1000.0
Himachal Pradesh,Kangra,Smy Dharamshala,Capsicum,2026-09-24,6500.0,7000.0,6750.0,0.0,500.0
Himachal Pradesh,Kangra,Smy Jaisinghpur,Capsicum,2026-09-24,7500.0,8000.0,7800.0,0.0,500.0
Himachal Pradesh,Kangra,Smy Nagrota Bagwan,Capsicum,2026-09-24,6000.0,6200.0,6100.0,0.0,200.0
Himachal Pradesh,Kangra,Smy Palampur,Capsicum,2026-09-24,7000.0,8000.0,7500.0,0.0,1000.0
Himachal Pradesh,Una,Smy Santoshgarh,Capsicum,2026-09-24,3400.0,3500.0,3450.0,0.0,100.0
Tamil Nadu,Salem,Sooramangalam(Uzhavar Sandhai ),Capsicum,2026-09-24,5500.0,5800.0,5650.0,0.0,300.0
Tamil Nadu,Coimbatore,Sundarapuram(Uzhavar Sandhai ),Capsicum,2026-09-24,6000.0,6500.0,6250.0,0.0,500.0
Gujarat,Surat,Surat Apmc,Capsicum,2026-09-24,2000.0,3750.0,2875.0,0.0,1750.0
Punjab,Hoshiarpur,Tanda Urmur Apmc,Capsicum,2026-09-24,4000.0,5000.0,4500.0,0.0,1000.0
Tamil Nadu,Tenkasi,Tenkasi(Uzhavar Sandhai ),Capsicum,2026-09-24,6000.0,6000.0,6000.0,0.0,0.0
Tamil Nadu,Salem,Thammampatti (Uzhavar Sandhai ),Capsicum,2026-09-24,6000.0,6000.0,6000.0,0.0,0.0
Tamil Nadu,Thanjavur,Thanjavur(Uzhavar Sandhai ),Capsicum,2026-09-24,6600.0,6600.0,6600.0,0.0,0.0
Tamil Nadu,Salem,Thathakapatti(Uzhavar Sandhai ),Capsicum,2026-09-24,5000.0,6000.0,5500.0,0.0,1000.0
Tamil Nadu,Theni,Theni(Uzhavar Sandhai ),Capsicum,2026-09-24,5000.0,5000.0,5000.0,0.0,0.0
Tamil Nadu,Vellore,Thirupathur Apmc,Capsicum,2026-09-24,5000.0,5000.0,5000.0,0.0,0.0
Tamil Nadu,Thiruchirappalli,Thiruverumbur(Uzhavar Sandhai ),Capsicum,2026-09-24,4600.0,4600.0,4600.0,0.0,0.0
Keralam,Ernakulam,Thrippunithura Market,Capsicum,2026-09-24,7000.0,10000.0,8000.0,0.0,3000.0
Tamil Nadu,Thiruchirappalli,Thuraiyur Apmc,Capsicum,2026-09-24,5000.0,5000.0,5000.0,0.0,0.0
Tamil Nadu,Villupuram,Tindivanam Apmc,Capsicum,2026-09-24,6000.0,6000.0,6000.0,0.0,0.0
Tamil Nadu,Thiruvannamalai,Tiruvannamalai(Uzhavar Sandhai ),Capsicum,2026-09-24,5000.0,6000.0,5500.0,0.0,1000.0
Tamil Nadu,Tuticorin,Tuticorin(Uzhavar Sandhai ),Capsicum,2026-09-24,7500.0,8000.0,7750.0,0.0,500.0
Tamil Nadu,The Nilgiris,Udhagamandalam(Uzhavar Sandhai ),Capsicum,2026-09-24,5500.0,6000.0,5750.0,0.0,500.0
Tamil Nadu,Coimbatore,Udumalpet Apmc,Capsicum,2026-09-24,7000.0,8000.0,7500.0,0.0,1000.0
Tamil Nadu,Coimbatore,Vadavalli(Uzhavar Sandhai ),Capsicum,2026-09-24,3800.0,4400.0,4100.0,0.0,600.0
Tamil Nadu,Salem,Vazhapadi(Uzhavar Sandhai),Capsicum,2026-09-24,6000.0,6000.0,6000.0,0.0,0.0
Tamil Nadu,Vellore,Vellore Apmc,Capsicum,2026-09-24,3500.0,4000.0,3750.0,0.0,500.0
Tamil Nadu,Dharmapuri,Ajattihalli(Uzhavar Sandhai ),Carrot,2026-09-24,5800.0,5800.0,5800.0,0.0,0.0
Tamil Nadu,Salem,Ammapet(Uzhavar Sandhai ),Carrot,2026-09-24,4500.0,5000.0,4750.0,0.0,500.0
Tamil Nadu,Madurai,Anaiyur(Uzhavar Sandhai ),Carrot,2026-09-24,3000.0,5000.0,4000.0,0.0,2000.0
Tamil Nadu,Theni,Andipatti(Uzhavar Sandhai ),Carrot,2026-09-24,4000.0,4400.0,4200.0,0.0,400.0
Tamil Nadu,Madurai,Anna Nagar(Uzhavar Sandhai ),Carrot,2026-09-24,5000.0,5400.0,5200.0,0.0,400.0
Tamil Nadu,Thiruvannamalai,Arani(Uzhavar Sandhai ),Carrot,2026-09-24,4000.0,4800.0,4400.0,0.0,800.0
Tamil Nadu,Ranipet,Arcot(Uzhavar Sandhai ),Carrot,2026-09-24,6000.0,6000.0,6000.0,0.0,0.0
Tamil Nadu,Ariyalur,Ariyalur(Uzhavar Sandhai),Carrot,2026-09-24,7000.0,8000.0,7500.0,0.0,1000.0
Tamil Nadu,Virudhunagar,Aruppukottai(Uzhavar Sandhai ),Carrot,2026-09-24,5000.0,6000.0,5500.0,0.0,1000.0
Keralam,Kottayam,Athirampuzha Market,Carrot,2026-09-24,4800.0,5000.0,4900.0,0.0,200.0
Tamil Nadu,Salem,Athur(Uzhavar Sandhai ),Carrot,2026-09-24,5000.0,5500.0,5250.0,0.0,500.0
Tamil Nadu,Krishnagiri,Avallapalli(Uzhavar Sandhai ),Carrot,2026-09-24,4000.0,4500.0,4250.0,0.0,500.0
Karnataka,Chikkaballapur,Bagepalli Apmc,Carrot,2026-09-24,2500.0,3000.0,2600.0,0.0,500.0
Tamil Nadu,Theni,Bodinayakanur(Uzhavar Sandhai ),Carrot,2026-09-24,4200.0,4200.0,4200.0,0.0,0.0
Chandigarh,Chandigarh,Chandigarh (Grain/F&V) Apmc,Carrot,2026-09-24,1500.0,1800.0,1600.0,0.0,300.0
Tamil Nadu,Thiruvannamalai,Chengam(Uzhavar Sandhai ),Carrot,2026-09-24,6000.0,7200.0,6600.0,0.0,1200.0
Keralam,Alappuzha,Chengannur Market,Carrot,2026-09-24,5800.0,6100.0,5900.0,0.0,300.0
Tamil Nadu,Thiruvannamalai,Cheyyar(Uzhavar Sandhai ),Carrot,2026-09-24,4000.0,4800.0,4400.0,0.0,800.0
Tamil Nadu,Dindigul,Chinnalapatti(Uzhavar Sandhai ),Carrot,2026-09-24,5600.0,6000.0,5800.0,0.0,400.0
Tamil Nadu,Theni,Chinnamanur(Uzhavar Sandhai ),Carrot,2026-09-24,4200.0,4200.0,4200.0,0.0,0.0
Tamil Nadu,Madurai,Chokkikulam(Uzhavar Sandhai ),Carrot,2026-09-24,3000.0,5000.0,4000.0,0.0,2000.0
Tamil Nadu,The Nilgiris,Coonoor(Uzhavar Sandhai ),Carrot,2026-09-24,4000.0,4500.0,4250.0,0.0,500.0
Tamil Nadu,Cuddalore,Cuddalore(Uzhavar Sandhai ),Carrot,2026-09-24,5000.0,5000.0,5000.0,0.0,0.0
Tamil Nadu,Krishnagiri,Denkanikottai(Uzhavar Sandhai ),Carrot,2026-09-24,4000.0,4500.0,4250.0,0.0,500.0
Tamil Nadu,Sivaganga,Devakottai (Uzhavar Sandhai ),Carrot,2026-09-24,4000.0,4600.0,4300.0,0.0,600.0
Tamil Nadu,Thirupur,Dharapuram(Uzhavar Sandhai ),Carrot,2026-09-24,4500.0,5000.0,4750.0,0.0,500.0
Tamil Nadu,Dharmapuri,Dharmapuri(Uzhavar Sandhai ),Carrot,2026-09-24,5500.0,5800.0,5650.0,0.0,300.0
Tamil Nadu,Dindigul,Dindigul(Uzhavar Sandhai ),Carrot,2026-09-24,5000.0,6000.0,5500.0,0.0,1000.0
Punjab,Ludhiana,Doraha Apmc,Carrot,2026-09-24,2000.0,2000.0,2000.0,0.0,0.0
Tamil Nadu,Salem,Edapadi (Uzhavar Sandhai ),Carrot,2026-09-24,4000.0,5000.0,4500.0,0.0,1000.0
Tamil Nadu,Salem,Elampillai(Uzhavar Sandhai ),Carrot,2026-09-24,4500.0,5000.0,4750.0,0.0,500.0
Tamil Nadu,Karur,Gandhigramam(Uzhavar Sandhai),Carrot,2026-09-24,5000.0,5500.0,5250.0,0.0,500.0
West Bengal,Dakshin Dinajpur,Gangarampur(Dakshin Dinajpur) Apmc,Carrot,2026-09-24,4000.0,5000.0,4500.0,0.0,1000.0
Punjab,Hoshiarpur,Garh Shankar Apmc,Carrot,2026-09-24,2500.0,2500.0,2500.0,0.0,0.0
Tamil Nadu,Villupuram,Gingee(Uzhavar Sandhai ),Carrot,2026-09-24,7000.0,7000.0,7000.0,0.0,0.0
Tamil Nadu,Erode,Gobichettipalayam(Uzhavar Sandhai ),Carrot,2026-09-24,5500.0,6000.0,5750.0,0.0,500.0
Gujarat,Rajkot,Gondal(Veg.Market Gondal) Apmc,Carrot,2026-09-24,900.0,3500.0,2200.0,0.0,2600.0
Tamil Nadu,The Nilgiris,Gudalur(Uzhavar Sandhai ),Carrot,2026-09-24,3500.0,4000.0,3750.0,0.0,500.0
Tamil Nadu,Vellore,Gudiyatham(Uzhavar Sandhai ),Carrot,2026-09-24,4600.0,4600.0,4600.0,0.0,0.0
Odisha,Rayagada,Gunpur Apmc,Carrot,2026-09-24,7300.0,8000.0,7500.0,0.0,700.0
Keralam,Alappuzha,Harippad Market,Carrot,2026-09-24,5000.0,5500.0,5000.0,0.0,500.0
Tamil Nadu,Dharmapuri,Harur(Uzhavar Sandhai ),Carrot,2026-09-24,5000.0,6000.0,5500.0,0.0,1000.0
Tamil Nadu,Salem,Hasthampatti(Uzhavar Sandhai ),Carrot,2026-09-24,4600.0,5000.0,4800.0,0.0,400.0
Tamil Nadu,Krishnagiri,Hosur(Uzhavar Sandhai ),Carrot,2026-09-24,4000.0,4500.0,4250.0,0.0,500.0
Tamil Nadu,Salem,Jalagandapuram(Uzhavar Sandhai ),Carrot,2026-09-24,4500.0,5000.0,4750.0,0.0,500.0
Punjab,Jalandhar,Jalandhar City(Jalandhar) Apmc,Carrot,2026-09-24,1200.0,3500.0,1800.0,0.0,2300.0
Tamil Nadu,Chengalpattu,Jameenrayapettai(Uzhavar Sandhai ),Carrot,2026-09-24,5000.0,6000.0,5500.0,0.0,1000.0
West Bengal,Jhargram,Jhargram Apmc,Carrot,2026-09-24,3600.0,4000.0,3800.0,0.0,400.0
Tamil Nadu,Vellore,Kahithapattarai(Uzhavar Sandhai ),Carrot,2026-09-24,4000.0,4000.0,4000.0,0.0,0.0
Tamil Nadu,Kallakuruchi,Kallakurichi(Uzhavar Sandhai ),Carrot,2026-09-24,8000.0,8000.0,8000.0,0.0,0.0
Tamil Nadu,Theni,Kambam(Uzhavar Sandhai ),Carrot,2026-09-24,4400.0,4400.0,4400.0,0.0,0.0
Tamil Nadu,Sivaganga,Karaikudi(Uzhavar Sandhai ),Carrot,2026-09-24,4800.0,5400.0,5100.0,0.0,600.0
Tamil Nadu,Dharmapuri,Karimangalam(Uzhavar Sandhai),Carrot,2026-09-24,5500.0,6000.0,5750.0,0.0,500.0
Tamil Nadu,Virudhunagar,Kariyapatti(Uzhavar Sandhai ),Carrot,2026-09-24,4500.0,5000.0,4750.0,0.0,500.0
West Bengal,Darjeeling,Karsiyang(Matigara) Apmc,Carrot,2026-09-24,3200.0,3400.0,3300.0,0.0,200.0
Tamil Nadu,Karur,Karur(Uzhavar Sandhai ),Carrot,2026-09-24,5000.0,5500.0,5250.0,0.0,500.0
Tamil Nadu,Vellore,Katpadi (Uzhavar Sandhai ),Carrot,2026-09-24,4000.0,4000.0,4000.0,0.0,0.0
Keralam,Idukki,Kattappana Market,Carrot,2026-09-24,7100.0,7700.0,7500.0,0.0,600.0
Tamil Nadu,Krishnagiri,Kaveripattinam(Uzhavar Sandhai ),Carrot,2026-09-24,6000.0,6000.0,6000.0,0.0,0.0
Tamil Nadu,Thiruchirappalli,Kknagar(Uzhavar Sandhai ),Carrot,2026-09-24,5000.0,5000.0,5000.0,0.0,0.0
Tamil Nadu,Tuticorin,Kovilpatti(Uzhavar Sandhai ),Carrot,2026-09-24,4000.0,4500.0,4250.0,0.0,500.0
Tamil Nadu,Krishnagiri,Krishnagiri(Uzhavar Sandhai ),Carrot,2026-09-24,6500.0,7000.0,6750.0,0.0,500.0
Tamil Nadu,Karur,Kulithalai(Uzhavar Sandhai ),Carrot,2026-09-24,4600.0,5000.0,4800.0,0.0,400.0
Tamil Nadu,Namakkal,Kumarapalayam(Uzhavar Sandhai ),Carrot,2026-09-24,6000.0,7000.0,6500.0,0.0,1000.0
Tamil Nadu,Thanjavur,Kumbakonam (Uzhavar Sandhai ),Carrot,2026-09-24,6000.0,6000.0,6000.0,0.0,0.0
Tamil Nadu,Kancheepuram,Kundrathur(Uzhavar Sandhai ),Carrot,2026-09-24,4500.0,4500.0,4500.0,0.0,0.0
Tamil Nadu,Thiruchirappalli,Lalgudi(Uzhavar Sandhai ),Carrot,2026-09-24,5400.0,5400.0,5400.0,0.0,0.0
Punjab,Mohali,Lalru Apmc,Carrot,2026-09-24,4000.0,4000.0,4000.0,0.0,0.0
Punjab,Ludhiana,Ludhiana Apmc,Carrot,2026-09-24,800.0,1600.0,1200.0,0.0,800.0
Jammu and Kashmir,Jammu,Mac F&V Market Narwal Jammu,Carrot,2026-09-24,3000.0,3200.0,3100.0,0.0,200.0
Uttar Pradesh,Khiri (Lakhimpur),Maigalganj Apmc,Carrot,2026-09-24,1180.0,1220.0,1200.0,0.0,40.0
Punjab,Sangrur,Malerkotla Apmc,Carrot,2026-09-24,1800.0,2500.0,2000.0,0.0,700.0
Tamil Nadu,Thiruchirappalli,Manachanallur(Uzhavar Sandhai ),Carrot,2026-09-24,5000.0,5000.0,5000.0,0.0,0.0
Tamil Nadu,Thiruchirappalli,Manapparai(Uzhavar Sandhai ),Carrot,2026-09-24,5000.0,5000.0,5000.0,0.0,0.0
Tamil Nadu,Thiruvarur,Mannargudi I(Uzhavar Sandhai ),Carrot,2026-09-24,4800.0,4800.0,4800.0,0.0,0.0
Tamil Nadu,Thiruvarur,Mannargudi Ii(Uzhavar Sandhai ),Carrot,2026-09-24,4800.0,4800.0,4800.0,0.0,0.0
Tamil Nadu,Nagapattinam,Mayiladuthurai(Uzhavar Sandhai ),Carrot,2026-09-24,5500.0,6000.0,5750.0,0.0,500.0
Tamil Nadu,Thirunelveli,Melapalayam(Uzhavar Sandhai ),Carrot,2026-09-24,3000.0,4600.0,3800.0,0.0,1600.0
Tamil Nadu,Coimbatore,Mettupalayam(Uzhavar Sandhai ),Carrot,2026-09-24,4000.0,4500.0,4250.0,0.0,500.0
Tamil Nadu,Salem,Mettur(Uzhavar Sandhai ),Carrot,2026-09-24,4500.0,5000.0,4750.0,0.0,500.0
Tamil Nadu,Namakkal,Mohanur(Uzhavar Sandhai ),Carrot,2026-09-24,5600.0,7000.0,6300.0,0.0,1400.0
Keralam,Kozhikode(Calicut),Mukkom Market,Carrot,2026-09-24,6800.0,7200.0,7000.0,0.0,400.0
Tamil Nadu,Thiruchirappalli,Musiri(Uzhavar Sandhai ),Carrot,2026-09-24,5000.0,5500.0,5250.0,0.0,500.0
Tamil Nadu,Nagapattinam,Nagapattinam(Uzhavar Sandhai ),Carrot,2026-09-24,6600.0,7500.0,7050.0,0.0,900.0
Tamil Nadu,Namakkal,Namakkal(Uzhavar Sandhai ),Carrot,2026-09-24,5000.0,5400.0,5200.0,0.0,400.0
Tamil Nadu,Chengalpattu,Nanganallur(Uzhavar Sandhai ),Carrot,2026-09-24,7500.0,8000.0,7750.0,0.0,500.0
Tamil Nadu,Thirupathur,Natrampalli(Uzhavar Sandhai ),Carrot,2026-09-24,5000.0,6000.0,5500.0,0.0,1000.0
Keralam,Thiruvananthapuram,Neyyatinkara Market,Carrot,2026-09-24,5400.0,6000.0,5600.0,0.0,600.0
Keralam,Ernakulam,North Paravur Market,Carrot,2026-09-24,3500.0,4500.0,4000.0,0.0,1000.0
Tamil Nadu,Kancheepuram,Padappai(Uzhavar Sandhai ),Carrot,2026-09-24,4000.0,6000.0,5000.0,0.0,2000.0
Tamil Nadu,Dharmapuri,Palacode(Uzhavar Sandhai ),Carrot,2026-09-24,5800.0,6000.0,5900.0,0.0,200.0
Tamil Nadu,Madurai,Palanganatham(Uzhavar Sandhai ),Carrot,2026-09-24,2500.0,5000.0,3750.0,0.0,2500.0
Tamil Nadu,Dindigul,Palani(Uzhavar Sandhai ),Carrot,2026-09-24,4000.0,4800.0,4400.0,0.0,800.0
Tamil Nadu,Thirunelveli,Palayamkottai(Uzhavar Sandhai ),Carrot,2026-09-24,3000.0,4600.0,3800.0,0.0,1600.0
Tamil Nadu,Thirupur,Palladam(Uzhavar Sandhai ),Carrot,2026-09-24,5500.0,6000.0,5750.0,0.0,500.0
Tamil Nadu,Chengalpattu,Pallavaram(Uzhavar Sandhai ),Carrot,2026-09-24,5000.0,6000.0,5500.0,0.0,1000.0
Tamil Nadu,Vellore,Pallikonda(Uzhavar Sandhai),Carrot,2026-09-24,3500.0,4000.0,3750.0,0.0,500.0
Tamil Nadu,Ramanathapuram,Paramakudi(Uzhavar Sandhai ),Carrot,2026-09-24,7000.0,7200.0,7100.0,0.0,200.0
Tamil Nadu,Namakkal,Paramathivelur(Uzhavar Sandhai ),Carrot,2026-09-24,5400.0,6000.0,5700.0,0.0,600.0
Keralam,Thiruvananthapuram,Parassala Market,Carrot,2026-09-24,3800.0,4200.0,4000.0,0.0,400.0
Tamil Nadu,Thiruvellore,Paruthipattu(Uzhavar Sandhai ),Carrot,2026-09-24,5000.0,5000.0,5000.0,0.0,0.0
Keralam,Palakad,Pattambi Market,Carrot,2026-09-24,4500.0,5000.0,4800.0,0.0,500.0
Tamil Nadu,Thanjavur,Pattukottai(Uzhavar Sandhai ),Carrot,2026-09-24,6000.0,6000.0,6000.0,0.0,0.0
Tamil Nadu,Dharmapuri,Pennagaram(Uzhavar Sandhai ),Carrot,2026-09-24,6500.0,7000.0,6750.0,0.0,500.0
Tamil Nadu,Perambalur,Perambalur(Uzhavar Sandhai ),Carrot,2026-09-24,5600.0,6000.0,5800.0,0.0,400.0
Tamil Nadu,Vellore,Perampet(Uzhavar Sandhai),Carrot,2026-09-24,5500.0,5500.0,5500.0,0.0,0.0
Tamil Nadu,Thanjavur,Peravurani(Uzhavar Sandhai),Carrot,2026-09-24,6000.0,6000.0,6000.0,0.0,0.0
Tamil Nadu,Theni,Periyakulam(Uzhavar Sandhai ),Carrot,2026-09-24,4400.0,4400.0,4400.0,0.0,0.0
Keralam,Ernakulam,Perumbavoor Market,Carrot,2026-09-24,5000.0,6000.0,5500.0,0.0,1000.0
Tamil Nadu,Erode,Perundurai(Uzhavar Sandhai ),Carrot,2026-09-24,5500.0,5800.0,5650.0,0.0,300.0
Himachal Pradesh,Solan,Pmy Kather Solan,Carrot,2026-09-24,2500.0,3900.0,3500.0,0.0,1400.0
Tamil Nadu,Coimbatore,Pollachi(Uzhavar Sandhai ),Carrot,2026-09-24,5500.0,6000.0,5750.0,0.0,500.0
Tamil Nadu,Thiruvannamalai,Polur(Uzhavar Sandhai ),Carrot,2026-09-24,4000.0,4800.0,4400.0,0.0,800.0
Tamil Nadu,Pudukkottai,Pudukottai(Uzhavar Sandhai ),Carrot,2026-09-24,5500.0,6000.0,5750.0,0.0,500.0
Maharashtra,Pune,Pune,Carrot,2026-09-24,2000.0,2500.0,2250.0,0.0,500.0
Keralam,Kozhikode(Calicut),Quilandy Market,Carrot,2026-09-24,5300.0,5600.0,5500.0,0.0,300.0
Tamil Nadu,Virudhunagar,Rajapalayam(Uzhavar Sandhai ),Carrot,2026-09-24,3500.0,4000.0,3750.0,0.0,500.0
Karnataka,Bengaluru South,Ramanagara Apmc,Carrot,2026-09-24,3000.0,5000.0,4000.0,0.0,2000.0
Tamil Nadu,Ramanathapuram,Ramanathapuram(Uzhavar Sandhai ),Carrot,2026-09-24,7000.0,7500.0,7250.0,0.0,500.0
Punjab,Bhatinda,Rampuraphul(Nabha Mandi) Apmc,Carrot,2026-09-24,1500.0,2500.0,2000.0,0.0,1000.0
Tamil Nadu,Ranipet,Ranipettai(Uzhavar Sandhai ),Carrot,2026-09-24,5600.0,5600.0,5600.0,0.0,0.0
Tamil Nadu,Namakkal,Rasipuram(Uzhavar Sandhai ),Carrot,2026-09-24,5500.0,6000.0,5750.0,0.0,500.0
Punjab,Ropar (Rupnagar),Ropar Apmc,Carrot,2026-09-24,2000.0,2400.0,2200.0,0.0,400.0
Tamil Nadu,Coimbatore,Rspuram(Uzhavar Sandhai ),Carrot,2026-09-24,4000.0,4400.0,4200.0,0.0,400.0
Telangana,Hyderabad,Rythu Bazar Mehdipatnam,Carrot,2026-09-24,4500.0,4500.0,4500.0,0.0,0.0
Tamil Nadu,Erode,Sampath Nagar(Uzhavar Sandhai ),Carrot,2026-09-24,4500.0,4800.0,4650.0,0.0,300.0
Tamil Nadu,Kallakuruchi,Sankarapuram(Uzhavar Sandhai ),Carrot,2026-09-24,8000.0,8000.0,8000.0,0.0,0.0
Telangana,Ranga Reddy,"Saroornagar,Rbz",Carrot,2026-09-24,4000.0,4000.0,4000.0,0.0,0.0
Tamil Nadu,Erode,Sathiyamagalam(Uzhavar Sandhai ),Carrot,2026-09-24,5500.0,6000.0,5750.0,0.0,500.0
Tamil Nadu,Virudhunagar,Sathur(Uzhavar Sandhai ),Carrot,2026-09-24,4500.0,5000.0,4750.0,0.0,500.0
Meghalaya,East Khasi Hills,Shillong Apmc,Carrot,2026-09-24,6500.0,7500.0,7000.0,0.0,1000.0
Tamil Nadu,Sivaganga,Singampunari(Uzhavar Sandhai ),Carrot,2026-09-24,3200.0,5200.0,4200.0,0.0,2000.0
Tamil Nadu,Coimbatore,Singanallur(Uzhavar Sandhai ),Carrot,2026-09-24,3500.0,4000.0,3750.0,0.0,500.0
Punjab,Fatehgarh,Sirhind Apmc,Carrot,2026-09-24,2500.0,3000.0,2700.0,0.0,500.0
Tamil Nadu,Nagapattinam,Sirkali(Uzhavar Sandhai ),Carrot,2026-09-24,8000.0,8000.0,8000.0,0.0,0.0
Tamil Nadu,Sivaganga,Sivagangai (Uzhavar Sandhai ),Carrot,2026-09-24,3200.0,5200.0,4200.0,0.0,2000.0
Tamil Nadu,Virudhunagar,Sivakasi(Uzhavar Sandhai ),Carrot,2026-09-24,3500.0,4000.0,3750.0,0.0,500.0
Himachal Pradesh,Kangra,Smy Baijnath,Carrot,2026-09-24,3000.0,3200.0,3100.0,0.0,200.0
Himachal Pradesh,Kangra,Smy Dharamshala,Carrot,2026-09-24,2800.0,3200.0,3000.0,0.0,400.0
Himachal Pradesh,Mandi,Smy Jogindernagar,Carrot,2026-09-24,3000.0,3200.0,3100.0,0.0,200.0
Himachal Pradesh,Kangra,Smy Palampur,Carrot,2026-09-24,3000.0,3500.0,3200.0,0.0,500.0
Tamil Nadu,Salem,Sooramangalam(Uzhavar Sandhai ),Carrot,2026-09-24,5000.0,5600.0,5300.0,0.0,600.0
Tamil Nadu,Virudhunagar,Srivilliputhur(Uzhavar Sandhai ),Carrot,2026-09-24,3500.0,4000.0,3750.0,0.0,500.0
Tamil Nadu,Coimbatore,Sulur(Uzhavar Sandhai ),Carrot,2026-09-24,4000.0,4500.0,4250.0,0.0,500.0
Tamil Nadu,Coimbatore,Sundarapuram(Uzhavar Sandhai ),Carrot,2026-09-24,4000.0,4600.0,4300.0,0.0,600.0
Tamil Nadu,Kancheepuram,Sunguvarchatram(Uzhavar Sandhai ),Carrot,2026-09-24,4500.0,4500.0,4500.0,0.0,0.0
Gujarat,Surat,Surat Apmc,Carrot,2026-09-24,1500.0,2750.0,2125.0,0.0,1250.0
Tamil Nadu,Erode,Thalavadi(Uzhavar Sandhai ),Carrot,2026-09-24,5000.0,5500.0,5250.0,0.0,500.0
Tamil Nadu,Virudhunagar,Thalavaipuram(Uzhavar Sandhai ),Carrot,2026-09-24,3200.0,4000.0,3600.0,0.0,800.0
Tamil Nadu,Salem,Thammampatti (Uzhavar Sandhai ),Carrot,2026-09-24,5000.0,5000.0,5000.0,0.0,0.0
Tamil Nadu,Thanjavur,Thanjavur(Uzhavar Sandhai ),Carrot,2026-09-24,5000.0,5000.0,5000.0,0.0,0.0
Tamil Nadu,Salem,Thathakapatti(Uzhavar Sandhai ),Carrot,2026-09-24,5000.0,5500.0,5250.0,0.0,500.0
Tamil Nadu,Theni,Theni(Uzhavar Sandhai ),Carrot,2026-09-24,4000.0,4400.0,4200.0,0.0,400.0
Tamil Nadu,Vellore,Thirupathur Apmc,Carrot,2026-09-24,6400.0,6400.0,6400.0,0.0,0.0
Tamil Nadu,Thiruchirappalli,Thiruverumbur(Uzhavar Sandhai ),Carrot,2026-09-24,5000.0,5000.0,5000.0,0.0,0.0
Keralam,Ernakulam,Thrippunithura Market,Carrot,2026-09-24,4800.0,6000.0,5000.0,0.0,1200.0
Tamil Nadu,Thiruchirappalli,Thuraiyur Apmc,Carrot,2026-09-24,5000.0,5000.0,5000.0,0.0,0.0
Tamil Nadu,Villupuram,Tindivanam Apmc,Carrot,2026-09-24,6000.0,6000.0,6000.0,0.0,0.0
Tamil Nadu,Namakkal,Tiruchengode Apmc,Carrot,2026-09-24,5000.0,6000.0,5500.0,0.0,1000.0
Tamil Nadu,Thanjavur,Tirukattupalli(Uzhavar Sandhai ),Carrot,2026-09-24,5000.0,5000.0,5000.0,0.0,0.0
Tamil Nadu,Sivaganga,Tirupatthur(Uzhavar Sandhai ),Carrot,2026-09-24,4800.0,5400.0,5100.0,0.0,600.0
Tamil Nadu,Thirupur,Tiruppur (North) (Uzhavar Sandhai ),Carrot,2026-09-24,4500.0,5000.0,4750.0,0.0,500.0
Tamil Nadu,Thirupur,Tiruppur (South) (Uzhavar Sandhai ),Carrot,2026-09-24,3000.0,4000.0,3500.0,0.0,1000.0
Tamil Nadu,Thiruvellore,Tiruthani(Uzhavar Sandhai ),Carrot,2026-09-24,4000.0,4000.0,4000.0,0.0,0.0
Tamil Nadu,Thiruvannamalai,Tiruvannamalai(Uzhavar Sandhai ),Carrot,2026-09-24,4000.0,4800.0,4400.0,0.0,800.0
Tamil Nadu,Tuticorin,Tuticorin(Uzhavar Sandhai ),Carrot,2026-09-24,4500.0,5000.0,4750.0,0.0,500.0
Tamil Nadu,The Nilgiris,Udhagamandalam(Uzhavar Sandhai ),Carrot,2026-09-24,3000.0,3500.0,3250.0,0.0,500.0
Tamil Nadu,Coimbatore,Udumalpet Apmc,Carrot,2026-09-24,5500.0,6000.0,5750.0,0.0,500.0
Tamil Nadu,Cuddalore,Vadalur(Uzhavar Sandhai ),Carrot,2026-09-24,6000.0,6000.0,6000.0,0.0,0.0
Tamil Nadu,Nagercoil (Kannyiakumari),Vadaseri Apmc,Carrot,2026-09-24,6000.0,6500.0,6250.0,0.0,500.0
Tamil Nadu,Coimbatore,Vadavalli(Uzhavar Sandhai ),Carrot,2026-09-24,4000.0,4600.0,4300.0,0.0,600.0
Gujarat,Surendranagar,Vadhvan Apmc,Carrot,2026-09-24,2000.0,3000.0,2500.0,0.0,1000.0
Tamil Nadu,Thiruvannamalai,Vandavasi(Uzhavar Sandhai ),Carrot,2026-09-24,4000.0,4800.0,4400.0,0.0,800.0
Tamil Nadu,Thirupathur,Vaniyampadi(Uzhavar Sandhai ),Carrot,2026-09-24,6000.0,6000.0,6000.0,0.0,0.0
Tamil Nadu,Salem,Vazhapadi(Uzhavar Sandhai),Carrot,2026-09-24,5000.0,5000.0,5000.0,0.0,0.0
Tamil Nadu,Vellore,Vellore Apmc,Carrot,2026-09-24,3000.0,3500.0,3250.0,0.0,500.0
Tamil Nadu,Villupuram,Villupuram(Uzhavar Sandhai ),Carrot,2026-09-24,7000.0,7000.0,7000.0,0.0,0.0
Tamil Nadu,Virudhunagar,Virudhunagar(Uzhavar Sandhai ),Carrot,2026-09-24,5500.0,6000.0,5750.0,0.0,500.0
Tamil Nadu,Cuddalore,Viruthachalam(Uzhavar Sandhai ),Carrot,2026-09-24,6000.0,6000.0,6000.0,0.0,0.0
Andhra Pradesh,Anakapally,Chodavaram Apmc,Cashewnuts,2026-09-24,8000.0,12000.0,10000.0,0.0,4000.0
Odisha,Rayagada,Gunpur Apmc,Cashewnuts,2026-09-24,27000.0,27300.0,27200.0,0.0,300.0
Andhra Pradesh,Anakapally,Madugula Apmc,Cashewnuts,2026-09-24,8000.0,12000.0,10000.0,0.0,4000.0
Andhra Pradesh,Srikakulam,Palasa Apmc,Cashewnuts,2026-09-24,14000.0,14000.0,14000.0,0.0,0.0
Andhra Pradesh,Kakinada,Tuni Apmc,Cashewnuts,2026-09-24,13000.0,13000.0,13000.0,0.0,0.0
Gujarat,Rajkot,Dhoraji Apmc,Castor Seed,2026-09-24,6980.0,7130.0,7005.0,0.0,150.0
Gujarat,Jamnagar,Jam Jodhpur Apmc,Castor Seed,2026-09-24,7425.0,7525.0,7475.0,0.0,100.0
Gujarat,Gandhinagar,Mansa Apmc,Castor Seed,2026-09-24,7350.0,7650.0,7625.0,0.0,300.0
Gujarat,Sabarkantha,Modasa Apmc,Castor Seed,2026-09-24,7000.0,7340.0,7340.0,0.0,340.0
Gujarat,Ahmedabad,Viramgam Apmc,Castor Seed,2026-09-24,7040.0,7380.0,7210.0,0.0,340.0
Punjab,Sangrur,Ahmedgarh Apmc,Cauliflower,2026-09-24,4600.0,5000.0,5000.0,0.0,400.0
Tamil Nadu,Salem,Ammapet(Uzhavar Sandhai ),Cauliflower,2026-09-24,2500.0,3000.0,2750.0,0.0,500.0
Tamil Nadu,Madurai,Anaiyur(Uzhavar Sandhai ),Cauliflower,2026-09-24,2500.0,3000.0,2750.0,0.0,500.0
Tamil Nadu,Theni,Andipatti(Uzhavar Sandhai ),Cauliflower,2026-09-24,2500.0,3000.0,2750.0,0.0,500.0
Tamil Nadu,Madurai,Anna Nagar(Uzhavar Sandhai ),Cauliflower,2026-09-24,3600.0,4000.0,3800.0,0.0,400.0
Maharashtra,Ratnagiri,Apmc Ratnagiri (Nachane) ,Cauliflower,2026-09-24,2500.0,3000.0,2800.0,0.0,500.0
Tamil Nadu,Ranipet,Arcot(Uzhavar Sandhai ),Cauliflower,2026-09-24,3000.0,4000.0,3500.0,0.0,1000.0
Tamil Nadu,Virudhunagar,Aruppukottai(Uzhavar Sandhai ),Cauliflower,2026-09-24,3000.0,4000.0,3500.0,0.0,1000.0
Keralam,Kottayam,Athirampuzha Market,Cauliflower,2026-09-24,5000.0,5200.0,5100.0,0.0,200.0
Tamil Nadu,Salem,Athur(Uzhavar Sandhai ),Cauliflower,2026-09-24,3500.0,4000.0,3750.0,0.0,500.0
Odisha,Bargarh,Attabira Apmc,Cauliflower,2026-09-24,3200.0,3600.0,3400.0,0.0,400.0
Tamil Nadu,Krishnagiri,Avallapalli(Uzhavar Sandhai ),Cauliflower,2026-09-24,2500.0,3000.0,2750.0,0.0,500.0
Karnataka,Chikkaballapur,Bagepalli Apmc,Cauliflower,2026-09-24,1400.0,2000.0,1600.0,0.0,600.0
Punjab,Moga,Baghapurana Apmc,Cauliflower,2026-09-24,3000.0,4000.0,3500.0,0.0,1000.0
Haryana,Hissar,Barwala(Hisar) Apmc,Cauliflower,2026-09-24,3000.0,3500.0,3250.0,0.0,500.0
Madhya Pradesh,Betul,Betul(F&V) Apmc,Cauliflower,2026-09-24,1400.0,2000.0,1800.0,0.0,600.0
Punjab,Bhatinda,Bhagta Bhai Ka Apmc,Cauliflower,2026-09-24,4000.0,4000.0,4000.0,0.0,0.0
Tamil Nadu,Theni,Bodinayakanur(Uzhavar Sandhai ),Cauliflower,2026-09-24,3000.0,3000.0,3000.0,0.0,0.0
Odisha,Boudh,Boudh Apmc,Cauliflower,2026-09-24,6500.0,7500.0,7000.0,0.0,1000.0
Chandigarh,Chandigarh,Chandigarh (Grain/F&V) Apmc,Cauliflower,2026-09-24,2000.0,2200.0,2200.0,0.0,200.0
Tamil Nadu,Thiruvannamalai,Chengam(Uzhavar Sandhai ),Cauliflower,2026-09-24,3500.0,4000.0,3750.0,0.0,500.0
Keralam,Alappuzha,Chengannur Market,Cauliflower,2026-09-24,4800.0,5100.0,5000.0,0.0,300.0
Keralam,Alappuzha,Cherthala Market,Cauliflower,2026-09-24,4000.0,4400.0,4200.0,0.0,400.0
Tamil Nadu,Dindigul,Chinnalapatti(Uzhavar Sandhai ),Cauliflower,2026-09-24,4000.0,5000.0,4500.0,0.0,1000.0
Tamil Nadu,Theni,Chinnamanur(Uzhavar Sandhai ),Cauliflower,2026-09-24,3000.0,3500.0,3250.0,0.0,500.0
Tamil Nadu,Madurai,Chokkikulam(Uzhavar Sandhai ),Cauliflower,2026-09-24,2500.0,3000.0,2750.0,0.0,500.0
Tamil Nadu,The Nilgiris,Coonoor(Uzhavar Sandhai ),Cauliflower,2026-09-24,3500.0,4000.0,3750.0,0.0,500.0
Tamil Nadu,Cuddalore,Cuddalore(Uzhavar Sandhai ),Cauliflower,2026-09-24,4000.0,4000.0,4000.0,0.0,0.0
Gujarat,Amreli,Damnagar Apmc,Cauliflower,2026-09-24,2500.0,2500.0,2500.0,0.0,0.0
Tamil Nadu,Krishnagiri,Denkanikottai(Uzhavar Sandhai ),Cauliflower,2026-09-24,2500.0,3000.0,2750.0,0.0,500.0
Tamil Nadu,Sivaganga,Devakottai (Uzhavar Sandhai ),Cauliflower,2026-09-24,3000.0,3400.0,3200.0,0.0,400.0
Tamil Nadu,Theni,Devaram(Uzhavar Sandhai ),Cauliflower,2026-09-24,3000.0,3000.0,3000.0,0.0,0.0
Tamil Nadu,Thirupur,Dharapuram(Uzhavar Sandhai ),Cauliflower,2026-09-24,3000.0,3500.0,3250.0,0.0,500.0
Tamil Nadu,Dharmapuri,Dharmapuri(Uzhavar Sandhai ),Cauliflower,2026-09-24,3300.0,3500.0,3400.0,0.0,200.0
Tamil Nadu,Dindigul,Dindigul(Uzhavar Sandhai ),Cauliflower,2026-09-24,4000.0,5000.0,4500.0,0.0,1000.0
Punjab,Ludhiana,Doraha Apmc,Cauliflower,2026-09-24,2000.0,4000.0,3000.0,0.0,2000.0
Tamil Nadu,Salem,Edapadi (Uzhavar Sandhai ),Cauliflower,2026-09-24,2500.0,3000.0,2750.0,0.0,500.0
Tamil Nadu,Salem,Elampillai(Uzhavar Sandhai ),Cauliflower,2026-09-24,2500.0,3000.0,2750.0,0.0,500.0
Uttar Pradesh,Agra,Fatehabad Apmc,Cauliflower,2026-09-24,2500.0,3500.0,3000.0,0.0,1000.0
Haryana,Mewat,Ferozpurzirkha(Nagina) Apmc,Cauliflower,2026-09-24,2200.0,2600.0,2400.0,0.0,400.0
Jammu and Kashmir,Udhampur,Fruit And Vegetable Market Udhampur,Cauliflower,2026-09-24,3250.0,3250.0,3250.0,0.0,0.0
Tamil Nadu,Karur,Gandhigramam(Uzhavar Sandhai),Cauliflower,2026-09-24,3500.0,4000.0,3750.0,0.0,500.0
Punjab,Hoshiarpur,Garh Shankar Apmc,Cauliflower,2026-09-24,1700.0,1700.0,1700.0,0.0,0.0
Tamil Nadu,Erode,Gobichettipalayam(Uzhavar Sandhai ),Cauliflower,2026-09-24,3000.0,3500.0,3250.0,0.0,500.0
Odisha,Bargarh,Godbhaga Apmc,Cauliflower,2026-09-24,3200.0,3550.0,3400.0,0.0,350.0
Gujarat,Rajkot,Gondal(Veg.Market Gondal) Apmc,Cauliflower,2026-09-24,100.0,1500.0,800.0,0.0,1400.0
Tamil Nadu,The Nilgiris,Gudalur(Uzhavar Sandhai ),Cauliflower,2026-09-24,4000.0,4500.0,4250.0,0.0,500.0
Uttar Pradesh,Bulandshahar,Gulavati Apmc,Cauliflower,2026-09-24,2100.0,2300.0,2200.0,0.0,200.0
Odisha,Rayagada,Gunpur Apmc,Cauliflower,2026-09-24,6960.0,8500.0,7500.0,0.0,1540.0
Punjab,Gurdaspur,Gurdaspur Apmc,Cauliflower,2026-09-24,3000.0,3000.0,3000.0,0.0,0.0
Haryana,Hissar,Hansi Apmc,Cauliflower,2026-09-24,3500.0,4000.0,3750.0,0.0,500.0
Uttarakhand,Haridwar,Haridwar Union Apmc,Cauliflower,2026-09-24,2000.0,3000.0,2400.0,0.0,1000.0
Tamil Nadu,Dharmapuri,Harur(Uzhavar Sandhai ),Cauliflower,2026-09-24,3500.0,4000.0,3750.0,0.0,500.0
Tamil Nadu,Salem,Hasthampatti(Uzhavar Sandhai ),Cauliflower,2026-09-24,2600.0,3000.0,2800.0,0.0,400.0
Karnataka,Davangere,Honnali Apmc,Cauliflower,2026-09-24,1500.0,2000.0,1800.0,0.0,500.0
Tamil Nadu,Krishnagiri,Hosur(Uzhavar Sandhai ),Cauliflower,2026-09-24,2500.0,3000.0,2750.0,0.0,500.0
Tamil Nadu,Salem,Jalagandapuram(Uzhavar Sandhai ),Cauliflower,2026-09-24,2000.0,2500.0,2250.0,0.0,500.0
Tamil Nadu,Chengalpattu,Jameenrayapettai(Uzhavar Sandhai ),Cauliflower,2026-09-24,2500.0,3000.0,2750.0,0.0,500.0
Tamil Nadu,Vellore,Kahithapattarai(Uzhavar Sandhai ),Cauliflower,2026-09-24,2000.0,2000.0,2000.0,0.0,0.0
Uttar Pradesh,Shamli,Kairana Apmc,Cauliflower,2026-09-24,1400.0,1500.0,1450.0,0.0,100.0
Tamil Nadu,Kallakuruchi,Kallakurichi(Uzhavar Sandhai ),Cauliflower,2026-09-24,3000.0,3000.0,3000.0,0.0,0.0
Odisha,Dhenkanal,Kamakhyanagar Apmc,Cauliflower,2026-09-24,5500.0,5500.0,5500.0,0.0,0.0
Tamil Nadu,Theni,Kambam(Uzhavar Sandhai ),Cauliflower,2026-09-24,2500.0,3500.0,3000.0,0.0,1000.0
Tamil Nadu,Kancheepuram,Kancheepuram(Uzhavar Sandhai ),Cauliflower,2026-09-24,3000.0,3500.0,3250.0,0.0,500.0
Tamil Nadu,Thirupur,Kangayam(Uzhavar Sandhai ),Cauliflower,2026-09-24,2500.0,3000.0,2750.0,0.0,500.0
Odisha,Bolangir,Kantabaji Apmc,Cauliflower,2026-09-24,3500.0,4500.0,4000.0,0.0,1000.0
Tamil Nadu,Sivaganga,Karaikudi(Uzhavar Sandhai ),Cauliflower,2026-09-24,3000.0,3500.0,3250.0,0.0,500.0
Odisha,Mayurbhanja,Karanjia Apmc,Cauliflower,2026-09-24,4800.0,5000.0,4900.0,0.0,200.0
Tamil Nadu,Dharmapuri,Karimangalam(Uzhavar Sandhai),Cauliflower,2026-09-24,3800.0,4000.0,3900.0,0.0,200.0
Tamil Nadu,Virudhunagar,Kariyapatti(Uzhavar Sandhai ),Cauliflower,2026-09-24,3000.0,3500.0,3250.0,0.0,500.0
Tamil Nadu,Karur,Karur(Uzhavar Sandhai ),Cauliflower,2026-09-24,3500.0,4000.0,3750.0,0.0,500.0
Tamil Nadu,Vellore,Katpadi (Uzhavar Sandhai ),Cauliflower,2026-09-24,2500.0,2500.0,2500.0,0.0,0.0
Keralam,Idukki,Kattappana Market,Cauliflower,2026-09-24,4800.0,5000.0,5000.0,0.0,200.0
Madhya Pradesh,Khandwa,Khandwa(F&V) Apmc,Cauliflower,2026-09-24,700.0,1500.0,1000.0,0.0,800.0
Punjab,Mohali,Kharar Apmc,Cauliflower,2026-09-24,2500.0,3500.0,3000.0,0.0,1000.0
Odisha,Boudh,Khunthabandha Apmc,Cauliflower,2026-09-24,6000.0,7000.0,6500.0,0.0,1000.0
Uttarakhand,Udhamsinghnagar,Kicchha Apmc,Cauliflower,2026-09-24,1900.0,2100.0,2000.0,0.0,200.0
Tamil Nadu,Thiruchirappalli,Kknagar(Uzhavar Sandhai ),Cauliflower,2026-09-24,4000.0,4500.0,4250.0,0.0,500.0
Tamil Nadu,Tuticorin,Kovilpatti(Uzhavar Sandhai ),Cauliflower,2026-09-24,4000.0,4500.0,4250.0,0.0,500.0
Tamil Nadu,Krishnagiri,Krishnagiri(Uzhavar Sandhai ),Cauliflower,2026-09-24,2500.0,3000.0,2750.0,0.0,500.0
Tamil Nadu,Karur,Kulithalai(Uzhavar Sandhai ),Cauliflower,2026-09-24,3500.0,4000.0,3750.0,0.0,500.0
Tamil Nadu,Namakkal,Kumarapalayam(Uzhavar Sandhai ),Cauliflower,2026-09-24,3500.0,4000.0,3750.0,0.0,500.0
Tamil Nadu,Thanjavur,Kumbakonam (Uzhavar Sandhai ),Cauliflower,2026-09-24,4800.0,4800.0,4800.0,0.0,0.0
Tamil Nadu,Kancheepuram,Kundrathur(Uzhavar Sandhai ),Cauliflower,2026-09-24,3000.0,3500.0,3250.0,0.0,500.0
Uttar Pradesh,Raebarelli,Lalganj Apmc,Cauliflower,2026-09-24,1800.0,2000.0,1900.0,0.0,200.0
Tamil Nadu,Thiruchirappalli,Lalgudi(Uzhavar Sandhai ),Cauliflower,2026-09-24,3000.0,3000.0,3000.0,0.0,0.0
Punjab,Mohali,Lalru Apmc,Cauliflower,2026-09-24,4000.0,4000.0,4000.0,0.0,0.0
Punjab,Ludhiana,Ludhiana Apmc,Cauliflower,2026-09-24,1000.0,3300.0,2000.0,0.0,2300.0
Jammu and Kashmir,Jammu,Mac F&V Market Narwal Jammu,Cauliflower,2026-09-24,4000.0,5000.0,4500.0,0.0,1000.0
Bihar,Madhubani,Madhubani Apmc,Cauliflower,2026-09-24,8000.0,8500.0,8200.0,0.0,500.0
Uttar Pradesh,Khiri (Lakhimpur),Maigalganj Apmc,Cauliflower,2026-09-24,1350.0,1390.0,1370.0,0.0,40.0
Punjab,Sangrur,Malerkotla Apmc,Cauliflower,2026-09-24,2800.0,3600.0,3200.0,0.0,800.0
Tamil Nadu,Thiruchirappalli,Manachanallur(Uzhavar Sandhai ),Cauliflower,2026-09-24,4000.0,4000.0,4000.0,0.0,0.0
Tamil Nadu,Thiruchirappalli,Manapparai(Uzhavar Sandhai ),Cauliflower,2026-09-24,5000.0,5000.0,5000.0,0.0,0.0
Madhya Pradesh,Dhar,Manawar(F&V) Apmc,Cauliflower,2026-09-24,1400.0,1700.0,1500.0,0.0,300.0
Madhya Pradesh,Mandsaur,Mandsaur(F&V) Apmc,Cauliflower,2026-09-24,2000.0,3050.0,2500.0,0.0,1050.0
Tamil Nadu,Thiruvarur,Mannargudi I(Uzhavar Sandhai ),Cauliflower,2026-09-24,6000.0,6000.0,6000.0,0.0,0.0
Tamil Nadu,Thiruvarur,Mannargudi Ii(Uzhavar Sandhai ),Cauliflower,2026-09-24,6000.0,6000.0,6000.0,0.0,0.0
Gujarat,Gandhinagar,Mansa(Manas Veg Yard) Apmc,Cauliflower,2026-09-24,2500.0,3000.0,3000.0,0.0,500.0
Tamil Nadu,Nagapattinam,Mayiladuthurai(Uzhavar Sandhai ),Cauliflower,2026-09-24,4500.0,5000.0,4750.0,0.0,500.0
Tamil Nadu,Thirunelveli,Melapalayam(Uzhavar Sandhai ),Cauliflower,2026-09-24,4000.0,4200.0,4100.0,0.0,200.0
Tamil Nadu,Coimbatore,Mettupalayam(Uzhavar Sandhai ),Cauliflower,2026-09-24,4000.0,4500.0,4250.0,0.0,500.0
Tamil Nadu,Salem,Mettur(Uzhavar Sandhai ),Cauliflower,2026-09-24,3000.0,3500.0,3250.0,0.0,500.0
Tamil Nadu,Namakkal,Mohanur(Uzhavar Sandhai ),Cauliflower,2026-09-24,4000.0,5000.0,4500.0,0.0,1000.0
Punjab,Hoshiarpur,Mukerian Apmc,Cauliflower,2026-09-24,3500.0,5500.0,4500.0,0.0,2000.0
Maharashtra,Mumbai,Mumbai,Cauliflower,2026-09-24,1000.0,1600.0,1300.0,0.0,600.0
Tamil Nadu,Thiruchirappalli,Musiri(Uzhavar Sandhai ),Cauliflower,2026-09-24,3000.0,4500.0,3750.0,0.0,1500.0
Tamil Nadu,Namakkal,Namakkal(Uzhavar Sandhai ),Cauliflower,2026-09-24,2500.0,3500.0,3000.0,0.0,1000.0
Tamil Nadu,Chengalpattu,Nanganallur(Uzhavar Sandhai ),Cauliflower,2026-09-24,4500.0,5000.0,4750.0,0.0,500.0
Haryana,Mahendragarh-Narnaul,Narnaul Apmc,Cauliflower,2026-09-24,2000.0,3200.0,2500.0,0.0,1200.0
Tamil Nadu,Thirupathur,Natrampalli(Uzhavar Sandhai ),Cauliflower,2026-09-24,2500.0,3000.0,2750.0,0.0,500.0
Punjab,Moga,Nihal Singh Wala Apmc,Cauliflower,2026-09-24,4200.0,4200.0,4200.0,0.0,0.0
Punjab,Jalandhar,Noor Mehal Apmc,Cauliflower,2026-09-24,2200.0,2200.0,2200.0,0.0,0.0
Keralam,Ernakulam,North Paravur Market,Cauliflower,2026-09-24,3000.0,4000.0,3500.0,0.0,1000.0
Tamil Nadu,Kancheepuram,Padappai(Uzhavar Sandhai ),Cauliflower,2026-09-24,3000.0,3500.0,3250.0,0.0,500.0
Gujarat,Vadodara(Baroda),Padra Apmc,Cauliflower,2026-09-24,1500.0,2500.0,2000.0,0.0,1000.0
Tamil Nadu,Dharmapuri,Palacode(Uzhavar Sandhai ),Cauliflower,2026-09-24,3000.0,3500.0,3250.0,0.0,500.0
Andhra Pradesh,Chittor,Palamaner Apmc,Cauliflower,2026-09-24,800.0,1200.0,1000.0,0.0,400.0
Tamil Nadu,Madurai,Palanganatham(Uzhavar Sandhai ),Cauliflower,2026-09-24,2500.0,3000.0,2750.0,0.0,500.0
Tamil Nadu,Dindigul,Palani(Uzhavar Sandhai ),Cauliflower,2026-09-24,2000.0,4000.0,3000.0,0.0,2000.0
Tamil Nadu,Thirunelveli,Palayamkottai(Uzhavar Sandhai ),Cauliflower,2026-09-24,4000.0,4200.0,4100.0,0.0,200.0
Tamil Nadu,Thirupur,Palladam(Uzhavar Sandhai ),Cauliflower,2026-09-24,3000.0,3500.0,3250.0,0.0,500.0
Tamil Nadu,Chengalpattu,Pallavaram(Uzhavar Sandhai ),Cauliflower,2026-09-24,2500.0,3000.0,2750.0,0.0,500.0
Keralam,Kottayam,Pampady Market,Cauliflower,2026-09-24,4500.0,8000.0,6000.0,0.0,3500.0
Tamil Nadu,Ramanathapuram,Paramakudi(Uzhavar Sandhai ),Cauliflower,2026-09-24,5000.0,5500.0,5250.0,0.0,500.0
Tamil Nadu,Namakkal,Paramathivelur(Uzhavar Sandhai ),Cauliflower,2026-09-24,3500.0,4000.0,3750.0,0.0,500.0
Haryana,Gurgaon,Pataudi Apmc,Cauliflower,2026-09-24,2000.0,3000.0,2500.0,0.0,1000.0
Keralam,Palakad,Pattambi Market,Cauliflower,2026-09-24,3000.0,3500.0,3200.0,0.0,500.0
Punjab,Tarntaran,Patti Apmc,Cauliflower,2026-09-24,240.0,240.0,240.0,0.0,0.0
Tamil Nadu,Thanjavur,Pattukottai(Uzhavar Sandhai ),Cauliflower,2026-09-24,4800.0,4800.0,4800.0,0.0,0.0
Tamil Nadu,Dharmapuri,Pennagaram(Uzhavar Sandhai ),Cauliflower,2026-09-24,2500.0,3000.0,2750.0,0.0,500.0
Tamil Nadu,Perambalur,Perambalur(Uzhavar Sandhai ),Cauliflower,2026-09-24,5000.0,6000.0,5500.0,0.0,1000.0
Tamil Nadu,Theni,Periyakulam(Uzhavar Sandhai ),Cauliflower,2026-09-24,2500.0,3000.0,2750.0,0.0,500.0
Keralam,Ernakulam,Perumbavoor Market,Cauliflower,2026-09-24,4000.0,4600.0,4300.0,0.0,600.0
Tamil Nadu,Erode,Perundurai(Uzhavar Sandhai ),Cauliflower,2026-09-24,3500.0,3800.0,3650.0,0.0,300.0
Himachal Pradesh,Chamba,Pmy Chamba,Cauliflower,2026-09-24,5000.0,6000.0,5500.0,0.0,1000.0
Himachal Pradesh,Kangra,Pmy Kangra,Cauliflower,2026-09-24,5000.0,5500.0,5250.0,0.0,500.0
Himachal Pradesh,Solan,Pmy Kather Solan,Cauliflower,2026-09-24,2000.0,4000.0,3000.0,0.0,2000.0
Tamil Nadu,Coimbatore,Pollachi(Uzhavar Sandhai ),Cauliflower,2026-09-24,4500.0,5000.0,4750.0,0.0,500.0
Tamil Nadu,Thiruvannamalai,Polur(Uzhavar Sandhai ),Cauliflower,2026-09-24,2500.0,3000.0,2750.0,0.0,500.0
Tamil Nadu,Pudukkottai,Pudukottai(Uzhavar Sandhai ),Cauliflower,2026-09-24,5500.0,6000.0,5750.0,0.0,500.0
Maharashtra,Pune,Pune,Cauliflower,2026-09-24,2000.0,2000.0,2000.0,0.0,0.0
Maharashtra,Pune,Pune,Cauliflower,2026-09-24,1000.0,1500.0,1250.0,0.0,500.0
Keralam,Kozhikode(Calicut),Quilandy Market,Cauliflower,2026-09-24,3800.0,4000.0,4000.0,0.0,200.0
Tamil Nadu,Virudhunagar,Rajapalayam(Uzhavar Sandhai ),Cauliflower,2026-09-24,2500.0,3000.0,2750.0,0.0,500.0
Karnataka,Bengaluru South,Ramanagara Apmc,Cauliflower,2026-09-24,1600.0,2500.0,2000.0,0.0,900.0
Tamil Nadu,Ramanathapuram,Ramanathapuram(Uzhavar Sandhai ),Cauliflower,2026-09-24,5000.0,5500.0,5250.0,0.0,500.0
Punjab,Bhatinda,Rampuraphul(Nabha Mandi) Apmc,Cauliflower,2026-09-24,2500.0,3500.0,3000.0,0.0,1000.0
Tamil Nadu,Ranipet,Ranipettai(Uzhavar Sandhai ),Cauliflower,2026-09-24,3000.0,4000.0,3500.0,0.0,1000.0
Tamil Nadu,Namakkal,Rasipuram(Uzhavar Sandhai ),Cauliflower,2026-09-24,3000.0,4000.0,3500.0,0.0,1000.0
Haryana,Fatehabad,Ratia Apmc,Cauliflower,2026-09-24,3000.0,4000.0,3500.0,0.0,1000.0
Punjab,Amritsar,Rayya Apmc,Cauliflower,2026-09-24,3168.0,3168.0,3168.0,0.0,0.0
Uttarakhand,Haridwar,Roorkee Apmc,Cauliflower,2026-09-24,1000.0,1600.0,1200.0,0.0,600.0
Punjab,Ropar (Rupnagar),Ropar Apmc,Cauliflower,2026-09-24,3800.0,4200.0,4000.0,0.0,400.0
Tamil Nadu,Coimbatore,Rspuram(Uzhavar Sandhai ),Cauliflower,2026-09-24,4400.0,4600.0,4500.0,0.0,200.0
Telangana,Hyderabad,Rythu Bazar Mehdipatnam,Cauliflower,2026-09-24,1800.0,1800.0,1800.0,0.0,0.0
Haryana,Yamuna Nagar,Sadhaura Apmc,Cauliflower,2026-09-24,3700.0,3900.0,3800.0,0.0,200.0
Punjab,Ludhiana,Samrala Apmc,Cauliflower,2026-09-24,1500.0,2200.0,1800.0,0.0,700.0
Madhya Pradesh,Rajgarh,Sarangpur(F&V) Apmc,Cauliflower,2026-09-24,950.0,950.0,950.0,0.0,0.0
Telangana,Ranga Reddy,"Saroornagar,Rbz",Cauliflower,2026-09-24,1800.0,1800.0,1800.0,0.0,0.0
Tamil Nadu,Erode,Sathiyamagalam(Uzhavar Sandhai ),Cauliflower,2026-09-24,3000.0,3500.0,3250.0,0.0,500.0
Tamil Nadu,Virudhunagar,Sathur(Uzhavar Sandhai ),Cauliflower,2026-09-24,3500.0,4000.0,3750.0,0.0,500.0
Madhya Pradesh,Badwani,Sendhwa(F&V) Apmc,Cauliflower,2026-09-24,800.0,1000.0,900.0,0.0,200.0
Meghalaya,East Khasi Hills,Shillong Apmc,Cauliflower,2026-09-24,5000.0,6000.0,5500.0,0.0,1000.0
Tamil Nadu,Sivaganga,Singampunari(Uzhavar Sandhai ),Cauliflower,2026-09-24,2600.0,3200.0,2900.0,0.0,600.0
Tamil Nadu,Coimbatore,Singanallur(Uzhavar Sandhai ),Cauliflower,2026-09-24,4500.0,5000.0,4750.0,0.0,500.0
Madhya Pradesh,Harda,Sirali(F&V) Apmc,Cauliflower,2026-09-24,1000.0,1000.0,1000.0,0.0,0.0
Punjab,Fatehgarh,Sirhind Apmc,Cauliflower,2026-09-24,2500.0,3500.0,3000.0,0.0,1000.0
Tamil Nadu,Nagapattinam,Sirkali(Uzhavar Sandhai ),Cauliflower,2026-09-24,5000.0,5000.0,5000.0,0.0,0.0
Tamil Nadu,Sivaganga,Sivagangai (Uzhavar Sandhai ),Cauliflower,2026-09-24,2600.0,3200.0,2900.0,0.0,600.0
Tamil Nadu,Virudhunagar,Sivakasi(Uzhavar Sandhai ),Cauliflower,2026-09-24,3500.0,4000.0,3750.0,0.0,500.0
Himachal Pradesh,Kangra,Smy Baijnath,Cauliflower,2026-09-24,4500.0,5500.0,5000.0,0.0,1000.0
Himachal Pradesh,Kullu,Smy Bandrol,Cauliflower,2026-09-24,1500.0,4900.0,2900.0,0.0,3400.0
Himachal Pradesh,Kangra,Smy Dharamshala,Cauliflower,2026-09-24,5500.0,6000.0,5750.0,0.0,500.0
Himachal Pradesh,Kangra,Smy Jaisinghpur,Cauliflower,2026-09-24,3000.0,5800.0,4500.0,0.0,2800.0
Himachal Pradesh,Mandi,Smy Jogindernagar,Cauliflower,2026-09-24,2500.0,4500.0,3500.0,0.0,2000.0
Himachal Pradesh,Kangra,Smy Jwalaji,Cauliflower,2026-09-24,5000.0,5500.0,5250.0,0.0,500.0
Himachal Pradesh,Kangra,Smy Palampur,Cauliflower,2026-09-24,2500.0,5500.0,4000.0,0.0,3000.0
Himachal Pradesh,Una,Smy Santoshgarh,Cauliflower,2026-09-24,5000.0,5000.0,5000.0,0.0,0.0
Tamil Nadu,Salem,Sooramangalam(Uzhavar Sandhai ),Cauliflower,2026-09-24,2500.0,3000.0,2750.0,0.0,500.0
Tamil Nadu,Virudhunagar,Srivilliputhur(Uzhavar Sandhai ),Cauliflower,2026-09-24,2500.0,3000.0,2750.0,0.0,500.0
Tamil Nadu,Coimbatore,Sulur(Uzhavar Sandhai ),Cauliflower,2026-09-24,4200.0,4800.0,4500.0,0.0,600.0
Tamil Nadu,Coimbatore,Sundarapuram(Uzhavar Sandhai ),Cauliflower,2026-09-24,4500.0,5000.0,4750.0,0.0,500.0
Tamil Nadu,Kancheepuram,Sunguvarchatram(Uzhavar Sandhai ),Cauliflower,2026-09-24,3000.0,3500.0,3250.0,0.0,500.0
Gujarat,Surat,Surat Apmc,Cauliflower,2026-09-24,1000.0,2300.0,1650.0,0.0,1300.0
Punjab,Hoshiarpur,Tanda Urmur Apmc,Cauliflower,2026-09-24,4000.0,5000.0,4500.0,0.0,1000.0
Tamil Nadu,Tenkasi,Tenkasi(Uzhavar Sandhai ),Cauliflower,2026-09-24,4000.0,4500.0,4250.0,0.0,500.0
Tamil Nadu,Erode,Thalavadi(Uzhavar Sandhai ),Cauliflower,2026-09-24,2600.0,3000.0,2800.0,0.0,400.0
Tamil Nadu,Virudhunagar,Thalavaipuram(Uzhavar Sandhai ),Cauliflower,2026-09-24,2500.0,3000.0,2750.0,0.0,500.0
Tamil Nadu,Salem,Thammampatti (Uzhavar Sandhai ),Cauliflower,2026-09-24,3000.0,4000.0,3500.0,0.0,1000.0
Tamil Nadu,Thanjavur,Thanjavur(Uzhavar Sandhai ),Cauliflower,2026-09-24,4600.0,4600.0,4600.0,0.0,0.0
Tamil Nadu,Salem,Thathakapatti(Uzhavar Sandhai ),Cauliflower,2026-09-24,2000.0,2500.0,2250.0,0.0,500.0
Tamil Nadu,Theni,Theni(Uzhavar Sandhai ),Cauliflower,2026-09-24,2000.0,3000.0,2500.0,0.0,1000.0
Tamil Nadu,Vellore,Thirupathur Apmc,Cauliflower,2026-09-24,3000.0,3000.0,3000.0,0.0,0.0
Tamil Nadu,Thiruchirappalli,Thiruverumbur(Uzhavar Sandhai ),Cauliflower,2026-09-24,5000.0,5000.0,5000.0,0.0,0.0
Keralam,Ernakulam,Thrippunithura Market,Cauliflower,2026-09-24,5000.0,6000.0,5200.0,0.0,1000.0
Tamil Nadu,Thiruchirappalli,Thuraiyur Apmc,Cauliflower,2026-09-24,4000.0,4500.0,4250.0,0.0,500.0
Tamil Nadu,Namakkal,Tiruchengode Apmc,Cauliflower,2026-09-24,3500.0,4000.0,3750.0,0.0,500.0
Tamil Nadu,Sivaganga,Tirupatthur(Uzhavar Sandhai ),Cauliflower,2026-09-24,3000.0,3500.0,3250.0,0.0,500.0
Tamil Nadu,Thirupur,Tiruppur (North) (Uzhavar Sandhai ),Cauliflower,2026-09-24,3500.0,4000.0,3750.0,0.0,500.0
Tamil Nadu,Thirupur,Tiruppur (South) (Uzhavar Sandhai ),Cauliflower,2026-09-24,3000.0,4000.0,3500.0,0.0,1000.0
Tamil Nadu,Thiruvellore,Tiruthani(Uzhavar Sandhai ),Cauliflower,2026-09-24,4000.0,4000.0,4000.0,0.0,0.0
Tamil Nadu,Thiruvannamalai,Tiruvannamalai(Uzhavar Sandhai ),Cauliflower,2026-09-24,3600.0,4000.0,3800.0,0.0,400.0
Tamil Nadu,Tuticorin,Tuticorin(Uzhavar Sandhai ),Cauliflower,2026-09-24,3500.0,4000.0,3750.0,0.0,500.0
Tamil Nadu,The Nilgiris,Udhagamandalam(Uzhavar Sandhai ),Cauliflower,2026-09-24,4000.0,4500.0,4250.0,0.0,500.0
Tamil Nadu,Coimbatore,Udumalpet Apmc,Cauliflower,2026-09-24,2500.0,3000.0,2750.0,0.0,500.0
Tamil Nadu,Nagercoil (Kannyiakumari),Vadaseri Apmc,Cauliflower,2026-09-24,6000.0,6500.0,6250.0,0.0,500.0
Tamil Nadu,Coimbatore,Vadavalli(Uzhavar Sandhai ),Cauliflower,2026-09-24,4400.0,4600.0,4500.0,0.0,200.0
Gujarat,Surendranagar,Vadhvan Apmc,Cauliflower,2026-09-24,1000.0,2000.0,1500.0,0.0,1000.0
Tamil Nadu,Salem,Vazhapadi(Uzhavar Sandhai),Cauliflower,2026-09-24,3000.0,3000.0,3000.0,0.0,0.0
Tamil Nadu,Villupuram,Villupuram(Uzhavar Sandhai ),Cauliflower,2026-09-24,3000.0,3000.0,3000.0,0.0,0.0
Tamil Nadu,Virudhunagar,Virudhunagar(Uzhavar Sandhai ),Cauliflower,2026-09-24,3500.0,4000.0,3750.0,0.0,500.0
Punjab,Ferozpur,Zira Apmc,Cauliflower,2026-09-24,4600.0,4600.0,4600.0,0.0,0.0
Uttar Pradesh,Kasganj,Kasganj Apmc,Chicory(Chikori/Kasni),2026-09-24,3000.0,3000.0,3000.0,0.0,0.0
Tamil Nadu,Madurai,Anna Nagar(Uzhavar Sandhai ),Chikoos(Sapota),2026-09-24,6000.0,6000.0,6000.0,0.0,0.0
Tamil Nadu,Virudhunagar,Aruppukottai(Uzhavar Sandhai ),Chikoos(Sapota),2026-09-24,3000.0,4000.0,3500.0,0.0,1000.0
Tamil Nadu,Salem,Attayampatti(Uzhavar Sandhai ),Chikoos(Sapota),2026-09-24,5000.0,5000.0,5000.0,0.0,0.0
Tamil Nadu,Madurai,Chokkikulam(Uzhavar Sandhai ),Chikoos(Sapota),2026-09-24,4000.0,6000.0,5000.0,0.0,2000.0
Tamil Nadu,Sivaganga,Devakottai (Uzhavar Sandhai ),Chikoos(Sapota),2026-09-24,4400.0,6400.0,5400.0,0.0,2000.0
Tamil Nadu,Karur,Gandhigramam(Uzhavar Sandhai),Chikoos(Sapota),2026-09-24,5500.0,6000.0,5750.0,0.0,500.0
Haryana,Hissar,Hansi Apmc,Chikoos(Sapota),2026-09-24,6000.0,10000.0,8000.0,0.0,4000.0
Haryana,Jhajar,Jhajjar Apmc,Chikoos(Sapota),2026-09-24,8000.0,8000.0,8000.0,0.0,0.0
Tamil Nadu,Virudhunagar,Kariyapatti(Uzhavar Sandhai ),Chikoos(Sapota),2026-09-24,3500.0,4000.0,3750.0,0.0,500.0
Tamil Nadu,Tuticorin,Kovilpatti(Uzhavar Sandhai ),Chikoos(Sapota),2026-09-24,4500.0,5000.0,4750.0,0.0,500.0
Tamil Nadu,Namakkal,Kumarapalayam(Uzhavar Sandhai ),Chikoos(Sapota),2026-09-24,4000.0,4500.0,4250.0,0.0,500.0
Tamil Nadu,Thiruchirappalli,Manapparai(Uzhavar Sandhai ),Chikoos(Sapota),2026-09-24,4000.0,4000.0,4000.0,0.0,0.0
Tamil Nadu,Thiruvarur,Mannargudi I(Uzhavar Sandhai ),Chikoos(Sapota),2026-09-24,8000.0,8000.0,8000.0,0.0,0.0
Tamil Nadu,Thirunelveli,Melapalayam(Uzhavar Sandhai ),Chikoos(Sapota),2026-09-24,4000.0,5000.0,4500.0,0.0,1000.0
Tamil Nadu,Madurai,Melur(Uzhavar Sandhai ),Chikoos(Sapota),2026-09-24,4000.0,6000.0,5000.0,0.0,2000.0
Tamil Nadu,Coimbatore,Mettupalayam(Uzhavar Sandhai ),Chikoos(Sapota),2026-09-24,4500.0,5000.0,4750.0,0.0,500.0
Tamil Nadu,Thirunelveli,Palayamkottai(Uzhavar Sandhai ),Chikoos(Sapota),2026-09-24,4000.0,5000.0,4500.0,0.0,1000.0
Tamil Nadu,Karur,Pallapatti (Uzhavar Sandhai ),Chikoos(Sapota),2026-09-24,4500.0,5000.0,4750.0,0.0,500.0
Tamil Nadu,Erode,Perundurai(Uzhavar Sandhai ),Chikoos(Sapota),2026-09-24,3600.0,4000.0,3800.0,0.0,400.0
Maharashtra,Pune,Pune,Chikoos(Sapota),2026-09-24,5000.0,5000.0,5000.0,0.0,0.0
Tamil Nadu,Virudhunagar,Rajapalayam(Uzhavar Sandhai ),Chikoos(Sapota),2026-09-24,3000.0,3500.0,3250.0,0.0,500.0
Tamil Nadu,Namakkal,Rasipuram(Uzhavar Sandhai ),Chikoos(Sapota),2026-09-24,4000.0,4500.0,4250.0,0.0,500.0
Tamil Nadu,Kallakuruchi,Sankarapuram(Uzhavar Sandhai ),Chikoos(Sapota),2026-09-24,5000.0,5000.0,5000.0,0.0,0.0
Tamil Nadu,Virudhunagar,Sathur(Uzhavar Sandhai ),Chikoos(Sapota),2026-09-24,2500.0,3000.0,2750.0,0.0,500.0
Tamil Nadu,Sivaganga,Sivagangai (Uzhavar Sandhai ),Chikoos(Sapota),2026-09-24,4200.0,6200.0,5200.0,0.0,2000.0
Tamil Nadu,Virudhunagar,Sivakasi(Uzhavar Sandhai ),Chikoos(Sapota),2026-09-24,3500.0,4000.0,3750.0,0.0,500.0
Tamil Nadu,Virudhunagar,Srivilliputhur(Uzhavar Sandhai ),Chikoos(Sapota),2026-09-24,3500.0,4000.0,3750.0,0.0,500.0
Tamil Nadu,Salem,Thathakapatti(Uzhavar Sandhai ),Chikoos(Sapota),2026-09-24,4000.0,4000.0,4000.0,0.0,0.0
Tamil Nadu,Madurai,Thirumangalam(Uzhavar Sandhai ),Chikoos(Sapota),2026-09-24,5000.0,6000.0,5500.0,0.0,1000.0
Tamil Nadu,Vellore,Thirupathur Apmc,Chikoos(Sapota),2026-09-24,4000.0,4000.0,4000.0,0.0,0.0
Tamil Nadu,Namakkal,Tiruchengode Apmc,Chikoos(Sapota),2026-09-24,4000.0,4500.0,4250.0,0.0,500.0
Tamil Nadu,Sivaganga,Tirupatthur(Uzhavar Sandhai ),Chikoos(Sapota),2026-09-24,4500.0,6500.0,5500.0,0.0,2000.0
Tamil Nadu,Thiruvannamalai,Tiruvannamalai(Uzhavar Sandhai ),Chikoos(Sapota),2026-09-24,5000.0,6000.0,5500.0,0.0,1000.0
Tamil Nadu,Tuticorin,Tuticorin(Uzhavar Sandhai ),Chikoos(Sapota),2026-09-24,4500.0,5000.0,4750.0,0.0,500.0
Tamil Nadu,Virudhunagar,Virudhunagar(Uzhavar Sandhai ),Chikoos(Sapota),2026-09-24,3500.0,4000.0,3750.0,0.0,500.0
Tamil Nadu,Madurai,Anna Nagar(Uzhavar Sandhai ),Chili Red,2026-09-24,20000.0,20000.0,20000.0,0.0,0.0
Maharashtra,Nagpur,Apmc Nagpur ,Chili Red,2026-09-24,14000.0,18000.0,17000.0,0.0,4000.0
Andhra Pradesh,Palnadu,Gurazala Apmc,Chili Red,2026-09-24,18000.0,28500.0,25600.0,0.0,10500.0
Andhra Pradesh,Palnadu,Gurazala Apmc,Chili Red,2026-09-24,16000.0,23000.0,20500.0,0.0,7000.0
Tamil Nadu,Thiruchirappalli,Kknagar(Uzhavar Sandhai ),Chili Red,2026-09-24,24000.0,24000.0,24000.0,0.0,0.0
Tamil Nadu,Namakkal,Rasipuram(Uzhavar Sandhai ),Chili Red,2026-09-24,17000.0,18000.0,17500.0,0.0,1000.0
Maharashtra,Ratnagiri,Apmc Ratnagiri (Nachane) ,Chilly Capsicum,2026-09-24,2500.0,3000.0,2800.0,0.0,500.0
Maharashtra,Mumbai,Mumbai,Chilly Capsicum,2026-09-24,2400.0,3400.0,2900.0,0.0,1000.0
Maharashtra,Pune,Pune,Chilly Capsicum,2026-09-24,2000.0,3000.0,2500.0,0.0,1000.0
Karnataka,Bengaluru South,Ramanagara Apmc,Chilly Capsicum,2026-09-24,3000.0,4400.0,4000.0,0.0,1400.0
Punjab,Ropar (Rupnagar),Ropar Apmc,Chilly Capsicum,2026-09-24,3200.0,3600.0,3500.0,0.0,400.0
Tamil Nadu,Dharmapuri,Ajattihalli(Uzhavar Sandhai ),Chow Chow,2026-09-24,4000.0,4000.0,4000.0,0.0,0.0
Tamil Nadu,Salem,Ammapet(Uzhavar Sandhai ),Chow Chow,2026-09-24,3500.0,4000.0,3750.0,0.0,500.0
Tamil Nadu,Madurai,Anaiyur(Uzhavar Sandhai ),Chow Chow,2026-09-24,2500.0,3000.0,2750.0,0.0,500.0
Tamil Nadu,Theni,Andipatti(Uzhavar Sandhai ),Chow Chow,2026-09-24,2800.0,3000.0,2900.0,0.0,200.0
Tamil Nadu,Madurai,Anna Nagar(Uzhavar Sandhai ),Chow Chow,2026-09-24,3600.0,4000.0,3800.0,0.0,400.0
Tamil Nadu,Thiruvannamalai,Arani(Uzhavar Sandhai ),Chow Chow,2026-09-24,2500.0,3000.0,2750.0,0.0,500.0
Tamil Nadu,Ranipet,Arcot(Uzhavar Sandhai ),Chow Chow,2026-09-24,4000.0,4000.0,4000.0,0.0,0.0
Tamil Nadu,Ariyalur,Ariyalur(Uzhavar Sandhai),Chow Chow,2026-09-24,3500.0,4000.0,3750.0,0.0,500.0
Tamil Nadu,Virudhunagar,Aruppukottai(Uzhavar Sandhai ),Chow Chow,2026-09-24,3000.0,3500.0,3250.0,0.0,500.0
Tamil Nadu,Salem,Athur(Uzhavar Sandhai ),Chow Chow,2026-09-24,3500.0,4000.0,3750.0,0.0,500.0
Tamil Nadu,Krishnagiri,Avallapalli(Uzhavar Sandhai ),Chow Chow,2026-09-24,2000.0,2500.0,2250.0,0.0,500.0
Tamil Nadu,Theni,Bodinayakanur(Uzhavar Sandhai ),Chow Chow,2026-09-24,3200.0,3200.0,3200.0,0.0,0.0
Tamil Nadu,Thiruvannamalai,Chengam(Uzhavar Sandhai ),Chow Chow,2026-09-24,4200.0,4800.0,4500.0,0.0,600.0
Tamil Nadu,Thiruvannamalai,Cheyyar(Uzhavar Sandhai ),Chow Chow,2026-09-24,2500.0,3000.0,2750.0,0.0,500.0
Tamil Nadu,Dindigul,Chinnalapatti(Uzhavar Sandhai ),Chow Chow,2026-09-24,3600.0,4000.0,3800.0,0.0,400.0
Tamil Nadu,Theni,Chinnamanur(Uzhavar Sandhai ),Chow Chow,2026-09-24,3200.0,3200.0,3200.0,0.0,0.0
Tamil Nadu,Madurai,Chokkikulam(Uzhavar Sandhai ),Chow Chow,2026-09-24,2500.0,3000.0,2750.0,0.0,500.0
Tamil Nadu,The Nilgiris,Coonoor(Uzhavar Sandhai ),Chow Chow,2026-09-24,2200.0,2500.0,2350.0,0.0,300.0
Tamil Nadu,Cuddalore,Cuddalore(Uzhavar Sandhai ),Chow Chow,2026-09-24,4000.0,4000.0,4000.0,0.0,0.0
Tamil Nadu,Krishnagiri,Denkanikottai(Uzhavar Sandhai ),Chow Chow,2026-09-24,2000.0,2500.0,2250.0,0.0,500.0
Tamil Nadu,Sivaganga,Devakottai (Uzhavar Sandhai ),Chow Chow,2026-09-24,2600.0,3000.0,2800.0,0.0,400.0
Tamil Nadu,Theni,Devaram(Uzhavar Sandhai ),Chow Chow,2026-09-24,3000.0,3000.0,3000.0,0.0,0.0
Tamil Nadu,Thirupur,Dharapuram(Uzhavar Sandhai ),Chow Chow,2026-09-24,3500.0,4000.0,3750.0,0.0,500.0
Tamil Nadu,Dharmapuri,Dharmapuri(Uzhavar Sandhai ),Chow Chow,2026-09-24,3700.0,4000.0,3850.0,0.0,300.0
Tamil Nadu,Dindigul,Dindigul(Uzhavar Sandhai ),Chow Chow,2026-09-24,3000.0,4000.0,3500.0,0.0,1000.0
Tamil Nadu,Salem,Edapadi (Uzhavar Sandhai ),Chow Chow,2026-09-24,3500.0,4000.0,3750.0,0.0,500.0
Tamil Nadu,Salem,Elampillai(Uzhavar Sandhai ),Chow Chow,2026-09-24,3500.0,4000.0,3750.0,0.0,500.0
Tamil Nadu,Karur,Gandhigramam(Uzhavar Sandhai),Chow Chow,2026-09-24,3500.0,4000.0,3750.0,0.0,500.0
Tamil Nadu,Villupuram,Gingee(Uzhavar Sandhai ),Chow Chow,2026-09-24,4500.0,4500.0,4500.0,0.0,0.0
Tamil Nadu,Erode,Gobichettipalayam(Uzhavar Sandhai ),Chow Chow,2026-09-24,3000.0,3400.0,3200.0,0.0,400.0
Tamil Nadu,The Nilgiris,Gudalur(Uzhavar Sandhai ),Chow Chow,2026-09-24,2000.0,2500.0,2250.0,0.0,500.0
Tamil Nadu,Vellore,Gudiyatham(Uzhavar Sandhai ),Chow Chow,2026-09-24,3600.0,3600.0,3600.0,0.0,0.0
Tamil Nadu,Dharmapuri,Harur(Uzhavar Sandhai ),Chow Chow,2026-09-24,4500.0,5000.0,4750.0,0.0,500.0
Tamil Nadu,Salem,Hasthampatti(Uzhavar Sandhai ),Chow Chow,2026-09-24,4000.0,4500.0,4250.0,0.0,500.0
Tamil Nadu,Krishnagiri,Hosur(Uzhavar Sandhai ),Chow Chow,2026-09-24,2000.0,2500.0,2250.0,0.0,500.0
Tamil Nadu,Salem,Jalagandapuram(Uzhavar Sandhai ),Chow Chow,2026-09-24,3500.0,4000.0,3750.0,0.0,500.0
Tamil Nadu,Chengalpattu,Jameenrayapettai(Uzhavar Sandhai ),Chow Chow,2026-09-24,4000.0,5000.0,4500.0,0.0,1000.0
Tamil Nadu,Vellore,Kahithapattarai(Uzhavar Sandhai ),Chow Chow,2026-09-24,3000.0,3000.0,3000.0,0.0,0.0
Tamil Nadu,Kallakuruchi,Kallakurichi(Uzhavar Sandhai ),Chow Chow,2026-09-24,5000.0,5000.0,5000.0,0.0,0.0
Tamil Nadu,Theni,Kambam(Uzhavar Sandhai ),Chow Chow,2026-09-24,3000.0,3000.0,3000.0,0.0,0.0
Tamil Nadu,Sivaganga,Karaikudi(Uzhavar Sandhai ),Chow Chow,2026-09-24,3000.0,3500.0,3250.0,0.0,500.0
Tamil Nadu,Dharmapuri,Karimangalam(Uzhavar Sandhai),Chow Chow,2026-09-24,3800.0,4000.0,3900.0,0.0,200.0
Tamil Nadu,Virudhunagar,Kariyapatti(Uzhavar Sandhai ),Chow Chow,2026-09-24,3000.0,3500.0,3250.0,0.0,500.0
Tamil Nadu,Karur,Karur(Uzhavar Sandhai ),Chow Chow,2026-09-24,3500.0,4000.0,3750.0,0.0,500.0
Tamil Nadu,Vellore,Katpadi (Uzhavar Sandhai ),Chow Chow,2026-09-24,3500.0,3500.0,3500.0,0.0,0.0
Tamil Nadu,Krishnagiri,Kaveripattinam(Uzhavar Sandhai ),Chow Chow,2026-09-24,4000.0,4000.0,4000.0,0.0,0.0
Tamil Nadu,Thiruchirappalli,Kknagar(Uzhavar Sandhai ),Chow Chow,2026-09-24,4000.0,4000.0,4000.0,0.0,0.0
Tamil Nadu,Tuticorin,Kovilpatti(Uzhavar Sandhai ),Chow Chow,2026-09-24,3500.0,4000.0,3750.0,0.0,500.0
Tamil Nadu,Krishnagiri,Krishnagiri(Uzhavar Sandhai ),Chow Chow,2026-09-24,3500.0,4000.0,3750.0,0.0,500.0
Tamil Nadu,Karur,Kulithalai(Uzhavar Sandhai ),Chow Chow,2026-09-24,2800.0,3200.0,3000.0,0.0,400.0
Tamil Nadu,Thanjavur,Kumbakonam (Uzhavar Sandhai ),Chow Chow,2026-09-24,4800.0,4800.0,4800.0,0.0,0.0
Tamil Nadu,Thiruchirappalli,Lalgudi(Uzhavar Sandhai ),Chow Chow,2026-09-24,4000.0,4000.0,4000.0,0.0,0.0
Tamil Nadu,Thiruchirappalli,Manachanallur(Uzhavar Sandhai ),Chow Chow,2026-09-24,4000.0,4000.0,4000.0,0.0,0.0
Tamil Nadu,Thiruchirappalli,Manapparai(Uzhavar Sandhai ),Chow Chow,2026-09-24,4200.0,4200.0,4200.0,0.0,0.0
Tamil Nadu,Thiruvarur,Mannargudi I(Uzhavar Sandhai ),Chow Chow,2026-09-24,4400.0,4400.0,4400.0,0.0,0.0
Tamil Nadu,Thiruvarur,Mannargudi Ii(Uzhavar Sandhai ),Chow Chow,2026-09-24,4400.0,4400.0,4400.0,0.0,0.0
Tamil Nadu,Nagapattinam,Mayiladuthurai(Uzhavar Sandhai ),Chow Chow,2026-09-24,4000.0,4000.0,4000.0,0.0,0.0
Tamil Nadu,Thirunelveli,Melapalayam(Uzhavar Sandhai ),Chow Chow,2026-09-24,3600.0,4000.0,3800.0,0.0,400.0
Tamil Nadu,Coimbatore,Mettupalayam(Uzhavar Sandhai ),Chow Chow,2026-09-24,3000.0,3500.0,3250.0,0.0,500.0
Tamil Nadu,Salem,Mettur(Uzhavar Sandhai ),Chow Chow,2026-09-24,3500.0,4000.0,3750.0,0.0,500.0
Tamil Nadu,Namakkal,Mohanur(Uzhavar Sandhai ),Chow Chow,2026-09-24,4200.0,5000.0,4600.0,0.0,800.0
Tamil Nadu,Thiruchirappalli,Musiri(Uzhavar Sandhai ),Chow Chow,2026-09-24,3500.0,4000.0,3750.0,0.0,500.0
Tamil Nadu,Nagapattinam,Nagapattinam(Uzhavar Sandhai ),Chow Chow,2026-09-24,2900.0,2900.0,2900.0,0.0,0.0
Tamil Nadu,Namakkal,Namakkal(Uzhavar Sandhai ),Chow Chow,2026-09-24,3000.0,3500.0,3250.0,0.0,500.0
Tamil Nadu,Chengalpattu,Nanganallur(Uzhavar Sandhai ),Chow Chow,2026-09-24,3500.0,4000.0,3750.0,0.0,500.0
Tamil Nadu,Dharmapuri,Palacode(Uzhavar Sandhai ),Chow Chow,2026-09-24,3800.0,4000.0,3900.0,0.0,200.0
Tamil Nadu,Madurai,Palanganatham(Uzhavar Sandhai ),Chow Chow,2026-09-24,2500.0,3000.0,2750.0,0.0,500.0
Tamil Nadu,Dindigul,Palani(Uzhavar Sandhai ),Chow Chow,2026-09-24,3000.0,3500.0,3250.0,0.0,500.0
Tamil Nadu,Thirunelveli,Palayamkottai(Uzhavar Sandhai ),Chow Chow,2026-09-24,3800.0,4000.0,3900.0,0.0,200.0
Tamil Nadu,Thirupur,Palladam(Uzhavar Sandhai ),Chow Chow,2026-09-24,2500.0,3000.0,2750.0,0.0,500.0
Tamil Nadu,Chengalpattu,Pallavaram(Uzhavar Sandhai ),Chow Chow,2026-09-24,2500.0,3000.0,2750.0,0.0,500.0
Tamil Nadu,Vellore,Pallikonda(Uzhavar Sandhai),Chow Chow,2026-09-24,3000.0,3000.0,3000.0,0.0,0.0
Tamil Nadu,Ramanathapuram,Paramakudi(Uzhavar Sandhai ),Chow Chow,2026-09-24,4200.0,4500.0,4350.0,0.0,300.0
Tamil Nadu,Namakkal,Paramathivelur(Uzhavar Sandhai ),Chow Chow,2026-09-24,3500.0,4000.0,3750.0,0.0,500.0
Tamil Nadu,Thanjavur,Pattukottai(Uzhavar Sandhai ),Chow Chow,2026-09-24,4400.0,4400.0,4400.0,0.0,0.0
Tamil Nadu,Dharmapuri,Pennagaram(Uzhavar Sandhai ),Chow Chow,2026-09-24,4000.0,4500.0,4250.0,0.0,500.0
Tamil Nadu,Perambalur,Perambalur(Uzhavar Sandhai ),Chow Chow,2026-09-24,4800.0,4800.0,4800.0,0.0,0.0
Tamil Nadu,Theni,Periyakulam(Uzhavar Sandhai ),Chow Chow,2026-09-24,2800.0,3000.0,2900.0,0.0,200.0
Tamil Nadu,Erode,Perundurai(Uzhavar Sandhai ),Chow Chow,2026-09-24,2500.0,3000.0,2750.0,0.0,500.0
Tamil Nadu,Coimbatore,Pollachi(Uzhavar Sandhai ),Chow Chow,2026-09-24,3500.0,4000.0,3750.0,0.0,500.0
Tamil Nadu,Thiruvannamalai,Polur(Uzhavar Sandhai ),Chow Chow,2026-09-24,2500.0,3000.0,2750.0,0.0,500.0
Tamil Nadu,Pudukkottai,Pudukottai(Uzhavar Sandhai ),Chow Chow,2026-09-24,4000.0,4500.0,4250.0,0.0,500.0
Tamil Nadu,Virudhunagar,Rajapalayam(Uzhavar Sandhai ),Chow Chow,2026-09-24,3000.0,3600.0,3300.0,0.0,600.0
Tamil Nadu,Ramanathapuram,Ramanathapuram(Uzhavar Sandhai ),Chow Chow,2026-09-24,4000.0,4500.0,4250.0,0.0,500.0
Tamil Nadu,Ranipet,Ranipettai(Uzhavar Sandhai ),Chow Chow,2026-09-24,4000.0,4000.0,4000.0,0.0,0.0
Tamil Nadu,Namakkal,Rasipuram(Uzhavar Sandhai ),Chow Chow,2026-09-24,2500.0,3000.0,2750.0,0.0,500.0
Tamil Nadu,Coimbatore,Rspuram(Uzhavar Sandhai ),Chow Chow,2026-09-24,2800.0,3000.0,2900.0,0.0,200.0
Tamil Nadu,Erode,Sampath Nagar(Uzhavar Sandhai ),Chow Chow,2026-09-24,3000.0,3500.0,3250.0,0.0,500.0
Tamil Nadu,Erode,Sathiyamagalam(Uzhavar Sandhai ),Chow Chow,2026-09-24,2500.0,3000.0,2750.0,0.0,500.0
Tamil Nadu,Virudhunagar,Sathur(Uzhavar Sandhai ),Chow Chow,2026-09-24,3000.0,3500.0,3250.0,0.0,500.0
Tamil Nadu,Sivaganga,Singampunari(Uzhavar Sandhai ),Chow Chow,2026-09-24,2600.0,3200.0,2900.0,0.0,600.0
Tamil Nadu,Coimbatore,Singanallur(Uzhavar Sandhai ),Chow Chow,2026-09-24,3000.0,3500.0,3250.0,0.0,500.0
Tamil Nadu,Nagapattinam,Sirkali(Uzhavar Sandhai ),Chow Chow,2026-09-24,3000.0,3000.0,3000.0,0.0,0.0
Tamil Nadu,Sivaganga,Sivagangai (Uzhavar Sandhai ),Chow Chow,2026-09-24,2600.0,3200.0,2900.0,0.0,600.0
Tamil Nadu,Virudhunagar,Sivakasi(Uzhavar Sandhai ),Chow Chow,2026-09-24,3000.0,3500.0,3250.0,0.0,500.0
Tamil Nadu,Salem,Sooramangalam(Uzhavar Sandhai ),Chow Chow,2026-09-24,3600.0,4000.0,3800.0,0.0,400.0
Tamil Nadu,Virudhunagar,Srivilliputhur(Uzhavar Sandhai ),Chow Chow,2026-09-24,3000.0,3500.0,3250.0,0.0,500.0
Tamil Nadu,Coimbatore,Sulur(Uzhavar Sandhai ),Chow Chow,2026-09-24,2500.0,3200.0,2850.0,0.0,700.0
Tamil Nadu,Coimbatore,Sundarapuram(Uzhavar Sandhai ),Chow Chow,2026-09-24,3000.0,3500.0,3250.0,0.0,500.0
Tamil Nadu,Erode,Thalavadi(Uzhavar Sandhai ),Chow Chow,2026-09-24,3000.0,3400.0,3200.0,0.0,400.0
Tamil Nadu,Virudhunagar,Thalavaipuram(Uzhavar Sandhai ),Chow Chow,2026-09-24,3000.0,3600.0,3300.0,0.0,600.0
Tamil Nadu,Salem,Thammampatti (Uzhavar Sandhai ),Chow Chow,2026-09-24,4000.0,4000.0,4000.0,0.0,0.0
Tamil Nadu,Thanjavur,Thanjavur(Uzhavar Sandhai ),Chow Chow,2026-09-24,4000.0,4000.0,4000.0,0.0,0.0
Tamil Nadu,Salem,Thathakapatti(Uzhavar Sandhai ),Chow Chow,2026-09-24,4000.0,4500.0,4250.0,0.0,500.0
Tamil Nadu,Theni,Theni(Uzhavar Sandhai ),Chow Chow,2026-09-24,3000.0,3000.0,3000.0,0.0,0.0
Tamil Nadu,Vellore,Thirupathur Apmc,Chow Chow,2026-09-24,3000.0,3000.0,3000.0,0.0,0.0
Tamil Nadu,Thiruchirappalli,Thiruverumbur(Uzhavar Sandhai ),Chow Chow,2026-09-24,4000.0,4000.0,4000.0,0.0,0.0
Tamil Nadu,Thiruchirappalli,Thuraiyur Apmc,Chow Chow,2026-09-24,3700.0,4200.0,3950.0,0.0,500.0
Tamil Nadu,Villupuram,Tindivanam Apmc,Chow Chow,2026-09-24,4600.0,4600.0,4600.0,0.0,0.0
Tamil Nadu,Namakkal,Tiruchengode Apmc,Chow Chow,2026-09-24,2500.0,3000.0,2750.0,0.0,500.0
Tamil Nadu,Sivaganga,Tirupatthur(Uzhavar Sandhai ),Chow Chow,2026-09-24,3000.0,3500.0,3250.0,0.0,500.0
Tamil Nadu,Thirupur,Tiruppur (North) (Uzhavar Sandhai ),Chow Chow,2026-09-24,2500.0,3000.0,2750.0,0.0,500.0
Tamil Nadu,Thirupur,Tiruppur (South) (Uzhavar Sandhai ),Chow Chow,2026-09-24,2500.0,3000.0,2750.0,0.0,500.0
Tamil Nadu,Thiruvellore,Tiruthani(Uzhavar Sandhai ),Chow Chow,2026-09-24,4000.0,4000.0,4000.0,0.0,0.0
Tamil Nadu,Thiruvannamalai,Tiruvannamalai(Uzhavar Sandhai ),Chow Chow,2026-09-24,3600.0,4000.0,3800.0,0.0,400.0
Tamil Nadu,Tuticorin,Tuticorin(Uzhavar Sandhai ),Chow Chow,2026-09-24,2500.0,3000.0,2750.0,0.0,500.0
Tamil Nadu,The Nilgiris,Udhagamandalam(Uzhavar Sandhai ),Chow Chow,2026-09-24,2000.0,2500.0,2250.0,0.0,500.0
Tamil Nadu,Coimbatore,Udumalpet Apmc,Chow Chow,2026-09-24,4000.0,4500.0,4250.0,0.0,500.0
Tamil Nadu,Cuddalore,Vadalur(Uzhavar Sandhai ),Chow Chow,2026-09-24,3000.0,3000.0,3000.0,0.0,0.0
Tamil Nadu,Nagercoil (Kannyiakumari),Vadaseri Apmc,Chow Chow,2026-09-24,4800.0,5300.0,5050.0,0.0,500.0
Tamil Nadu,Coimbatore,Vadavalli(Uzhavar Sandhai ),Chow Chow,2026-09-24,3000.0,3200.0,3100.0,0.0,200.0
Tamil Nadu,Thiruvannamalai,Vandavasi(Uzhavar Sandhai ),Chow Chow,2026-09-24,2500.0,3000.0,2750.0,0.0,500.0
Tamil Nadu,Nagapattinam,Vedaranyam(Uzhavar Sandhai),Chow Chow,2026-09-24,3000.0,3000.0,3000.0,0.0,0.0
Tamil Nadu,Vellore,Vellore Apmc,Chow Chow,2026-09-24,2500.0,3000.0,2750.0,0.0,500.0
Tamil Nadu,Villupuram,Villupuram(Uzhavar Sandhai ),Chow Chow,2026-09-24,4000.0,4000.0,4000.0,0.0,0.0
Tamil Nadu,Virudhunagar,Virudhunagar(Uzhavar Sandhai ),Chow Chow,2026-09-24,3500.0,4000.0,3750.0,0.0,500.0
Tamil Nadu,Cuddalore,Viruthachalam(Uzhavar Sandhai ),Chow Chow,2026-09-24,4000.0,4000.0,4000.0,0.0,0.0
Tamil Nadu,Dharmapuri,Ajattihalli(Uzhavar Sandhai ),Cluster Beans,2026-09-24,2500.0,2500.0,2500.0,0.0,0.0
Tamil Nadu,Pudukkottai,Alangudi(Uzhavar Sandhai ),Cluster Beans,2026-09-24,6500.0,7000.0,6750.0,0.0,500.0
Tamil Nadu,Salem,Ammapet(Uzhavar Sandhai ),Cluster Beans,2026-09-24,3500.0,3800.0,3650.0,0.0,300.0
Tamil Nadu,Madurai,Anaiyur(Uzhavar Sandhai ),Cluster Beans,2026-09-24,3000.0,3200.0,3100.0,0.0,200.0
Tamil Nadu,Theni,Andipatti(Uzhavar Sandhai ),Cluster Beans,2026-09-24,3300.0,3500.0,3400.0,0.0,200.0
Tamil Nadu,Madurai,Anna Nagar(Uzhavar Sandhai ),Cluster Beans,2026-09-24,3600.0,3600.0,3600.0,0.0,0.0
Tamil Nadu,Thiruvannamalai,Arani(Uzhavar Sandhai ),Cluster Beans,2026-09-24,3500.0,4200.0,3850.0,0.0,700.0
Tamil Nadu,Pudukkottai,Aranthangi(Uzhavar Sandhai ),Cluster Beans,2026-09-24,3000.0,3500.0,3250.0,0.0,500.0
Tamil Nadu,Ranipet,Arcot(Uzhavar Sandhai ),Cluster Beans,2026-09-24,3000.0,3000.0,3000.0,0.0,0.0
Tamil Nadu,Ariyalur,Ariyalur(Uzhavar Sandhai),Cluster Beans,2026-09-24,3500.0,4000.0,3750.0,0.0,500.0
Tamil Nadu,Virudhunagar,Aruppukottai(Uzhavar Sandhai ),Cluster Beans,2026-09-24,3000.0,3500.0,3250.0,0.0,500.0
Tamil Nadu,Salem,Athur(Uzhavar Sandhai ),Cluster Beans,2026-09-24,3000.0,3500.0,3250.0,0.0,500.0
Tamil Nadu,Salem,Attayampatti(Uzhavar Sandhai ),Cluster Beans,2026-09-24,3500.0,3500.0,3500.0,0.0,0.0
Tamil Nadu,Krishnagiri,Avallapalli(Uzhavar Sandhai ),Cluster Beans,2026-09-24,4000.0,4500.0,4250.0,0.0,500.0
Tamil Nadu,Theni,Bodinayakanur(Uzhavar Sandhai ),Cluster Beans,2026-09-24,3400.0,3400.0,3400.0,0.0,0.0
Tamil Nadu,Thiruvannamalai,Chengam(Uzhavar Sandhai ),Cluster Beans,2026-09-24,3300.0,4000.0,3650.0,0.0,700.0
Keralam,Alappuzha,Chengannur Market,Cluster Beans,2026-09-24,8500.0,8800.0,8600.0,0.0,300.0
Tamil Nadu,Thiruvannamalai,Cheyyar(Uzhavar Sandhai ),Cluster Beans,2026-09-24,3500.0,4200.0,3850.0,0.0,700.0
Tamil Nadu,Dindigul,Chinnalapatti(Uzhavar Sandhai ),Cluster Beans,2026-09-24,3600.0,4000.0,3800.0,0.0,400.0
Tamil Nadu,Theni,Chinnamanur(Uzhavar Sandhai ),Cluster Beans,2026-09-24,3500.0,3500.0,3500.0,0.0,0.0
Tamil Nadu,Madurai,Chokkikulam(Uzhavar Sandhai ),Cluster Beans,2026-09-24,3000.0,3200.0,3100.0,0.0,200.0
Tamil Nadu,The Nilgiris,Coonoor(Uzhavar Sandhai ),Cluster Beans,2026-09-24,3800.0,4200.0,4000.0,0.0,400.0
Tamil Nadu,Cuddalore,Cuddalore(Uzhavar Sandhai ),Cluster Beans,2026-09-24,3500.0,3500.0,3500.0,0.0,0.0
Tamil Nadu,Krishnagiri,Denkanikottai(Uzhavar Sandhai ),Cluster Beans,2026-09-24,4000.0,4500.0,4250.0,0.0,500.0
Tamil Nadu,Sivaganga,Devakottai (Uzhavar Sandhai ),Cluster Beans,2026-09-24,3800.0,4200.0,4000.0,0.0,400.0
Tamil Nadu,Theni,Devaram(Uzhavar Sandhai ),Cluster Beans,2026-09-24,3000.0,3000.0,3000.0,0.0,0.0
Tamil Nadu,Thirupur,Dharapuram(Uzhavar Sandhai ),Cluster Beans,2026-09-24,3500.0,4000.0,3750.0,0.0,500.0
Tamil Nadu,Dharmapuri,Dharmapuri(Uzhavar Sandhai ),Cluster Beans,2026-09-24,2400.0,2500.0,2450.0,0.0,100.0
Tamil Nadu,Dindigul,Dindigul(Uzhavar Sandhai ),Cluster Beans,2026-09-24,3000.0,4000.0,3500.0,0.0,1000.0
Tamil Nadu,Salem,Edapadi (Uzhavar Sandhai ),Cluster Beans,2026-09-24,3000.0,3500.0,3250.0,0.0,500.0
Tamil Nadu,Salem,Elampillai(Uzhavar Sandhai ),Cluster Beans,2026-09-24,3000.0,3500.0,3250.0,0.0,500.0
Tamil Nadu,Pudukkottai,Gandarvakottai(Uzhavar Sandhai ),Cluster Beans,2026-09-24,4000.0,4500.0,4250.0,0.0,500.0
Tamil Nadu,Karur,Gandhigramam(Uzhavar Sandhai),Cluster Beans,2026-09-24,3500.0,4000.0,3750.0,0.0,500.0
Tamil Nadu,Villupuram,Gingee(Uzhavar Sandhai ),Cluster Beans,2026-09-24,4000.0,4000.0,4000.0,0.0,0.0
Tamil Nadu,Erode,Gobichettipalayam(Uzhavar Sandhai ),Cluster Beans,2026-09-24,3000.0,4000.0,3500.0,0.0,1000.0
Tamil Nadu,The Nilgiris,Gudalur(Uzhavar Sandhai ),Cluster Beans,2026-09-24,3500.0,4000.0,3750.0,0.0,500.0
Tamil Nadu,Vellore,Gudiyatham(Uzhavar Sandhai ),Cluster Beans,2026-09-24,2500.0,2500.0,2500.0,0.0,0.0
Tamil Nadu,Chengalpattu,Guduvancheri(Uzhavar Sandhai ),Cluster Beans,2026-09-24,4000.0,5000.0,4500.0,0.0,1000.0
Tamil Nadu,Dharmapuri,Harur(Uzhavar Sandhai ),Cluster Beans,2026-09-24,3500.0,4000.0,3750.0,0.0,500.0
Tamil Nadu,Salem,Hasthampatti(Uzhavar Sandhai ),Cluster Beans,2026-09-24,3000.0,3500.0,3250.0,0.0,500.0
Tamil Nadu,Krishnagiri,Hosur(Uzhavar Sandhai ),Cluster Beans,2026-09-24,4000.0,4500.0,4250.0,0.0,500.0
Tamil Nadu,Salem,Jalagandapuram(Uzhavar Sandhai ),Cluster Beans,2026-09-24,3000.0,3400.0,3200.0,0.0,400.0
Tamil Nadu,Chengalpattu,Jameenrayapettai(Uzhavar Sandhai ),Cluster Beans,2026-09-24,5000.0,6000.0,5500.0,0.0,1000.0
Tamil Nadu,Vellore,Kahithapattarai(Uzhavar Sandhai ),Cluster Beans,2026-09-24,2500.0,2500.0,2500.0,0.0,0.0
Tamil Nadu,Kallakuruchi,Kallakurichi(Uzhavar Sandhai ),Cluster Beans,2026-09-24,5000.0,5000.0,5000.0,0.0,0.0
Tamil Nadu,Theni,Kambam(Uzhavar Sandhai ),Cluster Beans,2026-09-24,3000.0,3200.0,3100.0,0.0,200.0
Tamil Nadu,Thirupur,Kangayam(Uzhavar Sandhai ),Cluster Beans,2026-09-24,3500.0,4000.0,3750.0,0.0,500.0
Tamil Nadu,Sivaganga,Karaikudi(Uzhavar Sandhai ),Cluster Beans,2026-09-24,3400.0,3600.0,3500.0,0.0,200.0
Tamil Nadu,Pudukkottai,Karambakkudi(Uzhavar Sandhai ),Cluster Beans,2026-09-24,3500.0,4000.0,3750.0,0.0,500.0
Tamil Nadu,Dharmapuri,Karimangalam(Uzhavar Sandhai),Cluster Beans,2026-09-24,2300.0,2500.0,2400.0,0.0,200.0
Tamil Nadu,Virudhunagar,Kariyapatti(Uzhavar Sandhai ),Cluster Beans,2026-09-24,3000.0,3500.0,3250.0,0.0,500.0
Tamil Nadu,Karur,Karur(Uzhavar Sandhai ),Cluster Beans,2026-09-24,3500.0,4000.0,3750.0,0.0,500.0
Tamil Nadu,Vellore,Katpadi (Uzhavar Sandhai ),Cluster Beans,2026-09-24,2500.0,3000.0,2750.0,0.0,500.0
Tamil Nadu,Krishnagiri,Kaveripattinam(Uzhavar Sandhai ),Cluster Beans,2026-09-24,4000.0,4000.0,4000.0,0.0,0.0
Tamil Nadu,Thiruchirappalli,Kknagar(Uzhavar Sandhai ),Cluster Beans,2026-09-24,3600.0,3600.0,3600.0,0.0,0.0
Tamil Nadu,Tuticorin,Kovilpatti(Uzhavar Sandhai ),Cluster Beans,2026-09-24,3500.0,4000.0,3750.0,0.0,500.0
Tamil Nadu,Krishnagiri,Krishnagiri(Uzhavar Sandhai ),Cluster Beans,2026-09-24,2500.0,3000.0,2750.0,0.0,500.0
Tamil Nadu,Karur,Kulithalai(Uzhavar Sandhai ),Cluster Beans,2026-09-24,3200.0,3600.0,3400.0,0.0,400.0
Tamil Nadu,Namakkal,Kumarapalayam(Uzhavar Sandhai ),Cluster Beans,2026-09-24,2800.0,3200.0,3000.0,0.0,400.0
Tamil Nadu,Thanjavur,Kumbakonam (Uzhavar Sandhai ),Cluster Beans,2026-09-24,5400.0,5400.0,5400.0,0.0,0.0
Tamil Nadu,Coimbatore,Kurichi(Uzhavar Sandhai ),Cluster Beans,2026-09-24,3500.0,4000.0,3750.0,0.0,500.0
Tamil Nadu,Thiruchirappalli,Lalgudi(Uzhavar Sandhai ),Cluster Beans,2026-09-24,3600.0,3600.0,3600.0,0.0,0.0
Telangana,Mahbubnagar,Mahabubnagar(Rythu Bazar),Cluster Beans,2026-09-24,5000.0,5000.0,5000.0,0.0,0.0
Tamil Nadu,Thiruchirappalli,Manachanallur(Uzhavar Sandhai ),Cluster Beans,2026-09-24,3600.0,3600.0,3600.0,0.0,0.0
Tamil Nadu,Thiruchirappalli,Manapparai(Uzhavar Sandhai ),Cluster Beans,2026-09-24,3600.0,3600.0,3600.0,0.0,0.0
Tamil Nadu,Thiruvarur,Mannargudi I(Uzhavar Sandhai ),Cluster Beans,2026-09-24,4200.0,4200.0,4200.0,0.0,0.0
Tamil Nadu,Thiruvarur,Mannargudi Ii(Uzhavar Sandhai ),Cluster Beans,2026-09-24,4200.0,4200.0,4200.0,0.0,0.0
Tamil Nadu,Nagapattinam,Mayiladuthurai(Uzhavar Sandhai ),Cluster Beans,2026-09-24,4500.0,5000.0,4750.0,0.0,500.0
Tamil Nadu,Salem,Mecheri(Uzhavar Sandhai),Cluster Beans,2026-09-24,3000.0,3500.0,3250.0,0.0,500.0
Tamil Nadu,Thirunelveli,Melapalayam(Uzhavar Sandhai ),Cluster Beans,2026-09-24,1800.0,2000.0,1900.0,0.0,200.0
Tamil Nadu,Madurai,Melur(Uzhavar Sandhai ),Cluster Beans,2026-09-24,3000.0,3200.0,3100.0,0.0,200.0
Tamil Nadu,Coimbatore,Mettupalayam(Uzhavar Sandhai ),Cluster Beans,2026-09-24,3500.0,4200.0,3850.0,0.0,700.0
Tamil Nadu,Salem,Mettur(Uzhavar Sandhai ),Cluster Beans,2026-09-24,3000.0,3500.0,3250.0,0.0,500.0
Tamil Nadu,Namakkal,Mohanur(Uzhavar Sandhai ),Cluster Beans,2026-09-24,3400.0,4000.0,3700.0,0.0,600.0
Tamil Nadu,Thiruchirappalli,Musiri(Uzhavar Sandhai ),Cluster Beans,2026-09-24,3000.0,3600.0,3300.0,0.0,600.0
Tamil Nadu,Thiruvarur,Muthupettai(Uzhavar Sandhai ),Cluster Beans,2026-09-24,4000.0,4000.0,4000.0,0.0,0.0
Tamil Nadu,Nagapattinam,Nagapattinam(Uzhavar Sandhai ),Cluster Beans,2026-09-24,3700.0,3700.0,3700.0,0.0,0.0
Tamil Nadu,Namakkal,Namakkal(Uzhavar Sandhai ),Cluster Beans,2026-09-24,3500.0,3800.0,3650.0,0.0,300.0
Tamil Nadu,Chengalpattu,Nanganallur(Uzhavar Sandhai ),Cluster Beans,2026-09-24,5500.0,6000.0,5750.0,0.0,500.0
Tamil Nadu,Thirupathur,Natrampalli(Uzhavar Sandhai ),Cluster Beans,2026-09-24,3000.0,4000.0,3500.0,0.0,1000.0
Tamil Nadu,Thiruvarur,Needamangalam(Uzhavar Sandhai ),Cluster Beans,2026-09-24,4000.0,4000.0,4000.0,0.0,0.0
Keralam,Thiruvananthapuram,Neyyatinkara Market,Cluster Beans,2026-09-24,5000.0,14000.0,8000.0,0.0,9000.0
Gujarat,Vadodara(Baroda),Padra Apmc,Cluster Beans,2026-09-24,4000.0,4500.0,4250.0,0.0,500.0
Tamil Nadu,Dharmapuri,Palacode(Uzhavar Sandhai ),Cluster Beans,2026-09-24,3200.0,3500.0,3350.0,0.0,300.0
Andhra Pradesh,Chittor,Palamaner Apmc,Cluster Beans,2026-09-24,3000.0,5000.0,4000.0,0.0,2000.0
Tamil Nadu,Madurai,Palanganatham(Uzhavar Sandhai ),Cluster Beans,2026-09-24,3000.0,3200.0,3100.0,0.0,200.0
Tamil Nadu,Dindigul,Palani(Uzhavar Sandhai ),Cluster Beans,2026-09-24,2500.0,3000.0,2750.0,0.0,500.0
Tamil Nadu,Thirunelveli,Palayamkottai(Uzhavar Sandhai ),Cluster Beans,2026-09-24,1800.0,2000.0,1900.0,0.0,200.0
Tamil Nadu,Thirupur,Palladam(Uzhavar Sandhai ),Cluster Beans,2026-09-24,3500.0,4000.0,3750.0,0.0,500.0
Tamil Nadu,Karur,Pallapatti (Uzhavar Sandhai ),Cluster Beans,2026-09-24,3500.0,4000.0,3750.0,0.0,500.0
Tamil Nadu,Chengalpattu,Pallavaram(Uzhavar Sandhai ),Cluster Beans,2026-09-24,4000.0,5000.0,4500.0,0.0,1000.0
Tamil Nadu,Vellore,Pallikonda(Uzhavar Sandhai),Cluster Beans,2026-09-24,3000.0,3000.0,3000.0,0.0,0.0
Tamil Nadu,Cuddalore,Panruti(Uzhavar Sandhai ),Cluster Beans,2026-09-24,3500.0,3500.0,3500.0,0.0,0.0
Tamil Nadu,Thanjavur,Papanasam(Uzhavar Sandhai ),Cluster Beans,2026-09-24,5400.0,5400.0,5400.0,0.0,0.0
Tamil Nadu,Ramanathapuram,Paramakudi(Uzhavar Sandhai ),Cluster Beans,2026-09-24,4000.0,4400.0,4200.0,0.0,400.0
Tamil Nadu,Namakkal,Paramathivelur(Uzhavar Sandhai ),Cluster Beans,2026-09-24,3500.0,4000.0,3750.0,0.0,500.0
Keralam,Palakad,Pattambi Market,Cluster Beans,2026-09-24,4500.0,5000.0,4800.0,0.0,500.0
Tamil Nadu,Thanjavur,Pattukottai(Uzhavar Sandhai ),Cluster Beans,2026-09-24,4000.0,4000.0,4000.0,0.0,0.0
Tamil Nadu,Dharmapuri,Pennagaram(Uzhavar Sandhai ),Cluster Beans,2026-09-24,2800.0,3000.0,2900.0,0.0,200.0
Tamil Nadu,Thiruvellore,Perambakkam(Uzhavar Sandhai ),Cluster Beans,2026-09-24,4000.0,4000.0,4000.0,0.0,0.0
Tamil Nadu,Perambalur,Perambalur(Uzhavar Sandhai ),Cluster Beans,2026-09-24,4800.0,5000.0,4900.0,0.0,200.0
Tamil Nadu,Vellore,Perampet(Uzhavar Sandhai),Cluster Beans,2026-09-24,2500.0,2500.0,2500.0,0.0,0.0
Tamil Nadu,Thanjavur,Peravurani(Uzhavar Sandhai),Cluster Beans,2026-09-24,4000.0,4000.0,4000.0,0.0,0.0
Tamil Nadu,Theni,Periyakulam(Uzhavar Sandhai ),Cluster Beans,2026-09-24,3400.0,3500.0,3450.0,0.0,100.0
Tamil Nadu,Erode,Periyar Nagar(Uzhavar Sandhai ),Cluster Beans,2026-09-24,2600.0,3000.0,2800.0,0.0,400.0
Tamil Nadu,Erode,Perundurai(Uzhavar Sandhai ),Cluster Beans,2026-09-24,2600.0,3000.0,2800.0,0.0,400.0
Tamil Nadu,Coimbatore,Pollachi(Uzhavar Sandhai ),Cluster Beans,2026-09-24,3500.0,4000.0,3750.0,0.0,500.0
Tamil Nadu,Thiruvannamalai,Polur(Uzhavar Sandhai ),Cluster Beans,2026-09-24,4000.0,4800.0,4400.0,0.0,800.0
Tamil Nadu,Pudukkottai,Ponnamaravathi(Uzhavar Sandhai),Cluster Beans,2026-09-24,2500.0,3000.0,2750.0,0.0,500.0
Tamil Nadu,Pudukkottai,Pudukottai(Uzhavar Sandhai ),Cluster Beans,2026-09-24,3500.0,4000.0,3750.0,0.0,500.0
Keralam,Kozhikode(Calicut),Quilandy Market,Cluster Beans,2026-09-24,3800.0,4200.0,4000.0,0.0,400.0
Tamil Nadu,Virudhunagar,Rajapalayam(Uzhavar Sandhai ),Cluster Beans,2026-09-24,3000.0,3500.0,3250.0,0.0,500.0
Tamil Nadu,Ramanathapuram,Ramanathapuram(Uzhavar Sandhai ),Cluster Beans,2026-09-24,3500.0,4000.0,3750.0,0.0,500.0
Tamil Nadu,Ranipet,Ranipettai(Uzhavar Sandhai ),Cluster Beans,2026-09-24,2500.0,2500.0,2500.0,0.0,0.0
Tamil Nadu,Namakkal,Rasipuram(Uzhavar Sandhai ),Cluster Beans,2026-09-24,3200.0,3500.0,3350.0,0.0,300.0
Tamil Nadu,Coimbatore,Rspuram(Uzhavar Sandhai ),Cluster Beans,2026-09-24,3400.0,3800.0,3600.0,0.0,400.0
Telangana,Hyderabad,Rythu Bazar Mehdipatnam,Cluster Beans,2026-09-24,2800.0,2800.0,2800.0,0.0,0.0
Tamil Nadu,Erode,Sampath Nagar(Uzhavar Sandhai ),Cluster Beans,2026-09-24,2600.0,3000.0,2800.0,0.0,400.0
Tamil Nadu,Tenkasi,Sankarankoil(Uzhavar Sandhai ),Cluster Beans,2026-09-24,3000.0,3000.0,3000.0,0.0,0.0
Tamil Nadu,Kallakuruchi,Sankarapuram(Uzhavar Sandhai ),Cluster Beans,2026-09-24,5000.0,5000.0,5000.0,0.0,0.0
Telangana,Ranga Reddy,"Saroornagar,Rbz",Cluster Beans,2026-09-24,2800.0,2800.0,2800.0,0.0,0.0
Tamil Nadu,Erode,Sathiyamagalam(Uzhavar Sandhai ),Cluster Beans,2026-09-24,3400.0,3800.0,3600.0,0.0,400.0
Tamil Nadu,Virudhunagar,Sathur(Uzhavar Sandhai ),Cluster Beans,2026-09-24,3500.0,4000.0,3750.0,0.0,500.0
Tamil Nadu,Sivaganga,Singampunari(Uzhavar Sandhai ),Cluster Beans,2026-09-24,3200.0,3400.0,3300.0,0.0,200.0
Tamil Nadu,Coimbatore,Singanallur(Uzhavar Sandhai ),Cluster Beans,2026-09-24,3500.0,4000.0,3750.0,0.0,500.0
Tamil Nadu,Nagapattinam,Sirkali(Uzhavar Sandhai ),Cluster Beans,2026-09-24,4500.0,5000.0,4750.0,0.0,500.0
Tamil Nadu,Sivaganga,Sivagangai (Uzhavar Sandhai ),Cluster Beans,2026-09-24,3200.0,3400.0,3300.0,0.0,200.0
Tamil Nadu,Virudhunagar,Sivakasi(Uzhavar Sandhai ),Cluster Beans,2026-09-24,3000.0,3500.0,3250.0,0.0,500.0
Tamil Nadu,Salem,Sooramangalam(Uzhavar Sandhai ),Cluster Beans,2026-09-24,3400.0,3600.0,3500.0,0.0,200.0
Tamil Nadu,Virudhunagar,Srivilliputhur(Uzhavar Sandhai ),Cluster Beans,2026-09-24,3500.0,4000.0,3750.0,0.0,500.0
Tamil Nadu,Coimbatore,Sulur(Uzhavar Sandhai ),Cluster Beans,2026-09-24,3500.0,4000.0,3750.0,0.0,500.0
Tamil Nadu,Coimbatore,Sundarapuram(Uzhavar Sandhai ),Cluster Beans,2026-09-24,3500.0,4000.0,3750.0,0.0,500.0
Gujarat,Surat,Surat Apmc,Cluster Beans,2026-09-24,3000.0,6500.0,4750.0,0.0,3500.0
Tamil Nadu,Thiruvannamalai,Tamarainagar(Uzhavar Sandhai ),Cluster Beans,2026-09-24,4000.0,5000.0,4500.0,0.0,1000.0
Tamil Nadu,Tenkasi,Tenkasi(Uzhavar Sandhai ),Cluster Beans,2026-09-24,3000.0,3000.0,3000.0,0.0,0.0
Tamil Nadu,Virudhunagar,Thalavaipuram(Uzhavar Sandhai ),Cluster Beans,2026-09-24,2800.0,3500.0,3150.0,0.0,700.0
Tamil Nadu,Salem,Thammampatti (Uzhavar Sandhai ),Cluster Beans,2026-09-24,4000.0,4000.0,4000.0,0.0,0.0
Tamil Nadu,Thanjavur,Thanjavur(Uzhavar Sandhai ),Cluster Beans,2026-09-24,3600.0,3600.0,3600.0,0.0,0.0
Tamil Nadu,Salem,Thathakapatti(Uzhavar Sandhai ),Cluster Beans,2026-09-24,3000.0,4000.0,3500.0,0.0,1000.0
Tamil Nadu,Theni,Theni(Uzhavar Sandhai ),Cluster Beans,2026-09-24,3500.0,3500.0,3500.0,0.0,0.0
Tamil Nadu,Chengalpattu,Thirukalukundram(Uzhavar Sandhai ),Cluster Beans,2026-09-24,4000.0,5000.0,4500.0,0.0,1000.0
Tamil Nadu,Madurai,Thirumangalam(Uzhavar Sandhai ),Cluster Beans,2026-09-24,3000.0,4000.0,3500.0,0.0,1000.0
Tamil Nadu,Vellore,Thirupathur Apmc,Cluster Beans,2026-09-24,4000.0,4000.0,4000.0,0.0,0.0
Tamil Nadu,Thiruchirappalli,Thiruverumbur(Uzhavar Sandhai ),Cluster Beans,2026-09-24,3600.0,3600.0,3600.0,0.0,0.0
Keralam,Ernakulam,Thrippunithura Market,Cluster Beans,2026-09-24,5500.0,7000.0,5700.0,0.0,1500.0
Tamil Nadu,Thiruchirappalli,Thuraiyur Apmc,Cluster Beans,2026-09-24,3000.0,3500.0,3250.0,0.0,500.0
Tamil Nadu,Villupuram,Tindivanam Apmc,Cluster Beans,2026-09-24,4000.0,4000.0,4000.0,0.0,0.0
Tamil Nadu,Namakkal,Tiruchengode Apmc,Cluster Beans,2026-09-24,3500.0,4000.0,3750.0,0.0,500.0
Tamil Nadu,Sivaganga,Tirupatthur(Uzhavar Sandhai ),Cluster Beans,2026-09-24,3400.0,3600.0,3500.0,0.0,200.0
Tamil Nadu,Thirupur,Tiruppur (North) (Uzhavar Sandhai ),Cluster Beans,2026-09-24,3500.0,4000.0,3750.0,0.0,500.0
Tamil Nadu,Thirupur,Tiruppur (South) (Uzhavar Sandhai ),Cluster Beans,2026-09-24,3000.0,4000.0,3500.0,0.0,1000.0
Tamil Nadu,Thiruvellore,Tiruthani(Uzhavar Sandhai ),Cluster Beans,2026-09-24,4000.0,4000.0,4000.0,0.0,0.0
Tamil Nadu,Thiruvarur,Tiruthuraipoondi(Uzhavar Sandhai ),Cluster Beans,2026-09-24,4000.0,4000.0,4000.0,0.0,0.0
Tamil Nadu,Thiruvannamalai,Tiruvannamalai(Uzhavar Sandhai ),Cluster Beans,2026-09-24,3600.0,4000.0,3800.0,0.0,400.0
Tamil Nadu,Thiruvarur,Tiruvarur(Uzhavar Sandhai ),Cluster Beans,2026-09-24,4000.0,4000.0,4000.0,0.0,0.0
Tamil Nadu,Tuticorin,Tuticorin(Uzhavar Sandhai ),Cluster Beans,2026-09-24,2500.0,3000.0,2750.0,0.0,500.0
Tamil Nadu,The Nilgiris,Udhagamandalam(Uzhavar Sandhai ),Cluster Beans,2026-09-24,3500.0,4000.0,3750.0,0.0,500.0
Tamil Nadu,Coimbatore,Udumalpet Apmc,Cluster Beans,2026-09-24,4000.0,4500.0,4250.0,0.0,500.0
Tamil Nadu,Villupuram,Ulundurpettai Apmc,Cluster Beans,2026-09-24,5000.0,5000.0,5000.0,0.0,0.0
Tamil Nadu,Madurai,Usilampatti(Uzhavar Sandhai ),Cluster Beans,2026-09-24,3000.0,3200.0,3100.0,0.0,200.0
Tamil Nadu,Cuddalore,Vadalur(Uzhavar Sandhai ),Cluster Beans,2026-09-24,4000.0,4000.0,4000.0,0.0,0.0
Tamil Nadu,Nagercoil (Kannyiakumari),Vadaseri Apmc,Cluster Beans,2026-09-24,4000.0,4500.0,4250.0,0.0,500.0
Tamil Nadu,Coimbatore,Vadavalli(Uzhavar Sandhai ),Cluster Beans,2026-09-24,3600.0,4000.0,3800.0,0.0,400.0
Tamil Nadu,Thiruvarur,Valangaiman Apmc,Cluster Beans,2026-09-24,4000.0,4000.0,4000.0,0.0,0.0
Tamil Nadu,Thiruvannamalai,Vandavasi(Uzhavar Sandhai ),Cluster Beans,2026-09-24,3500.0,4200.0,3850.0,0.0,700.0
Tamil Nadu,Thirupathur,Vaniyampadi(Uzhavar Sandhai ),Cluster Beans,2026-09-24,3000.0,3000.0,3000.0,0.0,0.0
Tamil Nadu,Salem,Vazhapadi(Uzhavar Sandhai),Cluster Beans,2026-09-24,2500.0,2500.0,2500.0,0.0,0.0
Tamil Nadu,Nagapattinam,Vedaranyam(Uzhavar Sandhai),Cluster Beans,2026-09-24,3200.0,3200.0,3200.0,0.0,0.0
Tamil Nadu,Karur,Velayuthampalayam(Uzhavar Sandhai ),Cluster Beans,2026-09-24,3200.0,4000.0,3600.0,0.0,800.0
Tamil Nadu,Vellore,Vellore Apmc,Cluster Beans,2026-09-24,2000.0,2500.0,2250.0,0.0,500.0
Tamil Nadu,Karur,Vengamedu(Uzhavar Sandhai ),Cluster Beans,2026-09-24,3500.0,4000.0,3750.0,0.0,500.0
Tamil Nadu,Villupuram,Villupuram(Uzhavar Sandhai ),Cluster Beans,2026-09-24,6000.0,6000.0,6000.0,0.0,0.0
Tamil Nadu,Pudukkottai,Viralimalai(Uzhavar Sandhai ),Cluster Beans,2026-09-24,3000.0,3500.0,3250.0,0.0,500.0
Tamil Nadu,Virudhunagar,Virudhunagar(Uzhavar Sandhai ),Cluster Beans,2026-09-24,4500.0,5000.0,4750.0,0.0,500.0
Tamil Nadu,Cuddalore,Viruthachalam(Uzhavar Sandhai ),Cluster Beans,2026-09-24,4000.0,4000.0,4000.0,0.0,0.0
Keralam,Wayanad,Pulpally Market,Cocoa,2026-09-24,15600.0,15800.0,15700.0,0.0,200.0
Tamil Nadu,Dharmapuri,Ajattihalli(Uzhavar Sandhai ),Coconut,2026-09-24,6500.0,7400.0,6950.0,0.0,900.0
Tamil Nadu,Pudukkottai,Alangudi(Uzhavar Sandhai ),Coconut,2026-09-24,3500.0,4000.0,3750.0,0.0,500.0
Tamil Nadu,Salem,Ammapet(Uzhavar Sandhai ),Coconut,2026-09-24,5500.0,6500.0,6000.0,0.0,1000.0
Tamil Nadu,Madurai,Anaiyur(Uzhavar Sandhai ),Coconut,2026-09-24,6800.0,7000.0,6900.0,0.0,200.0
Tamil Nadu,Theni,Andipatti(Uzhavar Sandhai ),Coconut,2026-09-24,5400.0,5600.0,5500.0,0.0,200.0
Tamil Nadu,Madurai,Anna Nagar(Uzhavar Sandhai ),Coconut,2026-09-24,6400.0,6400.0,6400.0,0.0,0.0
Tamil Nadu,Thiruvannamalai,Arani(Uzhavar Sandhai ),Coconut,2026-09-24,4000.0,5000.0,4500.0,0.0,1000.0
Tamil Nadu,Pudukkottai,Aranthangi(Uzhavar Sandhai ),Coconut,2026-09-24,3500.0,4000.0,3750.0,0.0,500.0
Tamil Nadu,Ranipet,Arcot(Uzhavar Sandhai ),Coconut,2026-09-24,4000.0,5000.0,4500.0,0.0,1000.0
Tamil Nadu,Ariyalur,Ariyalur(Uzhavar Sandhai),Coconut,2026-09-24,6000.0,6500.0,6250.0,0.0,500.0
Tamil Nadu,Virudhunagar,Aruppukottai(Uzhavar Sandhai ),Coconut,2026-09-24,5000.0,6000.0,5500.0,0.0,1000.0
Tamil Nadu,Salem,Athur(Uzhavar Sandhai ),Coconut,2026-09-24,6000.0,6500.0,6250.0,0.0,500.0
Tamil Nadu,Salem,Attayampatti(Uzhavar Sandhai ),Coconut,2026-09-24,6500.0,6500.0,6500.0,0.0,0.0
Tamil Nadu,Krishnagiri,Avallapalli(Uzhavar Sandhai ),Coconut,2026-09-24,5500.0,6000.0,5750.0,0.0,500.0
Tamil Nadu,Theni,Bodinayakanur(Uzhavar Sandhai ),Coconut,2026-09-24,5800.0,5800.0,5800.0,0.0,0.0
Tamil Nadu,Thiruvannamalai,Chengam(Uzhavar Sandhai ),Coconut,2026-09-24,4000.0,5000.0,4500.0,0.0,1000.0
Keralam,Alappuzha,Chengannur Market,Coconut,2026-09-24,5900.0,6200.0,6000.0,0.0,300.0
Tamil Nadu,Thiruvannamalai,Cheyyar(Uzhavar Sandhai ),Coconut,2026-09-24,3700.0,4500.0,4100.0,0.0,800.0
Tamil Nadu,Cuddalore,Chidambaram(Uzhavar Sandhai ),Coconut,2026-09-24,6000.0,6000.0,6000.0,0.0,0.0
Tamil Nadu,Dindigul,Chinnalapatti(Uzhavar Sandhai ),Coconut,2026-09-24,6500.0,7000.0,6750.0,0.0,500.0
Tamil Nadu,Theni,Chinnamanur(Uzhavar Sandhai ),Coconut,2026-09-24,5800.0,5800.0,5800.0,0.0,0.0
Tamil Nadu,Madurai,Chokkikulam(Uzhavar Sandhai ),Coconut,2026-09-24,6800.0,7000.0,6900.0,0.0,200.0
Tamil Nadu,The Nilgiris,Coonoor(Uzhavar Sandhai ),Coconut,2026-09-24,6000.0,6400.0,6200.0,0.0,400.0
Tamil Nadu,Cuddalore,Cuddalore(Uzhavar Sandhai ),Coconut,2026-09-24,6000.0,7000.0,6500.0,0.0,1000.0
Tamil Nadu,Krishnagiri,Denkanikottai(Uzhavar Sandhai ),Coconut,2026-09-24,5000.0,6000.0,5500.0,0.0,1000.0
Tamil Nadu,Sivaganga,Devakottai (Uzhavar Sandhai ),Coconut,2026-09-24,7000.0,7400.0,7200.0,0.0,400.0
Tamil Nadu,Theni,Devaram(Uzhavar Sandhai ),Coconut,2026-09-24,5600.0,5600.0,5600.0,0.0,0.0
Tamil Nadu,Thirupur,Dharapuram(Uzhavar Sandhai ),Coconut,2026-09-24,5800.0,6200.0,6000.0,0.0,400.0
Tamil Nadu,Dharmapuri,Dharmapuri(Uzhavar Sandhai ),Coconut,2026-09-24,7000.0,7400.0,7200.0,0.0,400.0
Tamil Nadu,Dindigul,Dindigul(Uzhavar Sandhai ),Coconut,2026-09-24,6000.0,7000.0,6500.0,0.0,1000.0
Tamil Nadu,Salem,Edapadi (Uzhavar Sandhai ),Coconut,2026-09-24,5500.0,6000.0,5750.0,0.0,500.0
Tamil Nadu,Salem,Elampillai(Uzhavar Sandhai ),Coconut,2026-09-24,6000.0,6500.0,6250.0,0.0,500.0
Tamil Nadu,Pudukkottai,Gandarvakottai(Uzhavar Sandhai ),Coconut,2026-09-24,3000.0,4000.0,3500.0,0.0,1000.0
Tamil Nadu,Karur,Gandhigramam(Uzhavar Sandhai),Coconut,2026-09-24,5500.0,6000.0,5750.0,0.0,500.0
Tamil Nadu,Villupuram,Gingee(Uzhavar Sandhai ),Coconut,2026-09-24,6000.0,6000.0,6000.0,0.0,0.0
Tamil Nadu,Erode,Gobichettipalayam(Uzhavar Sandhai ),Coconut,2026-09-24,4500.0,5000.0,4750.0,0.0,500.0
Tamil Nadu,The Nilgiris,Gudalur(Uzhavar Sandhai ),Coconut,2026-09-24,6000.0,6500.0,6250.0,0.0,500.0
Tamil Nadu,Vellore,Gudiyatham(Uzhavar Sandhai ),Coconut,2026-09-24,4000.0,4000.0,4000.0,0.0,0.0
Tamil Nadu,Chengalpattu,Guduvancheri(Uzhavar Sandhai ),Coconut,2026-09-24,6000.0,7000.0,6500.0,0.0,1000.0
Karnataka,Chamarajanagar,Gundlupet Apmc,Coconut,2026-09-24,2000.0,2000.0,2000.0,0.0,0.0
Tamil Nadu,Dharmapuri,Harur(Uzhavar Sandhai ),Coconut,2026-09-24,6000.0,7000.0,6500.0,0.0,1000.0
Tamil Nadu,Salem,Hasthampatti(Uzhavar Sandhai ),Coconut,2026-09-24,6000.0,6500.0,6250.0,0.0,500.0
Karnataka,Davangere,Honnali Apmc,Coconut,2026-09-24,20000.0,20000.0,20000.0,0.0,0.0
Karnataka,Chitradurga,Hosadurga Apmc,Coconut,2026-09-24,19000.0,25000.0,25000.0,0.0,6000.0
Tamil Nadu,Krishnagiri,Hosur(Uzhavar Sandhai ),Coconut,2026-09-24,5500.0,6000.0,5750.0,0.0,500.0
Tamil Nadu,Salem,Jalagandapuram(Uzhavar Sandhai ),Coconut,2026-09-24,5000.0,6000.0,5500.0,0.0,1000.0
Tamil Nadu,Chengalpattu,Jameenrayapettai(Uzhavar Sandhai ),Coconut,2026-09-24,6000.0,7000.0,6500.0,0.0,1000.0
Tamil Nadu,Vellore,Kahithapattarai(Uzhavar Sandhai ),Coconut,2026-09-24,2500.0,2500.0,2500.0,0.0,0.0
Tamil Nadu,Kallakuruchi,Kallakurichi(Uzhavar Sandhai ),Coconut,2026-09-24,6000.0,6000.0,6000.0,0.0,0.0
Tamil Nadu,Theni,Kambam(Uzhavar Sandhai ),Coconut,2026-09-24,5600.0,5600.0,5600.0,0.0,0.0
Tamil Nadu,Kancheepuram,Kancheepuram(Uzhavar Sandhai ),Coconut,2026-09-24,5500.0,6500.0,6000.0,0.0,1000.0
Tamil Nadu,Thirunelveli,Kandiyaperi(Uzhavar Sandhai ),Coconut,2026-09-24,5600.0,6000.0,5800.0,0.0,400.0
Tamil Nadu,Thirupur,Kangayam(Uzhavar Sandhai ),Coconut,2026-09-24,4700.0,5200.0,4950.0,0.0,500.0
Tamil Nadu,Sivaganga,Karaikudi(Uzhavar Sandhai ),Coconut,2026-09-24,7200.0,7400.0,7300.0,0.0,200.0
Tamil Nadu,Pudukkottai,Karambakkudi(Uzhavar Sandhai ),Coconut,2026-09-24,3500.0,4000.0,3750.0,0.0,500.0
Tamil Nadu,Dharmapuri,Karimangalam(Uzhavar Sandhai),Coconut,2026-09-24,6500.0,7000.0,6750.0,0.0,500.0
Tamil Nadu,Virudhunagar,Kariyapatti(Uzhavar Sandhai ),Coconut,2026-09-24,5500.0,6000.0,5750.0,0.0,500.0
Tamil Nadu,Karur,Karur(Uzhavar Sandhai ),Coconut,2026-09-24,5500.0,6000.0,5750.0,0.0,500.0
Tamil Nadu,Vellore,Katpadi (Uzhavar Sandhai ),Coconut,2026-09-24,2500.0,3000.0,2750.0,0.0,500.0
Tamil Nadu,Krishnagiri,Kaveripattinam(Uzhavar Sandhai ),Coconut,2026-09-24,6000.0,6000.0,6000.0,0.0,0.0
Tamil Nadu,Thiruchirappalli,Kknagar(Uzhavar Sandhai ),Coconut,2026-09-24,7000.0,7000.0,7000.0,0.0,0.0
Tamil Nadu,Dindigul,Kodaikkanal(Uzhavar Sandhai),Coconut,2026-09-24,5000.0,6000.0,5500.0,0.0,1000.0
Tamil Nadu,Tuticorin,Kovilpatti(Uzhavar Sandhai ),Coconut,2026-09-24,6000.0,6500.0,6250.0,0.0,500.0
Tamil Nadu,Krishnagiri,Krishnagiri(Uzhavar Sandhai ),Coconut,2026-09-24,5000.0,5400.0,5200.0,0.0,400.0
Tamil Nadu,Karur,Kulithalai(Uzhavar Sandhai ),Coconut,2026-09-24,6000.0,6500.0,6250.0,0.0,500.0
Tamil Nadu,Namakkal,Kumarapalayam(Uzhavar Sandhai ),Coconut,2026-09-24,6000.0,6400.0,6200.0,0.0,400.0
Tamil Nadu,Thanjavur,Kumbakonam (Uzhavar Sandhai ),Coconut,2026-09-24,6000.0,6000.0,6000.0,0.0,0.0
Tamil Nadu,Kancheepuram,Kundrathur(Uzhavar Sandhai ),Coconut,2026-09-24,5000.0,6000.0,5500.0,0.0,1000.0
Tamil Nadu,Coimbatore,Kurichi(Uzhavar Sandhai ),Coconut,2026-09-24,5600.0,5800.0,5700.0,0.0,200.0
Tamil Nadu,Thiruchirappalli,Lalgudi(Uzhavar Sandhai ),Coconut,2026-09-24,6600.0,6600.0,6600.0,0.0,0.0
Tamil Nadu,Chengalpattu,Madhuranthagam(Uzhavar Sandhai ),Coconut,2026-09-24,3000.0,4000.0,3500.0,0.0,1000.0
Tamil Nadu,Thiruchirappalli,Manachanallur(Uzhavar Sandhai ),Coconut,2026-09-24,7000.0,7000.0,7000.0,0.0,0.0
Tamil Nadu,Thiruchirappalli,Manapparai(Uzhavar Sandhai ),Coconut,2026-09-24,7000.0,7000.0,7000.0,0.0,0.0
Tamil Nadu,Thiruvarur,Mannargudi I(Uzhavar Sandhai ),Coconut,2026-09-24,4000.0,4000.0,4000.0,0.0,0.0
Tamil Nadu,Thiruvarur,Mannargudi Ii(Uzhavar Sandhai ),Coconut,2026-09-24,4000.0,4000.0,4000.0,0.0,0.0
Tamil Nadu,Nagapattinam,Mayiladuthurai(Uzhavar Sandhai ),Coconut,2026-09-24,3000.0,4000.0,3500.0,0.0,1000.0
Tamil Nadu,Salem,Mecheri(Uzhavar Sandhai),Coconut,2026-09-24,5000.0,6000.0,5500.0,0.0,1000.0
Tamil Nadu,Chengalpattu,Medavakkam(Uzhavar Sandhai ),Coconut,2026-09-24,5000.0,5000.0,5000.0,0.0,0.0
Tamil Nadu,Thirunelveli,Melapalayam(Uzhavar Sandhai ),Coconut,2026-09-24,5600.0,6000.0,5800.0,0.0,400.0
Tamil Nadu,Madurai,Melur(Uzhavar Sandhai ),Coconut,2026-09-24,6800.0,7000.0,6900.0,0.0,200.0
Tamil Nadu,Coimbatore,Mettupalayam(Uzhavar Sandhai ),Coconut,2026-09-24,5500.0,6000.0,5750.0,0.0,500.0
Tamil Nadu,Salem,Mettur(Uzhavar Sandhai ),Coconut,2026-09-24,5500.0,6000.0,5750.0,0.0,500.0
Tamil Nadu,Namakkal,Mohanur(Uzhavar Sandhai ),Coconut,2026-09-24,5600.0,6400.0,6000.0,0.0,800.0
Tamil Nadu,Thiruchirappalli,Musiri(Uzhavar Sandhai ),Coconut,2026-09-24,6000.0,6500.0,6250.0,0.0,500.0
Tamil Nadu,Thiruvarur,Muthupettai(Uzhavar Sandhai ),Coconut,2026-09-24,4000.0,4000.0,4000.0,0.0,0.0
Tamil Nadu,Nagapattinam,Nagapattinam(Uzhavar Sandhai ),Coconut,2026-09-24,4800.0,5500.0,5150.0,0.0,700.0
Andhra Pradesh,Dr.B.R.A.Konaseema,Nagaram Apmc,Coconut,2026-09-24,15500.0,16000.0,15500.0,0.0,500.0
Tamil Nadu,Namakkal,Namakkal(Uzhavar Sandhai ),Coconut,2026-09-24,6000.0,6400.0,6200.0,0.0,400.0
Tamil Nadu,Chengalpattu,Nanganallur(Uzhavar Sandhai ),Coconut,2026-09-24,7500.0,8000.0,7750.0,0.0,500.0
Tamil Nadu,Thirupathur,Natrampalli(Uzhavar Sandhai ),Coconut,2026-09-24,2500.0,3000.0,2750.0,0.0,500.0
Tamil Nadu,Thiruvarur,Needamangalam(Uzhavar Sandhai ),Coconut,2026-09-24,4000.0,4000.0,4000.0,0.0,0.0
Keralam,Ernakulam,North Paravur Market,Coconut,2026-09-24,6000.0,7000.0,6500.0,0.0,1000.0
Tamil Nadu,Kancheepuram,Padappai(Uzhavar Sandhai ),Coconut,2026-09-24,5500.0,6500.0,6000.0,0.0,1000.0
Tamil Nadu,Dharmapuri,Palacode(Uzhavar Sandhai ),Coconut,2026-09-24,6000.0,6500.0,6250.0,0.0,500.0
Tamil Nadu,Madurai,Palanganatham(Uzhavar Sandhai ),Coconut,2026-09-24,6800.0,7000.0,6900.0,0.0,200.0
Tamil Nadu,Dindigul,Palani(Uzhavar Sandhai ),Coconut,2026-09-24,5000.0,5500.0,5250.0,0.0,500.0
Tamil Nadu,Thirunelveli,Palayamkottai(Uzhavar Sandhai ),Coconut,2026-09-24,5600.0,6000.0,5800.0,0.0,400.0
Tamil Nadu,Thirupur,Palladam(Uzhavar Sandhai ),Coconut,2026-09-24,5000.0,6000.0,5500.0,0.0,1000.0
Tamil Nadu,Karur,Pallapatti (Uzhavar Sandhai ),Coconut,2026-09-24,5500.0,6000.0,5750.0,0.0,500.0
Tamil Nadu,Chengalpattu,Pallavaram(Uzhavar Sandhai ),Coconut,2026-09-24,6000.0,7000.0,6500.0,0.0,1000.0
Tamil Nadu,Vellore,Pallikonda(Uzhavar Sandhai),Coconut,2026-09-24,3500.0,4000.0,3750.0,0.0,500.0
Tamil Nadu,Cuddalore,Panruti(Uzhavar Sandhai ),Coconut,2026-09-24,6000.0,6000.0,6000.0,0.0,0.0
Tamil Nadu,Thanjavur,Papanasam(Uzhavar Sandhai ),Coconut,2026-09-24,6000.0,6000.0,6000.0,0.0,0.0
Tamil Nadu,Ramanathapuram,Paramakudi(Uzhavar Sandhai ),Coconut,2026-09-24,6500.0,6800.0,6650.0,0.0,300.0
Tamil Nadu,Namakkal,Paramathivelur(Uzhavar Sandhai ),Coconut,2026-09-24,5800.0,6400.0,6100.0,0.0,600.0
Tamil Nadu,Thiruvellore,Paruthipattu(Uzhavar Sandhai ),Coconut,2026-09-24,6000.0,6000.0,6000.0,0.0,0.0
Tamil Nadu,Thanjavur,Pattukottai(Uzhavar Sandhai ),Coconut,2026-09-24,5000.0,5000.0,5000.0,0.0,0.0
Tamil Nadu,Dharmapuri,Pennagaram(Uzhavar Sandhai ),Coconut,2026-09-24,5500.0,6000.0,5750.0,0.0,500.0
Tamil Nadu,Perambalur,Perambalur(Uzhavar Sandhai ),Coconut,2026-09-24,5000.0,6000.0,5500.0,0.0,1000.0
Tamil Nadu,Vellore,Perampet(Uzhavar Sandhai),Coconut,2026-09-24,4000.0,4000.0,4000.0,0.0,0.0
Tamil Nadu,Thanjavur,Peravurani(Uzhavar Sandhai),Coconut,2026-09-24,5000.0,5000.0,5000.0,0.0,0.0
Tamil Nadu,Theni,Periyakulam(Uzhavar Sandhai ),Coconut,2026-09-24,5000.0,5600.0,5300.0,0.0,600.0
Tamil Nadu,Erode,Periyar Nagar(Uzhavar Sandhai ),Coconut,2026-09-24,5000.0,5400.0,5200.0,0.0,400.0
Tamil Nadu,Erode,Perundurai(Uzhavar Sandhai ),Coconut,2026-09-24,5000.0,5400.0,5200.0,0.0,400.0
Tamil Nadu,Coimbatore,Pollachi(Uzhavar Sandhai ),Coconut,2026-09-24,5500.0,6000.0,5750.0,0.0,500.0
Tamil Nadu,Thiruvannamalai,Polur(Uzhavar Sandhai ),Coconut,2026-09-24,4200.0,5000.0,4600.0,0.0,800.0
Tamil Nadu,Pudukkottai,Ponnamaravathi(Uzhavar Sandhai),Coconut,2026-09-24,3500.0,4000.0,3750.0,0.0,500.0
Tamil Nadu,Pudukkottai,Pudukottai(Uzhavar Sandhai ),Coconut,2026-09-24,3500.0,4000.0,3750.0,0.0,500.0
Keralam,Wayanad,Pulpally Market,Coconut,2026-09-24,5100.0,5300.0,5200.0,0.0,200.0
Tamil Nadu,Virudhunagar,Rajapalayam(Uzhavar Sandhai ),Coconut,2026-09-24,5000.0,6000.0,5500.0,0.0,1000.0
Tamil Nadu,Ramanathapuram,Ramanathapuram(Uzhavar Sandhai ),Coconut,2026-09-24,6000.0,7000.0,6500.0,0.0,1000.0
Tamil Nadu,Ranipet,Ranipettai(Uzhavar Sandhai ),Coconut,2026-09-24,4000.0,5000.0,4500.0,0.0,1000.0
Tamil Nadu,Namakkal,Rasipuram(Uzhavar Sandhai ),Coconut,2026-09-24,6200.0,6500.0,6350.0,0.0,300.0
Andhra Pradesh,Dr.B.R.A.Konaseema,Razole Apmc,Coconut,2026-09-24,17500.0,18000.0,17500.0,0.0,500.0
Tamil Nadu,Coimbatore,Rspuram(Uzhavar Sandhai ),Coconut,2026-09-24,5400.0,5800.0,5600.0,0.0,400.0
Tamil Nadu,Erode,Sampath Nagar(Uzhavar Sandhai ),Coconut,2026-09-24,5000.0,5400.0,5200.0,0.0,400.0
Tamil Nadu,Tenkasi,Sankarankoil(Uzhavar Sandhai ),Coconut,2026-09-24,5500.0,6000.0,5750.0,0.0,500.0
Tamil Nadu,Kallakuruchi,Sankarapuram(Uzhavar Sandhai ),Coconut,2026-09-24,6000.0,6000.0,6000.0,0.0,0.0
Tamil Nadu,Erode,Sathiyamagalam(Uzhavar Sandhai ),Coconut,2026-09-24,4500.0,5000.0,4750.0,0.0,500.0
Tamil Nadu,Virudhunagar,Sathur(Uzhavar Sandhai ),Coconut,2026-09-24,5500.0,6000.0,5750.0,0.0,500.0
Tamil Nadu,Sivaganga,Singampunari(Uzhavar Sandhai ),Coconut,2026-09-24,6600.0,7000.0,6800.0,0.0,400.0
Tamil Nadu,Coimbatore,Singanallur(Uzhavar Sandhai ),Coconut,2026-09-24,5700.0,5900.0,5800.0,0.0,200.0
Tamil Nadu,Nagapattinam,Sirkali(Uzhavar Sandhai ),Coconut,2026-09-24,3500.0,4000.0,3750.0,0.0,500.0
Tamil Nadu,Sivaganga,Sivagangai (Uzhavar Sandhai ),Coconut,2026-09-24,7000.0,7200.0,7100.0,0.0,200.0
Tamil Nadu,Virudhunagar,Sivakasi(Uzhavar Sandhai ),Coconut,2026-09-24,5000.0,6000.0,5500.0,0.0,1000.0
Tamil Nadu,Salem,Sooramangalam(Uzhavar Sandhai ),Coconut,2026-09-24,6000.0,6500.0,6250.0,0.0,500.0
Tamil Nadu,Virudhunagar,Srivilliputhur(Uzhavar Sandhai ),Coconut,2026-09-24,5000.0,6000.0,5500.0,0.0,1000.0
Tamil Nadu,Coimbatore,Sulur(Uzhavar Sandhai ),Coconut,2026-09-24,5500.0,6000.0,5750.0,0.0,500.0
Tamil Nadu,Coimbatore,Sundarapuram(Uzhavar Sandhai ),Coconut,2026-09-24,5400.0,5800.0,5600.0,0.0,400.0
Tamil Nadu,Kancheepuram,Sunguvarchatram(Uzhavar Sandhai ),Coconut,2026-09-24,5000.0,6000.0,5500.0,0.0,1000.0
Tamil Nadu,Thiruvannamalai,Tamarainagar(Uzhavar Sandhai ),Coconut,2026-09-24,6000.0,7000.0,6500.0,0.0,1000.0
Tamil Nadu,Tenkasi,Tenkasi(Uzhavar Sandhai ),Coconut,2026-09-24,5500.0,6000.0,5750.0,0.0,500.0
Tamil Nadu,Erode,Thalavadi(Uzhavar Sandhai ),Coconut,2026-09-24,4400.0,5000.0,4700.0,0.0,600.0
Tamil Nadu,Virudhunagar,Thalavaipuram(Uzhavar Sandhai ),Coconut,2026-09-24,5000.0,6000.0,5500.0,0.0,1000.0
Tamil Nadu,Salem,Thammampatti (Uzhavar Sandhai ),Coconut,2026-09-24,6500.0,7000.0,6750.0,0.0,500.0
Tamil Nadu,Thanjavur,Thanjavur(Uzhavar Sandhai ),Coconut,2026-09-24,6000.0,6000.0,6000.0,0.0,0.0
Tamil Nadu,Salem,Thathakapatti(Uzhavar Sandhai ),Coconut,2026-09-24,5500.0,6500.0,6000.0,0.0,1000.0
Tamil Nadu,Theni,Theni(Uzhavar Sandhai ),Coconut,2026-09-24,5600.0,5600.0,5600.0,0.0,0.0
Tamil Nadu,Chengalpattu,Thirukalukundram(Uzhavar Sandhai ),Coconut,2026-09-24,6000.0,7000.0,6500.0,0.0,1000.0
Tamil Nadu,Madurai,Thirumangalam(Uzhavar Sandhai ),Coconut,2026-09-24,6000.0,7000.0,6500.0,0.0,1000.0
Tamil Nadu,Vellore,Thirupathur Apmc,Coconut,2026-09-24,5000.0,5000.0,5000.0,0.0,0.0
Tamil Nadu,Thiruchirappalli,Thiruverumbur(Uzhavar Sandhai ),Coconut,2026-09-24,7000.0,7000.0,7000.0,0.0,0.0
Tamil Nadu,Thiruchirappalli,Thuraiyur Apmc,Coconut,2026-09-24,6000.0,6600.0,6300.0,0.0,600.0
Tamil Nadu,Villupuram,Tindivanam Apmc,Coconut,2026-09-24,6000.0,6000.0,6000.0,0.0,0.0
Tamil Nadu,Namakkal,Tiruchengode Apmc,Coconut,2026-09-24,5800.0,6200.0,6000.0,0.0,400.0
Tamil Nadu,Thanjavur,Tirukattupalli(Uzhavar Sandhai ),Coconut,2026-09-24,6000.0,6000.0,6000.0,0.0,0.0
Tamil Nadu,Sivaganga,Tirupatthur(Uzhavar Sandhai ),Coconut,2026-09-24,7200.0,7400.0,7300.0,0.0,200.0
Tamil Nadu,Thirupur,Tiruppur (North) (Uzhavar Sandhai ),Coconut,2026-09-24,5500.0,5800.0,5650.0,0.0,300.0
Tamil Nadu,Thirupur,Tiruppur (South) (Uzhavar Sandhai ),Coconut,2026-09-24,5000.0,6000.0,5500.0,0.0,1000.0
Tamil Nadu,Thiruvellore,Tiruthani(Uzhavar Sandhai ),Coconut,2026-09-24,6000.0,6000.0,6000.0,0.0,0.0
Tamil Nadu,Thiruvarur,Tiruthuraipoondi(Uzhavar Sandhai ),Coconut,2026-09-24,5000.0,5000.0,5000.0,0.0,0.0
Tamil Nadu,Thiruvannamalai,Tiruvannamalai(Uzhavar Sandhai ),Coconut,2026-09-24,4000.0,5000.0,4500.0,0.0,1000.0
Tamil Nadu,Thiruvarur,Tiruvarur(Uzhavar Sandhai ),Coconut,2026-09-24,5000.0,5000.0,5000.0,0.0,0.0
Tamil Nadu,Tuticorin,Tuticorin(Uzhavar Sandhai ),Coconut,2026-09-24,5000.0,6000.0,5500.0,0.0,1000.0
Tamil Nadu,The Nilgiris,Udhagamandalam(Uzhavar Sandhai ),Coconut,2026-09-24,6000.0,6500.0,6250.0,0.0,500.0
Tamil Nadu,Coimbatore,Udumalpet Apmc,Coconut,2026-09-24,5500.0,6000.0,5750.0,0.0,500.0
Tamil Nadu,Villupuram,Ulundurpettai Apmc,Coconut,2026-09-24,3000.0,3000.0,3000.0,0.0,0.0
Tamil Nadu,Madurai,Usilampatti(Uzhavar Sandhai ),Coconut,2026-09-24,6800.0,7000.0,6900.0,0.0,200.0
Tamil Nadu,Cuddalore,Vadalur(Uzhavar Sandhai ),Coconut,2026-09-24,6000.0,7000.0,6500.0,0.0,1000.0
Tamil Nadu,Nagercoil (Kannyiakumari),Vadaseri Apmc,Coconut,2026-09-24,6300.0,6800.0,6550.0,0.0,500.0
Tamil Nadu,Coimbatore,Vadavalli(Uzhavar Sandhai ),Coconut,2026-09-24,5400.0,6000.0,5700.0,0.0,600.0
Tamil Nadu,Thiruvarur,Valangaiman Apmc,Coconut,2026-09-24,5000.0,5000.0,5000.0,0.0,0.0
Tamil Nadu,Thiruvannamalai,Vandavasi(Uzhavar Sandhai ),Coconut,2026-09-24,4000.0,5000.0,4500.0,0.0,1000.0
Tamil Nadu,Thirupathur,Vaniyampadi(Uzhavar Sandhai ),Coconut,2026-09-24,2000.0,2000.0,2000.0,0.0,0.0
Tamil Nadu,Salem,Vazhapadi(Uzhavar Sandhai),Coconut,2026-09-24,6000.0,6000.0,6000.0,0.0,0.0
Tamil Nadu,Nagapattinam,Vedaranyam(Uzhavar Sandhai),Coconut,2026-09-24,5000.0,5000.0,5000.0,0.0,0.0
Tamil Nadu,Dindigul,Vedasanthur(Uzhavar Sandhai ),Coconut,2026-09-24,5000.0,5500.0,5250.0,0.0,500.0
Tamil Nadu,Karur,Velayuthampalayam(Uzhavar Sandhai ),Coconut,2026-09-24,5000.0,6000.0,5500.0,0.0,1000.0
Tamil Nadu,Vellore,Vellore Apmc,Coconut,2026-09-24,2000.0,3000.0,2500.0,0.0,1000.0
Tamil Nadu,Karur,Vengamedu(Uzhavar Sandhai ),Coconut,2026-09-24,5500.0,6000.0,5750.0,0.0,500.0
Tamil Nadu,Villupuram,Villupuram(Uzhavar Sandhai ),Coconut,2026-09-24,5000.0,5000.0,5000.0,0.0,0.0
Tamil Nadu,Pudukkottai,Viralimalai(Uzhavar Sandhai ),Coconut,2026-09-24,3500.0,4000.0,3750.0,0.0,500.0
Tamil Nadu,Virudhunagar,Virudhunagar(Uzhavar Sandhai ),Coconut,2026-09-24,5500.0,6000.0,5750.0,0.0,500.0
Tamil Nadu,Cuddalore,Viruthachalam(Uzhavar Sandhai ),Coconut,2026-09-24,6000.0,6000.0,6000.0,0.0,0.0
Punjab,Ferozpur,Zira Apmc,Coconut Coir,2026-09-24,3600.0,3600.0,3600.0,0.0,0.0
Keralam,Pathanamthitta,Kuttoor Market,Coconut Oil,2026-09-24,28100.0,28500.0,28300.0,0.0,400.0
Keralam,Pathanamthitta,Kuttoor Market,Coconut Seed,2026-09-24,7700.0,8100.0,7900.0,0.0,400.0
Keralam,Kannur,Payyannur Market,Coconut Seed,2026-09-24,4900.0,5100.0,5000.0,0.0,200.0
Keralam,Wayanad,Pulpally Market,Coffee,2026-09-24,20500.0,20700.0,20600.0,0.0,200.0
Tamil Nadu,Madurai,Anaiyur(Uzhavar Sandhai ),Colacasia,2026-09-24,5000.0,6000.0,5500.0,0.0,1000.0
Tamil Nadu,Madurai,Anna Nagar(Uzhavar Sandhai ),Colacasia,2026-09-24,5400.0,5400.0,5400.0,0.0,0.0
Tamil Nadu,Thiruvannamalai,Arani(Uzhavar Sandhai ),Colacasia,2026-09-24,3500.0,4200.0,3850.0,0.0,700.0
Tamil Nadu,Ranipet,Arcot(Uzhavar Sandhai ),Colacasia,2026-09-24,4000.0,4000.0,4000.0,0.0,0.0
Tamil Nadu,Virudhunagar,Aruppukottai(Uzhavar Sandhai ),Colacasia,2026-09-24,6000.0,7000.0,6500.0,0.0,1000.0
Keralam,Kottayam,Athirampuzha Market,Colacasia,2026-09-24,6500.0,6700.0,6600.0,0.0,200.0
Tamil Nadu,Krishnagiri,Avallapalli(Uzhavar Sandhai ),Colacasia,2026-09-24,4500.0,5000.0,4750.0,0.0,500.0
Tamil Nadu,Theni,Bodinayakanur(Uzhavar Sandhai ),Colacasia,2026-09-24,5000.0,5000.0,5000.0,0.0,0.0
Uttarakhand,Dehradoon,Chakrata Apmc,Colacasia,2026-09-24,1000.0,1500.0,1200.0,0.0,500.0
Keralam,Alappuzha,Chengannur Market,Colacasia,2026-09-24,5800.0,6100.0,6000.0,0.0,300.0
Keralam,Alappuzha,Chengannur Market,Colacasia,2026-09-24,6900.0,7200.0,7000.0,0.0,300.0
Tamil Nadu,Thiruvannamalai,Cheyyar(Uzhavar Sandhai ),Colacasia,2026-09-24,3500.0,4200.0,3850.0,0.0,700.0
Tamil Nadu,Theni,Chinnamanur(Uzhavar Sandhai ),Colacasia,2026-09-24,5000.0,5000.0,5000.0,0.0,0.0
Tamil Nadu,Madurai,Chokkikulam(Uzhavar Sandhai ),Colacasia,2026-09-24,5000.0,6000.0,5500.0,0.0,1000.0
Tamil Nadu,Cuddalore,Cuddalore(Uzhavar Sandhai ),Colacasia,2026-09-24,6000.0,6000.0,6000.0,0.0,0.0
Tamil Nadu,Dharmapuri,Dharmapuri(Uzhavar Sandhai ),Colacasia,2026-09-24,6200.0,6600.0,6400.0,0.0,400.0
Tamil Nadu,Dindigul,Dindigul(Uzhavar Sandhai ),Colacasia,2026-09-24,5000.0,6000.0,5500.0,0.0,1000.0
Tamil Nadu,Villupuram,Gingee(Uzhavar Sandhai ),Colacasia,2026-09-24,6000.0,6000.0,6000.0,0.0,0.0
Tamil Nadu,Vellore,Gudiyatham(Uzhavar Sandhai ),Colacasia,2026-09-24,5600.0,5600.0,5600.0,0.0,0.0
Uttar Pradesh,Bulandshahar,Gulavati Apmc,Colacasia,2026-09-24,4100.0,4300.0,4200.0,0.0,200.0
Haryana,Hissar,Hansi Apmc,Colacasia,2026-09-24,2500.0,3000.0,2750.0,0.0,500.0
Tamil Nadu,Salem,Hasthampatti(Uzhavar Sandhai ),Colacasia,2026-09-24,5600.0,6000.0,5800.0,0.0,400.0
Tamil Nadu,Krishnagiri,Hosur(Uzhavar Sandhai ),Colacasia,2026-09-24,4500.0,5000.0,4750.0,0.0,500.0
Uttar Pradesh,Shahjahanpur,Jalalabad Apmc,Colacasia,2026-09-24,1400.0,1500.0,1450.0,0.0,100.0
Tamil Nadu,Chengalpattu,Jameenrayapettai(Uzhavar Sandhai ),Colacasia,2026-09-24,5000.0,6000.0,5500.0,0.0,1000.0
Tamil Nadu,Vellore,Kahithapattarai(Uzhavar Sandhai ),Colacasia,2026-09-24,5000.0,5000.0,5000.0,0.0,0.0
Tamil Nadu,Kallakuruchi,Kallakurichi(Uzhavar Sandhai ),Colacasia,2026-09-24,4000.0,4000.0,4000.0,0.0,0.0
Tamil Nadu,Karur,Karur(Uzhavar Sandhai ),Colacasia,2026-09-24,6500.0,7000.0,6750.0,0.0,500.0
Tamil Nadu,Vellore,Katpadi (Uzhavar Sandhai ),Colacasia,2026-09-24,4000.0,4000.0,4000.0,0.0,0.0
Keralam,Idukki,Kattappana Market,Colacasia,2026-09-24,5400.0,5800.0,5500.0,0.0,400.0
Tamil Nadu,Thiruchirappalli,Kknagar(Uzhavar Sandhai ),Colacasia,2026-09-24,6000.0,6000.0,6000.0,0.0,0.0
Tamil Nadu,Karur,Kulithalai(Uzhavar Sandhai ),Colacasia,2026-09-24,5500.0,6000.0,5750.0,0.0,500.0
Tamil Nadu,Thanjavur,Kumbakonam (Uzhavar Sandhai ),Colacasia,2026-09-24,6000.0,6000.0,6000.0,0.0,0.0
Tamil Nadu,Kancheepuram,Kundrathur(Uzhavar Sandhai ),Colacasia,2026-09-24,3000.0,3000.0,3000.0,0.0,0.0
Tamil Nadu,Thiruchirappalli,Lalgudi(Uzhavar Sandhai ),Colacasia,2026-09-24,3600.0,3600.0,3600.0,0.0,0.0
Punjab,Ludhiana,Ludhiana Apmc,Colacasia,2026-09-24,1000.0,1400.0,1200.0,0.0,400.0
Jammu and Kashmir,Jammu,Mac F&V Market Narwal Jammu,Colacasia,2026-09-24,2200.0,2500.0,2350.0,0.0,300.0
Tamil Nadu,Madurai,Melur(Uzhavar Sandhai ),Colacasia,2026-09-24,5000.0,6000.0,5500.0,0.0,1000.0
Tamil Nadu,Thiruchirappalli,Musiri(Uzhavar Sandhai ),Colacasia,2026-09-24,4500.0,5000.0,4750.0,0.0,500.0
Tamil Nadu,Chengalpattu,Nanganallur(Uzhavar Sandhai ),Colacasia,2026-09-24,5500.0,6000.0,5750.0,0.0,500.0
Keralam,Thiruvananthapuram,Neyyatinkara Market,Colacasia,2026-09-24,5400.0,6000.0,5700.0,0.0,600.0
Keralam,Ernakulam,North Paravur Market,Colacasia,2026-09-24,4500.0,5500.0,5000.0,0.0,1000.0
Keralam,Ernakulam,North Paravur Market,Colacasia,2026-09-24,6000.0,7000.0,6500.0,0.0,1000.0
Gujarat,Vadodara(Baroda),Padra Apmc,Colacasia,2026-09-24,2500.0,3000.0,2750.0,0.0,500.0
Tamil Nadu,Madurai,Palanganatham(Uzhavar Sandhai ),Colacasia,2026-09-24,5000.0,6000.0,5500.0,0.0,1000.0
Tamil Nadu,Chengalpattu,Pallavaram(Uzhavar Sandhai ),Colacasia,2026-09-24,4000.0,5000.0,4500.0,0.0,1000.0
Tamil Nadu,Vellore,Pallikonda(Uzhavar Sandhai),Colacasia,2026-09-24,4000.0,4000.0,4000.0,0.0,0.0
Keralam,Kottayam,Pampady Market,Colacasia,2026-09-24,5000.0,6000.0,5500.0,0.0,1000.0
Tamil Nadu,Ramanathapuram,Paramakudi(Uzhavar Sandhai ),Colacasia,2026-09-24,6500.0,6800.0,6650.0,0.0,300.0
Keralam,Thiruvananthapuram,Parassala Market,Colacasia,2026-09-24,6800.0,7200.0,7000.0,0.0,400.0
Keralam,Palakad,Pattambi Market,Colacasia,2026-09-24,7000.0,8000.0,7500.0,0.0,1000.0
Tamil Nadu,Thanjavur,Pattukottai(Uzhavar Sandhai ),Colacasia,2026-09-24,7000.0,7000.0,7000.0,0.0,0.0
Tamil Nadu,Perambalur,Perambalur(Uzhavar Sandhai ),Colacasia,2026-09-24,5600.0,6000.0,5800.0,0.0,400.0
Tamil Nadu,Vellore,Perampet(Uzhavar Sandhai),Colacasia,2026-09-24,5000.0,5000.0,5000.0,0.0,0.0
Keralam,Ernakulam,Perumbavoor Market,Colacasia,2026-09-24,5000.0,6000.0,5500.0,0.0,1000.0
Himachal Pradesh,Solan,Pmy Kather Solan,Colacasia,2026-09-24,2500.0,4000.0,3000.0,0.0,1500.0
Tamil Nadu,Thiruvannamalai,Polur(Uzhavar Sandhai ),Colacasia,2026-09-24,3300.0,4000.0,3650.0,0.0,700.0
Tamil Nadu,Pudukkottai,Pudukottai(Uzhavar Sandhai ),Colacasia,2026-09-24,5500.0,6000.0,5750.0,0.0,500.0
Tamil Nadu,Virudhunagar,Rajapalayam(Uzhavar Sandhai ),Colacasia,2026-09-24,6000.0,7000.0,6500.0,0.0,1000.0
Tamil Nadu,Ramanathapuram,Ramanathapuram(Uzhavar Sandhai ),Colacasia,2026-09-24,6000.0,7000.0,6500.0,0.0,1000.0
Tamil Nadu,Ranipet,Ranipettai(Uzhavar Sandhai ),Colacasia,2026-09-24,3600.0,4000.0,3800.0,0.0,400.0
Tamil Nadu,Coimbatore,Rspuram(Uzhavar Sandhai ),Colacasia,2026-09-24,4500.0,5000.0,4750.0,0.0,500.0
Uttarakhand,Udhamsinghnagar,Rudrapur Apmc,Colacasia,2026-09-24,1500.0,2500.0,2000.0,0.0,1000.0
Telangana,Hyderabad,Rythu Bazar Mehdipatnam,Colacasia,2026-09-24,2800.0,2800.0,2800.0,0.0,0.0
Haryana,Yamuna Nagar,Sadhaura Apmc,Colacasia,2026-09-24,1900.0,2100.0,2000.0,0.0,200.0
Punjab,Ludhiana,Samrala Apmc,Colacasia,2026-09-24,2500.0,3500.0,3000.0,0.0,1000.0
Tamil Nadu,Tenkasi,Sankarankoil(Uzhavar Sandhai ),Colacasia,2026-09-24,7000.0,7000.0,7000.0,0.0,0.0
Telangana,Ranga Reddy,"Saroornagar,Rbz",Colacasia,2026-09-24,2600.0,2600.0,2600.0,0.0,0.0
Tamil Nadu,Coimbatore,Singanallur(Uzhavar Sandhai ),Colacasia,2026-09-24,4500.0,5000.0,4750.0,0.0,500.0
Punjab,Fatehgarh,Sirhind Apmc,Colacasia,2026-09-24,2700.0,3000.0,2800.0,0.0,300.0
Tamil Nadu,Sivaganga,Sivagangai (Uzhavar Sandhai ),Colacasia,2026-09-24,5200.0,6200.0,5700.0,0.0,1000.0
Himachal Pradesh,Kangra,Smy Dharamshala,Colacasia,2026-09-24,3000.0,3200.0,3100.0,0.0,200.0
Himachal Pradesh,Kangra,Smy Jaisinghpur,Colacasia,2026-09-24,2800.0,3200.0,3000.0,0.0,400.0
Himachal Pradesh,Kangra,Smy Palampur,Colacasia,2026-09-24,2500.0,3000.0,2800.0,0.0,500.0
Himachal Pradesh,Una,Smy Santoshgarh,Colacasia,2026-09-24,2200.0,2200.0,2200.0,0.0,0.0
Tamil Nadu,Salem,Sooramangalam(Uzhavar Sandhai ),Colacasia,2026-09-24,6500.0,7000.0,6750.0,0.0,500.0
Tamil Nadu,Virudhunagar,Srivilliputhur(Uzhavar Sandhai ),Colacasia,2026-09-24,5000.0,6000.0,5500.0,0.0,1000.0
Tamil Nadu,Kancheepuram,Sunguvarchatram(Uzhavar Sandhai ),Colacasia,2026-09-24,3000.0,3000.0,3000.0,0.0,0.0
Tamil Nadu,Thiruvannamalai,Tamarainagar(Uzhavar Sandhai ),Colacasia,2026-09-24,3500.0,4000.0,3750.0,0.0,500.0
Tamil Nadu,Tenkasi,Tenkasi(Uzhavar Sandhai ),Colacasia,2026-09-24,5000.0,5000.0,5000.0,0.0,0.0
Tamil Nadu,Virudhunagar,Thalavaipuram(Uzhavar Sandhai ),Colacasia,2026-09-24,5500.0,7000.0,6250.0,0.0,1500.0
Tamil Nadu,Thanjavur,Thanjavur(Uzhavar Sandhai ),Colacasia,2026-09-24,5600.0,5600.0,5600.0,0.0,0.0
Tamil Nadu,Salem,Thathakapatti(Uzhavar Sandhai ),Colacasia,2026-09-24,5000.0,6000.0,5500.0,0.0,1000.0
Tamil Nadu,Theni,Theni(Uzhavar Sandhai ),Colacasia,2026-09-24,5500.0,5500.0,5500.0,0.0,0.0
Keralam,Ernakulam,Thrippunithura Market,Colacasia,2026-09-24,5500.0,7000.0,5700.0,0.0,1500.0
Tamil Nadu,Villupuram,Tindivanam Apmc,Colacasia,2026-09-24,5800.0,5800.0,5800.0,0.0,0.0
Tamil Nadu,Thiruvannamalai,Tiruvannamalai(Uzhavar Sandhai ),Colacasia,2026-09-24,3600.0,4000.0,3800.0,0.0,400.0
Tamil Nadu,Tuticorin,Tuticorin(Uzhavar Sandhai ),Colacasia,2026-09-24,5000.0,6000.0,5500.0,0.0,1000.0
Tamil Nadu,Nagercoil (Kannyiakumari),Vadaseri Apmc,Colacasia,2026-09-24,10000.0,10500.0,10250.0,0.0,500.0
Tamil Nadu,Coimbatore,Vadavalli(Uzhavar Sandhai ),Colacasia,2026-09-24,4500.0,5000.0,4750.0,0.0,500.0
Tamil Nadu,Thiruvannamalai,Vandavasi(Uzhavar Sandhai ),Colacasia,2026-09-24,3500.0,4200.0,3850.0,0.0,700.0
Tamil Nadu,Thirupathur,Vaniyampadi(Uzhavar Sandhai ),Colacasia,2026-09-24,5000.0,5000.0,5000.0,0.0,0.0
Tamil Nadu,Vellore,Vellore Apmc,Colacasia,2026-09-24,3500.0,4000.0,3750.0,0.0,500.0
Uttarakhand,Dehradoon,Vikasnagar Apmc,Colacasia,2026-09-24,800.0,1000.0,1000.0,0.0,200.0
Karnataka,Chitradurga,Hosadurga Apmc,Copra,2026-09-24,28000.0,28000.0,28000.0,0.0,0.0
Karnataka,Chitradurga,Hosadurga Apmc,Copra,2026-09-24,20400.0,20400.0,20400.0,0.0,0.0
Keralam,Kannur,Payyannur Market,Copra,2026-09-24,13400.0,13600.0,13500.0,0.0,200.0
Tamil Nadu,Dharmapuri,Ajattihalli(Uzhavar Sandhai ),Coriander(Leaves),2026-09-24,4500.0,5000.0,4750.0,0.0,500.0
Tamil Nadu,Thirunelveli,Ambasamudram(Uzhavar Sandhai ),Coriander(Leaves),2026-09-24,4000.0,4500.0,4250.0,0.0,500.0
Tamil Nadu,Salem,Ammapet(Uzhavar Sandhai ),Coriander(Leaves),2026-09-24,3200.0,3600.0,3400.0,0.0,400.0
Tamil Nadu,Madurai,Anaiyur(Uzhavar Sandhai ),Coriander(Leaves),2026-09-24,4500.0,5000.0,4750.0,0.0,500.0
Tamil Nadu,Theni,Andipatti(Uzhavar Sandhai ),Coriander(Leaves),2026-09-24,2800.0,3000.0,2900.0,0.0,200.0
Tamil Nadu,Madurai,Anna Nagar(Uzhavar Sandhai ),Coriander(Leaves),2026-09-24,3400.0,3600.0,3500.0,0.0,200.0
Tamil Nadu,Thiruvannamalai,Arani(Uzhavar Sandhai ),Coriander(Leaves),2026-09-24,4000.0,5000.0,4500.0,0.0,1000.0
Tamil Nadu,Ranipet,Arcot(Uzhavar Sandhai ),Coriander(Leaves),2026-09-24,3000.0,3000.0,3000.0,0.0,0.0
Tamil Nadu,Ariyalur,Ariyalur(Uzhavar Sandhai),Coriander(Leaves),2026-09-24,5000.0,5500.0,5250.0,0.0,500.0
Tamil Nadu,Virudhunagar,Aruppukottai(Uzhavar Sandhai ),Coriander(Leaves),2026-09-24,3000.0,4000.0,3500.0,0.0,1000.0
Tamil Nadu,Salem,Athur(Uzhavar Sandhai ),Coriander(Leaves),2026-09-24,2500.0,3000.0,2750.0,0.0,500.0
Tamil Nadu,Salem,Attayampatti(Uzhavar Sandhai ),Coriander(Leaves),2026-09-24,2000.0,2000.0,2000.0,0.0,0.0
Tamil Nadu,Krishnagiri,Avallapalli(Uzhavar Sandhai ),Coriander(Leaves),2026-09-24,5000.0,6000.0,5500.0,0.0,1000.0
Tamil Nadu,Theni,Bodinayakanur(Uzhavar Sandhai ),Coriander(Leaves),2026-09-24,3000.0,3000.0,3000.0,0.0,0.0
Tamil Nadu,Thiruvannamalai,Chengam(Uzhavar Sandhai ),Coriander(Leaves),2026-09-24,3500.0,4000.0,3750.0,0.0,500.0
Tamil Nadu,Thiruvannamalai,Cheyyar(Uzhavar Sandhai ),Coriander(Leaves),2026-09-24,4000.0,5000.0,4500.0,0.0,1000.0
Tamil Nadu,Dindigul,Chinnalapatti(Uzhavar Sandhai ),Coriander(Leaves),2026-09-24,3000.0,3500.0,3250.0,0.0,500.0
Tamil Nadu,Theni,Chinnamanur(Uzhavar Sandhai ),Coriander(Leaves),2026-09-24,3000.0,3000.0,3000.0,0.0,0.0
Tamil Nadu,Madurai,Chokkikulam(Uzhavar Sandhai ),Coriander(Leaves),2026-09-24,4500.0,5000.0,4750.0,0.0,500.0
Tamil Nadu,The Nilgiris,Coonoor(Uzhavar Sandhai ),Coriander(Leaves),2026-09-24,5500.0,6000.0,5750.0,0.0,500.0
Tamil Nadu,Cuddalore,Cuddalore(Uzhavar Sandhai ),Coriander(Leaves),2026-09-24,5000.0,5000.0,5000.0,0.0,0.0
Gujarat,Amreli,Damnagar Apmc,Coriander(Leaves),2026-09-24,4000.0,4000.0,4000.0,0.0,0.0
Tamil Nadu,Krishnagiri,Denkanikottai(Uzhavar Sandhai ),Coriander(Leaves),2026-09-24,6000.0,7000.0,6500.0,0.0,1000.0
Tamil Nadu,Sivaganga,Devakottai (Uzhavar Sandhai ),Coriander(Leaves),2026-09-24,5600.0,6000.0,5800.0,0.0,400.0
Tamil Nadu,Theni,Devaram(Uzhavar Sandhai ),Coriander(Leaves),2026-09-24,3000.0,3000.0,3000.0,0.0,0.0
Tamil Nadu,Thirupur,Dharapuram(Uzhavar Sandhai ),Coriander(Leaves),2026-09-24,4500.0,5000.0,4750.0,0.0,500.0
Tamil Nadu,Dharmapuri,Dharmapuri(Uzhavar Sandhai ),Coriander(Leaves),2026-09-24,4600.0,5000.0,4800.0,0.0,400.0
Tamil Nadu,Dindigul,Dindigul(Uzhavar Sandhai ),Coriander(Leaves),2026-09-24,3000.0,3500.0,3250.0,0.0,500.0
Punjab,Ludhiana,Doraha Apmc,Coriander(Leaves),2026-09-24,4000.0,9000.0,7000.0,0.0,5000.0
Rajasthan,Dungarpur,Dungarpur Apmc,Coriander(Leaves),2026-09-24,1900.0,2200.0,2000.0,0.0,300.0
Tamil Nadu,Salem,Edapadi (Uzhavar Sandhai ),Coriander(Leaves),2026-09-24,3000.0,3500.0,3250.0,0.0,500.0
Tamil Nadu,Salem,Elampillai(Uzhavar Sandhai ),Coriander(Leaves),2026-09-24,3000.0,4000.0,3500.0,0.0,1000.0
Tamil Nadu,Pudukkottai,Gandarvakottai(Uzhavar Sandhai ),Coriander(Leaves),2026-09-24,4500.0,5000.0,4750.0,0.0,500.0
Tamil Nadu,Karur,Gandhigramam(Uzhavar Sandhai),Coriander(Leaves),2026-09-24,5500.0,6000.0,5750.0,0.0,500.0
Tamil Nadu,Villupuram,Gingee(Uzhavar Sandhai ),Coriander(Leaves),2026-09-24,4000.0,4000.0,4000.0,0.0,0.0
Tamil Nadu,Erode,Gobichettipalayam(Uzhavar Sandhai ),Coriander(Leaves),2026-09-24,3500.0,4000.0,3750.0,0.0,500.0
Tamil Nadu,The Nilgiris,Gudalur(Uzhavar Sandhai ),Coriander(Leaves),2026-09-24,6000.0,7000.0,6500.0,0.0,1000.0
Tamil Nadu,Vellore,Gudiyatham(Uzhavar Sandhai ),Coriander(Leaves),2026-09-24,5500.0,5500.0,5500.0,0.0,0.0
Tamil Nadu,Chengalpattu,Guduvancheri(Uzhavar Sandhai ),Coriander(Leaves),2026-09-24,5000.0,6000.0,5500.0,0.0,1000.0
Punjab,Gurdaspur,Gurdaspur Apmc,Coriander(Leaves),2026-09-24,4500.0,4500.0,4500.0,0.0,0.0
Tamil Nadu,Dharmapuri,Harur(Uzhavar Sandhai ),Coriander(Leaves),2026-09-24,3500.0,4000.0,3750.0,0.0,500.0
Tamil Nadu,Salem,Hasthampatti(Uzhavar Sandhai ),Coriander(Leaves),2026-09-24,1800.0,2000.0,1900.0,0.0,200.0
Tamil Nadu,Krishnagiri,Hosur(Uzhavar Sandhai ),Coriander(Leaves),2026-09-24,6000.0,7000.0,6500.0,0.0,1000.0
Tamil Nadu,Salem,Jalagandapuram(Uzhavar Sandhai ),Coriander(Leaves),2026-09-24,1600.0,2000.0,1800.0,0.0,400.0
Tamil Nadu,Chengalpattu,Jameenrayapettai(Uzhavar Sandhai ),Coriander(Leaves),2026-09-24,5000.0,6000.0,5500.0,0.0,1000.0
Tamil Nadu,Vellore,Kahithapattarai(Uzhavar Sandhai ),Coriander(Leaves),2026-09-24,3500.0,3500.0,3500.0,0.0,0.0
Tamil Nadu,Kallakuruchi,Kallakurichi(Uzhavar Sandhai ),Coriander(Leaves),2026-09-24,6000.0,6000.0,6000.0,0.0,0.0
Tamil Nadu,Theni,Kambam(Uzhavar Sandhai ),Coriander(Leaves),2026-09-24,3000.0,3000.0,3000.0,0.0,0.0
Tamil Nadu,Kancheepuram,Kancheepuram(Uzhavar Sandhai ),Coriander(Leaves),2026-09-24,4000.0,5000.0,4500.0,0.0,1000.0
Tamil Nadu,Thirunelveli,Kandiyaperi(Uzhavar Sandhai ),Coriander(Leaves),2026-09-24,4000.0,4500.0,4250.0,0.0,500.0
Tamil Nadu,Thirupur,Kangayam(Uzhavar Sandhai ),Coriander(Leaves),2026-09-24,4200.0,4500.0,4350.0,0.0,300.0
Tamil Nadu,Sivaganga,Karaikudi(Uzhavar Sandhai ),Coriander(Leaves),2026-09-24,5000.0,5400.0,5200.0,0.0,400.0
Tamil Nadu,Pudukkottai,Karambakkudi(Uzhavar Sandhai ),Coriander(Leaves),2026-09-24,4500.0,5000.0,4750.0,0.0,500.0
Tamil Nadu,Dharmapuri,Karimangalam(Uzhavar Sandhai),Coriander(Leaves),2026-09-24,4500.0,5000.0,4750.0,0.0,500.0
Tamil Nadu,Virudhunagar,Kariyapatti(Uzhavar Sandhai ),Coriander(Leaves),2026-09-24,3500.0,4000.0,3750.0,0.0,500.0
Tamil Nadu,Karur,Karur(Uzhavar Sandhai ),Coriander(Leaves),2026-09-24,5500.0,6000.0,5750.0,0.0,500.0
Tamil Nadu,Vellore,Katpadi (Uzhavar Sandhai ),Coriander(Leaves),2026-09-24,3500.0,3500.0,3500.0,0.0,0.0
Tamil Nadu,Krishnagiri,Kaveripattinam(Uzhavar Sandhai ),Coriander(Leaves),2026-09-24,4000.0,4000.0,4000.0,0.0,0.0
Tamil Nadu,Thiruchirappalli,Kknagar(Uzhavar Sandhai ),Coriander(Leaves),2026-09-24,3200.0,3200.0,3200.0,0.0,0.0
Tamil Nadu,Tuticorin,Kovilpatti(Uzhavar Sandhai ),Coriander(Leaves),2026-09-24,3500.0,4000.0,3750.0,0.0,500.0
Tamil Nadu,Krishnagiri,Krishnagiri(Uzhavar Sandhai ),Coriander(Leaves),2026-09-24,2200.0,2600.0,2400.0,0.0,400.0
Tamil Nadu,Karur,Kulithalai(Uzhavar Sandhai ),Coriander(Leaves),2026-09-24,2500.0,3000.0,2750.0,0.0,500.0
Tamil Nadu,Namakkal,Kumarapalayam(Uzhavar Sandhai ),Coriander(Leaves),2026-09-24,9000.0,10000.0,9500.0,0.0,1000.0
Tamil Nadu,Thanjavur,Kumbakonam (Uzhavar Sandhai ),Coriander(Leaves),2026-09-24,4800.0,4800.0,4800.0,0.0,0.0
Tamil Nadu,Coimbatore,Kurichi(Uzhavar Sandhai ),Coriander(Leaves),2026-09-24,4200.0,4800.0,4500.0,0.0,600.0
Tamil Nadu,Thiruchirappalli,Lalgudi(Uzhavar Sandhai ),Coriander(Leaves),2026-09-24,3600.0,3600.0,3600.0,0.0,0.0
Punjab,Ludhiana,Ludhiana Apmc,Coriander(Leaves),2026-09-24,2000.0,3500.0,3000.0,0.0,1500.0
Jammu and Kashmir,Jammu,Mac F&V Market Narwal Jammu,Coriander(Leaves),2026-09-24,10000.0,11000.0,10500.0,0.0,1000.0
Tamil Nadu,Chengalpattu,Madhuranthagam(Uzhavar Sandhai ),Coriander(Leaves),2026-09-24,5000.0,5000.0,5000.0,0.0,0.0
Punjab,Sangrur,Malerkotla Apmc,Coriander(Leaves),2026-09-24,7000.0,9500.0,8000.0,0.0,2500.0
Tamil Nadu,Thiruchirappalli,Manachanallur(Uzhavar Sandhai ),Coriander(Leaves),2026-09-24,3400.0,3400.0,3400.0,0.0,0.0
Tamil Nadu,Thiruchirappalli,Manapparai(Uzhavar Sandhai ),Coriander(Leaves),2026-09-24,3200.0,3200.0,3200.0,0.0,0.0
Madhya Pradesh,Dhar,Manawar(F&V) Apmc,Coriander(Leaves),2026-09-24,900.0,1200.0,1000.0,0.0,300.0
Tamil Nadu,Thiruvarur,Mannargudi I(Uzhavar Sandhai ),Coriander(Leaves),2026-09-24,4000.0,4000.0,4000.0,0.0,0.0
Tamil Nadu,Thiruvarur,Mannargudi Ii(Uzhavar Sandhai ),Coriander(Leaves),2026-09-24,4000.0,4000.0,4000.0,0.0,0.0
Tamil Nadu,Nagapattinam,Mayiladuthurai(Uzhavar Sandhai ),Coriander(Leaves),2026-09-24,3500.0,4000.0,3750.0,0.0,500.0
Tamil Nadu,Salem,Mecheri(Uzhavar Sandhai),Coriander(Leaves),2026-09-24,3000.0,4000.0,3500.0,0.0,1000.0
Tamil Nadu,Chengalpattu,Medavakkam(Uzhavar Sandhai ),Coriander(Leaves),2026-09-24,4000.0,4000.0,4000.0,0.0,0.0
Tamil Nadu,Thirunelveli,Melapalayam(Uzhavar Sandhai ),Coriander(Leaves),2026-09-24,4000.0,4500.0,4250.0,0.0,500.0
Tamil Nadu,Madurai,Melur(Uzhavar Sandhai ),Coriander(Leaves),2026-09-24,4500.0,5000.0,4750.0,0.0,500.0
Tamil Nadu,Coimbatore,Mettupalayam(Uzhavar Sandhai ),Coriander(Leaves),2026-09-24,5000.0,6000.0,5500.0,0.0,1000.0
Tamil Nadu,Salem,Mettur(Uzhavar Sandhai ),Coriander(Leaves),2026-09-24,4500.0,5000.0,4750.0,0.0,500.0
Tamil Nadu,Namakkal,Mohanur(Uzhavar Sandhai ),Coriander(Leaves),2026-09-24,7400.0,8000.0,7700.0,0.0,600.0
Maharashtra,Mumbai,Mumbai,Coriander(Leaves),2026-09-24,500.0,1000.0,750.0,0.0,500.0
Tamil Nadu,Thiruchirappalli,Musiri(Uzhavar Sandhai ),Coriander(Leaves),2026-09-24,3000.0,3400.0,3200.0,0.0,400.0
Tamil Nadu,Thiruvarur,Muthupettai(Uzhavar Sandhai ),Coriander(Leaves),2026-09-24,4000.0,4000.0,4000.0,0.0,0.0
Tamil Nadu,Nagapattinam,Nagapattinam(Uzhavar Sandhai ),Coriander(Leaves),2026-09-24,3700.0,3700.0,3700.0,0.0,0.0
Tamil Nadu,Namakkal,Namakkal(Uzhavar Sandhai ),Coriander(Leaves),2026-09-24,12500.0,13000.0,12750.0,0.0,500.0
Tamil Nadu,Chengalpattu,Nanganallur(Uzhavar Sandhai ),Coriander(Leaves),2026-09-24,2500.0,3000.0,2750.0,0.0,500.0
Haryana,Mahendragarh-Narnaul,Narnaul Apmc,Coriander(Leaves),2026-09-24,5000.0,6000.0,6000.0,0.0,1000.0
Tamil Nadu,Thirupathur,Natrampalli(Uzhavar Sandhai ),Coriander(Leaves),2026-09-24,4000.0,5000.0,4500.0,0.0,1000.0
Tamil Nadu,Thiruvarur,Needamangalam(Uzhavar Sandhai ),Coriander(Leaves),2026-09-24,4000.0,4000.0,4000.0,0.0,0.0
Keralam,Ernakulam,North Paravur Market,Coriander(Leaves),2026-09-24,8000.0,9000.0,8500.0,0.0,1000.0
Tamil Nadu,Kancheepuram,Padappai(Uzhavar Sandhai ),Coriander(Leaves),2026-09-24,4000.0,5000.0,4500.0,0.0,1000.0
Gujarat,Vadodara(Baroda),Padra Apmc,Coriander(Leaves),2026-09-24,1000.0,2000.0,1500.0,0.0,1000.0
Tamil Nadu,Dharmapuri,Palacode(Uzhavar Sandhai ),Coriander(Leaves),2026-09-24,4600.0,5000.0,4800.0,0.0,400.0
Tamil Nadu,Madurai,Palanganatham(Uzhavar Sandhai ),Coriander(Leaves),2026-09-24,4500.0,5000.0,4750.0,0.0,500.0
Tamil Nadu,Dindigul,Palani(Uzhavar Sandhai ),Coriander(Leaves),2026-09-24,5000.0,6000.0,5500.0,0.0,1000.0
Tamil Nadu,Thirunelveli,Palayamkottai(Uzhavar Sandhai ),Coriander(Leaves),2026-09-24,4000.0,4500.0,4250.0,0.0,500.0
Tamil Nadu,Thirupur,Palladam(Uzhavar Sandhai ),Coriander(Leaves),2026-09-24,3500.0,4000.0,3750.0,0.0,500.0
Tamil Nadu,Karur,Pallapatti (Uzhavar Sandhai ),Coriander(Leaves),2026-09-24,4500.0,5000.0,4750.0,0.0,500.0
Tamil Nadu,Chengalpattu,Pallavaram(Uzhavar Sandhai ),Coriander(Leaves),2026-09-24,5000.0,6000.0,5500.0,0.0,1000.0
Tamil Nadu,Vellore,Pallikonda(Uzhavar Sandhai),Coriander(Leaves),2026-09-24,3500.0,3500.0,3500.0,0.0,0.0
Tamil Nadu,Cuddalore,Panruti(Uzhavar Sandhai ),Coriander(Leaves),2026-09-24,6000.0,6000.0,6000.0,0.0,0.0
Tamil Nadu,Thanjavur,Papanasam(Uzhavar Sandhai ),Coriander(Leaves),2026-09-24,4800.0,4800.0,4800.0,0.0,0.0
Tamil Nadu,Ramanathapuram,Paramakudi(Uzhavar Sandhai ),Coriander(Leaves),2026-09-24,6000.0,6400.0,6200.0,0.0,400.0
Tamil Nadu,Namakkal,Paramathivelur(Uzhavar Sandhai ),Coriander(Leaves),2026-09-24,12200.0,13500.0,12850.0,0.0,1300.0
Tamil Nadu,Thiruvellore,Paruthipattu(Uzhavar Sandhai ),Coriander(Leaves),2026-09-24,6000.0,6000.0,6000.0,0.0,0.0
Tamil Nadu,Thanjavur,Pattukottai(Uzhavar Sandhai ),Coriander(Leaves),2026-09-24,3600.0,3600.0,3600.0,0.0,0.0
Tamil Nadu,Dharmapuri,Pennagaram(Uzhavar Sandhai ),Coriander(Leaves),2026-09-24,6500.0,7000.0,6750.0,0.0,500.0
Tamil Nadu,Perambalur,Perambalur(Uzhavar Sandhai ),Coriander(Leaves),2026-09-24,3500.0,3500.0,3500.0,0.0,0.0
Tamil Nadu,Vellore,Perampet(Uzhavar Sandhai),Coriander(Leaves),2026-09-24,5000.0,5000.0,5000.0,0.0,0.0
Tamil Nadu,Theni,Periyakulam(Uzhavar Sandhai ),Coriander(Leaves),2026-09-24,3000.0,3000.0,3000.0,0.0,0.0
Tamil Nadu,Erode,Periyar Nagar(Uzhavar Sandhai ),Coriander(Leaves),2026-09-24,3500.0,4000.0,3750.0,0.0,500.0
Tamil Nadu,Erode,Perundurai(Uzhavar Sandhai ),Coriander(Leaves),2026-09-24,3500.0,3800.0,3650.0,0.0,300.0
Himachal Pradesh,Kangra,Pmy Kangra,Coriander(Leaves),2026-09-24,15000.0,20000.0,17500.0,0.0,5000.0
Himachal Pradesh,Solan,Pmy Kather Solan,Coriander(Leaves),2026-09-24,4000.0,6000.0,5000.0,0.0,2000.0
Tamil Nadu,Coimbatore,Pollachi(Uzhavar Sandhai ),Coriander(Leaves),2026-09-24,5500.0,6500.0,6000.0,0.0,1000.0
Tamil Nadu,Thiruvannamalai,Polur(Uzhavar Sandhai ),Coriander(Leaves),2026-09-24,4200.0,5000.0,4600.0,0.0,800.0
Tamil Nadu,Pudukkottai,Ponnamaravathi(Uzhavar Sandhai),Coriander(Leaves),2026-09-24,4500.0,5000.0,4750.0,0.0,500.0
Tamil Nadu,Pudukkottai,Pudukottai(Uzhavar Sandhai ),Coriander(Leaves),2026-09-24,5500.0,6000.0,5750.0,0.0,500.0
Maharashtra,Pune,Pune,Coriander(Leaves),2026-09-24,7.0,8.0,8.0,0.0,1.0
Keralam,Kozhikode(Calicut),Quilandy Market,Coriander(Leaves),2026-09-24,7500.0,8000.0,7800.0,0.0,500.0
Tamil Nadu,Virudhunagar,Rajapalayam(Uzhavar Sandhai ),Coriander(Leaves),2026-09-24,3500.0,4000.0,3750.0,0.0,500.0
Tamil Nadu,Ramanathapuram,Ramanathapuram(Uzhavar Sandhai ),Coriander(Leaves),2026-09-24,6000.0,6500.0,6250.0,0.0,500.0
Tamil Nadu,Ranipet,Ranipettai(Uzhavar Sandhai ),Coriander(Leaves),2026-09-24,3000.0,3000.0,3000.0,0.0,0.0
Tamil Nadu,Namakkal,Rasipuram(Uzhavar Sandhai ),Coriander(Leaves),2026-09-24,11500.0,12000.0,11750.0,0.0,500.0
Tamil Nadu,Coimbatore,Rspuram(Uzhavar Sandhai ),Coriander(Leaves),2026-09-24,4400.0,4800.0,4600.0,0.0,400.0
Tamil Nadu,Erode,Sampath Nagar(Uzhavar Sandhai ),Coriander(Leaves),2026-09-24,3500.0,4000.0,3750.0,0.0,500.0
Tamil Nadu,Tenkasi,Sankarankoil(Uzhavar Sandhai ),Coriander(Leaves),2026-09-24,5000.0,5000.0,5000.0,0.0,0.0
Tamil Nadu,Kallakuruchi,Sankarapuram(Uzhavar Sandhai ),Coriander(Leaves),2026-09-24,6000.0,6000.0,6000.0,0.0,0.0
Tamil Nadu,Erode,Sathiyamagalam(Uzhavar Sandhai ),Coriander(Leaves),2026-09-24,4500.0,5000.0,4750.0,0.0,500.0
Tamil Nadu,Virudhunagar,Sathur(Uzhavar Sandhai ),Coriander(Leaves),2026-09-24,4500.0,5000.0,4750.0,0.0,500.0
Tamil Nadu,Sivaganga,Singampunari(Uzhavar Sandhai ),Coriander(Leaves),2026-09-24,4600.0,5200.0,4900.0,0.0,600.0
Tamil Nadu,Coimbatore,Singanallur(Uzhavar Sandhai ),Coriander(Leaves),2026-09-24,5500.0,6000.0,5750.0,0.0,500.0
Punjab,Fatehgarh,Sirhind Apmc,Coriander(Leaves),2026-09-24,4000.0,7000.0,6000.0,0.0,3000.0
Tamil Nadu,Nagapattinam,Sirkali(Uzhavar Sandhai ),Coriander(Leaves),2026-09-24,3500.0,4000.0,3750.0,0.0,500.0
Tamil Nadu,Sivaganga,Sivagangai (Uzhavar Sandhai ),Coriander(Leaves),2026-09-24,4600.0,5200.0,4900.0,0.0,600.0
Tamil Nadu,Virudhunagar,Sivakasi(Uzhavar Sandhai ),Coriander(Leaves),2026-09-24,3500.0,4000.0,3750.0,0.0,500.0
Himachal Pradesh,Kangra,Smy Jaisinghpur,Coriander(Leaves),2026-09-24,8500.0,9500.0,9000.0,0.0,1000.0
Himachal Pradesh,Kangra,Smy Palampur,Coriander(Leaves),2026-09-24,8000.0,9000.0,8500.0,0.0,1000.0
Tamil Nadu,Salem,Sooramangalam(Uzhavar Sandhai ),Coriander(Leaves),2026-09-24,3400.0,3600.0,3500.0,0.0,200.0
Tamil Nadu,Virudhunagar,Srivilliputhur(Uzhavar Sandhai ),Coriander(Leaves),2026-09-24,3500.0,4000.0,3750.0,0.0,500.0
Tamil Nadu,Coimbatore,Sulur(Uzhavar Sandhai ),Coriander(Leaves),2026-09-24,4800.0,5500.0,5150.0,0.0,700.0
Tamil Nadu,Coimbatore,Sundarapuram(Uzhavar Sandhai ),Coriander(Leaves),2026-09-24,4000.0,4500.0,4250.0,0.0,500.0
Tamil Nadu,Thiruvannamalai,Tamarainagar(Uzhavar Sandhai ),Coriander(Leaves),2026-09-24,4000.0,5000.0,4500.0,0.0,1000.0
Tamil Nadu,Tenkasi,Tenkasi(Uzhavar Sandhai ),Coriander(Leaves),2026-09-24,3000.0,3000.0,3000.0,0.0,0.0
Tamil Nadu,Erode,Thalavadi(Uzhavar Sandhai ),Coriander(Leaves),2026-09-24,4000.0,4500.0,4250.0,0.0,500.0
Tamil Nadu,Virudhunagar,Thalavaipuram(Uzhavar Sandhai ),Coriander(Leaves),2026-09-24,3200.0,4000.0,3600.0,0.0,800.0
Tamil Nadu,Salem,Thammampatti (Uzhavar Sandhai ),Coriander(Leaves),2026-09-24,3500.0,4000.0,3750.0,0.0,500.0
Tamil Nadu,Thanjavur,Thanjavur(Uzhavar Sandhai ),Coriander(Leaves),2026-09-24,4000.0,4000.0,4000.0,0.0,0.0
Tamil Nadu,Salem,Thathakapatti(Uzhavar Sandhai ),Coriander(Leaves),2026-09-24,4000.0,5000.0,4500.0,0.0,1000.0
Tamil Nadu,Theni,Theni(Uzhavar Sandhai ),Coriander(Leaves),2026-09-24,3000.0,3000.0,3000.0,0.0,0.0
Tamil Nadu,Vellore,Thirupathur Apmc,Coriander(Leaves),2026-09-24,4000.0,4000.0,4000.0,0.0,0.0
Tamil Nadu,Thiruchirappalli,Thiruverumbur(Uzhavar Sandhai ),Coriander(Leaves),2026-09-24,3200.0,3200.0,3200.0,0.0,0.0
Tamil Nadu,Thiruchirappalli,Thuraiyur Apmc,Coriander(Leaves),2026-09-24,2800.0,3200.0,3000.0,0.0,400.0
Tamil Nadu,Villupuram,Tindivanam Apmc,Coriander(Leaves),2026-09-24,4000.0,4000.0,4000.0,0.0,0.0
Tamil Nadu,Namakkal,Tiruchengode Apmc,Coriander(Leaves),2026-09-24,12000.0,13000.0,12500.0,0.0,1000.0
Tamil Nadu,Sivaganga,Tirupatthur(Uzhavar Sandhai ),Coriander(Leaves),2026-09-24,5000.0,5400.0,5200.0,0.0,400.0
Tamil Nadu,Thirupur,Tiruppur (North) (Uzhavar Sandhai ),Coriander(Leaves),2026-09-24,3500.0,4000.0,3750.0,0.0,500.0
Tamil Nadu,Thirupur,Tiruppur (South) (Uzhavar Sandhai ),Coriander(Leaves),2026-09-24,5000.0,6000.0,5500.0,0.0,1000.0
Tamil Nadu,Thiruvellore,Tiruthani(Uzhavar Sandhai ),Coriander(Leaves),2026-09-24,5000.0,5000.0,5000.0,0.0,0.0
Tamil Nadu,Thiruvannamalai,Tiruvannamalai(Uzhavar Sandhai ),Coriander(Leaves),2026-09-24,4000.0,5000.0,4500.0,0.0,1000.0
Tamil Nadu,Thiruvarur,Tiruvarur(Uzhavar Sandhai ),Coriander(Leaves),2026-09-24,4000.0,4000.0,4000.0,0.0,0.0
Tamil Nadu,Tuticorin,Tuticorin(Uzhavar Sandhai ),Coriander(Leaves),2026-09-24,4500.0,5000.0,4750.0,0.0,500.0
Tamil Nadu,The Nilgiris,Udhagamandalam(Uzhavar Sandhai ),Coriander(Leaves),2026-09-24,6500.0,7000.0,6750.0,0.0,500.0
Tamil Nadu,Coimbatore,Udumalpet Apmc,Coriander(Leaves),2026-09-24,5000.0,6000.0,5500.0,0.0,1000.0
Tamil Nadu,Villupuram,Ulundurpettai Apmc,Coriander(Leaves),2026-09-24,6000.0,6000.0,6000.0,0.0,0.0
Tamil Nadu,Madurai,Usilampatti(Uzhavar Sandhai ),Coriander(Leaves),2026-09-24,4500.0,5000.0,4750.0,0.0,500.0
Tamil Nadu,Cuddalore,Vadalur(Uzhavar Sandhai ),Coriander(Leaves),2026-09-24,5000.0,5000.0,5000.0,0.0,0.0
Tamil Nadu,Nagercoil (Kannyiakumari),Vadaseri Apmc,Coriander(Leaves),2026-09-24,5000.0,5500.0,5250.0,0.0,500.0
Tamil Nadu,Coimbatore,Vadavalli(Uzhavar Sandhai ),Coriander(Leaves),2026-09-24,4400.0,4800.0,4600.0,0.0,400.0
Gujarat,Surendranagar,Vadhvan Apmc,Coriander(Leaves),2026-09-24,2500.0,3000.0,2750.0,0.0,500.0
Tamil Nadu,Thiruvannamalai,Vandavasi(Uzhavar Sandhai ),Coriander(Leaves),2026-09-24,4000.0,5000.0,4500.0,0.0,1000.0
Tamil Nadu,Thirupathur,Vaniyampadi(Uzhavar Sandhai ),Coriander(Leaves),2026-09-24,6000.0,6000.0,6000.0,0.0,0.0
Tamil Nadu,Salem,Vazhapadi(Uzhavar Sandhai),Coriander(Leaves),2026-09-24,5000.0,5000.0,5000.0,0.0,0.0
Tamil Nadu,Nagapattinam,Vedaranyam(Uzhavar Sandhai),Coriander(Leaves),2026-09-24,3500.0,4000.0,3750.0,0.0,500.0
Tamil Nadu,Karur,Velayuthampalayam(Uzhavar Sandhai ),Coriander(Leaves),2026-09-24,5000.0,6000.0,5500.0,0.0,1000.0
Tamil Nadu,Vellore,Vellore Apmc,Coriander(Leaves),2026-09-24,3500.0,3500.0,3500.0,0.0,0.0
Tamil Nadu,Karur,Vengamedu(Uzhavar Sandhai ),Coriander(Leaves),2026-09-24,5500.0,6000.0,5750.0,0.0,500.0
Tamil Nadu,Villupuram,Villupuram(Uzhavar Sandhai ),Coriander(Leaves),2026-09-24,5000.0,5000.0,5000.0,0.0,0.0
Tamil Nadu,Pudukkottai,Viralimalai(Uzhavar Sandhai ),Coriander(Leaves),2026-09-24,4500.0,5000.0,4750.0,0.0,500.0
Tamil Nadu,Cuddalore,Viruthachalam(Uzhavar Sandhai ),Coriander(Leaves),2026-09-24,4000.0,4000.0,4000.0,0.0,0.0
Gujarat,Surendranagar,Dhragradhra Apmc,Corriander Seed,2026-09-24,12055.0,12055.0,12055.0,0.0,0.0
Rajasthan,Kota,Kota Apmc,Corriander Seed,2026-09-24,13500.0,13500.0,13500.0,0.0,0.0
Madhya Pradesh,Badwani,Anjad Apmc,Cotton,2026-09-24,7710.0,7710.0,7710.0,0.0,0.0
Gujarat,Amreli,Babra Apmc,Cotton,2026-09-24,9100.0,10050.0,9575.0,0.0,950.0
Gujarat,Junagarh,Bhesan Apmc,Cotton,2026-09-24,6000.0,9500.0,9000.0,0.0,3500.0
Andhra Pradesh,Palnadu,Chilakaluripet Apmc,Cotton,2026-09-24,7000.0,8600.0,7500.0,0.0,1600.0
Andhra Pradesh,Markapuram,Cumbum Apmc,Cotton,2026-09-24,8000.0,8200.0,8200.0,0.0,200.0
Andhra Pradesh,Prakasam,Darsi Apmc,Cotton,2026-09-24,8100.0,8200.0,8200.0,0.0,100.0
Gujarat,Rajkot,Dhoraji Apmc,Cotton,2026-09-24,6730.0,9780.0,8005.0,0.0,3050.0
Gujarat,Surendranagar,Dhragradhra Apmc,Cotton,2026-09-24,7560.0,9430.0,8750.0,0.0,1870.0
Gujarat,Jamnagar,Dhrol Apmc,Cotton,2026-09-24,8000.0,8480.0,8240.0,0.0,480.0
Andhra Pradesh,Ananthapuramu,Gooti Apmc,Cotton,2026-09-24,5249.0,9691.0,9489.0,0.0,4442.0
Gujarat,Jamnagar,Jam Jodhpur Apmc,Cotton,2026-09-24,5125.0,9636.0,8625.0,0.0,4511.0
Andhra Pradesh,YSR Kadapa,Jammalamadugu Apmc,Cotton,2026-09-24,8000.0,8500.0,8300.0,0.0,500.0
Gujarat,Jamnagar,Kalawad Apmc,Cotton,2026-09-24,8000.0,8510.0,8250.0,0.0,510.0
Madhya Pradesh,Khargone,Khargone Apmc,Cotton,2026-09-24,6501.0,6501.0,6501.0,0.0,0.0
Andhra Pradesh,Palnadu,Krosuru Apmc,Cotton,2026-09-24,7000.0,8000.0,7500.0,0.0,1000.0
Madhya Pradesh,Dhar,Kukshi Apmc,Cotton,2026-09-24,8255.0,8255.0,8255.0,0.0,0.0
Andhra Pradesh,Palnadu,Macharla Apmc,Cotton,2026-09-24,9200.0,9200.0,9200.0,0.0,0.0
Madhya Pradesh,Dhar,Manawar Apmc,Cotton,2026-09-24,7201.0,7201.0,7201.0,0.0,0.0
Andhra Pradesh,Markapuram,Markapur Apmc,Cotton,2026-09-24,7900.0,7900.0,7900.0,0.0,0.0
Andhra Pradesh,NTR,Mylavaram Apmc,Cotton,2026-09-24,7400.0,7400.0,7400.0,0.0,0.0
Andhra Pradesh,Palnadu,Narasaraopet Apmc,Cotton,2026-09-24,8500.0,8500.0,8500.0,0.0,0.0
Andhra Pradesh,Guntur,Phirangipuram Apmc,Cotton,2026-09-24,7500.0,8750.0,8100.0,0.0,1250.0
Andhra Pradesh,Palnadu,Sattenapalli Apmc,Cotton,2026-09-24,8000.0,8700.0,8500.0,0.0,700.0
Karnataka,Raichur,Sindhanur Apmc,Cotton,2026-09-24,9250.0,9500.0,9250.0,0.0,250.0
Rajasthan,Ganganagar,Suratgarh Apmc,Cotton,2026-09-24,8550.0,8671.0,8620.0,0.0,121.0
Andhra Pradesh,Markapuram,Yerragondapalem Apmc,Cotton,2026-09-24,7800.0,7800.0,7800.0,0.0,0.0
Rajasthan,Churu,Sadulpur Apmc,Cowpea(Lobia/Karamani),2026-09-24,5000.0,7000.0,6000.0,0.0,2000.0
Tamil Nadu,Madurai,Anna Nagar(Uzhavar Sandhai ),Cowpea(Veg),2026-09-24,3600.0,3600.0,3600.0,0.0,0.0
Keralam,Kottayam,Athirampuzha Market,Cowpea(Veg),2026-09-24,6000.0,6200.0,6100.0,0.0,200.0
Tamil Nadu,Krishnagiri,Avallapalli(Uzhavar Sandhai ),Cowpea(Veg),2026-09-24,5500.0,6000.0,5750.0,0.0,500.0
Odisha,Cuttack,Banki Apmc,Cowpea(Veg),2026-09-24,3000.0,4000.0,3500.0,0.0,1000.0
Keralam,Alappuzha,Chengannur Market,Cowpea(Veg),2026-09-24,5800.0,6300.0,6000.0,0.0,500.0
Keralam,Alappuzha,Cherthala Market,Cowpea(Veg),2026-09-24,5000.0,5200.0,5100.0,0.0,200.0
Tamil Nadu,The Nilgiris,Coonoor(Uzhavar Sandhai ),Cowpea(Veg),2026-09-24,3500.0,3800.0,3650.0,0.0,300.0
Tamil Nadu,Krishnagiri,Denkanikottai(Uzhavar Sandhai ),Cowpea(Veg),2026-09-24,5000.0,6000.0,5500.0,0.0,1000.0
Tamil Nadu,Thirupur,Dharapuram(Uzhavar Sandhai ),Cowpea(Veg),2026-09-24,3500.0,4000.0,3750.0,0.0,500.0
Tamil Nadu,Karur,Gandhigramam(Uzhavar Sandhai),Cowpea(Veg),2026-09-24,4000.0,4500.0,4250.0,0.0,500.0
Tamil Nadu,Vellore,Gudiyatham(Uzhavar Sandhai ),Cowpea(Veg),2026-09-24,5600.0,5600.0,5600.0,0.0,0.0
Tamil Nadu,Chengalpattu,Guduvancheri(Uzhavar Sandhai ),Cowpea(Veg),2026-09-24,6000.0,7000.0,6500.0,0.0,1000.0
Tamil Nadu,Krishnagiri,Hosur(Uzhavar Sandhai ),Cowpea(Veg),2026-09-24,5000.0,6000.0,5500.0,0.0,1000.0
Tamil Nadu,Salem,Jalagandapuram(Uzhavar Sandhai ),Cowpea(Veg),2026-09-24,4500.0,5000.0,4750.0,0.0,500.0
Tamil Nadu,Vellore,Kahithapattarai(Uzhavar Sandhai ),Cowpea(Veg),2026-09-24,3500.0,3500.0,3500.0,0.0,0.0
Tamil Nadu,Theni,Kambam(Uzhavar Sandhai ),Cowpea(Veg),2026-09-24,5000.0,5000.0,5000.0,0.0,0.0
Keralam,Idukki,Kattappana Market,Cowpea(Veg),2026-09-24,5400.0,5800.0,5800.0,0.0,400.0
Tamil Nadu,Thiruchirappalli,Kknagar(Uzhavar Sandhai ),Cowpea(Veg),2026-09-24,3600.0,3600.0,3600.0,0.0,0.0
Tamil Nadu,Krishnagiri,Krishnagiri(Uzhavar Sandhai ),Cowpea(Veg),2026-09-24,5500.0,6000.0,5750.0,0.0,500.0
Tamil Nadu,Karur,Kulithalai(Uzhavar Sandhai ),Cowpea(Veg),2026-09-24,3500.0,4000.0,3750.0,0.0,500.0
Keralam,Pathanamthitta,Kuttoor Market,Cowpea(Veg),2026-09-24,9600.0,10000.0,9800.0,0.0,400.0
Tamil Nadu,Thiruchirappalli,Lalgudi(Uzhavar Sandhai ),Cowpea(Veg),2026-09-24,3600.0,3600.0,3600.0,0.0,0.0
Punjab,Sangrur,Malerkotla Apmc,Cowpea(Veg),2026-09-24,3000.0,3200.0,3000.0,0.0,200.0
Tamil Nadu,Thiruchirappalli,Manachanallur(Uzhavar Sandhai ),Cowpea(Veg),2026-09-24,3600.0,3600.0,3600.0,0.0,0.0
Tamil Nadu,Thiruchirappalli,Manapparai(Uzhavar Sandhai ),Cowpea(Veg),2026-09-24,3600.0,3600.0,3600.0,0.0,0.0
Tamil Nadu,Madurai,Melur(Uzhavar Sandhai ),Cowpea(Veg),2026-09-24,4500.0,5000.0,4750.0,0.0,500.0
Tamil Nadu,Coimbatore,Mettupalayam(Uzhavar Sandhai ),Cowpea(Veg),2026-09-24,3000.0,3500.0,3250.0,0.0,500.0
Keralam,Kozhikode(Calicut),Mukkom Market,Cowpea(Veg),2026-09-24,6500.0,6900.0,6700.0,0.0,400.0
Tamil Nadu,Thiruchirappalli,Musiri(Uzhavar Sandhai ),Cowpea(Veg),2026-09-24,3000.0,3600.0,3300.0,0.0,600.0
Tamil Nadu,Namakkal,Namakkal(Uzhavar Sandhai ),Cowpea(Veg),2026-09-24,4500.0,5000.0,4750.0,0.0,500.0
Keralam,Ernakulam,North Paravur Market,Cowpea(Veg),2026-09-24,4500.0,5000.0,4800.0,0.0,500.0
Gujarat,Vadodara(Baroda),Padra Apmc,Cowpea(Veg),2026-09-24,4000.0,5000.0,4500.0,0.0,1000.0
Tamil Nadu,Dharmapuri,Palacode(Uzhavar Sandhai ),Cowpea(Veg),2026-09-24,5000.0,5500.0,5250.0,0.0,500.0
Tamil Nadu,Thirunelveli,Palayamkottai(Uzhavar Sandhai ),Cowpea(Veg),2026-09-24,3200.0,3400.0,3300.0,0.0,200.0
Tamil Nadu,Thirupur,Palladam(Uzhavar Sandhai ),Cowpea(Veg),2026-09-24,3500.0,4000.0,3750.0,0.0,500.0
Tamil Nadu,Chengalpattu,Pallavaram(Uzhavar Sandhai ),Cowpea(Veg),2026-09-24,6000.0,7000.0,6500.0,0.0,1000.0
Keralam,Kottayam,Pampady Market,Cowpea(Veg),2026-09-24,7000.0,8500.0,8000.0,0.0,1500.0
Keralam,Thiruvananthapuram,Pappanchani Vfpck Market,Cowpea(Veg),2026-09-24,8000.0,8000.0,8000.0,0.0,0.0
Keralam,Thiruvananthapuram,Parassala Market,Cowpea(Veg),2026-09-24,8500.0,9000.0,8800.0,0.0,500.0
Keralam,Palakad,Pattambi Market,Cowpea(Veg),2026-09-24,4000.0,4500.0,4200.0,0.0,500.0
Keralam,Thirssur,Pazhayannur Vfpck Market,Cowpea(Veg),2026-09-24,3500.0,4500.0,4000.0,0.0,1000.0
Tamil Nadu,Dharmapuri,Pennagaram(Uzhavar Sandhai ),Cowpea(Veg),2026-09-24,5500.0,6000.0,5750.0,0.0,500.0
Tamil Nadu,Perambalur,Perambalur(Uzhavar Sandhai ),Cowpea(Veg),2026-09-24,4000.0,4000.0,4000.0,0.0,0.0
Tamil Nadu,Vellore,Perampet(Uzhavar Sandhai),Cowpea(Veg),2026-09-24,5000.0,5000.0,5000.0,0.0,0.0
Tamil Nadu,Erode,Periyar Nagar(Uzhavar Sandhai ),Cowpea(Veg),2026-09-24,3000.0,3500.0,3250.0,0.0,500.0
Keralam,Ernakulam,Perumbavoor Market,Cowpea(Veg),2026-09-24,4500.0,5200.0,4800.0,0.0,700.0
Tamil Nadu,Coimbatore,Pollachi(Uzhavar Sandhai ),Cowpea(Veg),2026-09-24,4000.0,4500.0,4250.0,0.0,500.0
Tamil Nadu,Pudukkottai,Ponnamaravathi(Uzhavar Sandhai),Cowpea(Veg),2026-09-24,1500.0,2000.0,1750.0,0.0,500.0
Tamil Nadu,Pudukkottai,Pudukottai(Uzhavar Sandhai ),Cowpea(Veg),2026-09-24,1500.0,2000.0,1750.0,0.0,500.0
Keralam,Kozhikode(Calicut),Quilandy Market,Cowpea(Veg),2026-09-24,5500.0,6000.0,5800.0,0.0,500.0
Tamil Nadu,Ranipet,Ranipettai(Uzhavar Sandhai ),Cowpea(Veg),2026-09-24,4000.0,5000.0,4500.0,0.0,1000.0
Tamil Nadu,Coimbatore,Rspuram(Uzhavar Sandhai ),Cowpea(Veg),2026-09-24,3500.0,4000.0,3750.0,0.0,500.0
Tamil Nadu,Erode,Sathiyamagalam(Uzhavar Sandhai ),Cowpea(Veg),2026-09-24,2000.0,2500.0,2250.0,0.0,500.0
Tamil Nadu,Coimbatore,Singanallur(Uzhavar Sandhai ),Cowpea(Veg),2026-09-24,3500.0,4000.0,3750.0,0.0,500.0
Tamil Nadu,Salem,Sooramangalam(Uzhavar Sandhai ),Cowpea(Veg),2026-09-24,4000.0,4500.0,4250.0,0.0,500.0
Tamil Nadu,Coimbatore,Sulur(Uzhavar Sandhai ),Cowpea(Veg),2026-09-24,3500.0,4000.0,3750.0,0.0,500.0
Tamil Nadu,Coimbatore,Sundarapuram(Uzhavar Sandhai ),Cowpea(Veg),2026-09-24,3500.0,4000.0,3750.0,0.0,500.0
Gujarat,Surat,Surat Apmc,Cowpea(Veg),2026-09-24,4000.0,8000.0,6000.0,0.0,4000.0
Tamil Nadu,Tenkasi,Tenkasi(Uzhavar Sandhai ),Cowpea(Veg),2026-09-24,4000.0,4000.0,4000.0,0.0,0.0
Tamil Nadu,Salem,Thathakapatti(Uzhavar Sandhai ),Cowpea(Veg),2026-09-24,4000.0,5000.0,4500.0,0.0,1000.0
Tamil Nadu,Vellore,Thirupathur Apmc,Cowpea(Veg),2026-09-24,6000.0,6000.0,6000.0,0.0,0.0
Tamil Nadu,Thiruchirappalli,Thiruverumbur(Uzhavar Sandhai ),Cowpea(Veg),2026-09-24,3000.0,3000.0,3000.0,0.0,0.0
Keralam,Ernakulam,Thrippunithura Market,Cowpea(Veg),2026-09-24,7000.0,8000.0,7200.0,0.0,1000.0
Tamil Nadu,Thiruchirappalli,Thuraiyur Apmc,Cowpea(Veg),2026-09-24,3000.0,3500.0,3250.0,0.0,500.0
Tamil Nadu,Thirupur,Tiruppur (North) (Uzhavar Sandhai ),Cowpea(Veg),2026-09-24,3000.0,3500.0,3250.0,0.0,500.0
Tamil Nadu,Thirupur,Tiruppur (South) (Uzhavar Sandhai ),Cowpea(Veg),2026-09-24,2500.0,3000.0,2750.0,0.0,500.0
Tamil Nadu,Thiruvannamalai,Tiruvannamalai(Uzhavar Sandhai ),Cowpea(Veg),2026-09-24,5000.0,6000.0,5500.0,0.0,1000.0
Tamil Nadu,Tuticorin,Tuticorin(Uzhavar Sandhai ),Cowpea(Veg),2026-09-24,3500.0,4000.0,3750.0,0.0,500.0
Tamil Nadu,The Nilgiris,Udhagamandalam(Uzhavar Sandhai ),Cowpea(Veg),2026-09-24,3000.0,3500.0,3250.0,0.0,500.0
Tamil Nadu,Nagercoil (Kannyiakumari),Vadaseri Apmc,Cowpea(Veg),2026-09-24,4800.0,5300.0,5050.0,0.0,500.0
Tamil Nadu,Dharmapuri,Ajattihalli(Uzhavar Sandhai ),Cucumbar(Kheera),2026-09-24,4500.0,4500.0,4500.0,0.0,0.0
Tamil Nadu,Salem,Ammapet(Uzhavar Sandhai ),Cucumbar(Kheera),2026-09-24,4500.0,5000.0,4750.0,0.0,500.0
Tamil Nadu,Madurai,Anna Nagar(Uzhavar Sandhai ),Cucumbar(Kheera),2026-09-24,5000.0,5600.0,5300.0,0.0,600.0
Maharashtra,Ratnagiri,Apmc Ratnagiri (Nachane) ,Cucumbar(Kheera),2026-09-24,1000.0,2000.0,1500.0,0.0,1000.0
Tamil Nadu,Ranipet,Arcot(Uzhavar Sandhai ),Cucumbar(Kheera),2026-09-24,4000.0,4000.0,4000.0,0.0,0.0
Keralam,Kottayam,Athirampuzha Market,Cucumbar(Kheera),2026-09-24,3800.0,4000.0,3900.0,0.0,200.0
Tamil Nadu,Salem,Athur(Uzhavar Sandhai ),Cucumbar(Kheera),2026-09-24,6000.0,6500.0,6250.0,0.0,500.0
Tamil Nadu,Krishnagiri,Avallapalli(Uzhavar Sandhai ),Cucumbar(Kheera),2026-09-24,2000.0,2500.0,2250.0,0.0,500.0
Karnataka,Chikkaballapur,Bagepalli Apmc,Cucumbar(Kheera),2026-09-24,1000.0,1300.0,1200.0,0.0,300.0
Punjab,Moga,Baghapurana Apmc,Cucumbar(Kheera),2026-09-24,2000.0,3000.0,2500.0,0.0,1000.0
Tripura,South Tripura,Barpathari Apmc,Cucumbar(Kheera),2026-09-24,6900.0,7100.0,7000.0,0.0,200.0
Haryana,Hissar,Barwala(Hisar) Apmc,Cucumbar(Kheera),2026-09-24,1700.0,3000.0,2500.0,0.0,1300.0
Odisha,Mayurbhanja,Betnoti Apmc,Cucumbar(Kheera),2026-09-24,2800.0,3200.0,3000.0,0.0,400.0
Uttarakhand,Haridwar,Bhagwanpur(Naveen Mandi Sthal) Apmc,Cucumbar(Kheera),2026-09-24,450.0,600.0,500.0,0.0,150.0
Odisha,Boudh,Boudh Apmc,Cucumbar(Kheera),2026-09-24,5000.0,6000.0,5500.0,0.0,1000.0
Chandigarh,Chandigarh,Chandigarh (Grain/F&V) Apmc,Cucumbar(Kheera),2026-09-24,1000.0,1300.0,1300.0,0.0,300.0
Tamil Nadu,Thiruvannamalai,Chengam(Uzhavar Sandhai ),Cucumbar(Kheera),2026-09-24,5000.0,6000.0,5500.0,0.0,1000.0
Keralam,Alappuzha,Chengannur Market,Cucumbar(Kheera),2026-09-24,3500.0,3800.0,3600.0,0.0,300.0
Keralam,Alappuzha,Cherthala Market,Cucumbar(Kheera),2026-09-24,3200.0,3400.0,3300.0,0.0,200.0
Tamil Nadu,Thiruvannamalai,Cheyyar(Uzhavar Sandhai ),Cucumbar(Kheera),2026-09-24,2500.0,3000.0,2750.0,0.0,500.0
Tamil Nadu,Madurai,Chokkikulam(Uzhavar Sandhai ),Cucumbar(Kheera),2026-09-24,3600.0,4000.0,3800.0,0.0,400.0
Tripura,Dhalai,Chowmanu Apmc,Cucumbar(Kheera),2026-09-24,5000.0,6000.0,5500.0,0.0,1000.0
Tamil Nadu,The Nilgiris,Coonoor(Uzhavar Sandhai ),Cucumbar(Kheera),2026-09-24,4500.0,4800.0,4650.0,0.0,300.0
Tamil Nadu,Krishnagiri,Denkanikottai(Uzhavar Sandhai ),Cucumbar(Kheera),2026-09-24,2000.0,2500.0,2250.0,0.0,500.0
Tamil Nadu,Dharmapuri,Dharmapuri(Uzhavar Sandhai ),Cucumbar(Kheera),2026-09-24,4200.0,4500.0,4350.0,0.0,300.0
Punjab,Ludhiana,Doraha Apmc,Cucumbar(Kheera),2026-09-24,1800.0,2300.0,2200.0,0.0,500.0
Tamil Nadu,Salem,Elampillai(Uzhavar Sandhai ),Cucumbar(Kheera),2026-09-24,3500.0,4000.0,3750.0,0.0,500.0
Uttar Pradesh,Agra,Fatehabad Apmc,Cucumbar(Kheera),2026-09-24,1500.0,1800.0,1700.0,0.0,300.0
Haryana,Mewat,Ferozpurzirkha(Nagina) Apmc,Cucumbar(Kheera),2026-09-24,1400.0,1800.0,1600.0,0.0,400.0
Jammu and Kashmir,Udhampur,Fruit And Vegetable Market Udhampur,Cucumbar(Kheera),2026-09-24,2250.0,2250.0,2250.0,0.0,0.0
Tamil Nadu,Karur,Gandhigramam(Uzhavar Sandhai),Cucumbar(Kheera),2026-09-24,4000.0,8000.0,6000.0,0.0,4000.0
West Bengal,Dakshin Dinajpur,Gangarampur(Dakshin Dinajpur) Apmc,Cucumbar(Kheera),2026-09-24,4000.0,5000.0,4500.0,0.0,1000.0
Punjab,Hoshiarpur,Garh Shankar Apmc,Cucumbar(Kheera),2026-09-24,2500.0,2500.0,2500.0,0.0,0.0
Punjab,Hoshiarpur,Garhshankar (Kotfatuhi) Apmc,Cucumbar(Kheera),2026-09-24,2800.0,2800.0,2800.0,0.0,0.0
Tamil Nadu,Villupuram,Gingee(Uzhavar Sandhai ),Cucumbar(Kheera),2026-09-24,4500.0,4500.0,4500.0,0.0,0.0
Gujarat,Rajkot,Gondal(Veg.Market Gondal) Apmc,Cucumbar(Kheera),2026-09-24,1000.0,5100.0,3050.0,0.0,4100.0
Tamil Nadu,The Nilgiris,Gudalur(Uzhavar Sandhai ),Cucumbar(Kheera),2026-09-24,3500.0,4000.0,3750.0,0.0,500.0
Tamil Nadu,Vellore,Gudiyatham(Uzhavar Sandhai ),Cucumbar(Kheera),2026-09-24,3600.0,3600.0,3600.0,0.0,0.0
Tamil Nadu,Chengalpattu,Guduvancheri(Uzhavar Sandhai ),Cucumbar(Kheera),2026-09-24,6000.0,7000.0,6500.0,0.0,1000.0
Odisha,Rayagada,Gunpur Apmc,Cucumbar(Kheera),2026-09-24,4000.0,5500.0,5000.0,0.0,1500.0
Punjab,Gurdaspur,Gurdaspur Apmc,Cucumbar(Kheera),2026-09-24,2000.0,2000.0,2000.0,0.0,0.0
Haryana,Gurgaon,Gurgaon Apmc,Cucumbar(Kheera),2026-09-24,1500.0,2500.0,2000.0,0.0,1000.0
Haryana,Hissar,Hansi Apmc,Cucumbar(Kheera),2026-09-24,3000.0,4000.0,3500.0,0.0,1000.0
Uttarakhand,Haridwar,Haridwar Union Apmc,Cucumbar(Kheera),2026-09-24,1000.0,1500.0,1200.0,0.0,500.0
Tamil Nadu,Dharmapuri,Harur(Uzhavar Sandhai ),Cucumbar(Kheera),2026-09-24,4500.0,5000.0,4750.0,0.0,500.0
Tamil Nadu,Salem,Hasthampatti(Uzhavar Sandhai ),Cucumbar(Kheera),2026-09-24,4000.0,5000.0,4500.0,0.0,1000.0
Karnataka,Davangere,Honnali Apmc,Cucumbar(Kheera),2026-09-24,1000.0,1800.0,1700.0,0.0,800.0
Tamil Nadu,Krishnagiri,Hosur(Uzhavar Sandhai ),Cucumbar(Kheera),2026-09-24,2000.0,2500.0,2250.0,0.0,500.0
Uttar Pradesh,Shahjahanpur,Jalalabad Apmc,Cucumbar(Kheera),2026-09-24,700.0,800.0,750.0,0.0,100.0
Tamil Nadu,Chengalpattu,Jameenrayapettai(Uzhavar Sandhai ),Cucumbar(Kheera),2026-09-24,5000.0,6000.0,5500.0,0.0,1000.0
West Bengal,Jhargram,Jhargram Apmc,Cucumbar(Kheera),2026-09-24,4500.0,5000.0,4700.0,0.0,500.0
Odisha,Kalahandi,Junagarh Apmc,Cucumbar(Kheera),2026-09-24,2000.0,2600.0,2300.0,0.0,600.0
Tamil Nadu,Vellore,Kahithapattarai(Uzhavar Sandhai ),Cucumbar(Kheera),2026-09-24,2500.0,2500.0,2500.0,0.0,0.0
Odisha,Dhenkanal,Kamakhyanagar Apmc,Cucumbar(Kheera),2026-09-24,5000.0,5000.0,5000.0,0.0,0.0
Tamil Nadu,Theni,Kambam(Uzhavar Sandhai ),Cucumbar(Kheera),2026-09-24,4000.0,4000.0,4000.0,0.0,0.0
Tamil Nadu,Kancheepuram,Kancheepuram(Uzhavar Sandhai ),Cucumbar(Kheera),2026-09-24,3000.0,3500.0,3250.0,0.0,500.0
Tamil Nadu,Dharmapuri,Karimangalam(Uzhavar Sandhai),Cucumbar(Kheera),2026-09-24,4000.0,4500.0,4250.0,0.0,500.0
Tamil Nadu,Vellore,Katpadi (Uzhavar Sandhai ),Cucumbar(Kheera),2026-09-24,3000.0,3000.0,3000.0,0.0,0.0
Keralam,Idukki,Kattappana Market,Cucumbar(Kheera),2026-09-24,2800.0,3200.0,3000.0,0.0,400.0
Madhya Pradesh,Khandwa,Khandwa(F&V) Apmc,Cucumbar(Kheera),2026-09-24,1000.0,1800.0,1350.0,0.0,800.0
Punjab,Mohali,Kharar Apmc,Cucumbar(Kheera),2026-09-24,3000.0,4500.0,3500.0,0.0,1500.0
West Bengal,Bankura,Khatra Apmc,Cucumbar(Kheera),2026-09-24,2300.0,2800.0,2500.0,0.0,500.0
Odisha,Boudh,Khunthabandha Apmc,Cucumbar(Kheera),2026-09-24,4500.0,5500.0,5000.0,0.0,1000.0
Tamil Nadu,Thiruchirappalli,Kknagar(Uzhavar Sandhai ),Cucumbar(Kheera),2026-09-24,6000.0,6000.0,6000.0,0.0,0.0
Tamil Nadu,Krishnagiri,Krishnagiri(Uzhavar Sandhai ),Cucumbar(Kheera),2026-09-24,1500.0,2000.0,1750.0,0.0,500.0
Tamil Nadu,Thanjavur,Kumbakonam (Uzhavar Sandhai ),Cucumbar(Kheera),2026-09-24,6000.0,6000.0,6000.0,0.0,0.0
Tamil Nadu,Kancheepuram,Kundrathur(Uzhavar Sandhai ),Cucumbar(Kheera),2026-09-24,3000.0,3000.0,3000.0,0.0,0.0
Tamil Nadu,Coimbatore,Kurichi(Uzhavar Sandhai ),Cucumbar(Kheera),2026-09-24,4000.0,4500.0,4250.0,0.0,500.0
Keralam,Pathanamthitta,Kuttoor Market,Cucumbar(Kheera),2026-09-24,5600.0,6000.0,5800.0,0.0,400.0
Tamil Nadu,Thiruchirappalli,Lalgudi(Uzhavar Sandhai ),Cucumbar(Kheera),2026-09-24,5600.0,5600.0,5600.0,0.0,0.0
Punjab,Mohali,Lalru Apmc,Cucumbar(Kheera),2026-09-24,2500.0,2500.0,2500.0,0.0,0.0
Punjab,Ludhiana,Ludhiana Apmc,Cucumbar(Kheera),2026-09-24,700.0,2200.0,1600.0,0.0,1500.0
Jammu and Kashmir,Jammu,Mac F&V Market Narwal Jammu,Cucumbar(Kheera),2026-09-24,2500.0,3000.0,2750.0,0.0,500.0
Uttar Pradesh,Khiri (Lakhimpur),Maigalganj Apmc,Cucumbar(Kheera),2026-09-24,700.0,720.0,710.0,0.0,20.0
Punjab,Sangrur,Malerkotla Apmc,Cucumbar(Kheera),2026-09-24,3000.0,3500.0,3200.0,0.0,500.0
Madhya Pradesh,Dhar,Manawar(F&V) Apmc,Cucumbar(Kheera),2026-09-24,1000.0,1200.0,1100.0,0.0,200.0
Uttarakhand,Haridwar,Manglaur Apmc,Cucumbar(Kheera),2026-09-24,800.0,1100.0,1000.0,0.0,300.0
Gujarat,Gandhinagar,Mansa(Manas Veg Yard) Apmc,Cucumbar(Kheera),2026-09-24,3000.0,3000.0,3000.0,0.0,0.0
Tamil Nadu,Thirunelveli,Melapalayam(Uzhavar Sandhai ),Cucumbar(Kheera),2026-09-24,4000.0,6000.0,5000.0,0.0,2000.0
Tamil Nadu,Madurai,Melur(Uzhavar Sandhai ),Cucumbar(Kheera),2026-09-24,3600.0,4000.0,3800.0,0.0,400.0
Tamil Nadu,Coimbatore,Mettupalayam(Uzhavar Sandhai ),Cucumbar(Kheera),2026-09-24,3500.0,4800.0,4150.0,0.0,1300.0
Tamil Nadu,Namakkal,Mohanur(Uzhavar Sandhai ),Cucumbar(Kheera),2026-09-24,8000.0,10000.0,9000.0,0.0,2000.0
Punjab,Hoshiarpur,Mukerian Apmc,Cucumbar(Kheera),2026-09-24,1500.0,2500.0,2000.0,0.0,1000.0
Maharashtra,Mumbai,Mumbai,Cucumbar(Kheera),2026-09-24,1600.0,2000.0,1800.0,0.0,400.0
Tamil Nadu,Nagapattinam,Nagapattinam(Uzhavar Sandhai ),Cucumbar(Kheera),2026-09-24,7300.0,7300.0,7300.0,0.0,0.0
Tamil Nadu,Namakkal,Namakkal(Uzhavar Sandhai ),Cucumbar(Kheera),2026-09-24,7000.0,9000.0,8000.0,0.0,2000.0
Tamil Nadu,Chengalpattu,Nanganallur(Uzhavar Sandhai ),Cucumbar(Kheera),2026-09-24,5500.0,6000.0,5750.0,0.0,500.0
Haryana,Mahendragarh-Narnaul,Narnaul Apmc,Cucumbar(Kheera),2026-09-24,1500.0,3800.0,2500.0,0.0,2300.0
Haryana,Jind,Narwana Apmc,Cucumbar(Kheera),2026-09-24,2000.0,2000.0,2000.0,0.0,0.0
Tamil Nadu,Thirupathur,Natrampalli(Uzhavar Sandhai ),Cucumbar(Kheera),2026-09-24,2500.0,3000.0,2750.0,0.0,500.0
Keralam,Thiruvananthapuram,Neyyatinkara Market,Cucumbar(Kheera),2026-09-24,3400.0,4000.0,3700.0,0.0,600.0
Punjab,Moga,Nihal Singh Wala Apmc,Cucumbar(Kheera),2026-09-24,2100.0,2100.0,2100.0,0.0,0.0
Keralam,Ernakulam,North Paravur Market,Cucumbar(Kheera),2026-09-24,4000.0,4500.0,4200.0,0.0,500.0
Tamil Nadu,Kancheepuram,Padappai(Uzhavar Sandhai ),Cucumbar(Kheera),2026-09-24,2500.0,3500.0,3000.0,0.0,1000.0
Gujarat,Vadodara(Baroda),Padra Apmc,Cucumbar(Kheera),2026-09-24,2500.0,3500.0,3000.0,0.0,1000.0
Tamil Nadu,Dharmapuri,Palacode(Uzhavar Sandhai ),Cucumbar(Kheera),2026-09-24,3800.0,4000.0,3900.0,0.0,200.0
Tamil Nadu,Thirunelveli,Palayamkottai(Uzhavar Sandhai ),Cucumbar(Kheera),2026-09-24,2800.0,6500.0,4650.0,0.0,3700.0
Tamil Nadu,Chengalpattu,Pallavaram(Uzhavar Sandhai ),Cucumbar(Kheera),2026-09-24,6000.0,7000.0,6500.0,0.0,1000.0
Tamil Nadu,Vellore,Pallikonda(Uzhavar Sandhai),Cucumbar(Kheera),2026-09-24,4000.0,4000.0,4000.0,0.0,0.0
Odisha,Sundergarh,Panposh Apmc,Cucumbar(Kheera),2026-09-24,4000.0,4500.0,4200.0,0.0,500.0
Keralam,Thiruvananthapuram,Parassala Market,Cucumbar(Kheera),2026-09-24,3000.0,3400.0,3200.0,0.0,400.0
Tamil Nadu,Thiruvellore,Paruthipattu(Uzhavar Sandhai ),Cucumbar(Kheera),2026-09-24,4000.0,4000.0,4000.0,0.0,0.0
Keralam,Palakad,Pattambi Market,Cucumbar(Kheera),2026-09-24,3400.0,3800.0,3600.0,0.0,400.0
Punjab,Tarntaran,Patti Apmc,Cucumbar(Kheera),2026-09-24,0.03,0.03,0.03,0.0,0.0
Keralam,Kannur,Payyannur Market,Cucumbar(Kheera),2026-09-24,4200.0,4400.0,4300.0,0.0,200.0
Tamil Nadu,Dharmapuri,Pennagaram(Uzhavar Sandhai ),Cucumbar(Kheera),2026-09-24,4000.0,4500.0,4250.0,0.0,500.0
Tamil Nadu,Perambalur,Perambalur(Uzhavar Sandhai ),Cucumbar(Kheera),2026-09-24,5200.0,6000.0,5600.0,0.0,800.0
Tamil Nadu,Vellore,Perampet(Uzhavar Sandhai),Cucumbar(Kheera),2026-09-24,3500.0,3500.0,3500.0,0.0,0.0
Tamil Nadu,Erode,Periyar Nagar(Uzhavar Sandhai ),Cucumbar(Kheera),2026-09-24,4500.0,5000.0,4750.0,0.0,500.0
Keralam,Ernakulam,Perumbavoor Market,Cucumbar(Kheera),2026-09-24,3500.0,4600.0,3800.0,0.0,1100.0
Himachal Pradesh,Chamba,Pmy Chamba,Cucumbar(Kheera),2026-09-24,2000.0,2500.0,2250.0,0.0,500.0
Himachal Pradesh,Kangra,Pmy Kangra,Cucumbar(Kheera),2026-09-24,4000.0,4500.0,4250.0,0.0,500.0
Himachal Pradesh,Solan,Pmy Kather Solan,Cucumbar(Kheera),2026-09-24,2000.0,5000.0,3000.0,0.0,3000.0
Tamil Nadu,Thiruvannamalai,Polur(Uzhavar Sandhai ),Cucumbar(Kheera),2026-09-24,3300.0,4000.0,3650.0,0.0,700.0
Maharashtra,Pune,Pune,Cucumbar(Kheera),2026-09-24,1200.0,2200.0,1700.0,0.0,1000.0
Maharashtra,Pune,Pune,Cucumbar(Kheera),2026-09-24,1000.0,2000.0,1500.0,0.0,1000.0
Keralam,Kozhikode(Calicut),Quilandy Market,Cucumbar(Kheera),2026-09-24,3500.0,4000.0,3600.0,0.0,500.0
Karnataka,Bengaluru South,Ramanagara Apmc,Cucumbar(Kheera),2026-09-24,2000.0,2400.0,2200.0,0.0,400.0
Punjab,Bhatinda,Rampuraphul(Nabha Mandi) Apmc,Cucumbar(Kheera),2026-09-24,2500.0,3500.0,3000.0,0.0,1000.0
Haryana,Sirsa,Rania Apmc,Cucumbar(Kheera),2026-09-24,90.0,140.0,100.0,0.0,50.0
Tamil Nadu,Ranipet,Ranipettai(Uzhavar Sandhai ),Cucumbar(Kheera),2026-09-24,4000.0,4000.0,4000.0,0.0,0.0
Tamil Nadu,Namakkal,Rasipuram(Uzhavar Sandhai ),Cucumbar(Kheera),2026-09-24,7000.0,8000.0,7500.0,0.0,1000.0
Punjab,Amritsar,Rayya Apmc,Cucumbar(Kheera),2026-09-24,882.0,882.0,882.0,0.0,0.0
Uttarakhand,Haridwar,Roorkee Apmc,Cucumbar(Kheera),2026-09-24,800.0,1200.0,900.0,0.0,400.0
Tamil Nadu,Coimbatore,Rspuram(Uzhavar Sandhai ),Cucumbar(Kheera),2026-09-24,3400.0,3800.0,3600.0,0.0,400.0
Uttarakhand,Udhamsinghnagar,Rudrapur Apmc,Cucumbar(Kheera),2026-09-24,1500.0,2500.0,2000.0,0.0,1000.0
Telangana,Hyderabad,Rythu Bazar Mehdipatnam,Cucumbar(Kheera),2026-09-24,1800.0,1800.0,1800.0,0.0,0.0
Haryana,Yamuna Nagar,Sadhaura Apmc,Cucumbar(Kheera),2026-09-24,1900.0,2100.0,2000.0,0.0,200.0
Tamil Nadu,Erode,Sampath Nagar(Uzhavar Sandhai ),Cucumbar(Kheera),2026-09-24,4500.0,5000.0,4750.0,0.0,500.0
Telangana,Ranga Reddy,"Saroornagar,Rbz",Cucumbar(Kheera),2026-09-24,2300.0,2300.0,2300.0,0.0,0.0
Tamil Nadu,Erode,Sathiyamagalam(Uzhavar Sandhai ),Cucumbar(Kheera),2026-09-24,3000.0,3400.0,3200.0,0.0,400.0
Madhya Pradesh,Badwani,Sendhwa(F&V) Apmc,Cucumbar(Kheera),2026-09-24,500.0,900.0,600.0,0.0,400.0
Meghalaya,East Khasi Hills,Shillong Apmc,Cucumbar(Kheera),2026-09-24,2200.0,2400.0,2300.0,0.0,200.0
Tamil Nadu,Coimbatore,Singanallur(Uzhavar Sandhai ),Cucumbar(Kheera),2026-09-24,4000.0,4500.0,4250.0,0.0,500.0
Madhya Pradesh,Harda,Sirali(F&V) Apmc,Cucumbar(Kheera),2026-09-24,800.0,800.0,800.0,0.0,0.0
Punjab,Fatehgarh,Sirhind Apmc,Cucumbar(Kheera),2026-09-24,2000.0,3500.0,3000.0,0.0,1500.0
Tamil Nadu,Nagapattinam,Sirkali(Uzhavar Sandhai ),Cucumbar(Kheera),2026-09-24,2500.0,3000.0,2750.0,0.0,500.0
Himachal Pradesh,Kangra,Smy Baijnath,Cucumbar(Kheera),2026-09-24,3000.0,3600.0,3300.0,0.0,600.0
Himachal Pradesh,Kullu,Smy Bandrol,Cucumbar(Kheera),2026-09-24,1000.0,2000.0,1500.0,0.0,1000.0
Himachal Pradesh,Kangra,Smy Dharamshala,Cucumbar(Kheera),2026-09-24,3000.0,4000.0,3500.0,0.0,1000.0
Himachal Pradesh,Mandi,Smy Jogindernagar,Cucumbar(Kheera),2026-09-24,800.0,2400.0,1600.0,0.0,1600.0
Himachal Pradesh,Kangra,Smy Nagrota Bagwan,Cucumbar(Kheera),2026-09-24,3000.0,3800.0,3500.0,0.0,800.0
Himachal Pradesh,Kangra,Smy Palampur,Cucumbar(Kheera),2026-09-24,3000.0,3500.0,3200.0,0.0,500.0
Himachal Pradesh,Una,Smy Santoshgarh,Cucumbar(Kheera),2026-09-24,2800.0,3000.0,2900.0,0.0,200.0
Tamil Nadu,Salem,Sooramangalam(Uzhavar Sandhai ),Cucumbar(Kheera),2026-09-24,3500.0,4000.0,3750.0,0.0,500.0
Tamil Nadu,Coimbatore,Sulur(Uzhavar Sandhai ),Cucumbar(Kheera),2026-09-24,3500.0,4000.0,3750.0,0.0,500.0
Tamil Nadu,Coimbatore,Sundarapuram(Uzhavar Sandhai ),Cucumbar(Kheera),2026-09-24,3500.0,4000.0,3750.0,0.0,500.0
Gujarat,Surat,Surat Apmc,Cucumbar(Kheera),2026-09-24,1000.0,5000.0,3000.0,0.0,4000.0
Tamil Nadu,Thiruvannamalai,Tamarainagar(Uzhavar Sandhai ),Cucumbar(Kheera),2026-09-24,4000.0,5000.0,4500.0,0.0,1000.0
Punjab,Hoshiarpur,Tanda Urmur Apmc,Cucumbar(Kheera),2026-09-24,3000.0,4000.0,3500.0,0.0,1000.0
Bihar,Gaya,Tekari Apmc,Cucumbar(Kheera),2026-09-24,3300.0,3300.0,3300.0,0.0,0.0
Tamil Nadu,Tenkasi,Tenkasi(Uzhavar Sandhai ),Cucumbar(Kheera),2026-09-24,5000.0,5000.0,5000.0,0.0,0.0
Tamil Nadu,Erode,Thalavadi(Uzhavar Sandhai ),Cucumbar(Kheera),2026-09-24,3000.0,3400.0,3200.0,0.0,400.0
Tamil Nadu,Salem,Thathakapatti(Uzhavar Sandhai ),Cucumbar(Kheera),2026-09-24,4000.0,5000.0,4500.0,0.0,1000.0
Tamil Nadu,Vellore,Thirupathur Apmc,Cucumbar(Kheera),2026-09-24,4000.0,4000.0,4000.0,0.0,0.0
Keralam,Ernakulam,Thrippunithura Market,Cucumbar(Kheera),2026-09-24,5000.0,5500.0,5200.0,0.0,500.0
Tamil Nadu,Villupuram,Tindivanam Apmc,Cucumbar(Kheera),2026-09-24,4500.0,4500.0,4500.0,0.0,0.0
Tamil Nadu,Namakkal,Tiruchengode Apmc,Cucumbar(Kheera),2026-09-24,8000.0,9000.0,8500.0,0.0,1000.0
Tamil Nadu,Thiruvellore,Tiruthani(Uzhavar Sandhai ),Cucumbar(Kheera),2026-09-24,5000.0,5000.0,5000.0,0.0,0.0
Tamil Nadu,Thiruvarur,Tiruthuraipoondi(Uzhavar Sandhai ),Cucumbar(Kheera),2026-09-24,8000.0,8000.0,8000.0,0.0,0.0
Tamil Nadu,Thiruvannamalai,Tiruvannamalai(Uzhavar Sandhai ),Cucumbar(Kheera),2026-09-24,4000.0,5000.0,4500.0,0.0,1000.0
Tamil Nadu,Tuticorin,Tuticorin(Uzhavar Sandhai ),Cucumbar(Kheera),2026-09-24,3500.0,4000.0,3750.0,0.0,500.0
Tamil Nadu,The Nilgiris,Udhagamandalam(Uzhavar Sandhai ),Cucumbar(Kheera),2026-09-24,3500.0,4000.0,3750.0,0.0,500.0
Tamil Nadu,Coimbatore,Udumalpet Apmc,Cucumbar(Kheera),2026-09-24,4500.0,6500.0,5500.0,0.0,2000.0
Tamil Nadu,Cuddalore,Vadalur(Uzhavar Sandhai ),Cucumbar(Kheera),2026-09-24,4000.0,4000.0,4000.0,0.0,0.0
Tamil Nadu,Nagercoil (Kannyiakumari),Vadaseri Apmc,Cucumbar(Kheera),2026-09-24,2500.0,3000.0,2750.0,0.0,500.0
Tamil Nadu,Coimbatore,Vadavalli(Uzhavar Sandhai ),Cucumbar(Kheera),2026-09-24,3800.0,4000.0,3900.0,0.0,200.0
Tamil Nadu,Thirupathur,Vaniyampadi(Uzhavar Sandhai ),Cucumbar(Kheera),2026-09-24,4000.0,4000.0,4000.0,0.0,0.0
Telangana,Siddipet,Vantamamidi Apmc,Cucumbar(Kheera),2026-09-24,800.0,1400.0,1100.0,0.0,600.0
Tamil Nadu,Vellore,Vellore Apmc,Cucumbar(Kheera),2026-09-24,3000.0,3500.0,3250.0,0.0,500.0
Uttarakhand,Dehradoon,Vikasnagar Apmc,Cucumbar(Kheera),2026-09-24,1000.0,1200.0,1200.0,0.0,200.0
Tamil Nadu,Villupuram,Villupuram(Uzhavar Sandhai ),Cucumbar(Kheera),2026-09-24,4000.0,4000.0,4000.0,0.0,0.0
Punjab,Ferozpur,Zira Apmc,Cucumbar(Kheera),2026-09-24,2600.0,2600.0,2600.0,0.0,0.0
Gujarat,Surendranagar,Dhragradhra Apmc,Cummin Seed(Jeera),2026-09-24,16625.0,20280.0,19500.0,0.0,3655.0
Gujarat,Jamnagar,Jam Jodhpur Apmc,Cummin Seed(Jeera),2026-09-24,16500.0,20800.0,18250.0,0.0,4300.0
Gujarat,Ahmedabad,Viramgam Apmc,Cummin Seed(Jeera),2026-09-24,19155.0,19950.0,19550.0,0.0,795.0
Tamil Nadu,Thiruvannamalai,Chengam(Uzhavar Sandhai ),Custard Apple(Sharifa),2026-09-24,4500.0,5000.0,4750.0,0.0,500.0
Tamil Nadu,Madurai,Chokkikulam(Uzhavar Sandhai ),Custard Apple(Sharifa),2026-09-24,5500.0,6000.0,5750.0,0.0,500.0
Tamil Nadu,Vellore,Kahithapattarai(Uzhavar Sandhai ),Custard Apple(Sharifa),2026-09-24,5000.0,5000.0,5000.0,0.0,0.0
Tamil Nadu,Namakkal,Namakkal(Uzhavar Sandhai ),Custard Apple(Sharifa),2026-09-24,5000.0,6000.0,5500.0,0.0,1000.0
Tamil Nadu,Vellore,Pallikonda(Uzhavar Sandhai),Custard Apple(Sharifa),2026-09-24,5000.0,5000.0,5000.0,0.0,0.0
Tamil Nadu,Thiruvannamalai,Polur(Uzhavar Sandhai ),Custard Apple(Sharifa),2026-09-24,3300.0,4000.0,3650.0,0.0,700.0
Tamil Nadu,Ranipet,Ranipettai(Uzhavar Sandhai ),Custard Apple(Sharifa),2026-09-24,8000.0,8000.0,8000.0,0.0,0.0
Tamil Nadu,Namakkal,Rasipuram(Uzhavar Sandhai ),Custard Apple(Sharifa),2026-09-24,3500.0,4000.0,3750.0,0.0,500.0
Tamil Nadu,Coimbatore,Rspuram(Uzhavar Sandhai ),Custard Apple(Sharifa),2026-09-24,5000.0,6000.0,5500.0,0.0,1000.0
Tamil Nadu,Kallakuruchi,Sankarapuram(Uzhavar Sandhai ),Custard Apple(Sharifa),2026-09-24,5000.0,5000.0,5000.0,0.0,0.0
Tamil Nadu,Salem,Thammampatti (Uzhavar Sandhai ),Custard Apple(Sharifa),2026-09-24,4000.0,4000.0,4000.0,0.0,0.0
Tamil Nadu,Salem,Thathakapatti(Uzhavar Sandhai ),Custard Apple(Sharifa),2026-09-24,4000.0,5000.0,4500.0,0.0,1000.0
Tamil Nadu,Theni,Theni(Uzhavar Sandhai ),Custard Apple(Sharifa),2026-09-24,8000.0,8000.0,8000.0,0.0,0.0
Tamil Nadu,Thiruvannamalai,Tiruvannamalai(Uzhavar Sandhai ),Custard Apple(Sharifa),2026-09-24,8000.0,10000.0,9000.0,0.0,2000.0
Tamil Nadu,Thirupathur,Vaniyampadi(Uzhavar Sandhai ),Custard Apple(Sharifa),2026-09-24,8000.0,8000.0,8000.0,0.0,0.0
Tamil Nadu,Vellore,Vellore Apmc,Custard Apple(Sharifa),2026-09-24,4000.0,5000.0,4500.0,0.0,1000.0
Tamil Nadu,Dharmapuri,Ajattihalli(Uzhavar Sandhai ),Drumstick,2026-09-24,3600.0,3600.0,3600.0,0.0,0.0
Tamil Nadu,Pudukkottai,Alangudi(Uzhavar Sandhai ),Drumstick,2026-09-24,4000.0,5000.0,4500.0,0.0,1000.0
Tamil Nadu,Salem,Ammapet(Uzhavar Sandhai ),Drumstick,2026-09-24,4000.0,5000.0,4500.0,0.0,1000.0
Tamil Nadu,Madurai,Anaiyur(Uzhavar Sandhai ),Drumstick,2026-09-24,5000.0,7000.0,6000.0,0.0,2000.0
Tamil Nadu,Theni,Andipatti(Uzhavar Sandhai ),Drumstick,2026-09-24,3500.0,4000.0,3750.0,0.0,500.0
Tamil Nadu,Madurai,Anna Nagar(Uzhavar Sandhai ),Drumstick,2026-09-24,4600.0,5000.0,4800.0,0.0,400.0
Tamil Nadu,Thiruvannamalai,Arani(Uzhavar Sandhai ),Drumstick,2026-09-24,5000.0,6000.0,5500.0,0.0,1000.0
Tamil Nadu,Pudukkottai,Aranthangi(Uzhavar Sandhai ),Drumstick,2026-09-24,4500.0,5000.0,4750.0,0.0,500.0
Tamil Nadu,Ranipet,Arcot(Uzhavar Sandhai ),Drumstick,2026-09-24,5000.0,5000.0,5000.0,0.0,0.0
Tamil Nadu,Ariyalur,Ariyalur(Uzhavar Sandhai),Drumstick,2026-09-24,5000.0,5500.0,5250.0,0.0,500.0
Tamil Nadu,Virudhunagar,Aruppukottai(Uzhavar Sandhai ),Drumstick,2026-09-24,4000.0,5000.0,4500.0,0.0,1000.0
Keralam,Kottayam,Athirampuzha Market,Drumstick,2026-09-24,5500.0,5700.0,5600.0,0.0,200.0
Tamil Nadu,Salem,Athur(Uzhavar Sandhai ),Drumstick,2026-09-24,4500.0,5000.0,4750.0,0.0,500.0
Tamil Nadu,Salem,Attayampatti(Uzhavar Sandhai ),Drumstick,2026-09-24,4000.0,4500.0,4250.0,0.0,500.0
Tamil Nadu,Krishnagiri,Avallapalli(Uzhavar Sandhai ),Drumstick,2026-09-24,4500.0,5000.0,4750.0,0.0,500.0
Karnataka,Chikkaballapur,Bagepalli Apmc,Drumstick,2026-09-24,2000.0,3000.0,2500.0,0.0,1000.0
Tamil Nadu,Theni,Bodinayakanur(Uzhavar Sandhai ),Drumstick,2026-09-24,4000.0,4000.0,4000.0,0.0,0.0
Tamil Nadu,Thiruvannamalai,Chengam(Uzhavar Sandhai ),Drumstick,2026-09-24,5000.0,6000.0,5500.0,0.0,1000.0
Keralam,Alappuzha,Chengannur Market,Drumstick,2026-09-24,4900.0,5200.0,5000.0,0.0,300.0
Tamil Nadu,Thiruvannamalai,Cheyyar(Uzhavar Sandhai ),Drumstick,2026-09-24,4800.0,6000.0,5400.0,0.0,1200.0
Tamil Nadu,Dindigul,Chinnalapatti(Uzhavar Sandhai ),Drumstick,2026-09-24,3600.0,4000.0,3800.0,0.0,400.0
Tamil Nadu,Theni,Chinnamanur(Uzhavar Sandhai ),Drumstick,2026-09-24,4000.0,4000.0,4000.0,0.0,0.0
Tamil Nadu,Madurai,Chokkikulam(Uzhavar Sandhai ),Drumstick,2026-09-24,5000.0,7000.0,6000.0,0.0,2000.0
Tamil Nadu,The Nilgiris,Coonoor(Uzhavar Sandhai ),Drumstick,2026-09-24,4200.0,4600.0,4400.0,0.0,400.0
Tamil Nadu,Cuddalore,Cuddalore(Uzhavar Sandhai ),Drumstick,2026-09-24,6000.0,6000.0,6000.0,0.0,0.0
Tamil Nadu,Krishnagiri,Denkanikottai(Uzhavar Sandhai ),Drumstick,2026-09-24,4000.0,5000.0,4500.0,0.0,1000.0
Tamil Nadu,Sivaganga,Devakottai (Uzhavar Sandhai ),Drumstick,2026-09-24,4200.0,4600.0,4400.0,0.0,400.0
Tamil Nadu,Theni,Devaram(Uzhavar Sandhai ),Drumstick,2026-09-24,4000.0,4000.0,4000.0,0.0,0.0
Tamil Nadu,Thirupur,Dharapuram(Uzhavar Sandhai ),Drumstick,2026-09-24,2500.0,3000.0,2750.0,0.0,500.0
Tamil Nadu,Dharmapuri,Dharmapuri(Uzhavar Sandhai ),Drumstick,2026-09-24,3400.0,3600.0,3500.0,0.0,200.0
Tamil Nadu,Salem,Edapadi (Uzhavar Sandhai ),Drumstick,2026-09-24,3000.0,4000.0,3500.0,0.0,1000.0
Tamil Nadu,Salem,Elampillai(Uzhavar Sandhai ),Drumstick,2026-09-24,3500.0,4000.0,3750.0,0.0,500.0
Tamil Nadu,Pudukkottai,Gandarvakottai(Uzhavar Sandhai ),Drumstick,2026-09-24,3000.0,4000.0,3500.0,0.0,1000.0
Tamil Nadu,Karur,Gandhigramam(Uzhavar Sandhai),Drumstick,2026-09-24,4000.0,5000.0,4500.0,0.0,1000.0
Tamil Nadu,Erode,Gobichettipalayam(Uzhavar Sandhai ),Drumstick,2026-09-24,4500.0,5000.0,4750.0,0.0,500.0
Tamil Nadu,The Nilgiris,Gudalur(Uzhavar Sandhai ),Drumstick,2026-09-24,4000.0,4500.0,4250.0,0.0,500.0
Tamil Nadu,Vellore,Gudiyatham(Uzhavar Sandhai ),Drumstick,2026-09-24,3600.0,3600.0,3600.0,0.0,0.0
Tamil Nadu,Chengalpattu,Guduvancheri(Uzhavar Sandhai ),Drumstick,2026-09-24,6000.0,7000.0,6500.0,0.0,1000.0
Tamil Nadu,Dharmapuri,Harur(Uzhavar Sandhai ),Drumstick,2026-09-24,3500.0,4000.0,3750.0,0.0,500.0
Tamil Nadu,Salem,Hasthampatti(Uzhavar Sandhai ),Drumstick,2026-09-24,3600.0,4000.0,3800.0,0.0,400.0
Tamil Nadu,Krishnagiri,Hosur(Uzhavar Sandhai ),Drumstick,2026-09-24,4000.0,5000.0,4500.0,0.0,1000.0
Tamil Nadu,Salem,Jalagandapuram(Uzhavar Sandhai ),Drumstick,2026-09-24,3000.0,3500.0,3250.0,0.0,500.0
Tamil Nadu,Chengalpattu,Jameenrayapettai(Uzhavar Sandhai ),Drumstick,2026-09-24,5000.0,6000.0,5500.0,0.0,1000.0
Tamil Nadu,Vellore,Kahithapattarai(Uzhavar Sandhai ),Drumstick,2026-09-24,5000.0,5000.0,5000.0,0.0,0.0
Tamil Nadu,Kallakuruchi,Kallakurichi(Uzhavar Sandhai ),Drumstick,2026-09-24,5000.0,5000.0,5000.0,0.0,0.0
Tamil Nadu,Theni,Kambam(Uzhavar Sandhai ),Drumstick,2026-09-24,2500.0,4000.0,3250.0,0.0,1500.0
Tamil Nadu,Kancheepuram,Kancheepuram(Uzhavar Sandhai ),Drumstick,2026-09-24,3000.0,4000.0,3500.0,0.0,1000.0
Tamil Nadu,Thirupur,Kangayam(Uzhavar Sandhai ),Drumstick,2026-09-24,2000.0,2500.0,2250.0,0.0,500.0
Tamil Nadu,Sivaganga,Karaikudi(Uzhavar Sandhai ),Drumstick,2026-09-24,5500.0,7500.0,6500.0,0.0,2000.0
Tamil Nadu,Pudukkottai,Karambakkudi(Uzhavar Sandhai ),Drumstick,2026-09-24,3500.0,4000.0,3750.0,0.0,500.0
Tamil Nadu,Dharmapuri,Karimangalam(Uzhavar Sandhai),Drumstick,2026-09-24,2300.0,2500.0,2400.0,0.0,200.0
Tamil Nadu,Virudhunagar,Kariyapatti(Uzhavar Sandhai ),Drumstick,2026-09-24,4500.0,5000.0,4750.0,0.0,500.0
Tamil Nadu,Karur,Karur(Uzhavar Sandhai ),Drumstick,2026-09-24,4500.0,5000.0,4750.0,0.0,500.0
Tamil Nadu,Vellore,Katpadi (Uzhavar Sandhai ),Drumstick,2026-09-24,6000.0,6000.0,6000.0,0.0,0.0
Keralam,Idukki,Kattappana Market,Drumstick,2026-09-24,4800.0,5500.0,5200.0,0.0,700.0
Tamil Nadu,Krishnagiri,Kaveripattinam(Uzhavar Sandhai ),Drumstick,2026-09-24,3000.0,4000.0,3500.0,0.0,1000.0
Tamil Nadu,Thiruchirappalli,Kknagar(Uzhavar Sandhai ),Drumstick,2026-09-24,4000.0,5000.0,4500.0,0.0,1000.0
Tamil Nadu,Dindigul,Kodaikkanal(Uzhavar Sandhai),Drumstick,2026-09-24,3500.0,4000.0,3750.0,0.0,500.0
Tamil Nadu,Tuticorin,Kovilpatti(Uzhavar Sandhai ),Drumstick,2026-09-24,4000.0,4500.0,4250.0,0.0,500.0
Tamil Nadu,Krishnagiri,Krishnagiri(Uzhavar Sandhai ),Drumstick,2026-09-24,3000.0,3500.0,3250.0,0.0,500.0
Tamil Nadu,Karur,Kulithalai(Uzhavar Sandhai ),Drumstick,2026-09-24,2500.0,3000.0,2750.0,0.0,500.0
Tamil Nadu,Namakkal,Kumarapalayam(Uzhavar Sandhai ),Drumstick,2026-09-24,2800.0,3200.0,3000.0,0.0,400.0
Tamil Nadu,Thanjavur,Kumbakonam (Uzhavar Sandhai ),Drumstick,2026-09-24,7200.0,7200.0,7200.0,0.0,0.0
Tamil Nadu,Kancheepuram,Kundrathur(Uzhavar Sandhai ),Drumstick,2026-09-24,5000.0,5000.0,5000.0,0.0,0.0
Tamil Nadu,Coimbatore,Kurichi(Uzhavar Sandhai ),Drumstick,2026-09-24,4200.0,4800.0,4500.0,0.0,600.0
Tamil Nadu,Thiruchirappalli,Lalgudi(Uzhavar Sandhai ),Drumstick,2026-09-24,4600.0,4600.0,4600.0,0.0,0.0
Tamil Nadu,Thiruchirappalli,Manachanallur(Uzhavar Sandhai ),Drumstick,2026-09-24,5000.0,5000.0,5000.0,0.0,0.0
Tamil Nadu,Thiruchirappalli,Manapparai(Uzhavar Sandhai ),Drumstick,2026-09-24,5000.0,5000.0,5000.0,0.0,0.0
Tamil Nadu,Thiruvarur,Mannargudi I(Uzhavar Sandhai ),Drumstick,2026-09-24,4800.0,4800.0,4800.0,0.0,0.0
Tamil Nadu,Thiruvarur,Mannargudi Ii(Uzhavar Sandhai ),Drumstick,2026-09-24,4800.0,4800.0,4800.0,0.0,0.0
Tamil Nadu,Salem,Mecheri(Uzhavar Sandhai),Drumstick,2026-09-24,3500.0,4000.0,3750.0,0.0,500.0
Tamil Nadu,Thirunelveli,Melapalayam(Uzhavar Sandhai ),Drumstick,2026-09-24,2200.0,2500.0,2350.0,0.0,300.0
Tamil Nadu,Madurai,Melur(Uzhavar Sandhai ),Drumstick,2026-09-24,5000.0,7000.0,6000.0,0.0,2000.0
Tamil Nadu,Coimbatore,Mettupalayam(Uzhavar Sandhai ),Drumstick,2026-09-24,3500.0,4000.0,3750.0,0.0,500.0
Tamil Nadu,Salem,Mettur(Uzhavar Sandhai ),Drumstick,2026-09-24,2800.0,3000.0,2900.0,0.0,200.0
Tamil Nadu,Namakkal,Mohanur(Uzhavar Sandhai ),Drumstick,2026-09-24,4200.0,4600.0,4400.0,0.0,400.0
Keralam,Kozhikode(Calicut),Mukkom Market,Drumstick,2026-09-24,4500.0,4700.0,4600.0,0.0,200.0
Tamil Nadu,Thiruchirappalli,Musiri(Uzhavar Sandhai ),Drumstick,2026-09-24,4000.0,4500.0,4250.0,0.0,500.0
Tamil Nadu,Nagapattinam,Nagapattinam(Uzhavar Sandhai ),Drumstick,2026-09-24,3800.0,3800.0,3800.0,0.0,0.0
Tamil Nadu,Namakkal,Namakkal(Uzhavar Sandhai ),Drumstick,2026-09-24,4000.0,4500.0,4250.0,0.0,500.0
Tamil Nadu,Chengalpattu,Nanganallur(Uzhavar Sandhai ),Drumstick,2026-09-24,4500.0,5000.0,4750.0,0.0,500.0
Tamil Nadu,Thirupathur,Natrampalli(Uzhavar Sandhai ),Drumstick,2026-09-24,3000.0,4000.0,3500.0,0.0,1000.0
Tamil Nadu,Thiruvarur,Needamangalam(Uzhavar Sandhai ),Drumstick,2026-09-24,4600.0,4600.0,4600.0,0.0,0.0
Keralam,Ernakulam,North Paravur Market,Drumstick,2026-09-24,4000.0,5000.0,4500.0,0.0,1000.0
Tamil Nadu,Kancheepuram,Padappai(Uzhavar Sandhai ),Drumstick,2026-09-24,3000.0,4000.0,3500.0,0.0,1000.0
Gujarat,Vadodara(Baroda),Padra Apmc,Drumstick,2026-09-24,5000.0,6000.0,5500.0,0.0,1000.0
Tamil Nadu,Dharmapuri,Palacode(Uzhavar Sandhai ),Drumstick,2026-09-24,2500.0,3000.0,2750.0,0.0,500.0
Tamil Nadu,Madurai,Palanganatham(Uzhavar Sandhai ),Drumstick,2026-09-24,5000.0,7000.0,6000.0,0.0,2000.0
Tamil Nadu,Dindigul,Palani(Uzhavar Sandhai ),Drumstick,2026-09-24,3000.0,4500.0,3750.0,0.0,1500.0
Tamil Nadu,Thirunelveli,Palayamkottai(Uzhavar Sandhai ),Drumstick,2026-09-24,2800.0,3000.0,2900.0,0.0,200.0
Tamil Nadu,Thirupur,Palladam(Uzhavar Sandhai ),Drumstick,2026-09-24,2500.0,3000.0,2750.0,0.0,500.0
Tamil Nadu,Karur,Pallapatti (Uzhavar Sandhai ),Drumstick,2026-09-24,4000.0,4500.0,4250.0,0.0,500.0
Tamil Nadu,Chengalpattu,Pallavaram(Uzhavar Sandhai ),Drumstick,2026-09-24,6000.0,7000.0,6500.0,0.0,1000.0
Tamil Nadu,Vellore,Pallikonda(Uzhavar Sandhai),Drumstick,2026-09-24,4500.0,5000.0,4750.0,0.0,500.0
Tamil Nadu,Cuddalore,Panruti(Uzhavar Sandhai ),Drumstick,2026-09-24,4000.0,4000.0,4000.0,0.0,0.0
Tamil Nadu,Thanjavur,Papanasam(Uzhavar Sandhai ),Drumstick,2026-09-24,7200.0,7200.0,7200.0,0.0,0.0
Tamil Nadu,Ramanathapuram,Paramakudi(Uzhavar Sandhai ),Drumstick,2026-09-24,7000.0,7400.0,7200.0,0.0,400.0
Tamil Nadu,Namakkal,Paramathivelur(Uzhavar Sandhai ),Drumstick,2026-09-24,4000.0,4500.0,4250.0,0.0,500.0
Keralam,Thiruvananthapuram,Parassala Market,Drumstick,2026-09-24,3000.0,3400.0,3200.0,0.0,400.0
Keralam,Palakad,Pattambi Market,Drumstick,2026-09-24,5000.0,5500.0,5200.0,0.0,500.0
Tamil Nadu,Thanjavur,Pattukottai(Uzhavar Sandhai ),Drumstick,2026-09-24,4400.0,4400.0,4400.0,0.0,0.0
Tamil Nadu,Dharmapuri,Pennagaram(Uzhavar Sandhai ),Drumstick,2026-09-24,3500.0,4000.0,3750.0,0.0,500.0
Tamil Nadu,Perambalur,Perambalur(Uzhavar Sandhai ),Drumstick,2026-09-24,3600.0,4000.0,3800.0,0.0,400.0
Tamil Nadu,Vellore,Perampet(Uzhavar Sandhai),Drumstick,2026-09-24,2500.0,2500.0,2500.0,0.0,0.0
Tamil Nadu,Thanjavur,Peravurani(Uzhavar Sandhai),Drumstick,2026-09-24,4400.0,4400.0,4400.0,0.0,0.0
Tamil Nadu,Theni,Periyakulam(Uzhavar Sandhai ),Drumstick,2026-09-24,3500.0,4000.0,3750.0,0.0,500.0
Tamil Nadu,Erode,Periyar Nagar(Uzhavar Sandhai ),Drumstick,2026-09-24,4200.0,4600.0,4400.0,0.0,400.0
Keralam,Ernakulam,Perumbavoor Market,Drumstick,2026-09-24,3000.0,4200.0,3600.0,0.0,1200.0
Tamil Nadu,Erode,Perundurai(Uzhavar Sandhai ),Drumstick,2026-09-24,4000.0,4500.0,4250.0,0.0,500.0
Tamil Nadu,Coimbatore,Pollachi(Uzhavar Sandhai ),Drumstick,2026-09-24,3500.0,4000.0,3750.0,0.0,500.0
Tamil Nadu,Thiruvannamalai,Polur(Uzhavar Sandhai ),Drumstick,2026-09-24,5000.0,6000.0,5500.0,0.0,1000.0
Tamil Nadu,Pudukkottai,Ponnamaravathi(Uzhavar Sandhai),Drumstick,2026-09-24,4500.0,5000.0,4750.0,0.0,500.0
Tamil Nadu,Pudukkottai,Pudukottai(Uzhavar Sandhai ),Drumstick,2026-09-24,5500.0,6000.0,5750.0,0.0,500.0
Maharashtra,Pune,Pune,Drumstick,2026-09-24,2500.0,3000.0,2750.0,0.0,500.0
Keralam,Kozhikode(Calicut),Quilandy Market,Drumstick,2026-09-24,3700.0,4000.0,3800.0,0.0,300.0
Tamil Nadu,Virudhunagar,Rajapalayam(Uzhavar Sandhai ),Drumstick,2026-09-24,5000.0,6000.0,5500.0,0.0,1000.0
Karnataka,Bengaluru South,Ramanagara Apmc,Drumstick,2026-09-24,3000.0,4500.0,4000.0,0.0,1500.0
Tamil Nadu,Ramanathapuram,Ramanathapuram(Uzhavar Sandhai ),Drumstick,2026-09-24,7000.0,8000.0,7500.0,0.0,1000.0
Tamil Nadu,Ranipet,Ranipettai(Uzhavar Sandhai ),Drumstick,2026-09-24,4000.0,6000.0,5000.0,0.0,2000.0
Tamil Nadu,Namakkal,Rasipuram(Uzhavar Sandhai ),Drumstick,2026-09-24,4200.0,4500.0,4350.0,0.0,300.0
Tamil Nadu,Coimbatore,Rspuram(Uzhavar Sandhai ),Drumstick,2026-09-24,4600.0,5000.0,4800.0,0.0,400.0
Telangana,Hyderabad,Rythu Bazar Mehdipatnam,Drumstick,2026-09-24,8000.0,8000.0,8000.0,0.0,0.0
Tamil Nadu,Erode,Sampath Nagar(Uzhavar Sandhai ),Drumstick,2026-09-24,4200.0,4600.0,4400.0,0.0,400.0
Tamil Nadu,Tenkasi,Sankarankoil(Uzhavar Sandhai ),Drumstick,2026-09-24,5000.0,5000.0,5000.0,0.0,0.0
Tamil Nadu,Kallakuruchi,Sankarapuram(Uzhavar Sandhai ),Drumstick,2026-09-24,5000.0,5000.0,5000.0,0.0,0.0
Telangana,Ranga Reddy,"Saroornagar,Rbz",Drumstick,2026-09-24,4500.0,4500.0,4500.0,0.0,0.0
Tamil Nadu,Erode,Sathiyamagalam(Uzhavar Sandhai ),Drumstick,2026-09-24,4500.0,5000.0,4750.0,0.0,500.0
Tamil Nadu,Virudhunagar,Sathur(Uzhavar Sandhai ),Drumstick,2026-09-24,3500.0,4000.0,3750.0,0.0,500.0
Tamil Nadu,Sivaganga,Singampunari(Uzhavar Sandhai ),Drumstick,2026-09-24,5400.0,7200.0,6300.0,0.0,1800.0
Tamil Nadu,Coimbatore,Singanallur(Uzhavar Sandhai ),Drumstick,2026-09-24,4500.0,5000.0,4750.0,0.0,500.0
Tamil Nadu,Nagapattinam,Sirkali(Uzhavar Sandhai ),Drumstick,2026-09-24,4500.0,5000.0,4750.0,0.0,500.0
Tamil Nadu,Sivaganga,Sivagangai (Uzhavar Sandhai ),Drumstick,2026-09-24,5200.0,7200.0,6200.0,0.0,2000.0
Tamil Nadu,Virudhunagar,Sivakasi(Uzhavar Sandhai ),Drumstick,2026-09-24,4000.0,5000.0,4500.0,0.0,1000.0
Tamil Nadu,Salem,Sooramangalam(Uzhavar Sandhai ),Drumstick,2026-09-24,4000.0,4500.0,4250.0,0.0,500.0
Tamil Nadu,Virudhunagar,Srivilliputhur(Uzhavar Sandhai ),Drumstick,2026-09-24,4500.0,5000.0,4750.0,0.0,500.0
Tamil Nadu,Coimbatore,Sulur(Uzhavar Sandhai ),Drumstick,2026-09-24,4500.0,5000.0,4750.0,0.0,500.0
Tamil Nadu,Coimbatore,Sundarapuram(Uzhavar Sandhai ),Drumstick,2026-09-24,4500.0,5000.0,4750.0,0.0,500.0
Tamil Nadu,Kancheepuram,Sunguvarchatram(Uzhavar Sandhai ),Drumstick,2026-09-24,5000.0,5000.0,5000.0,0.0,0.0
Gujarat,Surat,Surat Apmc,Drumstick,2026-09-24,3000.0,7000.0,5000.0,0.0,4000.0
Tamil Nadu,Thiruvannamalai,Tamarainagar(Uzhavar Sandhai ),Drumstick,2026-09-24,5000.0,6000.0,5500.0,0.0,1000.0
Tamil Nadu,Tenkasi,Tenkasi(Uzhavar Sandhai ),Drumstick,2026-09-24,4000.0,4000.0,4000.0,0.0,0.0
Tamil Nadu,Erode,Thalavadi(Uzhavar Sandhai ),Drumstick,2026-09-24,4500.0,5000.0,4750.0,0.0,500.0
Tamil Nadu,Virudhunagar,Thalavaipuram(Uzhavar Sandhai ),Drumstick,2026-09-24,5000.0,6000.0,5500.0,0.0,1000.0
Tamil Nadu,Salem,Thammampatti (Uzhavar Sandhai ),Drumstick,2026-09-24,4000.0,4000.0,4000.0,0.0,0.0
Tamil Nadu,Thanjavur,Thanjavur(Uzhavar Sandhai ),Drumstick,2026-09-24,4400.0,4400.0,4400.0,0.0,0.0
Tamil Nadu,Salem,Thathakapatti(Uzhavar Sandhai ),Drumstick,2026-09-24,4000.0,4500.0,4250.0,0.0,500.0
Tamil Nadu,Theni,Theni(Uzhavar Sandhai ),Drumstick,2026-09-24,2000.0,4000.0,3000.0,0.0,2000.0
Tamil Nadu,Madurai,Thirumangalam(Uzhavar Sandhai ),Drumstick,2026-09-24,5000.0,6000.0,5500.0,0.0,1000.0
Tamil Nadu,Vellore,Thirupathur Apmc,Drumstick,2026-09-24,4000.0,4000.0,4000.0,0.0,0.0
Tamil Nadu,Thiruchirappalli,Thiruverumbur(Uzhavar Sandhai ),Drumstick,2026-09-24,5000.0,5000.0,5000.0,0.0,0.0
Keralam,Ernakulam,Thrippunithura Market,Drumstick,2026-09-24,5500.0,7000.0,5700.0,0.0,1500.0
Tamil Nadu,Thiruchirappalli,Thuraiyur Apmc,Drumstick,2026-09-24,4500.0,5000.0,4750.0,0.0,500.0
Tamil Nadu,Villupuram,Tindivanam Apmc,Drumstick,2026-09-24,4000.0,4000.0,4000.0,0.0,0.0
Tamil Nadu,Namakkal,Tiruchengode Apmc,Drumstick,2026-09-24,3500.0,4000.0,3750.0,0.0,500.0
Tamil Nadu,Sivaganga,Tirupatthur(Uzhavar Sandhai ),Drumstick,2026-09-24,5500.0,7500.0,6500.0,0.0,2000.0
Tamil Nadu,Thirupur,Tiruppur (North) (Uzhavar Sandhai ),Drumstick,2026-09-24,2000.0,3000.0,2500.0,0.0,1000.0
Tamil Nadu,Thirupur,Tiruppur (South) (Uzhavar Sandhai ),Drumstick,2026-09-24,3000.0,4000.0,3500.0,0.0,1000.0
Tamil Nadu,Thiruvarur,Tiruthuraipoondi(Uzhavar Sandhai ),Drumstick,2026-09-24,4000.0,4000.0,4000.0,0.0,0.0
Tamil Nadu,Thiruvannamalai,Tiruvannamalai(Uzhavar Sandhai ),Drumstick,2026-09-24,5000.0,6000.0,5500.0,0.0,1000.0
Tamil Nadu,Thiruvarur,Tiruvarur(Uzhavar Sandhai ),Drumstick,2026-09-24,5000.0,5000.0,5000.0,0.0,0.0
Tamil Nadu,Tuticorin,Tuticorin(Uzhavar Sandhai ),Drumstick,2026-09-24,2500.0,3000.0,2750.0,0.0,500.0
Tamil Nadu,The Nilgiris,Udhagamandalam(Uzhavar Sandhai ),Drumstick,2026-09-24,3500.0,4000.0,3750.0,0.0,500.0
Tamil Nadu,Coimbatore,Udumalpet Apmc,Drumstick,2026-09-24,3000.0,3800.0,3400.0,0.0,800.0
Tamil Nadu,Villupuram,Ulundurpettai Apmc,Drumstick,2026-09-24,4000.0,4000.0,4000.0,0.0,0.0
Tamil Nadu,Madurai,Usilampatti(Uzhavar Sandhai ),Drumstick,2026-09-24,5000.0,7000.0,6000.0,0.0,2000.0
Tamil Nadu,Cuddalore,Vadalur(Uzhavar Sandhai ),Drumstick,2026-09-24,4000.0,4000.0,4000.0,0.0,0.0
Tamil Nadu,Nagercoil (Kannyiakumari),Vadaseri Apmc,Drumstick,2026-09-24,5000.0,5500.0,5250.0,0.0,500.0
Tamil Nadu,Coimbatore,Vadavalli(Uzhavar Sandhai ),Drumstick,2026-09-24,4500.0,5000.0,4750.0,0.0,500.0
Gujarat,Surendranagar,Vadhvan Apmc,Drumstick,2026-09-24,4500.0,5000.0,4750.0,0.0,500.0
Tamil Nadu,Thiruvannamalai,Vandavasi(Uzhavar Sandhai ),Drumstick,2026-09-24,5000.0,6000.0,5500.0,0.0,1000.0
Tamil Nadu,Thirupathur,Vaniyampadi(Uzhavar Sandhai ),Drumstick,2026-09-24,3000.0,3000.0,3000.0,0.0,0.0
Tamil Nadu,Salem,Vazhapadi(Uzhavar Sandhai),Drumstick,2026-09-24,4000.0,4000.0,4000.0,0.0,0.0
Tamil Nadu,Nagapattinam,Vedaranyam(Uzhavar Sandhai),Drumstick,2026-09-24,3500.0,3500.0,3500.0,0.0,0.0
Tamil Nadu,Dindigul,Vedasanthur(Uzhavar Sandhai ),Drumstick,2026-09-24,2000.0,2500.0,2250.0,0.0,500.0
Tamil Nadu,Karur,Velayuthampalayam(Uzhavar Sandhai ),Drumstick,2026-09-24,4000.0,5000.0,4500.0,0.0,1000.0
Tamil Nadu,Vellore,Vellore Apmc,Drumstick,2026-09-24,5000.0,5500.0,5250.0,0.0,500.0
Tamil Nadu,Karur,Vengamedu(Uzhavar Sandhai ),Drumstick,2026-09-24,4500.0,5000.0,4750.0,0.0,500.0
Tamil Nadu,Villupuram,Villupuram(Uzhavar Sandhai ),Drumstick,2026-09-24,5000.0,5000.0,5000.0,0.0,0.0
Tamil Nadu,Pudukkottai,Viralimalai(Uzhavar Sandhai ),Drumstick,2026-09-24,4500.0,5000.0,4750.0,0.0,500.0
Tamil Nadu,Virudhunagar,Virudhunagar(Uzhavar Sandhai ),Drumstick,2026-09-24,3500.0,4000.0,3750.0,0.0,500.0
Tamil Nadu,Cuddalore,Viruthachalam(Uzhavar Sandhai ),Drumstick,2026-09-24,3000.0,4000.0,3500.0,0.0,1000.0
Manipur,Imphal East,Lamlong Bazaar Apmc,Dry Chillies,2026-09-24,26000.0,28000.0,27000.0,0.0,2000.0
Andhra Pradesh,NTR,Nandigama Apmc,Dry Chillies,2026-09-24,21300.0,21300.0,21300.0,0.0,0.0
Karnataka,Raichur,Sindhanur Apmc,Dry Chillies,2026-09-24,4300.0,4300.0,4300.0,0.0,0.0
Andhra Pradesh,NTR,Tiruvuru Apmc,Dry Chillies,2026-09-24,21000.0,21000.0,21000.0,0.0,0.0
Keralam,Thiruvananthapuram,Neyyatinkara Market,Duster Beans,2026-09-24,5400.0,6000.0,5600.0,0.0,600.0
Tamil Nadu,Dharmapuri,Ajattihalli(Uzhavar Sandhai ),Elephant Yam(Suran)/Amorphophallus,2026-09-24,6400.0,6400.0,6400.0,0.0,0.0
Tamil Nadu,Salem,Ammapet(Uzhavar Sandhai ),Elephant Yam(Suran)/Amorphophallus,2026-09-24,4500.0,5000.0,4750.0,0.0,500.0
Tamil Nadu,Madurai,Anaiyur(Uzhavar Sandhai ),Elephant Yam(Suran)/Amorphophallus,2026-09-24,4500.0,5000.0,4750.0,0.0,500.0
Tamil Nadu,Theni,Andipatti(Uzhavar Sandhai ),Elephant Yam(Suran)/Amorphophallus,2026-09-24,3000.0,3200.0,3100.0,0.0,200.0
Tamil Nadu,Madurai,Anna Nagar(Uzhavar Sandhai ),Elephant Yam(Suran)/Amorphophallus,2026-09-24,3800.0,3800.0,3800.0,0.0,0.0
Tamil Nadu,Ranipet,Arcot(Uzhavar Sandhai ),Elephant Yam(Suran)/Amorphophallus,2026-09-24,6000.0,6000.0,6000.0,0.0,0.0
Tamil Nadu,Virudhunagar,Aruppukottai(Uzhavar Sandhai ),Elephant Yam(Suran)/Amorphophallus,2026-09-24,4000.0,5000.0,4500.0,0.0,1000.0
Tamil Nadu,Salem,Athur(Uzhavar Sandhai ),Elephant Yam(Suran)/Amorphophallus,2026-09-24,3000.0,3500.0,3250.0,0.0,500.0
Tamil Nadu,Salem,Attayampatti(Uzhavar Sandhai ),Elephant Yam(Suran)/Amorphophallus,2026-09-24,5000.0,5000.0,5000.0,0.0,0.0
Tamil Nadu,Krishnagiri,Avallapalli(Uzhavar Sandhai ),Elephant Yam(Suran)/Amorphophallus,2026-09-24,4500.0,5000.0,4750.0,0.0,500.0
Tamil Nadu,Theni,Bodinayakanur(Uzhavar Sandhai ),Elephant Yam(Suran)/Amorphophallus,2026-09-24,3600.0,3600.0,3600.0,0.0,0.0
Keralam,Alappuzha,Chengannur Market,Elephant Yam(Suran)/Amorphophallus,2026-09-24,3900.0,4200.0,4000.0,0.0,300.0
Tamil Nadu,Dindigul,Chinnalapatti(Uzhavar Sandhai ),Elephant Yam(Suran)/Amorphophallus,2026-09-24,5600.0,6000.0,5800.0,0.0,400.0
Tamil Nadu,Theni,Chinnamanur(Uzhavar Sandhai ),Elephant Yam(Suran)/Amorphophallus,2026-09-24,3600.0,3600.0,3600.0,0.0,0.0
Tamil Nadu,Madurai,Chokkikulam(Uzhavar Sandhai ),Elephant Yam(Suran)/Amorphophallus,2026-09-24,4500.0,5000.0,4750.0,0.0,500.0
Tamil Nadu,The Nilgiris,Coonoor(Uzhavar Sandhai ),Elephant Yam(Suran)/Amorphophallus,2026-09-24,4000.0,4400.0,4200.0,0.0,400.0
Tamil Nadu,Krishnagiri,Denkanikottai(Uzhavar Sandhai ),Elephant Yam(Suran)/Amorphophallus,2026-09-24,3000.0,4000.0,3500.0,0.0,1000.0
Tamil Nadu,Sivaganga,Devakottai (Uzhavar Sandhai ),Elephant Yam(Suran)/Amorphophallus,2026-09-24,4600.0,5000.0,4800.0,0.0,400.0
Tamil Nadu,Thirupur,Dharapuram(Uzhavar Sandhai ),Elephant Yam(Suran)/Amorphophallus,2026-09-24,4200.0,4600.0,4400.0,0.0,400.0
Tamil Nadu,Dharmapuri,Dharmapuri(Uzhavar Sandhai ),Elephant Yam(Suran)/Amorphophallus,2026-09-24,6200.0,6400.0,6300.0,0.0,200.0
Tamil Nadu,Dindigul,Dindigul(Uzhavar Sandhai ),Elephant Yam(Suran)/Amorphophallus,2026-09-24,5000.0,6000.0,5500.0,0.0,1000.0
Tamil Nadu,Karur,Gandhigramam(Uzhavar Sandhai),Elephant Yam(Suran)/Amorphophallus,2026-09-24,4000.0,5000.0,4500.0,0.0,1000.0
Tamil Nadu,Erode,Gobichettipalayam(Uzhavar Sandhai ),Elephant Yam(Suran)/Amorphophallus,2026-09-24,3000.0,3500.0,3250.0,0.0,500.0
Tamil Nadu,The Nilgiris,Gudalur(Uzhavar Sandhai ),Elephant Yam(Suran)/Amorphophallus,2026-09-24,3500.0,4000.0,3750.0,0.0,500.0
Tamil Nadu,Salem,Hasthampatti(Uzhavar Sandhai ),Elephant Yam(Suran)/Amorphophallus,2026-09-24,3600.0,4000.0,3800.0,0.0,400.0
Tamil Nadu,Krishnagiri,Hosur(Uzhavar Sandhai ),Elephant Yam(Suran)/Amorphophallus,2026-09-24,4000.0,5000.0,4500.0,0.0,1000.0
Tamil Nadu,Kallakuruchi,Kallakurichi(Uzhavar Sandhai ),Elephant Yam(Suran)/Amorphophallus,2026-09-24,4000.0,4000.0,4000.0,0.0,0.0
Tamil Nadu,Theni,Kambam(Uzhavar Sandhai ),Elephant Yam(Suran)/Amorphophallus,2026-09-24,4000.0,4000.0,4000.0,0.0,0.0
Tamil Nadu,Sivaganga,Karaikudi(Uzhavar Sandhai ),Elephant Yam(Suran)/Amorphophallus,2026-09-24,4500.0,4800.0,4650.0,0.0,300.0
Tamil Nadu,Virudhunagar,Kariyapatti(Uzhavar Sandhai ),Elephant Yam(Suran)/Amorphophallus,2026-09-24,4500.0,5000.0,4750.0,0.0,500.0
Tamil Nadu,Karur,Karur(Uzhavar Sandhai ),Elephant Yam(Suran)/Amorphophallus,2026-09-24,4500.0,5000.0,4750.0,0.0,500.0
Tamil Nadu,Thiruchirappalli,Kknagar(Uzhavar Sandhai ),Elephant Yam(Suran)/Amorphophallus,2026-09-24,5000.0,5000.0,5000.0,0.0,0.0
Tamil Nadu,Tuticorin,Kovilpatti(Uzhavar Sandhai ),Elephant Yam(Suran)/Amorphophallus,2026-09-24,4000.0,4500.0,4250.0,0.0,500.0
Tamil Nadu,Karur,Kulithalai(Uzhavar Sandhai ),Elephant Yam(Suran)/Amorphophallus,2026-09-24,5000.0,5500.0,5250.0,0.0,500.0
Tamil Nadu,Namakkal,Kumarapalayam(Uzhavar Sandhai ),Elephant Yam(Suran)/Amorphophallus,2026-09-24,3500.0,4000.0,3750.0,0.0,500.0
Tamil Nadu,Thanjavur,Kumbakonam (Uzhavar Sandhai ),Elephant Yam(Suran)/Amorphophallus,2026-09-24,4800.0,4800.0,4800.0,0.0,0.0
Tamil Nadu,Coimbatore,Kurichi(Uzhavar Sandhai ),Elephant Yam(Suran)/Amorphophallus,2026-09-24,3500.0,4000.0,3750.0,0.0,500.0
Keralam,Pathanamthitta,Kuttoor Market,Elephant Yam(Suran)/Amorphophallus,2026-09-24,6100.0,6500.0,6300.0,0.0,400.0
Tamil Nadu,Thiruchirappalli,Lalgudi(Uzhavar Sandhai ),Elephant Yam(Suran)/Amorphophallus,2026-09-24,5000.0,5000.0,5000.0,0.0,0.0
Punjab,Mohali,Lalru Apmc,Elephant Yam(Suran)/Amorphophallus,2026-09-24,3900.0,3900.0,3900.0,0.0,0.0
Tamil Nadu,Thiruvarur,Mannargudi I(Uzhavar Sandhai ),Elephant Yam(Suran)/Amorphophallus,2026-09-24,5000.0,5000.0,5000.0,0.0,0.0
Tamil Nadu,Thiruvarur,Mannargudi Ii(Uzhavar Sandhai ),Elephant Yam(Suran)/Amorphophallus,2026-09-24,5600.0,5600.0,5600.0,0.0,0.0
Tamil Nadu,Thirunelveli,Melapalayam(Uzhavar Sandhai ),Elephant Yam(Suran)/Amorphophallus,2026-09-24,3600.0,4000.0,3800.0,0.0,400.0
Tamil Nadu,Madurai,Melur(Uzhavar Sandhai ),Elephant Yam(Suran)/Amorphophallus,2026-09-24,4000.0,4500.0,4250.0,0.0,500.0
Tamil Nadu,Coimbatore,Mettupalayam(Uzhavar Sandhai ),Elephant Yam(Suran)/Amorphophallus,2026-09-24,3500.0,4000.0,3750.0,0.0,500.0
Tamil Nadu,Thiruchirappalli,Musiri(Uzhavar Sandhai ),Elephant Yam(Suran)/Amorphophallus,2026-09-24,3000.0,3600.0,3300.0,0.0,600.0
Tamil Nadu,Nagapattinam,Nagapattinam(Uzhavar Sandhai ),Elephant Yam(Suran)/Amorphophallus,2026-09-24,6600.0,7500.0,7050.0,0.0,900.0
Tamil Nadu,Namakkal,Namakkal(Uzhavar Sandhai ),Elephant Yam(Suran)/Amorphophallus,2026-09-24,3000.0,3500.0,3250.0,0.0,500.0
Tamil Nadu,Chengalpattu,Nanganallur(Uzhavar Sandhai ),Elephant Yam(Suran)/Amorphophallus,2026-09-24,5500.0,6000.0,5750.0,0.0,500.0
Keralam,Thiruvananthapuram,Neyyatinkara Market,Elephant Yam(Suran)/Amorphophallus,2026-09-24,3400.0,4000.0,3700.0,0.0,600.0
Keralam,Ernakulam,North Paravur Market,Elephant Yam(Suran)/Amorphophallus,2026-09-24,3000.0,4000.0,3500.0,0.0,1000.0
Tamil Nadu,Dharmapuri,Palacode(Uzhavar Sandhai ),Elephant Yam(Suran)/Amorphophallus,2026-09-24,5600.0,6000.0,5800.0,0.0,400.0
Tamil Nadu,Madurai,Palanganatham(Uzhavar Sandhai ),Elephant Yam(Suran)/Amorphophallus,2026-09-24,4000.0,4500.0,4250.0,0.0,500.0
Tamil Nadu,Dindigul,Palani(Uzhavar Sandhai ),Elephant Yam(Suran)/Amorphophallus,2026-09-24,4000.0,4800.0,4400.0,0.0,800.0
Tamil Nadu,Thirunelveli,Palayamkottai(Uzhavar Sandhai ),Elephant Yam(Suran)/Amorphophallus,2026-09-24,3600.0,4000.0,3800.0,0.0,400.0
Tamil Nadu,Chengalpattu,Pallavaram(Uzhavar Sandhai ),Elephant Yam(Suran)/Amorphophallus,2026-09-24,5000.0,6000.0,5500.0,0.0,1000.0
Tamil Nadu,Ramanathapuram,Paramakudi(Uzhavar Sandhai ),Elephant Yam(Suran)/Amorphophallus,2026-09-24,6000.0,6400.0,6200.0,0.0,400.0
Tamil Nadu,Namakkal,Paramathivelur(Uzhavar Sandhai ),Elephant Yam(Suran)/Amorphophallus,2026-09-24,3500.0,4000.0,3750.0,0.0,500.0
Keralam,Thiruvananthapuram,Parassala Market,Elephant Yam(Suran)/Amorphophallus,2026-09-24,5000.0,5400.0,5200.0,0.0,400.0
Keralam,Palakad,Pattambi Market,Elephant Yam(Suran)/Amorphophallus,2026-09-24,3500.0,4000.0,3800.0,0.0,500.0
Tamil Nadu,Thanjavur,Pattukottai(Uzhavar Sandhai ),Elephant Yam(Suran)/Amorphophallus,2026-09-24,4500.0,4500.0,4500.0,0.0,0.0
Tamil Nadu,Perambalur,Perambalur(Uzhavar Sandhai ),Elephant Yam(Suran)/Amorphophallus,2026-09-24,4800.0,5200.0,5000.0,0.0,400.0
Keralam,Kozhikode(Calicut),Perambra Market,Elephant Yam(Suran)/Amorphophallus,2026-09-24,3900.0,4200.0,4000.0,0.0,300.0
Tamil Nadu,Theni,Periyakulam(Uzhavar Sandhai ),Elephant Yam(Suran)/Amorphophallus,2026-09-24,3500.0,3500.0,3500.0,0.0,0.0
Tamil Nadu,Erode,Periyar Nagar(Uzhavar Sandhai ),Elephant Yam(Suran)/Amorphophallus,2026-09-24,3000.0,3400.0,3200.0,0.0,400.0
Keralam,Ernakulam,Perumbavoor Market,Elephant Yam(Suran)/Amorphophallus,2026-09-24,3500.0,4500.0,4000.0,0.0,1000.0
Tamil Nadu,Erode,Perundurai(Uzhavar Sandhai ),Elephant Yam(Suran)/Amorphophallus,2026-09-24,3000.0,3500.0,3250.0,0.0,500.0
Tamil Nadu,Coimbatore,Pollachi(Uzhavar Sandhai ),Elephant Yam(Suran)/Amorphophallus,2026-09-24,3500.0,4000.0,3750.0,0.0,500.0
Tamil Nadu,Pudukkottai,Pudukottai(Uzhavar Sandhai ),Elephant Yam(Suran)/Amorphophallus,2026-09-24,5500.0,6000.0,5750.0,0.0,500.0
Maharashtra,Pune,Pune,Elephant Yam(Suran)/Amorphophallus,2026-09-24,3000.0,3000.0,3000.0,0.0,0.0
Keralam,Kozhikode(Calicut),Quilandy Market,Elephant Yam(Suran)/Amorphophallus,2026-09-24,4500.0,5000.0,4700.0,0.0,500.0
Tamil Nadu,Virudhunagar,Rajapalayam(Uzhavar Sandhai ),Elephant Yam(Suran)/Amorphophallus,2026-09-24,4500.0,5000.0,4750.0,0.0,500.0
Tamil Nadu,Ramanathapuram,Ramanathapuram(Uzhavar Sandhai ),Elephant Yam(Suran)/Amorphophallus,2026-09-24,6500.0,7000.0,6750.0,0.0,500.0
Tamil Nadu,Ranipet,Ranipettai(Uzhavar Sandhai ),Elephant Yam(Suran)/Amorphophallus,2026-09-24,5000.0,6000.0,5500.0,0.0,1000.0
Tamil Nadu,Namakkal,Rasipuram(Uzhavar Sandhai ),Elephant Yam(Suran)/Amorphophallus,2026-09-24,3500.0,4000.0,3750.0,0.0,500.0
Tamil Nadu,Coimbatore,Rspuram(Uzhavar Sandhai ),Elephant Yam(Suran)/Amorphophallus,2026-09-24,3000.0,3600.0,3300.0,0.0,600.0
Tamil Nadu,Erode,Sampath Nagar(Uzhavar Sandhai ),Elephant Yam(Suran)/Amorphophallus,2026-09-24,3000.0,3400.0,3200.0,0.0,400.0
Tamil Nadu,Tenkasi,Sankarankoil(Uzhavar Sandhai ),Elephant Yam(Suran)/Amorphophallus,2026-09-24,4000.0,4000.0,4000.0,0.0,0.0
Tamil Nadu,Kallakuruchi,Sankarapuram(Uzhavar Sandhai ),Elephant Yam(Suran)/Amorphophallus,2026-09-24,3000.0,3000.0,3000.0,0.0,0.0
Tamil Nadu,Erode,Sathiyamagalam(Uzhavar Sandhai ),Elephant Yam(Suran)/Amorphophallus,2026-09-24,3500.0,4000.0,3750.0,0.0,500.0
Tamil Nadu,Coimbatore,Singanallur(Uzhavar Sandhai ),Elephant Yam(Suran)/Amorphophallus,2026-09-24,3500.0,4000.0,3750.0,0.0,500.0
Tamil Nadu,Nagapattinam,Sirkali(Uzhavar Sandhai ),Elephant Yam(Suran)/Amorphophallus,2026-09-24,6500.0,7000.0,6750.0,0.0,500.0
Tamil Nadu,Sivaganga,Sivagangai (Uzhavar Sandhai ),Elephant Yam(Suran)/Amorphophallus,2026-09-24,4200.0,4600.0,4400.0,0.0,400.0
Tamil Nadu,Virudhunagar,Sivakasi(Uzhavar Sandhai ),Elephant Yam(Suran)/Amorphophallus,2026-09-24,4000.0,5000.0,4500.0,0.0,1000.0
Tamil Nadu,Salem,Sooramangalam(Uzhavar Sandhai ),Elephant Yam(Suran)/Amorphophallus,2026-09-24,4500.0,5000.0,4750.0,0.0,500.0
Tamil Nadu,Virudhunagar,Srivilliputhur(Uzhavar Sandhai ),Elephant Yam(Suran)/Amorphophallus,2026-09-24,4500.0,5000.0,4750.0,0.0,500.0
Tamil Nadu,Coimbatore,Sulur(Uzhavar Sandhai ),Elephant Yam(Suran)/Amorphophallus,2026-09-24,3500.0,4000.0,3750.0,0.0,500.0
Tamil Nadu,Coimbatore,Sundarapuram(Uzhavar Sandhai ),Elephant Yam(Suran)/Amorphophallus,2026-09-24,3500.0,4000.0,3750.0,0.0,500.0
Gujarat,Surat,Surat Apmc,Elephant Yam(Suran)/Amorphophallus,2026-09-24,1000.0,5000.0,3000.0,0.0,4000.0
Tamil Nadu,Thiruvannamalai,Tamarainagar(Uzhavar Sandhai ),Elephant Yam(Suran)/Amorphophallus,2026-09-24,5000.0,6000.0,5500.0,0.0,1000.0
Tamil Nadu,Tenkasi,Tenkasi(Uzhavar Sandhai ),Elephant Yam(Suran)/Amorphophallus,2026-09-24,4000.0,4000.0,4000.0,0.0,0.0
Tamil Nadu,Virudhunagar,Thalavaipuram(Uzhavar Sandhai ),Elephant Yam(Suran)/Amorphophallus,2026-09-24,4000.0,5000.0,4500.0,0.0,1000.0
Tamil Nadu,Salem,Thammampatti (Uzhavar Sandhai ),Elephant Yam(Suran)/Amorphophallus,2026-09-24,2500.0,3000.0,2750.0,0.0,500.0
Tamil Nadu,Thanjavur,Thanjavur(Uzhavar Sandhai ),Elephant Yam(Suran)/Amorphophallus,2026-09-24,4600.0,4600.0,4600.0,0.0,0.0
Tamil Nadu,Salem,Thathakapatti(Uzhavar Sandhai ),Elephant Yam(Suran)/Amorphophallus,2026-09-24,5000.0,5500.0,5250.0,0.0,500.0
Tamil Nadu,Theni,Theni(Uzhavar Sandhai ),Elephant Yam(Suran)/Amorphophallus,2026-09-24,3500.0,3500.0,3500.0,0.0,0.0
Tamil Nadu,Madurai,Thirumangalam(Uzhavar Sandhai ),Elephant Yam(Suran)/Amorphophallus,2026-09-24,4000.0,4500.0,4250.0,0.0,500.0
Keralam,Ernakulam,Thrippunithura Market,Elephant Yam(Suran)/Amorphophallus,2026-09-24,4400.0,6000.0,4600.0,0.0,1600.0
Tamil Nadu,Thiruchirappalli,Thuraiyur Apmc,Elephant Yam(Suran)/Amorphophallus,2026-09-24,2800.0,3300.0,3050.0,0.0,500.0
Tamil Nadu,Namakkal,Tiruchengode Apmc,Elephant Yam(Suran)/Amorphophallus,2026-09-24,3000.0,3500.0,3250.0,0.0,500.0
Tamil Nadu,Sivaganga,Tirupatthur(Uzhavar Sandhai ),Elephant Yam(Suran)/Amorphophallus,2026-09-24,4500.0,4800.0,4650.0,0.0,300.0
Tamil Nadu,Thirupur,Tiruppur (North) (Uzhavar Sandhai ),Elephant Yam(Suran)/Amorphophallus,2026-09-24,5000.0,6000.0,5500.0,0.0,1000.0
Tamil Nadu,Thiruvannamalai,Tiruvannamalai(Uzhavar Sandhai ),Elephant Yam(Suran)/Amorphophallus,2026-09-24,5000.0,6000.0,5500.0,0.0,1000.0
Tamil Nadu,Tuticorin,Tuticorin(Uzhavar Sandhai ),Elephant Yam(Suran)/Amorphophallus,2026-09-24,4500.0,5000.0,4750.0,0.0,500.0
Tamil Nadu,The Nilgiris,Udhagamandalam(Uzhavar Sandhai ),Elephant Yam(Suran)/Amorphophallus,2026-09-24,3500.0,4000.0,3750.0,0.0,500.0
Tamil Nadu,Coimbatore,Udumalpet Apmc,Elephant Yam(Suran)/Amorphophallus,2026-09-24,6000.0,7000.0,6500.0,0.0,1000.0
Tamil Nadu,Villupuram,Ulundurpettai Apmc,Elephant Yam(Suran)/Amorphophallus,2026-09-24,6000.0,6000.0,6000.0,0.0,0.0
Tamil Nadu,Madurai,Usilampatti(Uzhavar Sandhai ),Elephant Yam(Suran)/Amorphophallus,2026-09-24,4000.0,4500.0,4250.0,0.0,500.0
Tamil Nadu,Nagercoil (Kannyiakumari),Vadaseri Apmc,Elephant Yam(Suran)/Amorphophallus,2026-09-24,6000.0,6500.0,6250.0,0.0,500.0
Tamil Nadu,Coimbatore,Vadavalli(Uzhavar Sandhai ),Elephant Yam(Suran)/Amorphophallus,2026-09-24,3200.0,3600.0,3400.0,0.0,400.0
Gujarat,Surendranagar,Vadhvan Apmc,Elephant Yam(Suran)/Amorphophallus,2026-09-24,3500.0,4500.0,4000.0,0.0,1000.0
Tamil Nadu,Salem,Vazhapadi(Uzhavar Sandhai),Elephant Yam(Suran)/Amorphophallus,2026-09-24,3500.0,3500.0,3500.0,0.0,0.0
Tamil Nadu,Villupuram,Villupuram(Uzhavar Sandhai ),Elephant Yam(Suran)/Amorphophallus,2026-09-24,6500.0,6500.0,6500.0,0.0,0.0
Telangana,Ranga Reddy,"Saroornagar,Rbz",Field Bean(Anumulu),2026-09-24,4500.0,4500.0,4500.0,0.0,0.0
Punjab,Hoshiarpur,Garh Shankar Apmc,Field Pea,2026-09-24,8000.0,8000.0,8000.0,0.0,0.0
Keralam,Ernakulam,Perumbavoor Market,Field Pea,2026-09-24,4000.0,5000.0,4500.0,0.0,1000.0
Telangana,Hyderabad,Rythu Bazar Mehdipatnam,Field Pea,2026-09-24,4500.0,4500.0,4500.0,0.0,0.0
Punjab,Hoshiarpur,Tanda Urmur Apmc,Field Pea,2026-09-24,10000.0,12000.0,11000.0,0.0,2000.0
Telangana,Siddipet,Vantamamidi Apmc,Field Pea,2026-09-24,2500.0,2500.0,2500.0,0.0,0.0
Tamil Nadu,Namakkal,Rasipuram(Uzhavar Sandhai ),Fig(Anjura/Anjeer),2026-09-24,14000.0,15000.0,14500.0,0.0,1000.0
Tamil Nadu,Thiruvannamalai,Tamarainagar(Uzhavar Sandhai ),Fig(Anjura/Anjeer),2026-09-24,5000.0,6000.0,5500.0,0.0,1000.0
Tamil Nadu,Villupuram,Tindivanam Apmc,Fig(Anjura/Anjeer),2026-09-24,16000.0,16000.0,16000.0,0.0,0.0
Tamil Nadu,Thiruvannamalai,Tiruvannamalai(Uzhavar Sandhai ),Fig(Anjura/Anjeer),2026-09-24,7000.0,8000.0,7500.0,0.0,1000.0
Uttar Pradesh,Badaun,Badayoun Apmc,Firewood,2026-09-24,460.0,460.0,460.0,0.0,0.0
Uttar Pradesh,Unnao,Bangarmau Apmc,Firewood,2026-09-24,450.0,510.0,493.62,0.0,60.0
Uttar Pradesh,Lucknow,Banthara Apmc,Firewood,2026-09-24,590.0,590.0,590.0,0.0,0.0
Uttar Pradesh,Bareilly,Bareilly Apmc,Firewood,2026-09-24,610.0,610.0,610.0,0.0,0.0
Uttar Pradesh,Kasganj,Kasganj Apmc,Firewood,2026-09-24,450.0,450.0,450.0,0.0,0.0
Uttar Pradesh,Raebarelli,Lalganj Apmc,Firewood,2026-09-24,350.0,350.0,350.0,0.0,0.0
Uttar Pradesh,Lucknow,Lucknow Apmc,Firewood,2026-09-24,350.0,350.0,350.0,0.0,0.0
Uttar Pradesh,Hamirpur,Maudaha Apmc,Firewood,2026-09-24,430.0,430.0,430.0,0.0,0.0
Uttar Pradesh,Sitapur,Mishrit Apmc,Firewood,2026-09-24,300.0,300.0,300.0,0.0,0.0
Uttar Pradesh,Hamirpur,Muskara Apmc,Firewood,2026-09-24,400.0,400.0,400.0,0.0,0.0
Uttar Pradesh,Bahraich,Rupaidiha Apmc,Firewood,2026-09-24,510.0,510.0,510.0,0.0,0.0
Uttar Pradesh,Sitapur,Sidhauli Apmc,Firewood,2026-09-24,350.0,350.0,350.0,0.0,0.0
Uttar Pradesh,Sitapur,Sitapur Apmc,Firewood,2026-09-24,350.0,430.0,400.94,0.0,80.0
Uttar Pradesh,Sitapur,Viswan Apmc,Firewood,2026-09-24,300.0,300.0,300.0,0.0,0.0
Odisha,Mayurbhanja,Karanjia Apmc,Fish,2026-09-24,19000.0,20000.0,20000.0,0.0,1000.0
Karnataka,Chitradurga,Hiriyur Apmc,Foxtail Millet(Navane),2026-09-24,3900.0,3900.0,3900.0,0.0,0.0
Karnataka,Koppal,Kustagi Apmc,Foxtail Millet(Navane),2026-09-24,3400.0,3400.0,3400.0,0.0,0.0
Karnataka,Raichur,Sindhanur Apmc,Foxtail Millet(Navane),2026-09-24,3500.0,3900.0,3500.0,0.0,400.0
Maharashtra,Ratnagiri,Apmc Ratnagiri (Nachane) ,French Beans(Frasbean),2026-09-24,2500.0,3500.0,3000.0,0.0,1000.0
Keralam,Kottayam,Athirampuzha Market,French Beans(Frasbean),2026-09-24,9400.0,9600.0,9500.0,0.0,200.0
Punjab,Ludhiana,Doraha Apmc,French Beans(Frasbean),2026-09-24,3000.0,4000.0,3500.0,0.0,1000.0
Punjab,Gurdaspur,Gurdaspur Apmc,French Beans(Frasbean),2026-09-24,4000.0,4000.0,4000.0,0.0,0.0
Keralam,Idukki,Kattappana Market,French Beans(Frasbean),2026-09-24,6800.0,7500.0,7000.0,0.0,700.0
Punjab,Ludhiana,Ludhiana Apmc,French Beans(Frasbean),2026-09-24,1700.0,2500.0,2200.0,0.0,800.0
Jammu and Kashmir,Jammu,Mac F&V Market Narwal Jammu,French Beans(Frasbean),2026-09-24,4500.0,5000.0,4750.0,0.0,500.0
Punjab,Sangrur,Malerkotla Apmc,French Beans(Frasbean),2026-09-24,3000.0,3500.0,3000.0,0.0,500.0
Maharashtra,Mumbai,Mumbai,French Beans(Frasbean),2026-09-24,2400.0,3000.0,2700.0,0.0,600.0
Keralam,Ernakulam,North Paravur Market,French Beans(Frasbean),2026-09-24,9000.0,9800.0,9500.0,0.0,800.0
Keralam,Palakad,Pattambi Market,French Beans(Frasbean),2026-09-24,7500.0,8000.0,7800.0,0.0,500.0
Himachal Pradesh,Kangra,Pmy Kangra,French Beans(Frasbean),2026-09-24,5000.0,6000.0,5500.0,0.0,1000.0
Himachal Pradesh,Solan,Pmy Kather Solan,French Beans(Frasbean),2026-09-24,2000.0,5000.0,3500.0,0.0,3000.0
Keralam,Kozhikode(Calicut),Quilandy Market,French Beans(Frasbean),2026-09-24,8000.0,8500.0,8200.0,0.0,500.0
Punjab,Ropar (Rupnagar),Ropar Apmc,French Beans(Frasbean),2026-09-24,3600.0,4000.0,3800.0,0.0,400.0
Uttarakhand,Udhamsinghnagar,Rudrapur Apmc,French Beans(Frasbean),2026-09-24,4000.0,7000.0,6000.0,0.0,3000.0
Telangana,Hyderabad,Rythu Bazar Mehdipatnam,French Beans(Frasbean),2026-09-24,5000.0,5000.0,5000.0,0.0,0.0
Telangana,Ranga Reddy,"Saroornagar,Rbz",French Beans(Frasbean),2026-09-24,5000.0,5000.0,5000.0,0.0,0.0
Meghalaya,East Khasi Hills,Shillong Apmc,French Beans(Frasbean),2026-09-24,6000.0,8000.0,7000.0,0.0,2000.0
Punjab,Fatehgarh,Sirhind Apmc,French Beans(Frasbean),2026-09-24,2500.0,5000.0,4000.0,0.0,2500.0
Himachal Pradesh,Kangra,Smy Dharamshala,French Beans(Frasbean),2026-09-24,6500.0,7000.0,6750.0,0.0,500.0
Himachal Pradesh,Kangra,Smy Jaisinghpur,French Beans(Frasbean),2026-09-24,6500.0,7000.0,6800.0,0.0,500.0
Himachal Pradesh,Mandi,Smy Jogindernagar,French Beans(Frasbean),2026-09-24,4000.0,5000.0,4500.0,0.0,1000.0
Himachal Pradesh,Kangra,Smy Nagrota Bagwan,French Beans(Frasbean),2026-09-24,5000.0,5500.0,5200.0,0.0,500.0
Himachal Pradesh,Kangra,Smy Palampur,French Beans(Frasbean),2026-09-24,6000.0,6500.0,6200.0,0.0,500.0
Gujarat,Surat,Surat Apmc,French Beans(Frasbean),2026-09-24,2000.0,3500.0,2750.0,0.0,1500.0
Gujarat,Surendranagar,Vadhvan Apmc,French Beans(Frasbean),2026-09-24,1500.0,2500.0,2000.0,0.0,1000.0
Uttarakhand,Dehradoon,Vikasnagar Apmc,French Beans(Frasbean),2026-09-24,1000.0,2600.0,1500.0,0.0,1600.0
Keralam,Kottayam,Athirampuzha Market,Galgal(Lemon),2026-09-24,19000.0,19200.0,19100.0,0.0,200.0
Uttar Pradesh,Auraiya,Achalda Apmc,Garlic,2026-09-24,3010.0,3010.0,3010.0,0.0,0.0
Tamil Nadu,Dharmapuri,Ajattihalli(Uzhavar Sandhai ),Garlic,2026-09-24,20000.0,26000.0,23000.0,0.0,6000.0
Tamil Nadu,Madurai,Anaiyur(Uzhavar Sandhai ),Garlic,2026-09-24,14000.0,27000.0,20500.0,0.0,13000.0
Tamil Nadu,Theni,Andipatti(Uzhavar Sandhai ),Garlic,2026-09-24,24000.0,24000.0,24000.0,0.0,0.0
Tamil Nadu,Madurai,Anna Nagar(Uzhavar Sandhai ),Garlic,2026-09-24,14000.0,17000.0,15500.0,0.0,3000.0
Tamil Nadu,Thiruvannamalai,Arani(Uzhavar Sandhai ),Garlic,2026-09-24,25000.0,28000.0,26500.0,0.0,3000.0
Tamil Nadu,Ranipet,Arcot(Uzhavar Sandhai ),Garlic,2026-09-24,20000.0,20000.0,20000.0,0.0,0.0
Tamil Nadu,Virudhunagar,Aruppukottai(Uzhavar Sandhai ),Garlic,2026-09-24,22000.0,24000.0,23000.0,0.0,2000.0
Keralam,Kottayam,Athirampuzha Market,Garlic,2026-09-24,19000.0,20000.0,19500.0,0.0,1000.0
Tamil Nadu,Salem,Athur(Uzhavar Sandhai ),Garlic,2026-09-24,20000.0,22000.0,21000.0,0.0,2000.0
Tamil Nadu,Krishnagiri,Avallapalli(Uzhavar Sandhai ),Garlic,2026-09-24,22000.0,24000.0,23000.0,0.0,2000.0
Madhya Pradesh,Dhar,Badnawar Apmc,Garlic,2026-09-24,3800.0,3800.0,3800.0,0.0,0.0
Madhya Pradesh,Bhopal,Bhopal Apmc,Garlic,2026-09-24,3300.0,6600.0,6600.0,0.0,3300.0
Tamil Nadu,Thiruvannamalai,Chengam(Uzhavar Sandhai ),Garlic,2026-09-24,20000.0,24000.0,22000.0,0.0,4000.0
Keralam,Alappuzha,Chengannur Market,Garlic,2026-09-24,19500.0,20200.0,20000.0,0.0,700.0
Tamil Nadu,Theni,Chinnamanur(Uzhavar Sandhai ),Garlic,2026-09-24,16000.0,24000.0,20000.0,0.0,8000.0
Tamil Nadu,Madurai,Chokkikulam(Uzhavar Sandhai ),Garlic,2026-09-24,14000.0,27000.0,20500.0,0.0,13000.0
Tamil Nadu,The Nilgiris,Coonoor(Uzhavar Sandhai ),Garlic,2026-09-24,21000.0,22000.0,21500.0,0.0,1000.0
Tamil Nadu,Krishnagiri,Denkanikottai(Uzhavar Sandhai ),Garlic,2026-09-24,22000.0,24000.0,23000.0,0.0,2000.0
Tamil Nadu,Dharmapuri,Dharmapuri(Uzhavar Sandhai ),Garlic,2026-09-24,23000.0,24000.0,23500.0,0.0,1000.0
Tamil Nadu,Dindigul,Dindigul(Uzhavar Sandhai ),Garlic,2026-09-24,25000.0,28000.0,26500.0,0.0,3000.0
Punjab,Ludhiana,Doraha Apmc,Garlic,2026-09-24,10000.0,12000.0,11000.0,0.0,2000.0
Tamil Nadu,Salem,Elampillai(Uzhavar Sandhai ),Garlic,2026-09-24,27000.0,28000.0,27500.0,0.0,1000.0
Uttar Pradesh,Etah,Etah Apmc,Garlic,2026-09-24,8000.0,8000.0,8000.0,0.0,0.0
Uttar Pradesh,Mainpuri,Ghiraur Apmc,Garlic,2026-09-24,7000.0,8000.0,7106.77,0.0,1000.0
Tamil Nadu,The Nilgiris,Gudalur(Uzhavar Sandhai ),Garlic,2026-09-24,20000.0,21000.0,20500.0,0.0,1000.0
Tamil Nadu,Vellore,Gudiyatham(Uzhavar Sandhai ),Garlic,2026-09-24,24000.0,24000.0,24000.0,0.0,0.0
Punjab,Gurdaspur,Gurdaspur Apmc,Garlic,2026-09-24,10000.0,10000.0,10000.0,0.0,0.0
Uttar Pradesh,Hathras,Haathras Apmc,Garlic,2026-09-24,8000.0,8000.0,8000.0,0.0,0.0
Haryana,Hissar,Hansi Apmc,Garlic,2026-09-24,10000.0,20000.0,15000.0,0.0,10000.0
Tamil Nadu,Dharmapuri,Harur(Uzhavar Sandhai ),Garlic,2026-09-24,18000.0,20000.0,19000.0,0.0,2000.0
Tamil Nadu,Salem,Hasthampatti(Uzhavar Sandhai ),Garlic,2026-09-24,19000.0,20000.0,19500.0,0.0,1000.0
Tamil Nadu,Krishnagiri,Hosur(Uzhavar Sandhai ),Garlic,2026-09-24,22000.0,24000.0,23000.0,0.0,2000.0
Madhya Pradesh,Indore,Indore Apmc,Garlic,2026-09-24,2800.0,2800.0,2800.0,0.0,0.0
Tamil Nadu,Chengalpattu,Jameenrayapettai(Uzhavar Sandhai ),Garlic,2026-09-24,26000.0,28000.0,27000.0,0.0,2000.0
Tamil Nadu,Vellore,Kahithapattarai(Uzhavar Sandhai ),Garlic,2026-09-24,22000.0,22000.0,22000.0,0.0,0.0
Tamil Nadu,Kallakuruchi,Kallakurichi(Uzhavar Sandhai ),Garlic,2026-09-24,26000.0,26000.0,26000.0,0.0,0.0
Tamil Nadu,Dharmapuri,Karimangalam(Uzhavar Sandhai),Garlic,2026-09-24,19000.0,20000.0,19500.0,0.0,1000.0
Tamil Nadu,Vellore,Katpadi (Uzhavar Sandhai ),Garlic,2026-09-24,21000.0,23000.0,22000.0,0.0,2000.0
Tamil Nadu,Thiruchirappalli,Kknagar(Uzhavar Sandhai ),Garlic,2026-09-24,26000.0,26000.0,26000.0,0.0,0.0
Rajasthan,Kota,Kota Apmc,Garlic,2026-09-24,13000.0,13000.0,13000.0,0.0,0.0
Tamil Nadu,Krishnagiri,Krishnagiri(Uzhavar Sandhai ),Garlic,2026-09-24,18000.0,20000.0,19000.0,0.0,2000.0
Tamil Nadu,Thanjavur,Kumbakonam (Uzhavar Sandhai ),Garlic,2026-09-24,20000.0,20000.0,20000.0,0.0,0.0
Punjab,Mohali,Lalru Apmc,Garlic,2026-09-24,16000.0,16000.0,16000.0,0.0,0.0
Punjab,Ludhiana,Ludhiana Apmc,Garlic,2026-09-24,4500.0,8500.0,7000.0,0.0,4000.0
Jammu and Kashmir,Jammu,Mac F&V Market Narwal Jammu,Garlic,2026-09-24,15000.0,18000.0,16500.0,0.0,3000.0
Tamil Nadu,Chengalpattu,Madhuranthagam(Uzhavar Sandhai ),Garlic,2026-09-24,16000.0,16000.0,16000.0,0.0,0.0
Punjab,Sangrur,Malerkotla Apmc,Garlic,2026-09-24,6500.0,10000.0,8000.0,0.0,3500.0
Tamil Nadu,Thiruchirappalli,Manachanallur(Uzhavar Sandhai ),Garlic,2026-09-24,16000.0,16000.0,16000.0,0.0,0.0
Tamil Nadu,Thiruchirappalli,Manapparai(Uzhavar Sandhai ),Garlic,2026-09-24,25000.0,25000.0,25000.0,0.0,0.0
Tamil Nadu,Thiruvarur,Mannargudi I(Uzhavar Sandhai ),Garlic,2026-09-24,22000.0,22000.0,22000.0,0.0,0.0
Tamil Nadu,Thiruvarur,Mannargudi Ii(Uzhavar Sandhai ),Garlic,2026-09-24,8000.0,22000.0,15000.0,0.0,14000.0
Uttar Pradesh,Mathura,Mathura Apmc,Garlic,2026-09-24,12000.0,12000.0,12000.0,0.0,0.0
Tamil Nadu,Thirunelveli,Melapalayam(Uzhavar Sandhai ),Garlic,2026-09-24,24000.0,28000.0,26000.0,0.0,4000.0
Tamil Nadu,Coimbatore,Mettupalayam(Uzhavar Sandhai ),Garlic,2026-09-24,16000.0,18000.0,17000.0,0.0,2000.0
Tamil Nadu,Salem,Mettur(Uzhavar Sandhai ),Garlic,2026-09-24,27000.0,28000.0,27500.0,0.0,1000.0
Tamil Nadu,Nagapattinam,Nagapattinam(Uzhavar Sandhai ),Garlic,2026-09-24,15000.0,19000.0,17000.0,0.0,4000.0
Tamil Nadu,Namakkal,Namakkal(Uzhavar Sandhai ),Garlic,2026-09-24,20000.0,28000.0,24000.0,0.0,8000.0
Tamil Nadu,Chengalpattu,Nanganallur(Uzhavar Sandhai ),Garlic,2026-09-24,19000.0,20000.0,19500.0,0.0,1000.0
Tamil Nadu,Thirupathur,Natrampalli(Uzhavar Sandhai ),Garlic,2026-09-24,25000.0,28000.0,26500.0,0.0,3000.0
Keralam,Ernakulam,North Paravur Market,Garlic,2026-09-24,22000.0,25000.0,23000.0,0.0,3000.0
Tamil Nadu,Dharmapuri,Palacode(Uzhavar Sandhai ),Garlic,2026-09-24,19500.0,20000.0,19750.0,0.0,500.0
Tamil Nadu,Madurai,Palanganatham(Uzhavar Sandhai ),Garlic,2026-09-24,26000.0,27000.0,26500.0,0.0,1000.0
Tamil Nadu,Dindigul,Palani(Uzhavar Sandhai ),Garlic,2026-09-24,16000.0,25000.0,20500.0,0.0,9000.0
Tamil Nadu,Thirunelveli,Palayamkottai(Uzhavar Sandhai ),Garlic,2026-09-24,22000.0,30000.0,26000.0,0.0,8000.0
Tamil Nadu,Chengalpattu,Pallavaram(Uzhavar Sandhai ),Garlic,2026-09-24,25000.0,30000.0,27500.0,0.0,5000.0
Tamil Nadu,Vellore,Pallikonda(Uzhavar Sandhai),Garlic,2026-09-24,19000.0,20000.0,19500.0,0.0,1000.0
Punjab,Tarntaran,Patti Apmc,Garlic,2026-09-24,10.2,10.2,10.2,0.0,0.0
Tamil Nadu,Thanjavur,Pattukottai(Uzhavar Sandhai ),Garlic,2026-09-24,16000.0,16000.0,16000.0,0.0,0.0
Tamil Nadu,Dharmapuri,Pennagaram(Uzhavar Sandhai ),Garlic,2026-09-24,20000.0,22000.0,21000.0,0.0,2000.0
Tamil Nadu,Perambalur,Perambalur(Uzhavar Sandhai ),Garlic,2026-09-24,20000.0,22000.0,21000.0,0.0,2000.0
Tamil Nadu,Vellore,Perampet(Uzhavar Sandhai),Garlic,2026-09-24,23000.0,23000.0,23000.0,0.0,0.0
Himachal Pradesh,Kangra,Pmy Kangra,Garlic,2026-09-24,20000.0,23000.0,22000.0,0.0,3000.0
Himachal Pradesh,Solan,Pmy Kather Solan,Garlic,2026-09-24,7000.0,22000.0,16000.0,0.0,15000.0
Tamil Nadu,Coimbatore,Pollachi(Uzhavar Sandhai ),Garlic,2026-09-24,22000.0,26000.0,24000.0,0.0,4000.0
Tamil Nadu,Thiruvannamalai,Polur(Uzhavar Sandhai ),Garlic,2026-09-24,22000.0,26000.0,24000.0,0.0,4000.0
Tamil Nadu,Pudukkottai,Pudukottai(Uzhavar Sandhai ),Garlic,2026-09-24,29500.0,30000.0,29750.0,0.0,500.0
Maharashtra,Pune,Pune,Garlic,2026-09-24,12000.0,12000.0,12000.0,0.0,0.0
Punjab,Ropar (Rupnagar),Ropar Apmc,Garlic,2026-09-24,11000.0,12000.0,11500.0,0.0,1000.0
Tamil Nadu,Coimbatore,Rspuram(Uzhavar Sandhai ),Garlic,2026-09-24,22000.0,23600.0,22800.0,0.0,1600.0
Uttarakhand,Udhamsinghnagar,Rudrapur Apmc,Garlic,2026-09-24,8000.0,12000.0,9000.0,0.0,4000.0
Uttar Pradesh,Shamli,Shamli Apmc,Garlic,2026-09-24,8000.0,8000.0,8000.0,0.0,0.0
Tamil Nadu,Coimbatore,Singanallur(Uzhavar Sandhai ),Garlic,2026-09-24,23000.0,24000.0,23500.0,0.0,1000.0
Punjab,Fatehgarh,Sirhind Apmc,Garlic,2026-09-24,15000.0,15700.0,15200.0,0.0,700.0
Himachal Pradesh,Kangra,Smy Dharamshala,Garlic,2026-09-24,18000.0,20000.0,19000.0,0.0,2000.0
Himachal Pradesh,Kangra,Smy Palampur,Garlic,2026-09-24,15000.0,20000.0,17500.0,0.0,5000.0
Himachal Pradesh,Una,Smy Santoshgarh,Garlic,2026-09-24,14000.0,15000.0,14500.0,0.0,1000.0
Tamil Nadu,Coimbatore,Sulur(Uzhavar Sandhai ),Garlic,2026-09-24,18000.0,20000.0,19000.0,0.0,2000.0
Tamil Nadu,Coimbatore,Sundarapuram(Uzhavar Sandhai ),Garlic,2026-09-24,23000.0,24000.0,23500.0,0.0,1000.0
Punjab,Hoshiarpur,Tanda Urmur Apmc,Garlic,2026-09-24,14000.0,16000.0,15000.0,0.0,2000.0
Uttar Pradesh,Rampur,Tanda(Rampur) Apmc,Garlic,2026-09-24,10000.0,10000.0,10000.0,0.0,0.0
Tamil Nadu,Tenkasi,Tenkasi(Uzhavar Sandhai ),Garlic,2026-09-24,16000.0,16000.0,16000.0,0.0,0.0
Tamil Nadu,Salem,Thammampatti (Uzhavar Sandhai ),Garlic,2026-09-24,24000.0,28000.0,26000.0,0.0,4000.0
Tamil Nadu,Thanjavur,Thanjavur(Uzhavar Sandhai ),Garlic,2026-09-24,22000.0,22000.0,22000.0,0.0,0.0
Tamil Nadu,Salem,Thathakapatti(Uzhavar Sandhai ),Garlic,2026-09-24,20000.0,28000.0,24000.0,0.0,8000.0
Tamil Nadu,Theni,Theni(Uzhavar Sandhai ),Garlic,2026-09-24,10000.0,20000.0,15000.0,0.0,10000.0
Tamil Nadu,Vellore,Thirupathur Apmc,Garlic,2026-09-24,26000.0,26000.0,26000.0,0.0,0.0
Tamil Nadu,Thiruchirappalli,Thiruverumbur(Uzhavar Sandhai ),Garlic,2026-09-24,20000.0,20000.0,20000.0,0.0,0.0
Tamil Nadu,Thiruvellore,Tiruthani(Uzhavar Sandhai ),Garlic,2026-09-24,24000.0,24000.0,24000.0,0.0,0.0
Tamil Nadu,Thiruvannamalai,Tiruvannamalai(Uzhavar Sandhai ),Garlic,2026-09-24,25000.0,28000.0,26500.0,0.0,3000.0
Tamil Nadu,Tuticorin,Tuticorin(Uzhavar Sandhai ),Garlic,2026-09-24,21000.0,22000.0,21500.0,0.0,1000.0
Tamil Nadu,The Nilgiris,Udhagamandalam(Uzhavar Sandhai ),Garlic,2026-09-24,20000.0,21000.0,20500.0,0.0,1000.0
Tamil Nadu,Cuddalore,Vadalur(Uzhavar Sandhai ),Garlic,2026-09-24,15000.0,20000.0,17500.0,0.0,5000.0
Tamil Nadu,Nagercoil (Kannyiakumari),Vadaseri Apmc,Garlic,2026-09-24,22000.0,22500.0,22250.0,0.0,500.0
Tamil Nadu,Coimbatore,Vadavalli(Uzhavar Sandhai ),Garlic,2026-09-24,22000.0,23600.0,22800.0,0.0,1600.0
Tamil Nadu,Thirupathur,Vaniyampadi(Uzhavar Sandhai ),Garlic,2026-09-24,24000.0,24000.0,24000.0,0.0,0.0
Tamil Nadu,Salem,Vazhapadi(Uzhavar Sandhai),Garlic,2026-09-24,20000.0,25000.0,22500.0,0.0,5000.0
Tamil Nadu,Vellore,Vellore Apmc,Garlic,2026-09-24,20000.0,21500.0,20750.0,0.0,1500.0
Uttarakhand,Dehradoon,Vikasnagar Apmc,Garlic,2026-09-24,7500.0,9000.0,9000.0,0.0,1500.0
Andhra Pradesh,Visakhapatnam,Visakhapatnam Apmc,Ghee,2026-09-24,58300.0,58300.0,58300.0,0.0,0.0
Andhra Pradesh,Alluri Sitharama Raju,Araku Valley Apmc,Ginger(Dry),2026-09-24,13500.0,13800.0,13600.0,0.0,300.0
Punjab,Hoshiarpur,Garh Shankar Apmc,Ginger(Dry),2026-09-24,5000.0,5000.0,5000.0,0.0,0.0
Haryana,Hissar,Hansi Apmc,Ginger(Dry),2026-09-24,8000.0,10000.0,9000.0,0.0,2000.0
Meghalaya,East Khasi Hills,Shillong Apmc,Ginger(Dry),2026-09-24,11000.0,13000.0,12000.0,0.0,2000.0
Tamil Nadu,Dharmapuri,Ajattihalli(Uzhavar Sandhai ),Ginger(Green),2026-09-24,20000.0,22000.0,21000.0,0.0,2000.0
Tamil Nadu,Salem,Ammapet(Uzhavar Sandhai ),Ginger(Green),2026-09-24,16000.0,17000.0,16500.0,0.0,1000.0
Tamil Nadu,Madurai,Anaiyur(Uzhavar Sandhai ),Ginger(Green),2026-09-24,11000.0,19000.0,15000.0,0.0,8000.0
Tamil Nadu,Theni,Andipatti(Uzhavar Sandhai ),Ginger(Green),2026-09-24,9000.0,16000.0,12500.0,0.0,7000.0
Tamil Nadu,Madurai,Anna Nagar(Uzhavar Sandhai ),Ginger(Green),2026-09-24,18000.0,18000.0,18000.0,0.0,0.0
Maharashtra,Ratnagiri,Apmc Ratnagiri (Nachane) ,Ginger(Green),2026-09-24,14000.0,17000.0,15000.0,0.0,3000.0
Tamil Nadu,Thiruvannamalai,Arani(Uzhavar Sandhai ),Ginger(Green),2026-09-24,15000.0,18000.0,16500.0,0.0,3000.0
Tamil Nadu,Ranipet,Arcot(Uzhavar Sandhai ),Ginger(Green),2026-09-24,18000.0,18000.0,18000.0,0.0,0.0
Tamil Nadu,Ariyalur,Ariyalur(Uzhavar Sandhai),Ginger(Green),2026-09-24,17000.0,18000.0,17500.0,0.0,1000.0
Tamil Nadu,Virudhunagar,Aruppukottai(Uzhavar Sandhai ),Ginger(Green),2026-09-24,18000.0,22000.0,20000.0,0.0,4000.0
Keralam,Kottayam,Athirampuzha Market,Ginger(Green),2026-09-24,17000.0,18000.0,17500.0,0.0,1000.0
Tamil Nadu,Salem,Athur(Uzhavar Sandhai ),Ginger(Green),2026-09-24,8000.0,18000.0,13000.0,0.0,10000.0
Tamil Nadu,Krishnagiri,Avallapalli(Uzhavar Sandhai ),Ginger(Green),2026-09-24,16000.0,18000.0,17000.0,0.0,2000.0
Uttar Pradesh,Balrampur,Balrampur Apmc,Ginger(Green),2026-09-24,2000.0,2000.0,2000.0,0.0,0.0
Madhya Pradesh,Betul,Betul(F&V) Apmc,Ginger(Green),2026-09-24,4000.0,6000.0,5000.0,0.0,2000.0
Uttarakhand,Dehradoon,Chakrata Apmc,Ginger(Green),2026-09-24,4000.0,5000.0,4200.0,0.0,1000.0
Chandigarh,Chandigarh,Chandigarh (Grain/F&V) Apmc,Ginger(Green),2026-09-24,3000.0,4000.0,4000.0,0.0,1000.0
Tamil Nadu,Thiruvannamalai,Chengam(Uzhavar Sandhai ),Ginger(Green),2026-09-24,15000.0,20000.0,17500.0,0.0,5000.0
Keralam,Alappuzha,Chengannur Market,Ginger(Green),2026-09-24,11800.0,20500.0,20000.0,0.0,8700.0
Tamil Nadu,Dindigul,Chinnalapatti(Uzhavar Sandhai ),Ginger(Green),2026-09-24,16000.0,18000.0,17000.0,0.0,2000.0
Tamil Nadu,Theni,Chinnamanur(Uzhavar Sandhai ),Ginger(Green),2026-09-24,7000.0,7000.0,7000.0,0.0,0.0
Tamil Nadu,Madurai,Chokkikulam(Uzhavar Sandhai ),Ginger(Green),2026-09-24,11000.0,19000.0,15000.0,0.0,8000.0
Tamil Nadu,The Nilgiris,Coonoor(Uzhavar Sandhai ),Ginger(Green),2026-09-24,15000.0,16000.0,15500.0,0.0,1000.0
Tamil Nadu,Cuddalore,Cuddalore(Uzhavar Sandhai ),Ginger(Green),2026-09-24,18000.0,18000.0,18000.0,0.0,0.0
Gujarat,Amreli,Damnagar Apmc,Ginger(Green),2026-09-24,5000.0,5000.0,5000.0,0.0,0.0
West Bengal,Darjeeling,Darjeeling Apmc,Ginger(Green),2026-09-24,8800.0,9200.0,9000.0,0.0,400.0
Tamil Nadu,Krishnagiri,Denkanikottai(Uzhavar Sandhai ),Ginger(Green),2026-09-24,17000.0,18000.0,17500.0,0.0,1000.0
Tamil Nadu,Sivaganga,Devakottai (Uzhavar Sandhai ),Ginger(Green),2026-09-24,12000.0,20000.0,16000.0,0.0,8000.0
Tamil Nadu,Thirupur,Dharapuram(Uzhavar Sandhai ),Ginger(Green),2026-09-24,17000.0,18000.0,17500.0,0.0,1000.0
Tamil Nadu,Dharmapuri,Dharmapuri(Uzhavar Sandhai ),Ginger(Green),2026-09-24,21000.0,22000.0,21500.0,0.0,1000.0
Tamil Nadu,Dindigul,Dindigul(Uzhavar Sandhai ),Ginger(Green),2026-09-24,15000.0,18000.0,16500.0,0.0,3000.0
Punjab,Ludhiana,Doraha Apmc,Ginger(Green),2026-09-24,5000.0,7000.0,6000.0,0.0,2000.0
Tamil Nadu,Salem,Edapadi (Uzhavar Sandhai ),Ginger(Green),2026-09-24,16000.0,17000.0,16500.0,0.0,1000.0
Tamil Nadu,Salem,Elampillai(Uzhavar Sandhai ),Ginger(Green),2026-09-24,16000.0,17000.0,16500.0,0.0,1000.0
Tamil Nadu,Karur,Gandhigramam(Uzhavar Sandhai),Ginger(Green),2026-09-24,17000.0,19000.0,18000.0,0.0,2000.0
Tamil Nadu,Villupuram,Gingee(Uzhavar Sandhai ),Ginger(Green),2026-09-24,13000.0,13000.0,13000.0,0.0,0.0
Tamil Nadu,Erode,Gobichettipalayam(Uzhavar Sandhai ),Ginger(Green),2026-09-24,8000.0,9000.0,8500.0,0.0,1000.0
Tamil Nadu,The Nilgiris,Gudalur(Uzhavar Sandhai ),Ginger(Green),2026-09-24,16000.0,17000.0,16500.0,0.0,1000.0
Tamil Nadu,Vellore,Gudiyatham(Uzhavar Sandhai ),Ginger(Green),2026-09-24,19000.0,19000.0,19000.0,0.0,0.0
Tamil Nadu,Chengalpattu,Guduvancheri(Uzhavar Sandhai ),Ginger(Green),2026-09-24,16000.0,18000.0,17000.0,0.0,2000.0
Karnataka,Chamarajanagar,Gundlupet Apmc,Ginger(Green),2026-09-24,2800.0,2800.0,2800.0,0.0,0.0
Punjab,Gurdaspur,Gurdaspur Apmc,Ginger(Green),2026-09-24,7200.0,7200.0,7200.0,0.0,0.0
Tamil Nadu,Dharmapuri,Harur(Uzhavar Sandhai ),Ginger(Green),2026-09-24,10000.0,11000.0,10500.0,0.0,1000.0
Tamil Nadu,Salem,Hasthampatti(Uzhavar Sandhai ),Ginger(Green),2026-09-24,16000.0,17000.0,16500.0,0.0,1000.0
Tamil Nadu,Krishnagiri,Hosur(Uzhavar Sandhai ),Ginger(Green),2026-09-24,16000.0,18000.0,17000.0,0.0,2000.0
Tamil Nadu,Salem,Jalagandapuram(Uzhavar Sandhai ),Ginger(Green),2026-09-24,16000.0,17000.0,16500.0,0.0,1000.0
Tamil Nadu,Chengalpattu,Jameenrayapettai(Uzhavar Sandhai ),Ginger(Green),2026-09-24,16000.0,18000.0,17000.0,0.0,2000.0
Tamil Nadu,Vellore,Kahithapattarai(Uzhavar Sandhai ),Ginger(Green),2026-09-24,7000.0,7000.0,7000.0,0.0,0.0
Tamil Nadu,Kallakuruchi,Kallakurichi(Uzhavar Sandhai ),Ginger(Green),2026-09-24,20000.0,20000.0,20000.0,0.0,0.0
Tamil Nadu,Theni,Kambam(Uzhavar Sandhai ),Ginger(Green),2026-09-24,8000.0,16000.0,12000.0,0.0,8000.0
Tamil Nadu,Kancheepuram,Kancheepuram(Uzhavar Sandhai ),Ginger(Green),2026-09-24,12000.0,16000.0,14000.0,0.0,4000.0
Tamil Nadu,Sivaganga,Karaikudi(Uzhavar Sandhai ),Ginger(Green),2026-09-24,11000.0,19000.0,15000.0,0.0,8000.0
Tamil Nadu,Dharmapuri,Karimangalam(Uzhavar Sandhai),Ginger(Green),2026-09-24,19000.0,20000.0,19500.0,0.0,1000.0
Tamil Nadu,Virudhunagar,Kariyapatti(Uzhavar Sandhai ),Ginger(Green),2026-09-24,19000.0,20000.0,19500.0,0.0,1000.0
Tamil Nadu,Karur,Karur(Uzhavar Sandhai ),Ginger(Green),2026-09-24,18500.0,19000.0,18750.0,0.0,500.0
Tamil Nadu,Vellore,Katpadi (Uzhavar Sandhai ),Ginger(Green),2026-09-24,17000.0,17000.0,17000.0,0.0,0.0
Keralam,Idukki,Kattappana Market,Ginger(Green),2026-09-24,12000.0,16000.0,14000.0,0.0,4000.0
Tamil Nadu,Krishnagiri,Kaveripattinam(Uzhavar Sandhai ),Ginger(Green),2026-09-24,7000.0,15000.0,11000.0,0.0,8000.0
Tamil Nadu,Thiruchirappalli,Kknagar(Uzhavar Sandhai ),Ginger(Green),2026-09-24,18000.0,18000.0,18000.0,0.0,0.0
Tamil Nadu,Tuticorin,Kovilpatti(Uzhavar Sandhai ),Ginger(Green),2026-09-24,18000.0,19000.0,18500.0,0.0,1000.0
Tamil Nadu,Krishnagiri,Krishnagiri(Uzhavar Sandhai ),Ginger(Green),2026-09-24,16000.0,18000.0,17000.0,0.0,2000.0
Tamil Nadu,Karur,Kulithalai(Uzhavar Sandhai ),Ginger(Green),2026-09-24,18500.0,19000.0,18750.0,0.0,500.0
Tamil Nadu,Namakkal,Kumarapalayam(Uzhavar Sandhai ),Ginger(Green),2026-09-24,17000.0,18000.0,17500.0,0.0,1000.0
Tamil Nadu,Thanjavur,Kumbakonam (Uzhavar Sandhai ),Ginger(Green),2026-09-24,9600.0,21600.0,15600.0,0.0,12000.0
Keralam,Pathanamthitta,Kuttoor Market,Ginger(Green),2026-09-24,24600.0,25000.0,24800.0,0.0,400.0
Tamil Nadu,Thiruchirappalli,Lalgudi(Uzhavar Sandhai ),Ginger(Green),2026-09-24,18000.0,18000.0,18000.0,0.0,0.0
Manipur,Imphal East,Lamlong Bazaar Apmc,Ginger(Green),2026-09-24,9500.0,10000.0,9750.0,0.0,500.0
Uttar Pradesh,Lucknow,Lucknow Apmc,Ginger(Green),2026-09-24,6000.0,6000.0,6000.0,0.0,0.0
Punjab,Ludhiana,Ludhiana Apmc,Ginger(Green),2026-09-24,3000.0,6000.0,5000.0,0.0,3000.0
Jammu and Kashmir,Jammu,Mac F&V Market Narwal Jammu,Ginger(Green),2026-09-24,7000.0,8000.0,7500.0,0.0,1000.0
Tamil Nadu,Chengalpattu,Madhuranthagam(Uzhavar Sandhai ),Ginger(Green),2026-09-24,12000.0,12000.0,12000.0,0.0,0.0
Punjab,Sangrur,Malerkotla Apmc,Ginger(Green),2026-09-24,5000.0,6000.0,5500.0,0.0,1000.0
Tamil Nadu,Thiruchirappalli,Manachanallur(Uzhavar Sandhai ),Ginger(Green),2026-09-24,19000.0,19000.0,19000.0,0.0,0.0
Tamil Nadu,Thiruchirappalli,Manapparai(Uzhavar Sandhai ),Ginger(Green),2026-09-24,21000.0,21000.0,21000.0,0.0,0.0
Tamil Nadu,Thiruvarur,Mannargudi I(Uzhavar Sandhai ),Ginger(Green),2026-09-24,18000.0,22000.0,20000.0,0.0,4000.0
Tamil Nadu,Thiruvarur,Mannargudi Ii(Uzhavar Sandhai ),Ginger(Green),2026-09-24,18000.0,18000.0,18000.0,0.0,0.0
Uttar Pradesh,Mathura,Mathura Apmc,Ginger(Green),2026-09-24,10000.0,10000.0,10000.0,0.0,0.0
Tamil Nadu,Thirunelveli,Melapalayam(Uzhavar Sandhai ),Ginger(Green),2026-09-24,16000.0,17000.0,16500.0,0.0,1000.0
Tamil Nadu,Coimbatore,Mettupalayam(Uzhavar Sandhai ),Ginger(Green),2026-09-24,7500.0,17000.0,12250.0,0.0,9500.0
Tamil Nadu,Salem,Mettur(Uzhavar Sandhai ),Ginger(Green),2026-09-24,17000.0,18000.0,17500.0,0.0,1000.0
Tamil Nadu,Namakkal,Mohanur(Uzhavar Sandhai ),Ginger(Green),2026-09-24,18600.0,20000.0,19300.0,0.0,1400.0
Keralam,Kozhikode(Calicut),Mukkom Market,Ginger(Green),2026-09-24,15000.0,16000.0,15500.0,0.0,1000.0
Maharashtra,Mumbai,Mumbai,Ginger(Green),2026-09-24,6000.0,16000.0,11000.0,0.0,10000.0
Tamil Nadu,Thiruchirappalli,Musiri(Uzhavar Sandhai ),Ginger(Green),2026-09-24,8500.0,18000.0,13250.0,0.0,9500.0
Tamil Nadu,Nagapattinam,Nagapattinam(Uzhavar Sandhai ),Ginger(Green),2026-09-24,12200.0,16000.0,14100.0,0.0,3800.0
Tamil Nadu,Namakkal,Namakkal(Uzhavar Sandhai ),Ginger(Green),2026-09-24,16000.0,17500.0,16750.0,0.0,1500.0
Tamil Nadu,Chengalpattu,Nanganallur(Uzhavar Sandhai ),Ginger(Green),2026-09-24,10000.0,12000.0,11000.0,0.0,2000.0
Uttar Pradesh,Saharanpur,Nanuta Apmc,Ginger(Green),2026-09-24,5000.0,5200.0,5100.0,0.0,200.0
Haryana,Mahendragarh-Narnaul,Narnaul Apmc,Ginger(Green),2026-09-24,5000.0,6000.0,6000.0,0.0,1000.0
Tamil Nadu,Thirupathur,Natrampalli(Uzhavar Sandhai ),Ginger(Green),2026-09-24,18000.0,20000.0,19000.0,0.0,2000.0
Keralam,Thiruvananthapuram,Neyyatinkara Market,Ginger(Green),2026-09-24,6000.0,12000.0,8000.0,0.0,6000.0
Keralam,Ernakulam,North Paravur Market,Ginger(Green),2026-09-24,16000.0,17000.0,16500.0,0.0,1000.0
Tamil Nadu,Kancheepuram,Padappai(Uzhavar Sandhai ),Ginger(Green),2026-09-24,9000.0,15000.0,12000.0,0.0,6000.0
Gujarat,Vadodara(Baroda),Padra Apmc,Ginger(Green),2026-09-24,7000.0,9000.0,8000.0,0.0,2000.0
Tamil Nadu,Dharmapuri,Palacode(Uzhavar Sandhai ),Ginger(Green),2026-09-24,19600.0,20000.0,19800.0,0.0,400.0
Tamil Nadu,Madurai,Palanganatham(Uzhavar Sandhai ),Ginger(Green),2026-09-24,18000.0,19000.0,18500.0,0.0,1000.0
Tamil Nadu,Dindigul,Palani(Uzhavar Sandhai ),Ginger(Green),2026-09-24,8000.0,16500.0,12250.0,0.0,8500.0
Tamil Nadu,Thirunelveli,Palayamkottai(Uzhavar Sandhai ),Ginger(Green),2026-09-24,16000.0,17000.0,16500.0,0.0,1000.0
Tamil Nadu,Thirupur,Palladam(Uzhavar Sandhai ),Ginger(Green),2026-09-24,15000.0,16000.0,15500.0,0.0,1000.0
Tamil Nadu,Chengalpattu,Pallavaram(Uzhavar Sandhai ),Ginger(Green),2026-09-24,16000.0,18000.0,17000.0,0.0,2000.0
Tamil Nadu,Vellore,Pallikonda(Uzhavar Sandhai),Ginger(Green),2026-09-24,15000.0,15000.0,15000.0,0.0,0.0
Tamil Nadu,Thanjavur,Papanasam(Uzhavar Sandhai ),Ginger(Green),2026-09-24,9600.0,21600.0,15600.0,0.0,12000.0
Tamil Nadu,Ramanathapuram,Paramakudi(Uzhavar Sandhai ),Ginger(Green),2026-09-24,18000.0,20000.0,19000.0,0.0,2000.0
Tamil Nadu,Namakkal,Paramathivelur(Uzhavar Sandhai ),Ginger(Green),2026-09-24,17000.0,18500.0,17750.0,0.0,1500.0
Keralam,Thiruvananthapuram,Parassala Market,Ginger(Green),2026-09-24,8000.0,8400.0,8200.0,0.0,400.0
Punjab,Pathankot,Pathankot Apmc,Ginger(Green),2026-09-24,5900.0,5900.0,5900.0,0.0,0.0
Keralam,Palakad,Pattambi Market,Ginger(Green),2026-09-24,15000.0,16000.0,15500.0,0.0,1000.0
Tamil Nadu,Thanjavur,Pattukottai(Uzhavar Sandhai ),Ginger(Green),2026-09-24,12000.0,18000.0,15000.0,0.0,6000.0
Tamil Nadu,Dharmapuri,Pennagaram(Uzhavar Sandhai ),Ginger(Green),2026-09-24,19000.0,20000.0,19500.0,0.0,1000.0
Tamil Nadu,Perambalur,Perambalur(Uzhavar Sandhai ),Ginger(Green),2026-09-24,15000.0,18000.0,16500.0,0.0,3000.0
Tamil Nadu,Vellore,Perampet(Uzhavar Sandhai),Ginger(Green),2026-09-24,17000.0,17000.0,17000.0,0.0,0.0
Tamil Nadu,Theni,Periyakulam(Uzhavar Sandhai ),Ginger(Green),2026-09-24,15000.0,16000.0,15500.0,0.0,1000.0
Karnataka,Mysuru,Periyapatna Apmc,Ginger(Green),2026-09-24,1400.0,1600.0,1500.0,0.0,200.0
Keralam,Ernakulam,Perumbavoor Market,Ginger(Green),2026-09-24,16000.0,17000.0,16500.0,0.0,1000.0
Tamil Nadu,Erode,Perundurai(Uzhavar Sandhai ),Ginger(Green),2026-09-24,13000.0,14000.0,13500.0,0.0,1000.0
Himachal Pradesh,Kangra,Pmy Kangra,Ginger(Green),2026-09-24,10000.0,13000.0,11500.0,0.0,3000.0
Himachal Pradesh,Solan,Pmy Kather Solan,Ginger(Green),2026-09-24,3000.0,6000.0,4500.0,0.0,3000.0
Tamil Nadu,Coimbatore,Pollachi(Uzhavar Sandhai ),Ginger(Green),2026-09-24,14000.0,16500.0,15250.0,0.0,2500.0
Tamil Nadu,Thiruvannamalai,Polur(Uzhavar Sandhai ),Ginger(Green),2026-09-24,15000.0,18000.0,16500.0,0.0,3000.0
Uttar Pradesh,Prayagraj,Prayagraj Apmc,Ginger(Green),2026-09-24,6000.0,6000.0,6000.0,0.0,0.0
Tamil Nadu,Pudukkottai,Pudukottai(Uzhavar Sandhai ),Ginger(Green),2026-09-24,19500.0,20000.0,19750.0,0.0,500.0
Maharashtra,Pune,Pune,Ginger(Green),2026-09-24,10000.0,10000.0,10000.0,0.0,0.0
Punjab,Gurdaspur,Quadian Apmc,Ginger(Green),2026-09-24,7800.0,8000.0,7900.0,0.0,200.0
Keralam,Kozhikode(Calicut),Quilandy Market,Ginger(Green),2026-09-24,9800.0,10000.0,10000.0,0.0,200.0
Tamil Nadu,Virudhunagar,Rajapalayam(Uzhavar Sandhai ),Ginger(Green),2026-09-24,17000.0,18000.0,17500.0,0.0,1000.0
Karnataka,Bengaluru South,Ramanagara Apmc,Ginger(Green),2026-09-24,5000.0,11800.0,8500.0,0.0,6800.0
Tamil Nadu,Ramanathapuram,Ramanathapuram(Uzhavar Sandhai ),Ginger(Green),2026-09-24,16000.0,17000.0,16500.0,0.0,1000.0
Tamil Nadu,Ranipet,Ranipettai(Uzhavar Sandhai ),Ginger(Green),2026-09-24,8000.0,18000.0,13000.0,0.0,10000.0
Tamil Nadu,Namakkal,Rasipuram(Uzhavar Sandhai ),Ginger(Green),2026-09-24,17000.0,18000.0,17500.0,0.0,1000.0
Punjab,Ropar (Rupnagar),Ropar Apmc,Ginger(Green),2026-09-24,5500.0,6000.0,5800.0,0.0,500.0
Tamil Nadu,Coimbatore,Rspuram(Uzhavar Sandhai ),Ginger(Green),2026-09-24,14800.0,15800.0,15300.0,0.0,1000.0
Uttarakhand,Udhamsinghnagar,Rudrapur Apmc,Ginger(Green),2026-09-24,5000.0,6500.0,6000.0,0.0,1500.0
Tamil Nadu,Erode,Sampath Nagar(Uzhavar Sandhai ),Ginger(Green),2026-09-24,16000.0,16200.0,16100.0,0.0,200.0
Punjab,Ludhiana,Samrala Apmc,Ginger(Green),2026-09-24,7000.0,8500.0,8000.0,0.0,1500.0
Tamil Nadu,Kallakuruchi,Sankarapuram(Uzhavar Sandhai ),Ginger(Green),2026-09-24,12000.0,12000.0,12000.0,0.0,0.0
Tamil Nadu,Erode,Sathiyamagalam(Uzhavar Sandhai ),Ginger(Green),2026-09-24,15000.0,16000.0,15500.0,0.0,1000.0
Tamil Nadu,Virudhunagar,Sathur(Uzhavar Sandhai ),Ginger(Green),2026-09-24,18000.0,20000.0,19000.0,0.0,2000.0
Madhya Pradesh,Badwani,Sendhwa(F&V) Apmc,Ginger(Green),2026-09-24,2800.0,3500.0,3100.0,0.0,700.0
Tamil Nadu,Sivaganga,Singampunari(Uzhavar Sandhai ),Ginger(Green),2026-09-24,11000.0,19000.0,15000.0,0.0,8000.0
Tamil Nadu,Coimbatore,Singanallur(Uzhavar Sandhai ),Ginger(Green),2026-09-24,15000.0,17400.0,16200.0,0.0,2400.0
Punjab,Fatehgarh,Sirhind Apmc,Ginger(Green),2026-09-24,5700.0,7000.0,6500.0,0.0,1300.0
Tamil Nadu,Nagapattinam,Sirkali(Uzhavar Sandhai ),Ginger(Green),2026-09-24,18000.0,20000.0,19000.0,0.0,2000.0
Tamil Nadu,Sivaganga,Sivagangai (Uzhavar Sandhai ),Ginger(Green),2026-09-24,12000.0,20000.0,16000.0,0.0,8000.0
Tamil Nadu,Virudhunagar,Sivakasi(Uzhavar Sandhai ),Ginger(Green),2026-09-24,16000.0,18000.0,17000.0,0.0,2000.0
Himachal Pradesh,Kangra,Smy Dharamshala,Ginger(Green),2026-09-24,10000.0,11000.0,10500.0,0.0,1000.0
Himachal Pradesh,Kangra,Smy Palampur,Ginger(Green),2026-09-24,6000.0,7000.0,6500.0,0.0,1000.0
Himachal Pradesh,Una,Smy Santoshgarh,Ginger(Green),2026-09-24,7000.0,7500.0,7250.0,0.0,500.0
Tamil Nadu,Salem,Sooramangalam(Uzhavar Sandhai ),Ginger(Green),2026-09-24,16000.0,17000.0,16500.0,0.0,1000.0
Tamil Nadu,Virudhunagar,Srivilliputhur(Uzhavar Sandhai ),Ginger(Green),2026-09-24,17000.0,18000.0,17500.0,0.0,1000.0
Tamil Nadu,Coimbatore,Sulur(Uzhavar Sandhai ),Ginger(Green),2026-09-24,15000.0,17500.0,16250.0,0.0,2500.0
Tamil Nadu,Coimbatore,Sundarapuram(Uzhavar Sandhai ),Ginger(Green),2026-09-24,16000.0,16500.0,16250.0,0.0,500.0
Gujarat,Surat,Surat Apmc,Ginger(Green),2026-09-24,5000.0,15500.0,10250.0,0.0,10500.0
Punjab,Hoshiarpur,Tanda Urmur Apmc,Ginger(Green),2026-09-24,7000.0,8000.0,7500.0,0.0,1000.0
Haryana,Mewat,Tauru Apmc,Ginger(Green),2026-09-24,7000.0,7000.0,7000.0,0.0,0.0
Tamil Nadu,Tenkasi,Tenkasi(Uzhavar Sandhai ),Ginger(Green),2026-09-24,16000.0,16000.0,16000.0,0.0,0.0
Tamil Nadu,Erode,Thalavadi(Uzhavar Sandhai ),Ginger(Green),2026-09-24,12000.0,13000.0,12500.0,0.0,1000.0
Tamil Nadu,Virudhunagar,Thalavaipuram(Uzhavar Sandhai ),Ginger(Green),2026-09-24,15000.0,18000.0,16500.0,0.0,3000.0
Tamil Nadu,Salem,Thammampatti (Uzhavar Sandhai ),Ginger(Green),2026-09-24,8000.0,18000.0,13000.0,0.0,10000.0
Tamil Nadu,Thanjavur,Thanjavur(Uzhavar Sandhai ),Ginger(Green),2026-09-24,10000.0,20000.0,15000.0,0.0,10000.0
Tamil Nadu,Salem,Thathakapatti(Uzhavar Sandhai ),Ginger(Green),2026-09-24,7000.0,17000.0,12000.0,0.0,10000.0
Tamil Nadu,Theni,Theni(Uzhavar Sandhai ),Ginger(Green),2026-09-24,7500.0,16000.0,11750.0,0.0,8500.0
Tamil Nadu,Vellore,Thirupathur Apmc,Ginger(Green),2026-09-24,22000.0,22000.0,22000.0,0.0,0.0
Tamil Nadu,Thiruchirappalli,Thiruverumbur(Uzhavar Sandhai ),Ginger(Green),2026-09-24,18000.0,18000.0,18000.0,0.0,0.0
Keralam,Ernakulam,Thrippunithura Market,Ginger(Green),2026-09-24,18000.0,24000.0,19000.0,0.0,6000.0
Tamil Nadu,Thiruchirappalli,Thuraiyur Apmc,Ginger(Green),2026-09-24,17000.0,19000.0,18000.0,0.0,2000.0
Uttar Pradesh,Shahjahanpur,Tilhar Apmc,Ginger(Green),2026-09-24,4500.0,4500.0,4500.0,0.0,0.0
Tamil Nadu,Villupuram,Tindivanam Apmc,Ginger(Green),2026-09-24,9000.0,9000.0,9000.0,0.0,0.0
Tamil Nadu,Namakkal,Tiruchengode Apmc,Ginger(Green),2026-09-24,15000.0,18000.0,16500.0,0.0,3000.0
Tamil Nadu,Sivaganga,Tirupatthur(Uzhavar Sandhai ),Ginger(Green),2026-09-24,11000.0,19000.0,15000.0,0.0,8000.0
Tamil Nadu,Thirupur,Tiruppur (North) (Uzhavar Sandhai ),Ginger(Green),2026-09-24,15000.0,16000.0,15500.0,0.0,1000.0
Tamil Nadu,Thirupur,Tiruppur (South) (Uzhavar Sandhai ),Ginger(Green),2026-09-24,13000.0,15000.0,14000.0,0.0,2000.0
Tamil Nadu,Thiruvellore,Tiruthani(Uzhavar Sandhai ),Ginger(Green),2026-09-24,10000.0,10000.0,10000.0,0.0,0.0
Tamil Nadu,Thiruvannamalai,Tiruvannamalai(Uzhavar Sandhai ),Ginger(Green),2026-09-24,16000.0,18000.0,17000.0,0.0,2000.0
Tamil Nadu,Tuticorin,Tuticorin(Uzhavar Sandhai ),Ginger(Green),2026-09-24,19000.0,20000.0,19500.0,0.0,1000.0
Tamil Nadu,The Nilgiris,Udhagamandalam(Uzhavar Sandhai ),Ginger(Green),2026-09-24,15000.0,17000.0,16000.0,0.0,2000.0
Tamil Nadu,Coimbatore,Udumalpet Apmc,Ginger(Green),2026-09-24,17500.0,18000.0,17750.0,0.0,500.0
Tamil Nadu,Villupuram,Ulundurpettai Apmc,Ginger(Green),2026-09-24,11000.0,11000.0,11000.0,0.0,0.0
Tamil Nadu,Cuddalore,Vadalur(Uzhavar Sandhai ),Ginger(Green),2026-09-24,8000.0,8000.0,8000.0,0.0,0.0
Tamil Nadu,Nagercoil (Kannyiakumari),Vadaseri Apmc,Ginger(Green),2026-09-24,20000.0,20500.0,20250.0,0.0,500.0
Tamil Nadu,Coimbatore,Vadavalli(Uzhavar Sandhai ),Ginger(Green),2026-09-24,14800.0,15800.0,15300.0,0.0,1000.0
Tamil Nadu,Thirupathur,Vaniyampadi(Uzhavar Sandhai ),Ginger(Green),2026-09-24,20000.0,20000.0,20000.0,0.0,0.0
Uttar Pradesh,Varanasi,Varanasi Apmc,Ginger(Green),2026-09-24,4000.0,4000.0,4000.0,0.0,0.0
Tamil Nadu,Salem,Vazhapadi(Uzhavar Sandhai),Ginger(Green),2026-09-24,17000.0,17000.0,17000.0,0.0,0.0
Tamil Nadu,Nagapattinam,Vedaranyam(Uzhavar Sandhai),Ginger(Green),2026-09-24,15000.0,20000.0,17500.0,0.0,5000.0
Tamil Nadu,Karur,Velayuthampalayam(Uzhavar Sandhai ),Ginger(Green),2026-09-24,18000.0,19000.0,18500.0,0.0,1000.0
Tamil Nadu,Vellore,Vellore Apmc,Ginger(Green),2026-09-24,15000.0,16500.0,15750.0,0.0,1500.0
Uttarakhand,Dehradoon,Vikasnagar Apmc,Ginger(Green),2026-09-24,2500.0,4500.0,4500.0,0.0,2000.0
Tamil Nadu,Villupuram,Villupuram(Uzhavar Sandhai ),Ginger(Green),2026-09-24,10000.0,10000.0,10000.0,0.0,0.0
Tamil Nadu,Cuddalore,Viruthachalam(Uzhavar Sandhai ),Ginger(Green),2026-09-24,7000.0,18000.0,12500.0,0.0,11000.0
Nagaland,Wokha,Wokha Town Apmc,Ginger(Green),2026-09-24,6800.0,7800.0,7300.0,0.0,1000.0
Punjab,Ferozpur,Zira Apmc,Ginger(Green),2026-09-24,8500.0,8500.0,8500.0,0.0,0.0
Uttar Pradesh,Badaun,Badayoun Apmc,Gram Raw(Chholia),2026-09-24,7892.0,8000.0,7893.43,0.0,108.0
Uttar Pradesh,Bareilly,Bareilly Apmc,Gram Raw(Chholia),2026-09-24,5900.0,8550.0,6661.75,0.0,2650.0
Uttar Pradesh,Fatehpur,Bindki Apmc,Gram Raw(Chholia),2026-09-24,5650.0,5660.0,5654.95,0.0,10.0
Uttar Pradesh,Sambhal,Chandausi Apmc,Gram Raw(Chholia),2026-09-24,7309.09,10150.0,8096.81,0.0,2840.91
Uttar Pradesh,Chitrakut,Karvi Apmc,Gram Raw(Chholia),2026-09-24,6300.0,6300.0,6300.0,0.0,0.0
Uttar Pradesh,Mahoba,Mahoba Apmc,Gram Raw(Chholia),2026-09-24,6400.0,6400.0,6400.0,0.0,0.0
Tamil Nadu,Madurai,Anaiyur(Uzhavar Sandhai ),Grapes,2026-09-24,11000.0,12000.0,11500.0,0.0,1000.0
Tamil Nadu,Madurai,Anna Nagar(Uzhavar Sandhai ),Grapes,2026-09-24,10500.0,10500.0,10500.0,0.0,0.0
Tamil Nadu,Madurai,Chokkikulam(Uzhavar Sandhai ),Grapes,2026-09-24,11000.0,12000.0,11500.0,0.0,1000.0
Tamil Nadu,Chengalpattu,Guduvancheri(Uzhavar Sandhai ),Grapes,2026-09-24,10000.0,11000.0,10500.0,0.0,1000.0
Haryana,Hissar,Hansi Apmc,Grapes,2026-09-24,10000.0,20000.0,15000.0,0.0,10000.0
Tamil Nadu,Salem,Hasthampatti(Uzhavar Sandhai ),Grapes,2026-09-24,9000.0,10000.0,9500.0,0.0,1000.0
Tamil Nadu,Krishnagiri,Hosur(Uzhavar Sandhai ),Grapes,2026-09-24,22000.0,24000.0,23000.0,0.0,2000.0
Punjab,Jalandhar,Jalandhar City(Jalandhar) Apmc,Grapes,2026-09-24,2100.0,6000.0,4700.0,0.0,3900.0
Tamil Nadu,Chengalpattu,Jameenrayapettai(Uzhavar Sandhai ),Grapes,2026-09-24,11000.0,12000.0,11500.0,0.0,1000.0
Tamil Nadu,Vellore,Katpadi (Uzhavar Sandhai ),Grapes,2026-09-24,13000.0,13000.0,13000.0,0.0,0.0
Tamil Nadu,Thiruchirappalli,Kknagar(Uzhavar Sandhai ),Grapes,2026-09-24,12000.0,12000.0,12000.0,0.0,0.0
Tamil Nadu,Thiruchirappalli,Manapparai(Uzhavar Sandhai ),Grapes,2026-09-24,9000.0,9000.0,9000.0,0.0,0.0
Tamil Nadu,Thiruvarur,Mannargudi I(Uzhavar Sandhai ),Grapes,2026-09-24,11000.0,11000.0,11000.0,0.0,0.0
Keralam,Kozhikode(Calicut),Mukkom Market,Grapes,2026-09-24,8000.0,9000.0,8500.0,0.0,1000.0
Keralam,Idukki,Munnar Market,Grapes,2026-09-24,9000.0,9000.0,9000.0,0.0,0.0
Keralam,Idukki,Munnar Market,Grapes,2026-09-24,15000.0,15000.0,15000.0,0.0,0.0
Keralam,Idukki,Munnar Market,Grapes,2026-09-24,16200.0,16200.0,16200.0,0.0,0.0
Tamil Nadu,Chengalpattu,Nanganallur(Uzhavar Sandhai ),Grapes,2026-09-24,9000.0,10000.0,9500.0,0.0,1000.0
Tamil Nadu,Madurai,Palanganatham(Uzhavar Sandhai ),Grapes,2026-09-24,11000.0,12000.0,11500.0,0.0,1000.0
Tamil Nadu,Thirunelveli,Palayamkottai(Uzhavar Sandhai ),Grapes,2026-09-24,11000.0,12000.0,11500.0,0.0,1000.0
Tamil Nadu,Perambalur,Perambalur(Uzhavar Sandhai ),Grapes,2026-09-24,10000.0,12000.0,11000.0,0.0,2000.0
Tamil Nadu,Coimbatore,Rspuram(Uzhavar Sandhai ),Grapes,2026-09-24,10000.0,11000.0,10500.0,0.0,1000.0
Tamil Nadu,Erode,Sampath Nagar(Uzhavar Sandhai ),Grapes,2026-09-24,11000.0,11500.0,11250.0,0.0,500.0
Tamil Nadu,Coimbatore,Singanallur(Uzhavar Sandhai ),Grapes,2026-09-24,10000.0,11000.0,10500.0,0.0,1000.0
Tamil Nadu,Thanjavur,Thanjavur(Uzhavar Sandhai ),Grapes,2026-09-24,12000.0,12000.0,12000.0,0.0,0.0
Tamil Nadu,Theni,Theni(Uzhavar Sandhai ),Grapes,2026-09-24,13000.0,13000.0,13000.0,0.0,0.0
Tamil Nadu,Thiruvannamalai,Tiruvannamalai(Uzhavar Sandhai ),Grapes,2026-09-24,8000.0,10000.0,9000.0,0.0,2000.0
Tamil Nadu,Tuticorin,Tuticorin(Uzhavar Sandhai ),Grapes,2026-09-24,13000.0,14000.0,13500.0,0.0,1000.0
Tamil Nadu,The Nilgiris,Udhagamandalam(Uzhavar Sandhai ),Grapes,2026-09-24,10000.0,11000.0,10500.0,0.0,1000.0
Tamil Nadu,Coimbatore,Vadavalli(Uzhavar Sandhai ),Grapes,2026-09-24,10000.0,11000.0,10500.0,0.0,1000.0
Tamil Nadu,Vellore,Vellore Apmc,Grapes,2026-09-24,12000.0,12000.0,12000.0,0.0,0.0
Tamil Nadu,Pudukkottai,Alangudi(Uzhavar Sandhai ),Green Avare(W),2026-09-24,7000.0,8000.0,7500.0,0.0,1000.0
Tamil Nadu,Salem,Ammapet(Uzhavar Sandhai ),Green Avare(W),2026-09-24,7500.0,8000.0,7750.0,0.0,500.0
Tamil Nadu,Madurai,Anaiyur(Uzhavar Sandhai ),Green Avare(W),2026-09-24,10000.0,12000.0,11000.0,0.0,2000.0
Tamil Nadu,Theni,Andipatti(Uzhavar Sandhai ),Green Avare(W),2026-09-24,9300.0,9500.0,9400.0,0.0,200.0
Tamil Nadu,Madurai,Anna Nagar(Uzhavar Sandhai ),Green Avare(W),2026-09-24,10600.0,11000.0,10800.0,0.0,400.0
Tamil Nadu,Thiruvannamalai,Arani(Uzhavar Sandhai ),Green Avare(W),2026-09-24,6000.0,7200.0,6600.0,0.0,1200.0
Tamil Nadu,Pudukkottai,Aranthangi(Uzhavar Sandhai ),Green Avare(W),2026-09-24,7000.0,8000.0,7500.0,0.0,1000.0
Tamil Nadu,Ranipet,Arcot(Uzhavar Sandhai ),Green Avare(W),2026-09-24,6000.0,6000.0,6000.0,0.0,0.0
Tamil Nadu,Virudhunagar,Aruppukottai(Uzhavar Sandhai ),Green Avare(W),2026-09-24,10000.0,12000.0,11000.0,0.0,2000.0
Tamil Nadu,Salem,Athur(Uzhavar Sandhai ),Green Avare(W),2026-09-24,8500.0,9000.0,8750.0,0.0,500.0
Tamil Nadu,Salem,Attayampatti(Uzhavar Sandhai ),Green Avare(W),2026-09-24,5500.0,6000.0,5750.0,0.0,500.0
Tamil Nadu,Krishnagiri,Avallapalli(Uzhavar Sandhai ),Green Avare(W),2026-09-24,5500.0,6000.0,5750.0,0.0,500.0
Tamil Nadu,Thiruvannamalai,Chengam(Uzhavar Sandhai ),Green Avare(W),2026-09-24,5000.0,6000.0,5500.0,0.0,1000.0
Tamil Nadu,Thiruvannamalai,Cheyyar(Uzhavar Sandhai ),Green Avare(W),2026-09-24,4800.0,6000.0,5400.0,0.0,1200.0
Tamil Nadu,Dindigul,Chinnalapatti(Uzhavar Sandhai ),Green Avare(W),2026-09-24,8000.0,9000.0,8500.0,0.0,1000.0
Tamil Nadu,Madurai,Chokkikulam(Uzhavar Sandhai ),Green Avare(W),2026-09-24,10000.0,12000.0,11000.0,0.0,2000.0
Tamil Nadu,The Nilgiris,Coonoor(Uzhavar Sandhai ),Green Avare(W),2026-09-24,7500.0,7800.0,7650.0,0.0,300.0
Tamil Nadu,Cuddalore,Cuddalore(Uzhavar Sandhai ),Green Avare(W),2026-09-24,10000.0,10000.0,10000.0,0.0,0.0
Tamil Nadu,Krishnagiri,Denkanikottai(Uzhavar Sandhai ),Green Avare(W),2026-09-24,5000.0,6000.0,5500.0,0.0,1000.0
Tamil Nadu,Sivaganga,Devakottai (Uzhavar Sandhai ),Green Avare(W),2026-09-24,8200.0,9600.0,8900.0,0.0,1400.0
Tamil Nadu,Theni,Devaram(Uzhavar Sandhai ),Green Avare(W),2026-09-24,9000.0,9000.0,9000.0,0.0,0.0
Tamil Nadu,Thirupur,Dharapuram(Uzhavar Sandhai ),Green Avare(W),2026-09-24,5500.0,6000.0,5750.0,0.0,500.0
Tamil Nadu,Dharmapuri,Dharmapuri(Uzhavar Sandhai ),Green Avare(W),2026-09-24,5500.0,6000.0,5750.0,0.0,500.0
Tamil Nadu,Dindigul,Dindigul(Uzhavar Sandhai ),Green Avare(W),2026-09-24,8000.0,9000.0,8500.0,0.0,1000.0
Tamil Nadu,Salem,Edapadi (Uzhavar Sandhai ),Green Avare(W),2026-09-24,7000.0,8000.0,7500.0,0.0,1000.0
Tamil Nadu,Salem,Elampillai(Uzhavar Sandhai ),Green Avare(W),2026-09-24,7000.0,7500.0,7250.0,0.0,500.0
Tamil Nadu,Pudukkottai,Gandarvakottai(Uzhavar Sandhai ),Green Avare(W),2026-09-24,8000.0,9000.0,8500.0,0.0,1000.0
Tamil Nadu,Karur,Gandhigramam(Uzhavar Sandhai),Green Avare(W),2026-09-24,10000.0,11000.0,10500.0,0.0,1000.0
Tamil Nadu,Villupuram,Gingee(Uzhavar Sandhai ),Green Avare(W),2026-09-24,10000.0,10000.0,10000.0,0.0,0.0
Tamil Nadu,Erode,Gobichettipalayam(Uzhavar Sandhai ),Green Avare(W),2026-09-24,6000.0,7000.0,6500.0,0.0,1000.0
Tamil Nadu,The Nilgiris,Gudalur(Uzhavar Sandhai ),Green Avare(W),2026-09-24,7500.0,8000.0,7750.0,0.0,500.0
Tamil Nadu,Vellore,Gudiyatham(Uzhavar Sandhai ),Green Avare(W),2026-09-24,7000.0,8000.0,7500.0,0.0,1000.0
Tamil Nadu,Dharmapuri,Harur(Uzhavar Sandhai ),Green Avare(W),2026-09-24,6000.0,7000.0,6500.0,0.0,1000.0
Tamil Nadu,Salem,Hasthampatti(Uzhavar Sandhai ),Green Avare(W),2026-09-24,7000.0,7800.0,7400.0,0.0,800.0
Tamil Nadu,Krishnagiri,Hosur(Uzhavar Sandhai ),Green Avare(W),2026-09-24,5500.0,6000.0,5750.0,0.0,500.0
Tamil Nadu,Salem,Jalagandapuram(Uzhavar Sandhai ),Green Avare(W),2026-09-24,6000.0,6500.0,6250.0,0.0,500.0
Tamil Nadu,Chengalpattu,Jameenrayapettai(Uzhavar Sandhai ),Green Avare(W),2026-09-24,10000.0,11000.0,10500.0,0.0,1000.0
Tamil Nadu,Vellore,Kahithapattarai(Uzhavar Sandhai ),Green Avare(W),2026-09-24,6000.0,6000.0,6000.0,0.0,0.0
Tamil Nadu,Kallakuruchi,Kallakurichi(Uzhavar Sandhai ),Green Avare(W),2026-09-24,8000.0,8000.0,8000.0,0.0,0.0
Tamil Nadu,Theni,Kambam(Uzhavar Sandhai ),Green Avare(W),2026-09-24,10000.0,10000.0,10000.0,0.0,0.0
Tamil Nadu,Thirupur,Kangayam(Uzhavar Sandhai ),Green Avare(W),2026-09-24,7500.0,8000.0,7750.0,0.0,500.0
Tamil Nadu,Sivaganga,Karaikudi(Uzhavar Sandhai ),Green Avare(W),2026-09-24,10500.0,11500.0,11000.0,0.0,1000.0
Tamil Nadu,Pudukkottai,Karambakkudi(Uzhavar Sandhai ),Green Avare(W),2026-09-24,8000.0,9000.0,8500.0,0.0,1000.0
Tamil Nadu,Dharmapuri,Karimangalam(Uzhavar Sandhai),Green Avare(W),2026-09-24,5500.0,6000.0,5750.0,0.0,500.0
Tamil Nadu,Virudhunagar,Kariyapatti(Uzhavar Sandhai ),Green Avare(W),2026-09-24,11000.0,12000.0,11500.0,0.0,1000.0
Tamil Nadu,Karur,Karur(Uzhavar Sandhai ),Green Avare(W),2026-09-24,10000.0,11000.0,10500.0,0.0,1000.0
Tamil Nadu,Vellore,Katpadi (Uzhavar Sandhai ),Green Avare(W),2026-09-24,7000.0,7000.0,7000.0,0.0,0.0
Tamil Nadu,Krishnagiri,Kaveripattinam(Uzhavar Sandhai ),Green Avare(W),2026-09-24,8000.0,8000.0,8000.0,0.0,0.0
Tamil Nadu,Thiruchirappalli,Kknagar(Uzhavar Sandhai ),Green Avare(W),2026-09-24,10000.0,10000.0,10000.0,0.0,0.0
Tamil Nadu,Tuticorin,Kovilpatti(Uzhavar Sandhai ),Green Avare(W),2026-09-24,11000.0,12000.0,11500.0,0.0,1000.0
Tamil Nadu,Krishnagiri,Krishnagiri(Uzhavar Sandhai ),Green Avare(W),2026-09-24,4000.0,4500.0,4250.0,0.0,500.0
Tamil Nadu,Karur,Kulithalai(Uzhavar Sandhai ),Green Avare(W),2026-09-24,7000.0,9000.0,8000.0,0.0,2000.0
Tamil Nadu,Namakkal,Kumarapalayam(Uzhavar Sandhai ),Green Avare(W),2026-09-24,9000.0,10000.0,9500.0,0.0,1000.0
Tamil Nadu,Thanjavur,Kumbakonam (Uzhavar Sandhai ),Green Avare(W),2026-09-24,9600.0,10800.0,10200.0,0.0,1200.0
Tamil Nadu,Kancheepuram,Kundrathur(Uzhavar Sandhai ),Green Avare(W),2026-09-24,4500.0,4500.0,4500.0,0.0,0.0
Tamil Nadu,Coimbatore,Kurichi(Uzhavar Sandhai ),Green Avare(W),2026-09-24,6500.0,7000.0,6750.0,0.0,500.0
Tamil Nadu,Thiruchirappalli,Lalgudi(Uzhavar Sandhai ),Green Avare(W),2026-09-24,9600.0,10600.0,10100.0,0.0,1000.0
Tamil Nadu,Chengalpattu,Madhuranthagam(Uzhavar Sandhai ),Green Avare(W),2026-09-24,6000.0,6000.0,6000.0,0.0,0.0
Tamil Nadu,Thiruchirappalli,Manachanallur(Uzhavar Sandhai ),Green Avare(W),2026-09-24,10000.0,10000.0,10000.0,0.0,0.0
Tamil Nadu,Thiruchirappalli,Manapparai(Uzhavar Sandhai ),Green Avare(W),2026-09-24,10000.0,10000.0,10000.0,0.0,0.0
Tamil Nadu,Thiruvarur,Mannargudi I(Uzhavar Sandhai ),Green Avare(W),2026-09-24,9200.0,9200.0,9200.0,0.0,0.0
Tamil Nadu,Thiruvarur,Mannargudi Ii(Uzhavar Sandhai ),Green Avare(W),2026-09-24,9200.0,9200.0,9200.0,0.0,0.0
Tamil Nadu,Nagapattinam,Mayiladuthurai(Uzhavar Sandhai ),Green Avare(W),2026-09-24,7000.0,8000.0,7500.0,0.0,1000.0
Tamil Nadu,Chengalpattu,Medavakkam(Uzhavar Sandhai ),Green Avare(W),2026-09-24,4000.0,5000.0,4500.0,0.0,1000.0
Tamil Nadu,Thirunelveli,Melapalayam(Uzhavar Sandhai ),Green Avare(W),2026-09-24,15500.0,16000.0,15750.0,0.0,500.0
Tamil Nadu,Madurai,Melur(Uzhavar Sandhai ),Green Avare(W),2026-09-24,8000.0,10000.0,9000.0,0.0,2000.0
Tamil Nadu,Coimbatore,Mettupalayam(Uzhavar Sandhai ),Green Avare(W),2026-09-24,7000.0,8000.0,7500.0,0.0,1000.0
Tamil Nadu,Salem,Mettur(Uzhavar Sandhai ),Green Avare(W),2026-09-24,6500.0,7000.0,6750.0,0.0,500.0
Tamil Nadu,Namakkal,Mohanur(Uzhavar Sandhai ),Green Avare(W),2026-09-24,8400.0,10000.0,9200.0,0.0,1600.0
Tamil Nadu,Thiruchirappalli,Musiri(Uzhavar Sandhai ),Green Avare(W),2026-09-24,9000.0,10000.0,9500.0,0.0,1000.0
Tamil Nadu,Nagapattinam,Nagapattinam(Uzhavar Sandhai ),Green Avare(W),2026-09-24,6000.0,8000.0,7000.0,0.0,2000.0
Tamil Nadu,Chengalpattu,Nanganallur(Uzhavar Sandhai ),Green Avare(W),2026-09-24,5500.0,6000.0,5750.0,0.0,500.0
Tamil Nadu,Thirupathur,Natrampalli(Uzhavar Sandhai ),Green Avare(W),2026-09-24,5000.0,6000.0,5500.0,0.0,1000.0
Tamil Nadu,Thiruvarur,Needamangalam(Uzhavar Sandhai ),Green Avare(W),2026-09-24,9000.0,9000.0,9000.0,0.0,0.0
Tamil Nadu,Kancheepuram,Padappai(Uzhavar Sandhai ),Green Avare(W),2026-09-24,6000.0,6500.0,6250.0,0.0,500.0
Tamil Nadu,Dharmapuri,Palacode(Uzhavar Sandhai ),Green Avare(W),2026-09-24,5500.0,6000.0,5750.0,0.0,500.0
Tamil Nadu,Madurai,Palanganatham(Uzhavar Sandhai ),Green Avare(W),2026-09-24,10000.0,12000.0,11000.0,0.0,2000.0
Tamil Nadu,Dindigul,Palani(Uzhavar Sandhai ),Green Avare(W),2026-09-24,9000.0,10000.0,9500.0,0.0,1000.0
Tamil Nadu,Thirunelveli,Palayamkottai(Uzhavar Sandhai ),Green Avare(W),2026-09-24,12500.0,13000.0,12750.0,0.0,500.0
Tamil Nadu,Thirupur,Palladam(Uzhavar Sandhai ),Green Avare(W),2026-09-24,6000.0,7000.0,6500.0,0.0,1000.0
Tamil Nadu,Karur,Pallapatti (Uzhavar Sandhai ),Green Avare(W),2026-09-24,9000.0,10000.0,9500.0,0.0,1000.0
Tamil Nadu,Chengalpattu,Pallavaram(Uzhavar Sandhai ),Green Avare(W),2026-09-24,9000.0,11000.0,10000.0,0.0,2000.0
Tamil Nadu,Vellore,Pallikonda(Uzhavar Sandhai),Green Avare(W),2026-09-24,6000.0,6500.0,6250.0,0.0,500.0
Tamil Nadu,Cuddalore,Panruti(Uzhavar Sandhai ),Green Avare(W),2026-09-24,7000.0,7000.0,7000.0,0.0,0.0
Tamil Nadu,Thanjavur,Papanasam(Uzhavar Sandhai ),Green Avare(W),2026-09-24,9600.0,10800.0,10200.0,0.0,1200.0
Tamil Nadu,Ramanathapuram,Paramakudi(Uzhavar Sandhai ),Green Avare(W),2026-09-24,8000.0,8500.0,8250.0,0.0,500.0
Tamil Nadu,Namakkal,Paramathivelur(Uzhavar Sandhai ),Green Avare(W),2026-09-24,7200.0,8000.0,7600.0,0.0,800.0
Tamil Nadu,Thiruvellore,Paruthipattu(Uzhavar Sandhai ),Green Avare(W),2026-09-24,6000.0,6000.0,6000.0,0.0,0.0
Keralam,Palakad,Pattambi Market,Green Avare(W),2026-09-24,6000.0,6500.0,6200.0,0.0,500.0
Tamil Nadu,Thanjavur,Pattukottai(Uzhavar Sandhai ),Green Avare(W),2026-09-24,11400.0,11400.0,11400.0,0.0,0.0
Tamil Nadu,Dharmapuri,Pennagaram(Uzhavar Sandhai ),Green Avare(W),2026-09-24,6000.0,7000.0,6500.0,0.0,1000.0
Tamil Nadu,Perambalur,Perambalur(Uzhavar Sandhai ),Green Avare(W),2026-09-24,10000.0,11200.0,10600.0,0.0,1200.0
Tamil Nadu,Vellore,Perampet(Uzhavar Sandhai),Green Avare(W),2026-09-24,6500.0,6500.0,6500.0,0.0,0.0
Tamil Nadu,Thanjavur,Peravurani(Uzhavar Sandhai),Green Avare(W),2026-09-24,11000.0,11000.0,11000.0,0.0,0.0
Tamil Nadu,Theni,Periyakulam(Uzhavar Sandhai ),Green Avare(W),2026-09-24,10000.0,10000.0,10000.0,0.0,0.0
Tamil Nadu,Erode,Periyar Nagar(Uzhavar Sandhai ),Green Avare(W),2026-09-24,6500.0,7000.0,6750.0,0.0,500.0
Tamil Nadu,Erode,Perundurai(Uzhavar Sandhai ),Green Avare(W),2026-09-24,6500.0,7000.0,6750.0,0.0,500.0
Tamil Nadu,Coimbatore,Pollachi(Uzhavar Sandhai ),Green Avare(W),2026-09-24,5500.0,6000.0,5750.0,0.0,500.0
Tamil Nadu,Thiruvannamalai,Polur(Uzhavar Sandhai ),Green Avare(W),2026-09-24,6000.0,7200.0,6600.0,0.0,1200.0
Tamil Nadu,Pudukkottai,Ponnamaravathi(Uzhavar Sandhai),Green Avare(W),2026-09-24,6500.0,7000.0,6750.0,0.0,500.0
Tamil Nadu,Pudukkottai,Pudukottai(Uzhavar Sandhai ),Green Avare(W),2026-09-24,9000.0,10000.0,9500.0,0.0,1000.0
Tamil Nadu,Virudhunagar,Rajapalayam(Uzhavar Sandhai ),Green Avare(W),2026-09-24,11000.0,12000.0,11500.0,0.0,1000.0
Tamil Nadu,Ramanathapuram,Ramanathapuram(Uzhavar Sandhai ),Green Avare(W),2026-09-24,8000.0,8500.0,8250.0,0.0,500.0
Tamil Nadu,Namakkal,Rasipuram(Uzhavar Sandhai ),Green Avare(W),2026-09-24,8000.0,9000.0,8500.0,0.0,1000.0
Tamil Nadu,Coimbatore,Rspuram(Uzhavar Sandhai ),Green Avare(W),2026-09-24,6500.0,7000.0,6750.0,0.0,500.0
Tamil Nadu,Tenkasi,Sankarankoil(Uzhavar Sandhai ),Green Avare(W),2026-09-24,13000.0,13000.0,13000.0,0.0,0.0
Tamil Nadu,Kallakuruchi,Sankarapuram(Uzhavar Sandhai ),Green Avare(W),2026-09-24,7000.0,7000.0,7000.0,0.0,0.0
Tamil Nadu,Erode,Sathiyamagalam(Uzhavar Sandhai ),Green Avare(W),2026-09-24,6500.0,7000.0,6750.0,0.0,500.0
Tamil Nadu,Virudhunagar,Sathur(Uzhavar Sandhai ),Green Avare(W),2026-09-24,9000.0,10000.0,9500.0,0.0,1000.0
Tamil Nadu,Sivaganga,Singampunari(Uzhavar Sandhai ),Green Avare(W),2026-09-24,8400.0,10200.0,9300.0,0.0,1800.0
Tamil Nadu,Coimbatore,Singanallur(Uzhavar Sandhai ),Green Avare(W),2026-09-24,6000.0,6500.0,6250.0,0.0,500.0
Tamil Nadu,Nagapattinam,Sirkali(Uzhavar Sandhai ),Green Avare(W),2026-09-24,6500.0,7000.0,6750.0,0.0,500.0
Tamil Nadu,Sivaganga,Sivagangai (Uzhavar Sandhai ),Green Avare(W),2026-09-24,8500.0,10500.0,9500.0,0.0,2000.0
Tamil Nadu,Virudhunagar,Sivakasi(Uzhavar Sandhai ),Green Avare(W),2026-09-24,10000.0,12000.0,11000.0,0.0,2000.0
Tamil Nadu,Salem,Sooramangalam(Uzhavar Sandhai ),Green Avare(W),2026-09-24,7600.0,8000.0,7800.0,0.0,400.0
Tamil Nadu,Virudhunagar,Srivilliputhur(Uzhavar Sandhai ),Green Avare(W),2026-09-24,11000.0,12000.0,11500.0,0.0,1000.0
Tamil Nadu,Coimbatore,Sulur(Uzhavar Sandhai ),Green Avare(W),2026-09-24,6200.0,7000.0,6600.0,0.0,800.0
Tamil Nadu,Coimbatore,Sundarapuram(Uzhavar Sandhai ),Green Avare(W),2026-09-24,6000.0,7000.0,6500.0,0.0,1000.0
Tamil Nadu,Kancheepuram,Sunguvarchatram(Uzhavar Sandhai ),Green Avare(W),2026-09-24,4500.0,4500.0,4500.0,0.0,0.0
Tamil Nadu,Thiruvannamalai,Tamarainagar(Uzhavar Sandhai ),Green Avare(W),2026-09-24,8000.0,10000.0,9000.0,0.0,2000.0
Tamil Nadu,Tenkasi,Tenkasi(Uzhavar Sandhai ),Green Avare(W),2026-09-24,10000.0,10000.0,10000.0,0.0,0.0
Tamil Nadu,Erode,Thalavadi(Uzhavar Sandhai ),Green Avare(W),2026-09-24,4000.0,4600.0,4300.0,0.0,600.0
Tamil Nadu,Virudhunagar,Thalavaipuram(Uzhavar Sandhai ),Green Avare(W),2026-09-24,10000.0,12000.0,11000.0,0.0,2000.0
Tamil Nadu,Salem,Thammampatti (Uzhavar Sandhai ),Green Avare(W),2026-09-24,7000.0,7500.0,7250.0,0.0,500.0
Tamil Nadu,Thanjavur,Thanjavur(Uzhavar Sandhai ),Green Avare(W),2026-09-24,9000.0,11000.0,10000.0,0.0,2000.0
Tamil Nadu,Salem,Thathakapatti(Uzhavar Sandhai ),Green Avare(W),2026-09-24,8000.0,9000.0,8500.0,0.0,1000.0
Tamil Nadu,Theni,Theni(Uzhavar Sandhai ),Green Avare(W),2026-09-24,10000.0,10000.0,10000.0,0.0,0.0
Tamil Nadu,Chengalpattu,Thirukalukundram(Uzhavar Sandhai ),Green Avare(W),2026-09-24,6000.0,6000.0,6000.0,0.0,0.0
Tamil Nadu,Madurai,Thirumangalam(Uzhavar Sandhai ),Green Avare(W),2026-09-24,10000.0,12000.0,11000.0,0.0,2000.0
Tamil Nadu,Vellore,Thirupathur Apmc,Green Avare(W),2026-09-24,7000.0,7000.0,7000.0,0.0,0.0
Tamil Nadu,Thiruchirappalli,Thiruverumbur(Uzhavar Sandhai ),Green Avare(W),2026-09-24,10000.0,10000.0,10000.0,0.0,0.0
Tamil Nadu,Thiruchirappalli,Thuraiyur Apmc,Green Avare(W),2026-09-24,9000.0,10000.0,9500.0,0.0,1000.0
Tamil Nadu,Villupuram,Tindivanam Apmc,Green Avare(W),2026-09-24,9000.0,9000.0,9000.0,0.0,0.0
Tamil Nadu,Namakkal,Tiruchengode Apmc,Green Avare(W),2026-09-24,6500.0,7000.0,6750.0,0.0,500.0
Tamil Nadu,Thanjavur,Tirukattupalli(Uzhavar Sandhai ),Green Avare(W),2026-09-24,9000.0,9000.0,9000.0,0.0,0.0
Tamil Nadu,Sivaganga,Tirupatthur(Uzhavar Sandhai ),Green Avare(W),2026-09-24,10500.0,11500.0,11000.0,0.0,1000.0
Tamil Nadu,Thirupur,Tiruppur (North) (Uzhavar Sandhai ),Green Avare(W),2026-09-24,6000.0,7000.0,6500.0,0.0,1000.0
Tamil Nadu,Thirupur,Tiruppur (South) (Uzhavar Sandhai ),Green Avare(W),2026-09-24,8000.0,9000.0,8500.0,0.0,1000.0
Tamil Nadu,Thiruvellore,Tiruthani(Uzhavar Sandhai ),Green Avare(W),2026-09-24,6000.0,6000.0,6000.0,0.0,0.0
Tamil Nadu,Thiruvannamalai,Tiruvannamalai(Uzhavar Sandhai ),Green Avare(W),2026-09-24,8000.0,10000.0,9000.0,0.0,2000.0
Tamil Nadu,Tuticorin,Tuticorin(Uzhavar Sandhai ),Green Avare(W),2026-09-24,11000.0,12000.0,11500.0,0.0,1000.0
Tamil Nadu,The Nilgiris,Udhagamandalam(Uzhavar Sandhai ),Green Avare(W),2026-09-24,6500.0,7000.0,6750.0,0.0,500.0
Tamil Nadu,Villupuram,Ulundurpettai Apmc,Green Avare(W),2026-09-24,10000.0,10000.0,10000.0,0.0,0.0
Tamil Nadu,Madurai,Usilampatti(Uzhavar Sandhai ),Green Avare(W),2026-09-24,11000.0,12000.0,11500.0,0.0,1000.0
Tamil Nadu,Cuddalore,Vadalur(Uzhavar Sandhai ),Green Avare(W),2026-09-24,6000.0,6000.0,6000.0,0.0,0.0
Tamil Nadu,Coimbatore,Vadavalli(Uzhavar Sandhai ),Green Avare(W),2026-09-24,6500.0,7000.0,6750.0,0.0,500.0
Tamil Nadu,Thiruvarur,Valangaiman Apmc,Green Avare(W),2026-09-24,7000.0,7000.0,7000.0,0.0,0.0
Tamil Nadu,Thiruvannamalai,Vandavasi(Uzhavar Sandhai ),Green Avare(W),2026-09-24,5000.0,6000.0,5500.0,0.0,1000.0
Tamil Nadu,Thirupathur,Vaniyampadi(Uzhavar Sandhai ),Green Avare(W),2026-09-24,7000.0,7000.0,7000.0,0.0,0.0
Tamil Nadu,Salem,Vazhapadi(Uzhavar Sandhai),Green Avare(W),2026-09-24,8000.0,8000.0,8000.0,0.0,0.0
Tamil Nadu,Nagapattinam,Vedaranyam(Uzhavar Sandhai),Green Avare(W),2026-09-24,6000.0,8000.0,7000.0,0.0,2000.0
Tamil Nadu,Karur,Velayuthampalayam(Uzhavar Sandhai ),Green Avare(W),2026-09-24,10000.0,11000.0,10500.0,0.0,1000.0
Tamil Nadu,Vellore,Vellore Apmc,Green Avare(W),2026-09-24,5500.0,6000.0,5750.0,0.0,500.0
Tamil Nadu,Karur,Vengamedu(Uzhavar Sandhai ),Green Avare(W),2026-09-24,10000.0,11000.0,10500.0,0.0,1000.0
Tamil Nadu,Villupuram,Villupuram(Uzhavar Sandhai ),Green Avare(W),2026-09-24,8000.0,12000.0,10000.0,0.0,4000.0
Tamil Nadu,Pudukkottai,Viralimalai(Uzhavar Sandhai ),Green Avare(W),2026-09-24,7500.0,8000.0,7750.0,0.0,500.0
Tamil Nadu,Virudhunagar,Virudhunagar(Uzhavar Sandhai ),Green Avare(W),2026-09-24,9000.0,10000.0,9500.0,0.0,1000.0
Tamil Nadu,Cuddalore,Viruthachalam(Uzhavar Sandhai ),Green Avare(W),2026-09-24,8000.0,14000.0,11000.0,0.0,6000.0
Tamil Nadu,Dharmapuri,Ajattihalli(Uzhavar Sandhai ),Green Chilli,2026-09-24,3500.0,4000.0,3750.0,0.0,500.0
Tamil Nadu,Pudukkottai,Alangudi(Uzhavar Sandhai ),Green Chilli,2026-09-24,5000.0,6000.0,5500.0,0.0,1000.0
Tamil Nadu,Thirunelveli,Ambasamudram(Uzhavar Sandhai ),Green Chilli,2026-09-24,3000.0,3800.0,3400.0,0.0,800.0
Tamil Nadu,Salem,Ammapet(Uzhavar Sandhai ),Green Chilli,2026-09-24,4000.0,4200.0,4100.0,0.0,200.0
Tamil Nadu,Madurai,Anaiyur(Uzhavar Sandhai ),Green Chilli,2026-09-24,4500.0,5500.0,5000.0,0.0,1000.0
Tamil Nadu,Theni,Andipatti(Uzhavar Sandhai ),Green Chilli,2026-09-24,4500.0,5000.0,4750.0,0.0,500.0
Tamil Nadu,Madurai,Anna Nagar(Uzhavar Sandhai ),Green Chilli,2026-09-24,4400.0,4400.0,4400.0,0.0,0.0
Maharashtra,Ratnagiri,Apmc Ratnagiri (Nachane) ,Green Chilli,2026-09-24,3000.0,3500.0,3300.0,0.0,500.0
Tamil Nadu,Thiruvannamalai,Arani(Uzhavar Sandhai ),Green Chilli,2026-09-24,5000.0,6000.0,5500.0,0.0,1000.0
Tamil Nadu,Pudukkottai,Aranthangi(Uzhavar Sandhai ),Green Chilli,2026-09-24,5000.0,6000.0,5500.0,0.0,1000.0
Tamil Nadu,Ranipet,Arcot(Uzhavar Sandhai ),Green Chilli,2026-09-24,6000.0,6000.0,6000.0,0.0,0.0
Tamil Nadu,Ariyalur,Ariyalur(Uzhavar Sandhai),Green Chilli,2026-09-24,5000.0,6000.0,5500.0,0.0,1000.0
Tamil Nadu,Virudhunagar,Aruppukottai(Uzhavar Sandhai ),Green Chilli,2026-09-24,5000.0,6000.0,5500.0,0.0,1000.0
Tamil Nadu,Salem,Athur(Uzhavar Sandhai ),Green Chilli,2026-09-24,4500.0,5000.0,4750.0,0.0,500.0
Tamil Nadu,Salem,Attayampatti(Uzhavar Sandhai ),Green Chilli,2026-09-24,4000.0,4400.0,4200.0,0.0,400.0
Tamil Nadu,Krishnagiri,Avallapalli(Uzhavar Sandhai ),Green Chilli,2026-09-24,5500.0,6000.0,5750.0,0.0,500.0
Karnataka,Chikkaballapur,Bagepalli Apmc,Green Chilli,2026-09-24,2500.0,3000.0,2700.0,0.0,500.0
Punjab,Moga,Baghapurana Apmc,Green Chilli,2026-09-24,3500.0,5000.0,4000.0,0.0,1500.0
Odisha,Cuttack,Banki Apmc,Green Chilli,2026-09-24,6000.0,7000.0,6500.0,0.0,1000.0
Uttar Pradesh,Bareilly,Bareilly Apmc,Green Chilli,2026-09-24,2000.0,2000.0,2000.0,0.0,0.0
Punjab,Bhatinda,Bhagta Bhai Ka Apmc,Green Chilli,2026-09-24,4100.0,4100.0,4100.0,0.0,0.0
Punjab,Jalandhar,Bhogpur Apmc,Green Chilli,2026-09-24,2400.0,2400.0,2400.0,0.0,0.0
Bihar,Supaul,Birpur Apmc,Green Chilli,2026-09-24,4500.0,5500.0,5000.0,0.0,1000.0
Tamil Nadu,Theni,Bodinayakanur(Uzhavar Sandhai ),Green Chilli,2026-09-24,5000.0,5800.0,5400.0,0.0,800.0
Chandigarh,Chandigarh,Chandigarh (Grain/F&V) Apmc,Green Chilli,2026-09-24,2000.0,3000.0,2800.0,0.0,1000.0
Tamil Nadu,Thiruvannamalai,Chengam(Uzhavar Sandhai ),Green Chilli,2026-09-24,7000.0,8000.0,7500.0,0.0,1000.0
Keralam,Alappuzha,Chengannur Market,Green Chilli,2026-09-24,4900.0,5200.0,5000.0,0.0,300.0
Tamil Nadu,Thiruvannamalai,Cheyyar(Uzhavar Sandhai ),Green Chilli,2026-09-24,4800.0,6000.0,5400.0,0.0,1200.0
Tamil Nadu,Dindigul,Chinnalapatti(Uzhavar Sandhai ),Green Chilli,2026-09-24,5000.0,6000.0,5500.0,0.0,1000.0
Tamil Nadu,Theni,Chinnamanur(Uzhavar Sandhai ),Green Chilli,2026-09-24,5200.0,6000.0,5600.0,0.0,800.0
Tamil Nadu,Madurai,Chokkikulam(Uzhavar Sandhai ),Green Chilli,2026-09-24,4500.0,5500.0,5000.0,0.0,1000.0
Tripura,Dhalai,Chowmanu Apmc,Green Chilli,2026-09-24,16000.0,17000.0,16500.0,0.0,1000.0
Tamil Nadu,The Nilgiris,Coonoor(Uzhavar Sandhai ),Green Chilli,2026-09-24,4500.0,4800.0,4650.0,0.0,300.0
Tamil Nadu,Cuddalore,Cuddalore(Uzhavar Sandhai ),Green Chilli,2026-09-24,5000.0,6000.0,5500.0,0.0,1000.0
Gujarat,Amreli,Damnagar Apmc,Green Chilli,2026-09-24,5500.0,5500.0,5500.0,0.0,0.0
Tamil Nadu,Krishnagiri,Denkanikottai(Uzhavar Sandhai ),Green Chilli,2026-09-24,6000.0,7000.0,6500.0,0.0,1000.0
Punjab,Mohali,Dera Bassi Apmc,Green Chilli,2026-09-24,3500.0,3500.0,3500.0,0.0,0.0
Tamil Nadu,Sivaganga,Devakottai (Uzhavar Sandhai ),Green Chilli,2026-09-24,3800.0,4400.0,4100.0,0.0,600.0
Tamil Nadu,Theni,Devaram(Uzhavar Sandhai ),Green Chilli,2026-09-24,5000.0,5000.0,5000.0,0.0,0.0
Tamil Nadu,Thirupur,Dharapuram(Uzhavar Sandhai ),Green Chilli,2026-09-24,5000.0,5500.0,5250.0,0.0,500.0
Tamil Nadu,Dharmapuri,Dharmapuri(Uzhavar Sandhai ),Green Chilli,2026-09-24,3700.0,4000.0,3850.0,0.0,300.0
Nagaland,Dimapur,Dimapur Apmc,Green Chilli,2026-09-24,7000.0,9000.0,8000.0,0.0,2000.0
Tamil Nadu,Dindigul,Dindigul(Uzhavar Sandhai ),Green Chilli,2026-09-24,5000.0,6000.0,5500.0,0.0,1000.0
Punjab,Ludhiana,Doraha Apmc,Green Chilli,2026-09-24,2000.0,3000.0,2500.0,0.0,1000.0
Tamil Nadu,Salem,Edapadi (Uzhavar Sandhai ),Green Chilli,2026-09-24,4000.0,4500.0,4250.0,0.0,500.0
Tamil Nadu,Salem,Elampillai(Uzhavar Sandhai ),Green Chilli,2026-09-24,3500.0,4000.0,3750.0,0.0,500.0
Uttar Pradesh,Fatehpur,Fatehpur Apmc,Green Chilli,2026-09-24,3000.0,3000.0,3000.0,0.0,0.0
Uttar Pradesh,Agra,Fatehpur Sikri Apmc,Green Chilli,2026-09-24,1600.0,1600.0,1600.0,0.0,0.0
Tamil Nadu,Pudukkottai,Gandarvakottai(Uzhavar Sandhai ),Green Chilli,2026-09-24,5500.0,6000.0,5750.0,0.0,500.0
Tamil Nadu,Karur,Gandhigramam(Uzhavar Sandhai),Green Chilli,2026-09-24,5500.0,6000.0,5750.0,0.0,500.0
West Bengal,Dakshin Dinajpur,Gangarampur(Dakshin Dinajpur) Apmc,Green Chilli,2026-09-24,6500.0,7500.0,7000.0,0.0,1000.0
Punjab,Hoshiarpur,Garh Shankar Apmc,Green Chilli,2026-09-24,3200.0,3200.0,3200.0,0.0,0.0
Punjab,Hoshiarpur,Garhshankar (Kotfatuhi) Apmc,Green Chilli,2026-09-24,3200.0,3200.0,3200.0,0.0,0.0
Tamil Nadu,Villupuram,Gingee(Uzhavar Sandhai ),Green Chilli,2026-09-24,6000.0,6000.0,6000.0,0.0,0.0
Tamil Nadu,Erode,Gobichettipalayam(Uzhavar Sandhai ),Green Chilli,2026-09-24,5000.0,5500.0,5250.0,0.0,500.0
Gujarat,Rajkot,Gondal(Veg.Market Gondal) Apmc,Green Chilli,2026-09-24,200.0,4000.0,2100.0,0.0,3800.0
Tamil Nadu,The Nilgiris,Gudalur(Uzhavar Sandhai ),Green Chilli,2026-09-24,4000.0,4500.0,4250.0,0.0,500.0
Tamil Nadu,Vellore,Gudiyatham(Uzhavar Sandhai ),Green Chilli,2026-09-24,5000.0,5000.0,5000.0,0.0,0.0
Tamil Nadu,Chengalpattu,Guduvancheri(Uzhavar Sandhai ),Green Chilli,2026-09-24,5000.0,6000.0,5500.0,0.0,1000.0
Karnataka,Chamarajanagar,Gundlupet Apmc,Green Chilli,2026-09-24,3500.0,3500.0,3500.0,0.0,0.0
Punjab,Gurdaspur,Gurdaspur Apmc,Green Chilli,2026-09-24,2250.0,2250.0,2250.0,0.0,0.0
Uttar Pradesh,Hathras,Haathras Apmc,Green Chilli,2026-09-24,2010.0,2010.0,2010.0,0.0,0.0
Uttar Pradesh,Hardoi,Hardoi Apmc,Green Chilli,2026-09-24,2000.0,2000.0,2000.0,0.0,0.0
Tamil Nadu,Dharmapuri,Harur(Uzhavar Sandhai ),Green Chilli,2026-09-24,4500.0,5000.0,4750.0,0.0,500.0
Tamil Nadu,Salem,Hasthampatti(Uzhavar Sandhai ),Green Chilli,2026-09-24,3800.0,4000.0,3900.0,0.0,200.0
Karnataka,Davangere,Honnali Apmc,Green Chilli,2026-09-24,2000.0,3000.0,2500.0,0.0,1000.0
Tamil Nadu,Krishnagiri,Hosur(Uzhavar Sandhai ),Green Chilli,2026-09-24,5500.0,6000.0,5750.0,0.0,500.0
Uttar Pradesh,Bulandshahar,Jahangirabad Apmc,Green Chilli,2026-09-24,3000.0,3000.0,3000.0,0.0,0.0
Tamil Nadu,Salem,Jalagandapuram(Uzhavar Sandhai ),Green Chilli,2026-09-24,4000.0,4400.0,4200.0,0.0,400.0
Uttar Pradesh,Jalaun (Orai),Jalaun Apmc,Green Chilli,2026-09-24,2000.0,2000.0,2000.0,0.0,0.0
Tamil Nadu,Chengalpattu,Jameenrayapettai(Uzhavar Sandhai ),Green Chilli,2026-09-24,5000.0,6000.0,5500.0,0.0,1000.0
Uttar Pradesh,Ghazipur,Jangipura Apmc,Green Chilli,2026-09-24,1500.0,1500.0,1500.0,0.0,0.0
West Bengal,Jhargram,Jhargram Apmc,Green Chilli,2026-09-24,6500.0,7500.0,7000.0,0.0,1000.0
Tamil Nadu,Vellore,Kahithapattarai(Uzhavar Sandhai ),Green Chilli,2026-09-24,4600.0,4600.0,4600.0,0.0,0.0
Odisha,Kalahandi,Kalahandi(Dharamagarh) Apmc,Green Chilli,2026-09-24,5000.0,5600.0,5300.0,0.0,600.0
Tamil Nadu,Kallakuruchi,Kallakurichi(Uzhavar Sandhai ),Green Chilli,2026-09-24,6000.0,6000.0,6000.0,0.0,0.0
Odisha,Dhenkanal,Kamakhyanagar Apmc,Green Chilli,2026-09-24,8000.0,8000.0,8000.0,0.0,0.0
Tamil Nadu,Theni,Kambam(Uzhavar Sandhai ),Green Chilli,2026-09-24,5000.0,5800.0,5400.0,0.0,800.0
Tamil Nadu,Kancheepuram,Kancheepuram(Uzhavar Sandhai ),Green Chilli,2026-09-24,3000.0,3500.0,3250.0,0.0,500.0
Tamil Nadu,Thirunelveli,Kandiyaperi(Uzhavar Sandhai ),Green Chilli,2026-09-24,3800.0,4400.0,4100.0,0.0,600.0
Tamil Nadu,Thirupur,Kangayam(Uzhavar Sandhai ),Green Chilli,2026-09-24,5500.0,6000.0,5750.0,0.0,500.0
Tamil Nadu,Sivaganga,Karaikudi(Uzhavar Sandhai ),Green Chilli,2026-09-24,4000.0,4800.0,4400.0,0.0,800.0
Tamil Nadu,Pudukkottai,Karambakkudi(Uzhavar Sandhai ),Green Chilli,2026-09-24,5000.0,6000.0,5500.0,0.0,1000.0
Tamil Nadu,Dharmapuri,Karimangalam(Uzhavar Sandhai),Green Chilli,2026-09-24,4000.0,4500.0,4250.0,0.0,500.0
Tamil Nadu,Virudhunagar,Kariyapatti(Uzhavar Sandhai ),Green Chilli,2026-09-24,5500.0,6000.0,5750.0,0.0,500.0
Tamil Nadu,Karur,Karur(Uzhavar Sandhai ),Green Chilli,2026-09-24,5000.0,6000.0,5500.0,0.0,1000.0
Tamil Nadu,Vellore,Katpadi (Uzhavar Sandhai ),Green Chilli,2026-09-24,5500.0,5500.0,5500.0,0.0,0.0
Tamil Nadu,Krishnagiri,Kaveripattinam(Uzhavar Sandhai ),Green Chilli,2026-09-24,5000.0,5000.0,5000.0,0.0,0.0
Tamil Nadu,Thiruvannamalai,Keelpennathur(Uzhavar Sandhai ),Green Chilli,2026-09-24,4500.0,5000.0,4750.0,0.0,500.0
Madhya Pradesh,Khandwa,Khandwa(F&V) Apmc,Green Chilli,2026-09-24,800.0,1500.0,800.0,0.0,700.0
Punjab,Mohali,Kharar Apmc,Green Chilli,2026-09-24,2500.0,5000.0,3000.0,0.0,2500.0
Uttarakhand,Udhamsinghnagar,Kicchha Apmc,Green Chilli,2026-09-24,1300.0,1500.0,1400.0,0.0,200.0
Tamil Nadu,Thiruchirappalli,Kknagar(Uzhavar Sandhai ),Green Chilli,2026-09-24,4600.0,4600.0,4600.0,0.0,0.0
Tamil Nadu,Dindigul,Kodaikkanal(Uzhavar Sandhai),Green Chilli,2026-09-24,4000.0,5000.0,4500.0,0.0,1000.0
Uttar Pradesh,Jalaun (Orai),Konch Apmc,Green Chilli,2026-09-24,2600.0,2650.0,2627.27,0.0,50.0
Tamil Nadu,Tuticorin,Kovilpatti(Uzhavar Sandhai ),Green Chilli,2026-09-24,4500.0,5000.0,4750.0,0.0,500.0
Tamil Nadu,Krishnagiri,Krishnagiri(Uzhavar Sandhai ),Green Chilli,2026-09-24,3000.0,3500.0,3250.0,0.0,500.0
Tamil Nadu,Karur,Kulithalai(Uzhavar Sandhai ),Green Chilli,2026-09-24,5600.0,6000.0,5800.0,0.0,400.0
Tamil Nadu,Namakkal,Kumarapalayam(Uzhavar Sandhai ),Green Chilli,2026-09-24,5500.0,6000.0,5750.0,0.0,500.0
Tamil Nadu,Thanjavur,Kumbakonam (Uzhavar Sandhai ),Green Chilli,2026-09-24,5400.0,5400.0,5400.0,0.0,0.0
Tamil Nadu,Kancheepuram,Kundrathur(Uzhavar Sandhai ),Green Chilli,2026-09-24,5000.0,6000.0,5500.0,0.0,1000.0
Tamil Nadu,Coimbatore,Kurichi(Uzhavar Sandhai ),Green Chilli,2026-09-24,4200.0,4800.0,4500.0,0.0,600.0
Tamil Nadu,Thiruchirappalli,Lalgudi(Uzhavar Sandhai ),Green Chilli,2026-09-24,4400.0,4400.0,4400.0,0.0,0.0
Punjab,Mohali,Lalru Apmc,Green Chilli,2026-09-24,1800.0,1800.0,1800.0,0.0,0.0
Punjab,Jalandhar,Lohian Khas Apmc,Green Chilli,2026-09-24,3200.0,3600.0,3400.0,0.0,400.0
Punjab,Ludhiana,Ludhiana Apmc,Green Chilli,2026-09-24,1200.0,2500.0,2000.0,0.0,1300.0
Jammu and Kashmir,Jammu,Mac F&V Market Narwal Jammu,Green Chilli,2026-09-24,3000.0,4000.0,3500.0,0.0,1000.0
Tamil Nadu,Chengalpattu,Madhuranthagam(Uzhavar Sandhai ),Green Chilli,2026-09-24,5000.0,5000.0,5000.0,0.0,0.0
Telangana,Mahbubnagar,Mahabubnagar(Rythu Bazar),Green Chilli,2026-09-24,4000.0,4000.0,4000.0,0.0,0.0
Punjab,Sangrur,Malerkotla Apmc,Green Chilli,2026-09-24,2000.0,3200.0,2500.0,0.0,1200.0
Tamil Nadu,Thiruchirappalli,Manachanallur(Uzhavar Sandhai ),Green Chilli,2026-09-24,4600.0,4600.0,4600.0,0.0,0.0
Tamil Nadu,Thiruchirappalli,Manapparai(Uzhavar Sandhai ),Green Chilli,2026-09-24,4500.0,4500.0,4500.0,0.0,0.0
Madhya Pradesh,Dhar,Manawar(F&V) Apmc,Green Chilli,2026-09-24,1900.0,2300.0,2000.0,0.0,400.0
Madhya Pradesh,Mandsaur,Mandsaur(F&V) Apmc,Green Chilli,2026-09-24,3350.0,4500.0,3900.0,0.0,1150.0
Uttarakhand,Haridwar,Manglaur Apmc,Green Chilli,2026-09-24,1000.0,1700.0,1500.0,0.0,700.0
Tamil Nadu,Thiruvarur,Mannargudi I(Uzhavar Sandhai ),Green Chilli,2026-09-24,5000.0,5000.0,5000.0,0.0,0.0
Tamil Nadu,Thiruvarur,Mannargudi Ii(Uzhavar Sandhai ),Green Chilli,2026-09-24,5000.0,5000.0,5000.0,0.0,0.0
Gujarat,Gandhinagar,Mansa(Manas Veg Yard) Apmc,Green Chilli,2026-09-24,1000.0,2000.0,1500.0,0.0,1000.0
Goa,North Goa,Mapusa Apmc,Green Chilli,2026-09-24,2800.0,2800.0,2800.0,0.0,0.0
Uttar Pradesh,Mathura,Mathura Apmc,Green Chilli,2026-09-24,5000.0,5000.0,5000.0,0.0,0.0
Tamil Nadu,Nagapattinam,Mayiladuthurai(Uzhavar Sandhai ),Green Chilli,2026-09-24,5500.0,6000.0,5750.0,0.0,500.0
Tamil Nadu,Salem,Mecheri(Uzhavar Sandhai),Green Chilli,2026-09-24,3500.0,4000.0,3750.0,0.0,500.0
Tamil Nadu,Chengalpattu,Medavakkam(Uzhavar Sandhai ),Green Chilli,2026-09-24,6000.0,6000.0,6000.0,0.0,0.0
Tamil Nadu,Thirunelveli,Melapalayam(Uzhavar Sandhai ),Green Chilli,2026-09-24,3800.0,4400.0,4100.0,0.0,600.0
Tamil Nadu,Madurai,Melur(Uzhavar Sandhai ),Green Chilli,2026-09-24,3600.0,4500.0,4050.0,0.0,900.0
Tamil Nadu,Coimbatore,Mettupalayam(Uzhavar Sandhai ),Green Chilli,2026-09-24,4500.0,4800.0,4650.0,0.0,300.0
Tamil Nadu,Salem,Mettur(Uzhavar Sandhai ),Green Chilli,2026-09-24,4000.0,4500.0,4250.0,0.0,500.0
Tamil Nadu,Namakkal,Mohanur(Uzhavar Sandhai ),Green Chilli,2026-09-24,6400.0,7000.0,6700.0,0.0,600.0
Punjab,Hoshiarpur,Mukerian Apmc,Green Chilli,2026-09-24,3500.0,5500.0,4500.0,0.0,2000.0
Keralam,Kozhikode(Calicut),Mukkom Market,Green Chilli,2026-09-24,5800.0,6200.0,6000.0,0.0,400.0
Tamil Nadu,Thiruchirappalli,Musiri(Uzhavar Sandhai ),Green Chilli,2026-09-24,4000.0,4500.0,4250.0,0.0,500.0
Tamil Nadu,Thiruvarur,Muthupettai(Uzhavar Sandhai ),Green Chilli,2026-09-24,4800.0,4800.0,4800.0,0.0,0.0
Tamil Nadu,Nagapattinam,Nagapattinam(Uzhavar Sandhai ),Green Chilli,2026-09-24,5600.0,5600.0,5600.0,0.0,0.0
Tamil Nadu,Namakkal,Namakkal(Uzhavar Sandhai ),Green Chilli,2026-09-24,5500.0,6000.0,5750.0,0.0,500.0
Tamil Nadu,Chengalpattu,Nanganallur(Uzhavar Sandhai ),Green Chilli,2026-09-24,5500.0,6000.0,5750.0,0.0,500.0
Haryana,Mahendragarh-Narnaul,Narnaul Apmc,Green Chilli,2026-09-24,2000.0,4000.0,3500.0,0.0,2000.0
Tamil Nadu,Thirupathur,Natrampalli(Uzhavar Sandhai ),Green Chilli,2026-09-24,5000.0,6000.0,5500.0,0.0,1000.0
Tamil Nadu,Thiruvarur,Needamangalam(Uzhavar Sandhai ),Green Chilli,2026-09-24,4800.0,4800.0,4800.0,0.0,0.0
Keralam,Thiruvananthapuram,Neyyatinkara Market,Green Chilli,2026-09-24,7500.0,8000.0,7700.0,0.0,500.0
Keralam,Ernakulam,North Paravur Market,Green Chilli,2026-09-24,5000.0,6000.0,5500.0,0.0,1000.0
Keralam,Ernakulam,North Paravur Market,Green Chilli,2026-09-24,4000.0,5000.0,4500.0,0.0,1000.0
Tamil Nadu,Kancheepuram,Padappai(Uzhavar Sandhai ),Green Chilli,2026-09-24,2500.0,3500.0,3000.0,0.0,1000.0
Gujarat,Vadodara(Baroda),Padra Apmc,Green Chilli,2026-09-24,2000.0,2250.0,2125.0,0.0,250.0
Tamil Nadu,Dharmapuri,Palacode(Uzhavar Sandhai ),Green Chilli,2026-09-24,4200.0,4500.0,4350.0,0.0,300.0
Andhra Pradesh,Chittor,Palamaner Apmc,Green Chilli,2026-09-24,2500.0,3500.0,3000.0,0.0,1000.0
Tamil Nadu,Madurai,Palanganatham(Uzhavar Sandhai ),Green Chilli,2026-09-24,3600.0,5500.0,4550.0,0.0,1900.0
Tamil Nadu,Dindigul,Palani(Uzhavar Sandhai ),Green Chilli,2026-09-24,4000.0,4500.0,4250.0,0.0,500.0
Tamil Nadu,Thirunelveli,Palayamkottai(Uzhavar Sandhai ),Green Chilli,2026-09-24,3800.0,4400.0,4100.0,0.0,600.0
Tamil Nadu,Thirupur,Palladam(Uzhavar Sandhai ),Green Chilli,2026-09-24,4000.0,5000.0,4500.0,0.0,1000.0
Tamil Nadu,Karur,Pallapatti (Uzhavar Sandhai ),Green Chilli,2026-09-24,5000.0,6000.0,5500.0,0.0,1000.0
Tamil Nadu,Chengalpattu,Pallavaram(Uzhavar Sandhai ),Green Chilli,2026-09-24,5000.0,6000.0,5500.0,0.0,1000.0
Tamil Nadu,Vellore,Pallikonda(Uzhavar Sandhai),Green Chilli,2026-09-24,3500.0,4000.0,3750.0,0.0,500.0
Tamil Nadu,Cuddalore,Panruti(Uzhavar Sandhai ),Green Chilli,2026-09-24,5000.0,5000.0,5000.0,0.0,0.0
Tamil Nadu,Thanjavur,Papanasam(Uzhavar Sandhai ),Green Chilli,2026-09-24,5400.0,5400.0,5400.0,0.0,0.0
Tamil Nadu,Ramanathapuram,Paramakudi(Uzhavar Sandhai ),Green Chilli,2026-09-24,6000.0,6200.0,6100.0,0.0,200.0
Tamil Nadu,Namakkal,Paramathivelur(Uzhavar Sandhai ),Green Chilli,2026-09-24,5400.0,6000.0,5700.0,0.0,600.0
Keralam,Thiruvananthapuram,Parassala Market,Green Chilli,2026-09-24,7800.0,8200.0,8000.0,0.0,400.0
Tamil Nadu,Thiruvellore,Paruthipattu(Uzhavar Sandhai ),Green Chilli,2026-09-24,6000.0,6000.0,6000.0,0.0,0.0
Punjab,Pathankot,Pathankot Apmc,Green Chilli,2026-09-24,2000.0,2000.0,2000.0,0.0,0.0
Keralam,Palakad,Pattambi Market,Green Chilli,2026-09-24,5500.0,6000.0,5800.0,0.0,500.0
Punjab,Tarntaran,Patti Apmc,Green Chilli,2026-09-24,0.01,0.01,0.01,0.0,0.0
Tamil Nadu,Thanjavur,Pattukottai(Uzhavar Sandhai ),Green Chilli,2026-09-24,4800.0,4800.0,4800.0,0.0,0.0
Tamil Nadu,Dharmapuri,Pennagaram(Uzhavar Sandhai ),Green Chilli,2026-09-24,3500.0,4000.0,3750.0,0.0,500.0
Tamil Nadu,Perambalur,Perambalur(Uzhavar Sandhai ),Green Chilli,2026-09-24,5000.0,5400.0,5200.0,0.0,400.0
Tamil Nadu,Vellore,Perampet(Uzhavar Sandhai),Green Chilli,2026-09-24,6000.0,6000.0,6000.0,0.0,0.0
Tamil Nadu,Thanjavur,Peravurani(Uzhavar Sandhai),Green Chilli,2026-09-24,4800.0,4800.0,4800.0,0.0,0.0
Tamil Nadu,Theni,Periyakulam(Uzhavar Sandhai ),Green Chilli,2026-09-24,4000.0,5000.0,4500.0,0.0,1000.0
Tamil Nadu,Erode,Periyar Nagar(Uzhavar Sandhai ),Green Chilli,2026-09-24,5000.0,5400.0,5200.0,0.0,400.0
Keralam,Ernakulam,Perumbavoor Market,Green Chilli,2026-09-24,5000.0,6000.0,5500.0,0.0,1000.0
Tamil Nadu,Erode,Perundurai(Uzhavar Sandhai ),Green Chilli,2026-09-24,6500.0,6800.0,6650.0,0.0,300.0
Himachal Pradesh,Kangra,Pmy Kangra,Green Chilli,2026-09-24,5000.0,5500.0,5250.0,0.0,500.0
Himachal Pradesh,Solan,Pmy Kather Solan,Green Chilli,2026-09-24,1500.0,6000.0,3500.0,0.0,4500.0
Tamil Nadu,Coimbatore,Pollachi(Uzhavar Sandhai ),Green Chilli,2026-09-24,5500.0,6000.0,5750.0,0.0,500.0
Tamil Nadu,Thiruvannamalai,Polur(Uzhavar Sandhai ),Green Chilli,2026-09-24,5000.0,6000.0,5500.0,0.0,1000.0
Tamil Nadu,Pudukkottai,Ponnamaravathi(Uzhavar Sandhai),Green Chilli,2026-09-24,5500.0,6000.0,5750.0,0.0,500.0
Uttar Pradesh,Prayagraj,Prayagraj Apmc,Green Chilli,2026-09-24,2500.0,2500.0,2500.0,0.0,0.0
Tamil Nadu,Pudukkottai,Pudukottai(Uzhavar Sandhai ),Green Chilli,2026-09-24,5500.0,6000.0,5750.0,0.0,500.0
Keralam,Wayanad,Pulpally Market,Green Chilli,2026-09-24,4200.0,4400.0,4300.0,0.0,200.0
Maharashtra,Pune,Pune,Green Chilli,2026-09-24,2500.0,3000.0,2750.0,0.0,500.0
Maharashtra,Pune,Pune,Green Chilli,2026-09-24,3500.0,3500.0,3500.0,0.0,0.0
Punjab,Gurdaspur,Quadian Apmc,Green Chilli,2026-09-24,2800.0,3000.0,2900.0,0.0,200.0
Keralam,Kozhikode(Calicut),Quilandy Market,Green Chilli,2026-09-24,4800.0,5100.0,5000.0,0.0,300.0
Tamil Nadu,Virudhunagar,Rajapalayam(Uzhavar Sandhai ),Green Chilli,2026-09-24,5000.0,6000.0,5500.0,0.0,1000.0
Karnataka,Bengaluru South,Ramanagara Apmc,Green Chilli,2026-09-24,3000.0,5000.0,4400.0,0.0,2000.0
Tamil Nadu,Ramanathapuram,Ramanathapuram(Uzhavar Sandhai ),Green Chilli,2026-09-24,5500.0,6000.0,5750.0,0.0,500.0
Punjab,Bhatinda,Rampuraphul(Nabha Mandi) Apmc,Green Chilli,2026-09-24,2000.0,3000.0,2500.0,0.0,1000.0
Tamil Nadu,Ranipet,Ranipettai(Uzhavar Sandhai ),Green Chilli,2026-09-24,5000.0,7000.0,6000.0,0.0,2000.0
Tamil Nadu,Namakkal,Rasipuram(Uzhavar Sandhai ),Green Chilli,2026-09-24,5200.0,5600.0,5400.0,0.0,400.0
Haryana,Fatehabad,Ratia Apmc,Green Chilli,2026-09-24,2500.0,3000.0,2800.0,0.0,500.0
Punjab,Amritsar,Rayya Apmc,Green Chilli,2026-09-24,1057.0,1057.0,1057.0,0.0,0.0
Uttar Pradesh,Sonbhadra,Robertsganj Apmc,Green Chilli,2026-09-24,3500.0,3500.0,3500.0,0.0,0.0
Punjab,Ropar (Rupnagar),Ropar Apmc,Green Chilli,2026-09-24,3600.0,4000.0,3800.0,0.0,400.0
Tamil Nadu,Coimbatore,Rspuram(Uzhavar Sandhai ),Green Chilli,2026-09-24,4000.0,4500.0,4250.0,0.0,500.0
Uttarakhand,Udhamsinghnagar,Rudrapur Apmc,Green Chilli,2026-09-24,3000.0,5000.0,4000.0,0.0,2000.0
Telangana,Hyderabad,Rythu Bazar Mehdipatnam,Green Chilli,2026-09-24,4000.0,4000.0,4000.0,0.0,0.0
Haryana,Yamuna Nagar,Sadhaura Apmc,Green Chilli,2026-09-24,2700.0,2900.0,2800.0,0.0,200.0
Tamil Nadu,Erode,Sampath Nagar(Uzhavar Sandhai ),Green Chilli,2026-09-24,5000.0,5400.0,5200.0,0.0,400.0
Tamil Nadu,Tenkasi,Sankarankoil(Uzhavar Sandhai ),Green Chilli,2026-09-24,5000.0,5500.0,5250.0,0.0,500.0
Tamil Nadu,Kallakuruchi,Sankarapuram(Uzhavar Sandhai ),Green Chilli,2026-09-24,6000.0,6000.0,6000.0,0.0,0.0
Madhya Pradesh,Rajgarh,Sarangpur(F&V) Apmc,Green Chilli,2026-09-24,900.0,900.0,900.0,0.0,0.0
Telangana,Ranga Reddy,"Saroornagar,Rbz",Green Chilli,2026-09-24,4000.0,4000.0,4000.0,0.0,0.0
Tamil Nadu,Erode,Sathiyamagalam(Uzhavar Sandhai ),Green Chilli,2026-09-24,5400.0,5800.0,5600.0,0.0,400.0
Tamil Nadu,Virudhunagar,Sathur(Uzhavar Sandhai ),Green Chilli,2026-09-24,5500.0,6000.0,5750.0,0.0,500.0
Madhya Pradesh,Badwani,Sendhwa(F&V) Apmc,Green Chilli,2026-09-24,800.0,1400.0,1100.0,0.0,600.0
Uttar Pradesh,Shamli,Shamli Apmc,Green Chilli,2026-09-24,3400.0,3500.0,3456.52,0.0,100.0
Telangana,Ranga Reddy,Shankarapally Apmc,Green Chilli,2026-09-24,4000.0,5000.0,4500.0,0.0,1000.0
Meghalaya,East Khasi Hills,Shillong Apmc,Green Chilli,2026-09-24,6500.0,7000.0,6800.0,0.0,500.0
Tamil Nadu,Sivaganga,Singampunari(Uzhavar Sandhai ),Green Chilli,2026-09-24,3800.0,4600.0,4200.0,0.0,800.0
Tamil Nadu,Coimbatore,Singanallur(Uzhavar Sandhai ),Green Chilli,2026-09-24,4000.0,4500.0,4250.0,0.0,500.0
Punjab,Fatehgarh,Sirhind Apmc,Green Chilli,2026-09-24,3000.0,4700.0,3700.0,0.0,1700.0
Tamil Nadu,Nagapattinam,Sirkali(Uzhavar Sandhai ),Green Chilli,2026-09-24,5500.0,6000.0,5750.0,0.0,500.0
Tamil Nadu,Sivaganga,Sivagangai (Uzhavar Sandhai ),Green Chilli,2026-09-24,3800.0,4600.0,4200.0,0.0,800.0
Tamil Nadu,Virudhunagar,Sivakasi(Uzhavar Sandhai ),Green Chilli,2026-09-24,5000.0,6000.0,5500.0,0.0,1000.0
Himachal Pradesh,Kangra,Smy Baijnath,Green Chilli,2026-09-24,4500.0,5000.0,4800.0,0.0,500.0
Himachal Pradesh,Kangra,Smy Jaisinghpur,Green Chilli,2026-09-24,5500.0,6000.0,5800.0,0.0,500.0
Himachal Pradesh,Kangra,Smy Nagrota Bagwan,Green Chilli,2026-09-24,4800.0,5200.0,5000.0,0.0,400.0
Himachal Pradesh,Kangra,Smy Palampur,Green Chilli,2026-09-24,5000.0,6000.0,5500.0,0.0,1000.0
Himachal Pradesh,Una,Smy Santoshgarh,Green Chilli,2026-09-24,3800.0,4000.0,3900.0,0.0,200.0
Tamil Nadu,Salem,Sooramangalam(Uzhavar Sandhai ),Green Chilli,2026-09-24,3600.0,3800.0,3700.0,0.0,200.0
Tamil Nadu,Virudhunagar,Srivilliputhur(Uzhavar Sandhai ),Green Chilli,2026-09-24,5000.0,6000.0,5500.0,0.0,1000.0
Tamil Nadu,Coimbatore,Sulur(Uzhavar Sandhai ),Green Chilli,2026-09-24,4000.0,4500.0,4250.0,0.0,500.0
Tamil Nadu,Coimbatore,Sundarapuram(Uzhavar Sandhai ),Green Chilli,2026-09-24,4200.0,4800.0,4500.0,0.0,600.0
Tamil Nadu,Kancheepuram,Sunguvarchatram(Uzhavar Sandhai ),Green Chilli,2026-09-24,5000.0,6000.0,5500.0,0.0,1000.0
Gujarat,Surat,Surat Apmc,Green Chilli,2026-09-24,1500.0,4000.0,2750.0,0.0,2500.0
Gujarat,Gir Somnath,Talalagir Apmc,Green Chilli,2026-09-24,1350.0,1800.0,1540.0,0.0,450.0
Tamil Nadu,Thiruvannamalai,Tamarainagar(Uzhavar Sandhai ),Green Chilli,2026-09-24,4000.0,5000.0,4500.0,0.0,1000.0
Punjab,Hoshiarpur,Tanda Urmur Apmc,Green Chilli,2026-09-24,2500.0,3000.0,2800.0,0.0,500.0
Tamil Nadu,Tenkasi,Tenkasi(Uzhavar Sandhai ),Green Chilli,2026-09-24,4000.0,4000.0,4000.0,0.0,0.0
Tamil Nadu,Erode,Thalavadi(Uzhavar Sandhai ),Green Chilli,2026-09-24,3500.0,4000.0,3750.0,0.0,500.0
Tamil Nadu,Virudhunagar,Thalavaipuram(Uzhavar Sandhai ),Green Chilli,2026-09-24,5000.0,6000.0,5500.0,0.0,1000.0
Tamil Nadu,Salem,Thammampatti (Uzhavar Sandhai ),Green Chilli,2026-09-24,4500.0,5000.0,4750.0,0.0,500.0
Uttar Pradesh,Shamli,Thanabhawan Apmc,Green Chilli,2026-09-24,2800.0,2800.0,2800.0,0.0,0.0
Tamil Nadu,Thanjavur,Thanjavur(Uzhavar Sandhai ),Green Chilli,2026-09-24,4400.0,4400.0,4400.0,0.0,0.0
Tamil Nadu,Salem,Thathakapatti(Uzhavar Sandhai ),Green Chilli,2026-09-24,4000.0,4000.0,4000.0,0.0,0.0
Tamil Nadu,Theni,Theni(Uzhavar Sandhai ),Green Chilli,2026-09-24,4000.0,5000.0,4500.0,0.0,1000.0
Tamil Nadu,Chengalpattu,Thirukalukundram(Uzhavar Sandhai ),Green Chilli,2026-09-24,5000.0,5000.0,5000.0,0.0,0.0
Tamil Nadu,Madurai,Thirumangalam(Uzhavar Sandhai ),Green Chilli,2026-09-24,5000.0,5500.0,5250.0,0.0,500.0
Tamil Nadu,Vellore,Thirupathur Apmc,Green Chilli,2026-09-24,7000.0,7000.0,7000.0,0.0,0.0
Tamil Nadu,Thiruchirappalli,Thiruverumbur(Uzhavar Sandhai ),Green Chilli,2026-09-24,4600.0,4600.0,4600.0,0.0,0.0
Keralam,Ernakulam,Thrippunithura Market,Green Chilli,2026-09-24,5500.0,10000.0,6500.0,0.0,4500.0
Tamil Nadu,Thiruchirappalli,Thuraiyur Apmc,Green Chilli,2026-09-24,3800.0,4400.0,4100.0,0.0,600.0
Tamil Nadu,Villupuram,Tindivanam Apmc,Green Chilli,2026-09-24,5500.0,5500.0,5500.0,0.0,0.0
Tamil Nadu,Namakkal,Tiruchengode Apmc,Green Chilli,2026-09-24,5000.0,6000.0,5500.0,0.0,1000.0
Tamil Nadu,Thanjavur,Tirukattupalli(Uzhavar Sandhai ),Green Chilli,2026-09-24,4400.0,4400.0,4400.0,0.0,0.0
Tamil Nadu,Sivaganga,Tirupatthur(Uzhavar Sandhai ),Green Chilli,2026-09-24,4000.0,4800.0,4400.0,0.0,800.0
Tamil Nadu,Thirupur,Tiruppur (North) (Uzhavar Sandhai ),Green Chilli,2026-09-24,4000.0,4600.0,4300.0,0.0,600.0
Tamil Nadu,Thirupur,Tiruppur (South) (Uzhavar Sandhai ),Green Chilli,2026-09-24,3000.0,4000.0,3500.0,0.0,1000.0
Tamil Nadu,Thiruvellore,Tiruthani(Uzhavar Sandhai ),Green Chilli,2026-09-24,6000.0,6000.0,6000.0,0.0,0.0
Tamil Nadu,Thiruvarur,Tiruthuraipoondi(Uzhavar Sandhai ),Green Chilli,2026-09-24,5000.0,5000.0,5000.0,0.0,0.0
Tamil Nadu,Thiruvannamalai,Tiruvannamalai(Uzhavar Sandhai ),Green Chilli,2026-09-24,5000.0,6000.0,5500.0,0.0,1000.0
Tamil Nadu,Thiruvarur,Tiruvarur(Uzhavar Sandhai ),Green Chilli,2026-09-24,5000.0,5000.0,5000.0,0.0,0.0
Tamil Nadu,Tuticorin,Tuticorin(Uzhavar Sandhai ),Green Chilli,2026-09-24,4500.0,5000.0,4750.0,0.0,500.0
Tamil Nadu,The Nilgiris,Udhagamandalam(Uzhavar Sandhai ),Green Chilli,2026-09-24,4500.0,5000.0,4750.0,0.0,500.0
Tamil Nadu,Coimbatore,Udumalpet Apmc,Green Chilli,2026-09-24,3500.0,4800.0,4150.0,0.0,1300.0
Tamil Nadu,Villupuram,Ulundurpettai Apmc,Green Chilli,2026-09-24,6000.0,6000.0,6000.0,0.0,0.0
Tamil Nadu,Madurai,Usilampatti(Uzhavar Sandhai ),Green Chilli,2026-09-24,4800.0,5500.0,5150.0,0.0,700.0
Tamil Nadu,Cuddalore,Vadalur(Uzhavar Sandhai ),Green Chilli,2026-09-24,6000.0,6000.0,6000.0,0.0,0.0
Tamil Nadu,Nagercoil (Kannyiakumari),Vadaseri Apmc,Green Chilli,2026-09-24,7000.0,7500.0,7250.0,0.0,500.0
Tamil Nadu,Coimbatore,Vadavalli(Uzhavar Sandhai ),Green Chilli,2026-09-24,4000.0,4500.0,4250.0,0.0,500.0
Gujarat,Surendranagar,Vadhvan Apmc,Green Chilli,2026-09-24,500.0,1000.0,750.0,0.0,500.0
Tamil Nadu,Thiruvarur,Valangaiman Apmc,Green Chilli,2026-09-24,5000.0,6000.0,5500.0,0.0,1000.0
Tamil Nadu,Thiruvannamalai,Vandavasi(Uzhavar Sandhai ),Green Chilli,2026-09-24,5000.0,6000.0,5500.0,0.0,1000.0
Uttar Pradesh,Varanasi,Varanasi Apmc,Green Chilli,2026-09-24,1500.0,1500.0,1500.0,0.0,0.0
Tamil Nadu,Salem,Vazhapadi(Uzhavar Sandhai),Green Chilli,2026-09-24,4000.0,4500.0,4250.0,0.0,500.0
Tamil Nadu,Nagapattinam,Vedaranyam(Uzhavar Sandhai),Green Chilli,2026-09-24,4000.0,5500.0,4750.0,0.0,1500.0
Tamil Nadu,Karur,Velayuthampalayam(Uzhavar Sandhai ),Green Chilli,2026-09-24,5000.0,6000.0,5500.0,0.0,1000.0
Tamil Nadu,Vellore,Vellore Apmc,Green Chilli,2026-09-24,3500.0,4000.0,3750.0,0.0,500.0
Tamil Nadu,Karur,Vengamedu(Uzhavar Sandhai ),Green Chilli,2026-09-24,5000.0,6000.0,5500.0,0.0,1000.0
Uttarakhand,Dehradoon,Vikasnagar Apmc,Green Chilli,2026-09-24,1000.0,1800.0,1800.0,0.0,800.0
Tamil Nadu,Villupuram,Villupuram(Uzhavar Sandhai ),Green Chilli,2026-09-24,6000.0,6000.0,6000.0,0.0,0.0
Tamil Nadu,Pudukkottai,Viralimalai(Uzhavar Sandhai ),Green Chilli,2026-09-24,5500.0,6000.0,5750.0,0.0,500.0
Tamil Nadu,Virudhunagar,Virudhunagar(Uzhavar Sandhai ),Green Chilli,2026-09-24,4500.0,5000.0,4750.0,0.0,500.0
Tamil Nadu,Cuddalore,Viruthachalam(Uzhavar Sandhai ),Green Chilli,2026-09-24,5000.0,5000.0,5000.0,0.0,0.0
Nagaland,Wokha,Wokha Town Apmc,Green Chilli,2026-09-24,7500.0,8300.0,8000.0,0.0,800.0
Punjab,Ferozpur,Zira Apmc,Green Chilli,2026-09-24,4200.0,4200.0,4200.0,0.0,0.0
Uttar Pradesh,Badaun,Badayoun Apmc,Green Gram Dal(Moong Dal),2026-09-24,10000.0,10050.0,10011.54,0.0,50.0
Uttar Pradesh,Sambhal,Chandausi Apmc,Green Gram Dal(Moong Dal),2026-09-24,9310.0,9310.0,9310.0,0.0,0.0
Manipur,Imphal East,Lamlong Bazaar Apmc,Green Gram Dal(Moong Dal),2026-09-24,13000.0,14000.0,13500.0,0.0,1000.0
Uttar Pradesh,Aligarh,Aligarh Apmc,Green Gram(Moong)(Whole),2026-09-24,8768.0,8768.0,8768.0,0.0,0.0
Uttar Pradesh,Auraiya,Auraiya Apmc,Green Gram(Moong)(Whole),2026-09-24,7500.0,7500.0,7500.0,0.0,0.0
Uttar Pradesh,Badaun,Badayoun Apmc,Green Gram(Moong)(Whole),2026-09-24,9600.0,9600.0,9600.0,0.0,0.0
Gujarat,Jamnagar,Jam Jodhpur Apmc,Green Gram(Moong)(Whole),2026-09-24,5000.0,7000.0,6000.0,0.0,2000.0
Rajasthan,Kota,Kota Apmc,Green Gram(Moong)(Whole),2026-09-24,8000.0,8000.0,8000.0,0.0,0.0
Andhra Pradesh,Palnadu,Narasaraopet Apmc,Green Gram(Moong)(Whole),2026-09-24,7500.0,7500.0,7500.0,0.0,0.0
Andhra Pradesh,Parvathipuram Manyam,Palakonda Apmc,Green Gram(Moong)(Whole),2026-09-24,6550.0,6550.0,6550.0,0.0,0.0
Rajasthan,Ganganagar,Suratgarh Apmc,Green Gram(Moong)(Whole),2026-09-24,7781.0,8380.0,8165.0,0.0,599.0
Tamil Nadu,Madurai,Anna Nagar(Uzhavar Sandhai ),Green Peas,2026-09-24,19000.0,19000.0,19000.0,0.0,0.0
Tamil Nadu,Krishnagiri,Avallapalli(Uzhavar Sandhai ),Green Peas,2026-09-24,11000.0,13000.0,12000.0,0.0,2000.0
Tamil Nadu,Madurai,Chokkikulam(Uzhavar Sandhai ),Green Peas,2026-09-24,14000.0,15000.0,14500.0,0.0,1000.0
Tamil Nadu,Dharmapuri,Dharmapuri(Uzhavar Sandhai ),Green Peas,2026-09-24,16000.0,16800.0,16400.0,0.0,800.0
Tamil Nadu,Dindigul,Dindigul(Uzhavar Sandhai ),Green Peas,2026-09-24,12000.0,14000.0,13000.0,0.0,2000.0
Tamil Nadu,Krishnagiri,Hosur(Uzhavar Sandhai ),Green Peas,2026-09-24,12000.0,13000.0,12500.0,0.0,1000.0
Tamil Nadu,Dharmapuri,Karimangalam(Uzhavar Sandhai),Green Peas,2026-09-24,15000.0,16000.0,15500.0,0.0,1000.0
Tamil Nadu,Thiruchirappalli,Kknagar(Uzhavar Sandhai ),Green Peas,2026-09-24,19000.0,19000.0,19000.0,0.0,0.0
Tamil Nadu,Coimbatore,Mettupalayam(Uzhavar Sandhai ),Green Peas,2026-09-24,12000.0,15000.0,13500.0,0.0,3000.0
Tamil Nadu,Namakkal,Namakkal(Uzhavar Sandhai ),Green Peas,2026-09-24,16000.0,18000.0,17000.0,0.0,2000.0
Tamil Nadu,Madurai,Palanganatham(Uzhavar Sandhai ),Green Peas,2026-09-24,14000.0,15000.0,14500.0,0.0,1000.0
Tamil Nadu,Thirunelveli,Palayamkottai(Uzhavar Sandhai ),Green Peas,2026-09-24,16000.0,18000.0,17000.0,0.0,2000.0
Tamil Nadu,Chengalpattu,Pallavaram(Uzhavar Sandhai ),Green Peas,2026-09-24,12000.0,14000.0,13000.0,0.0,2000.0
Punjab,Ropar (Rupnagar),Ropar Apmc,Green Peas,2026-09-24,12000.0,13000.0,12500.0,0.0,1000.0
Tamil Nadu,Coimbatore,Rspuram(Uzhavar Sandhai ),Green Peas,2026-09-24,18000.0,20000.0,19000.0,0.0,2000.0
Tamil Nadu,Coimbatore,Singanallur(Uzhavar Sandhai ),Green Peas,2026-09-24,20000.0,21000.0,20500.0,0.0,1000.0
Tamil Nadu,Salem,Sooramangalam(Uzhavar Sandhai ),Green Peas,2026-09-24,15000.0,15400.0,15200.0,0.0,400.0
Tamil Nadu,Coimbatore,Sundarapuram(Uzhavar Sandhai ),Green Peas,2026-09-24,20000.0,21000.0,20500.0,0.0,1000.0
Tamil Nadu,Salem,Thathakapatti(Uzhavar Sandhai ),Green Peas,2026-09-24,14000.0,15000.0,14500.0,0.0,1000.0
Tamil Nadu,Theni,Theni(Uzhavar Sandhai ),Green Peas,2026-09-24,15500.0,15500.0,15500.0,0.0,0.0
Tamil Nadu,Vellore,Thirupathur Apmc,Green Peas,2026-09-24,10000.0,10000.0,10000.0,0.0,0.0
Tamil Nadu,Tuticorin,Tuticorin(Uzhavar Sandhai ),Green Peas,2026-09-24,17000.0,18000.0,17500.0,0.0,1000.0
Tamil Nadu,The Nilgiris,Udhagamandalam(Uzhavar Sandhai ),Green Peas,2026-09-24,10000.0,13000.0,11500.0,0.0,3000.0
Andhra Pradesh,Annamayya,Lakkireddipally Apmc,Ground Nut Seed,2026-09-24,11000.0,11200.0,11100.0,0.0,200.0
Andhra Pradesh,Ananthapuramu,Rapthadu Apmc,Ground Nut Seed,2026-09-24,9500.0,11500.0,10500.0,0.0,2000.0
Tamil Nadu,Salem,Ammapet(Uzhavar Sandhai ),Groundnut,2026-09-24,6500.0,7000.0,6750.0,0.0,500.0
Tamil Nadu,Madurai,Anaiyur(Uzhavar Sandhai ),Groundnut,2026-09-24,7000.0,8000.0,7500.0,0.0,1000.0
Tamil Nadu,Madurai,Anna Nagar(Uzhavar Sandhai ),Groundnut,2026-09-24,7000.0,8000.0,7500.0,0.0,1000.0
Tamil Nadu,Ranipet,Arcot(Uzhavar Sandhai ),Groundnut,2026-09-24,6000.0,6000.0,6000.0,0.0,0.0
Tamil Nadu,Salem,Athur(Uzhavar Sandhai ),Groundnut,2026-09-24,6500.0,7000.0,6750.0,0.0,500.0
Tamil Nadu,Salem,Attayampatti(Uzhavar Sandhai ),Groundnut,2026-09-24,7000.0,7000.0,7000.0,0.0,0.0
Uttar Pradesh,Badaun,Badayoun Apmc,Groundnut,2026-09-24,18095.0,18095.0,18095.0,0.0,0.0
Gujarat,Junagarh,Bhesan Apmc,Groundnut,2026-09-24,5000.0,7000.0,6500.0,0.0,2000.0
Tamil Nadu,Thiruvannamalai,Chengam(Uzhavar Sandhai ),Groundnut,2026-09-24,7000.0,8000.0,7500.0,0.0,1000.0
Andhra Pradesh,Alluri Sitharama Raju,Chintapally Apmc,Groundnut,2026-09-24,7450.0,7550.0,7500.0,0.0,100.0
Tamil Nadu,Madurai,Chokkikulam(Uzhavar Sandhai ),Groundnut,2026-09-24,7000.0,8000.0,7500.0,0.0,1000.0
Tamil Nadu,Cuddalore,Cuddalore(Uzhavar Sandhai ),Groundnut,2026-09-24,8000.0,8000.0,8000.0,0.0,0.0
Tamil Nadu,Dharmapuri,Dharmapuri(Uzhavar Sandhai ),Groundnut,2026-09-24,6200.0,6600.0,6400.0,0.0,400.0
Andhra Pradesh,Sri Sathya Sai,Dharmavaram Apmc,Groundnut,2026-09-24,7200.0,7400.0,7300.0,0.0,200.0
Gujarat,Rajkot,Dhoraji Apmc,Groundnut,2026-09-24,5680.0,6505.0,5880.0,0.0,825.0
Gujarat,Jamnagar,Dhrol Apmc,Groundnut,2026-09-24,5200.0,6000.0,5600.0,0.0,800.0
Tamil Nadu,Dindigul,Dindigul(Uzhavar Sandhai ),Groundnut,2026-09-24,6000.0,7000.0,6500.0,0.0,1000.0
Tamil Nadu,Salem,Elampillai(Uzhavar Sandhai ),Groundnut,2026-09-24,6500.0,7000.0,6750.0,0.0,500.0
Tamil Nadu,Villupuram,Gingee(Uzhavar Sandhai ),Groundnut,2026-09-24,7000.0,7000.0,7000.0,0.0,0.0
Andhra Pradesh,Ananthapuramu,Gooti Apmc,Groundnut,2026-09-24,4289.0,7490.0,6469.0,0.0,3201.0
Tamil Nadu,Vellore,Gudiyatham(Uzhavar Sandhai ),Groundnut,2026-09-24,7600.0,7600.0,7600.0,0.0,0.0
Tamil Nadu,Chengalpattu,Guduvancheri(Uzhavar Sandhai ),Groundnut,2026-09-24,9000.0,10000.0,9500.0,0.0,1000.0
Andhra Pradesh,Ananthapuramu,Guntakal Apmc,Groundnut,2026-09-24,7000.0,8000.0,7500.0,0.0,1000.0
Tamil Nadu,Salem,Hasthampatti(Uzhavar Sandhai ),Groundnut,2026-09-24,7000.0,7500.0,7250.0,0.0,500.0
Tamil Nadu,Krishnagiri,Hosur(Uzhavar Sandhai ),Groundnut,2026-09-24,8000.0,10000.0,9000.0,0.0,2000.0
Tamil Nadu,Salem,Jalagandapuram(Uzhavar Sandhai ),Groundnut,2026-09-24,6500.0,7000.0,6750.0,0.0,500.0
Gujarat,Jamnagar,Jam Jodhpur Apmc,Groundnut,2026-09-24,5000.0,6250.0,5500.0,0.0,1250.0
Tamil Nadu,Chengalpattu,Jameenrayapettai(Uzhavar Sandhai ),Groundnut,2026-09-24,9000.0,10000.0,9500.0,0.0,1000.0
Tamil Nadu,Vellore,Kahithapattarai(Uzhavar Sandhai ),Groundnut,2026-09-24,7000.0,7000.0,7000.0,0.0,0.0
Gujarat,Jamnagar,Kalawad Apmc,Groundnut,2026-09-24,5000.0,6925.0,6510.0,0.0,1925.0
Tamil Nadu,Kallakuruchi,Kallakurichi(Uzhavar Sandhai ),Groundnut,2026-09-24,6000.0,6000.0,6000.0,0.0,0.0
Andhra Pradesh,Ananthapuramu,Kalyandurg Apmc,Groundnut,2026-09-24,8000.0,8500.0,8300.0,0.0,500.0
Andhra Pradesh,YSR Kadapa,Kamalapuram Apmc,Groundnut,2026-09-24,7500.0,7500.0,7500.0,0.0,0.0
Tamil Nadu,Dharmapuri,Karimangalam(Uzhavar Sandhai),Groundnut,2026-09-24,4500.0,5000.0,4750.0,0.0,500.0
Tamil Nadu,Vellore,Katpadi (Uzhavar Sandhai ),Groundnut,2026-09-24,7000.0,7000.0,7000.0,0.0,0.0
Tamil Nadu,Thiruchirappalli,Kknagar(Uzhavar Sandhai ),Groundnut,2026-09-24,8000.0,8000.0,8000.0,0.0,0.0
Tamil Nadu,Krishnagiri,Krishnagiri(Uzhavar Sandhai ),Groundnut,2026-09-24,6000.0,6500.0,6250.0,0.0,500.0
Uttar Pradesh,Lucknow,Lucknow Apmc,Groundnut,2026-09-24,9221.0,9221.0,9221.0,0.0,0.0
Andhra Pradesh,Sri Sathya Sai,Madakasira Apmc,Groundnut,2026-09-24,7530.0,7530.0,7530.0,0.0,0.0
Uttar Pradesh,Hardoi,Madhoganj Apmc,Groundnut,2026-09-24,6000.0,6000.0,6000.0,0.0,0.0
Tamil Nadu,Madurai,Melur(Uzhavar Sandhai ),Groundnut,2026-09-24,7000.0,8000.0,7500.0,0.0,1000.0
Tamil Nadu,Coimbatore,Mettupalayam(Uzhavar Sandhai ),Groundnut,2026-09-24,7000.0,8000.0,7500.0,0.0,1000.0
Tamil Nadu,Salem,Mettur(Uzhavar Sandhai ),Groundnut,2026-09-24,6200.0,6500.0,6350.0,0.0,300.0
Tamil Nadu,Nagapattinam,Nagapattinam(Uzhavar Sandhai ),Groundnut,2026-09-24,5000.0,6000.0,5500.0,0.0,1000.0
Rajasthan,Jhunjhunu,Nawalgarh Apmc,Groundnut,2026-09-24,7200.0,7200.0,7200.0,0.0,0.0
Tamil Nadu,Kancheepuram,Padappai(Uzhavar Sandhai ),Groundnut,2026-09-24,6500.0,7500.0,7000.0,0.0,1000.0
Tamil Nadu,Dharmapuri,Palacode(Uzhavar Sandhai ),Groundnut,2026-09-24,6600.0,7000.0,6800.0,0.0,400.0
Tamil Nadu,Chengalpattu,Pallavaram(Uzhavar Sandhai ),Groundnut,2026-09-24,8000.0,10000.0,9000.0,0.0,2000.0
Tamil Nadu,Namakkal,Paramathivelur(Uzhavar Sandhai ),Groundnut,2026-09-24,6800.0,7500.0,7150.0,0.0,700.0
Tamil Nadu,Dharmapuri,Pennagaram(Uzhavar Sandhai ),Groundnut,2026-09-24,6000.0,6500.0,6250.0,0.0,500.0
Andhra Pradesh,Sri Sathya Sai,Penukonda Apmc,Groundnut,2026-09-24,7400.0,7600.0,7500.0,0.0,200.0
Tamil Nadu,Perambalur,Perambalur(Uzhavar Sandhai ),Groundnut,2026-09-24,8000.0,9000.0,8500.0,0.0,1000.0
Tamil Nadu,Vellore,Perampet(Uzhavar Sandhai),Groundnut,2026-09-24,7500.0,7500.0,7500.0,0.0,0.0
Tamil Nadu,Erode,Periyar Nagar(Uzhavar Sandhai ),Groundnut,2026-09-24,5500.0,6000.0,5750.0,0.0,500.0
Tamil Nadu,Thiruvannamalai,Polur(Uzhavar Sandhai ),Groundnut,2026-09-24,5000.0,6000.0,5500.0,0.0,1000.0
Andhra Pradesh,YSR Kadapa,Proddatur Apmc,Groundnut,2026-09-24,7200.0,7200.0,7200.0,0.0,0.0
Tamil Nadu,Pudukkottai,Pudukottai(Uzhavar Sandhai ),Groundnut,2026-09-24,5500.0,6000.0,5750.0,0.0,500.0
Andhra Pradesh,Sri Sathya Sai,Puttaparthi  Apmc,Groundnut,2026-09-24,6400.0,6800.0,6600.0,0.0,400.0
Tamil Nadu,Ranipet,Ranipettai(Uzhavar Sandhai ),Groundnut,2026-09-24,6000.0,6000.0,6000.0,0.0,0.0
Tamil Nadu,Namakkal,Rasipuram(Uzhavar Sandhai ),Groundnut,2026-09-24,7000.0,7500.0,7250.0,0.0,500.0
Andhra Pradesh,Annamayya,Rayachoti Apmc,Groundnut,2026-09-24,7900.0,8300.0,8100.0,0.0,400.0
Andhra Pradesh,Chittor,Rompicherla Apmc,Groundnut,2026-09-24,3800.0,3800.0,3800.0,0.0,0.0
Tamil Nadu,Coimbatore,Rspuram(Uzhavar Sandhai ),Groundnut,2026-09-24,6500.0,7000.0,6750.0,0.0,500.0
Tamil Nadu,Kallakuruchi,Sankarapuram(Uzhavar Sandhai ),Groundnut,2026-09-24,6000.0,6000.0,6000.0,0.0,0.0
Andhra Pradesh,Ananthapuramu,Singanamala Apmc,Groundnut,2026-09-24,6600.0,7800.0,7200.0,0.0,1200.0
Tamil Nadu,Nagapattinam,Sirkali(Uzhavar Sandhai ),Groundnut,2026-09-24,5500.0,6000.0,5750.0,0.0,500.0
Tamil Nadu,Salem,Sooramangalam(Uzhavar Sandhai ),Groundnut,2026-09-24,6500.0,7000.0,6750.0,0.0,500.0
Andhra Pradesh,Tirupathi,Srikalahasti Apmc,Groundnut,2026-09-24,6500.0,6800.0,6650.0,0.0,300.0
Tamil Nadu,Thiruvannamalai,Tamarainagar(Uzhavar Sandhai ),Groundnut,2026-09-24,7000.0,8000.0,7500.0,0.0,1000.0
Tamil Nadu,Salem,Thathakapatti(Uzhavar Sandhai ),Groundnut,2026-09-24,7000.0,8000.0,7500.0,0.0,1000.0
Gujarat,Amreli,The Agricultural Produce Market Committee-Amreli,Groundnut,2026-09-24,4600.0,6625.0,6625.0,0.0,2025.0
Tamil Nadu,Vellore,Thirupathur Apmc,Groundnut,2026-09-24,6000.0,6000.0,6000.0,0.0,0.0
Tamil Nadu,Villupuram,Tindivanam Apmc,Groundnut,2026-09-24,7000.0,7000.0,7000.0,0.0,0.0
Tamil Nadu,Thirupur,Tiruppur (North) (Uzhavar Sandhai ),Groundnut,2026-09-24,5000.0,6000.0,5500.0,0.0,1000.0
Tamil Nadu,Thiruvarur,Tiruthuraipoondi(Uzhavar Sandhai ),Groundnut,2026-09-24,6000.0,6000.0,6000.0,0.0,0.0
Tamil Nadu,Thiruvannamalai,Tiruvannamalai(Uzhavar Sandhai ),Groundnut,2026-09-24,8000.0,10000.0,9000.0,0.0,2000.0
Andhra Pradesh,Ananthapuramu,Urvakonda Apmc,Groundnut,2026-09-24,7000.0,8200.0,7500.0,0.0,1200.0
Tamil Nadu,Thirupathur,Vaniyampadi(Uzhavar Sandhai ),Groundnut,2026-09-24,6000.0,6000.0,6000.0,0.0,0.0
Tamil Nadu,Salem,Vazhapadi(Uzhavar Sandhai),Groundnut,2026-09-24,8000.0,8000.0,8000.0,0.0,0.0
Tamil Nadu,Vellore,Vellore Apmc,Groundnut,2026-09-24,7000.0,8000.0,7500.0,0.0,1000.0
Tamil Nadu,Villupuram,Villupuram(Uzhavar Sandhai ),Groundnut,2026-09-24,9000.0,9000.0,9000.0,0.0,0.0
Gujarat,Surat,Surat Apmc,Groundnut Pods(Raw),2026-09-24,3500.0,4500.0,4000.0,0.0,1000.0
Gujarat,Amreli,The Agricultural Produce Market Committee-Amreli,Groundnut(Split),2026-09-24,7325.0,9350.0,8900.0,0.0,2025.0
Maharashtra,Ratnagiri,Apmc Ratnagiri (Nachane) ,Guar,2026-09-24,3500.0,4000.0,3700.0,0.0,500.0
Gujarat,Amreli,Damnagar Apmc,Guar,2026-09-24,4500.0,4500.0,4500.0,0.0,0.0
Gujarat,Rajkot,Gondal(Veg.Market Gondal) Apmc,Guar,2026-09-24,900.0,7000.0,3950.0,0.0,6100.0
Haryana,Hissar,Hansi Apmc,Guar,2026-09-24,5000.0,6000.0,5500.0,0.0,1000.0
Gujarat,Gandhinagar,Mansa(Manas Veg Yard) Apmc,Guar,2026-09-24,5000.0,5000.0,5000.0,0.0,0.0
Maharashtra,Pune,Pune,Guar,2026-09-24,4000.0,5000.0,4500.0,0.0,1000.0
Rajasthan,Ganganagar,Suratgarh Apmc,Guar,2026-09-24,6200.0,6390.0,6290.0,0.0,190.0
Gujarat,Surendranagar,Vadhvan Apmc,Guar,2026-09-24,4000.0,6000.0,5000.0,0.0,2000.0
Gujarat,Surendranagar,Dhragradhra Apmc,Guar Seed(Cluster Beans Seed),2026-09-24,5500.0,5500.0,5500.0,0.0,0.0
Gujarat,Gandhinagar,Mansa Apmc,Guar Seed(Cluster Beans Seed),2026-09-24,5375.0,6190.0,5500.0,0.0,815.0
Tamil Nadu,Salem,Ammapet(Uzhavar Sandhai ),Guava,2026-09-24,6000.0,8000.0,7000.0,0.0,2000.0
Tamil Nadu,Madurai,Anaiyur(Uzhavar Sandhai ),Guava,2026-09-24,7000.0,8000.0,7500.0,0.0,1000.0
Tamil Nadu,Madurai,Anna Nagar(Uzhavar Sandhai ),Guava,2026-09-24,7500.0,10000.0,8750.0,0.0,2500.0
Tamil Nadu,Thiruvannamalai,Arani(Uzhavar Sandhai ),Guava,2026-09-24,4000.0,5000.0,4500.0,0.0,1000.0
Tamil Nadu,Virudhunagar,Aruppukottai(Uzhavar Sandhai ),Guava,2026-09-24,4000.0,5000.0,4500.0,0.0,1000.0
Tamil Nadu,Salem,Athur(Uzhavar Sandhai ),Guava,2026-09-24,5500.0,6000.0,5750.0,0.0,500.0
Tamil Nadu,Salem,Attayampatti(Uzhavar Sandhai ),Guava,2026-09-24,6000.0,7000.0,6500.0,0.0,1000.0
Tamil Nadu,Thiruvannamalai,Chengam(Uzhavar Sandhai ),Guava,2026-09-24,5000.0,6000.0,5500.0,0.0,1000.0
Tamil Nadu,Madurai,Chokkikulam(Uzhavar Sandhai ),Guava,2026-09-24,7000.0,8000.0,7500.0,0.0,1000.0
Tamil Nadu,Cuddalore,Cuddalore(Uzhavar Sandhai ),Guava,2026-09-24,4000.0,5000.0,4500.0,0.0,1000.0
Tamil Nadu,Sivaganga,Devakottai (Uzhavar Sandhai ),Guava,2026-09-24,6400.0,7200.0,6800.0,0.0,800.0
Tamil Nadu,Dharmapuri,Dharmapuri(Uzhavar Sandhai ),Guava,2026-09-24,6500.0,7000.0,6750.0,0.0,500.0
Tamil Nadu,Dindigul,Dindigul(Uzhavar Sandhai ),Guava,2026-09-24,6000.0,7000.0,6500.0,0.0,1000.0
Tamil Nadu,Karur,Gandhigramam(Uzhavar Sandhai),Guava,2026-09-24,6000.0,7000.0,6500.0,0.0,1000.0
Punjab,Hoshiarpur,Garh Shankar Apmc,Guava,2026-09-24,4000.0,4000.0,4000.0,0.0,0.0
Tamil Nadu,Villupuram,Gingee(Uzhavar Sandhai ),Guava,2026-09-24,8000.0,9000.0,8500.0,0.0,1000.0
Tamil Nadu,Erode,Gobichettipalayam(Uzhavar Sandhai ),Guava,2026-09-24,5000.0,5500.0,5250.0,0.0,500.0
Tamil Nadu,Vellore,Gudiyatham(Uzhavar Sandhai ),Guava,2026-09-24,6000.0,6000.0,6000.0,0.0,0.0
Tamil Nadu,Chengalpattu,Guduvancheri(Uzhavar Sandhai ),Guava,2026-09-24,5000.0,6000.0,5500.0,0.0,1000.0
Punjab,Gurdaspur,Gurdaspur Apmc,Guava,2026-09-24,4500.0,4500.0,4500.0,0.0,0.0
Haryana,Hissar,Hansi Apmc,Guava,2026-09-24,5000.0,6000.0,5500.0,0.0,1000.0
Tamil Nadu,Salem,Hasthampatti(Uzhavar Sandhai ),Guava,2026-09-24,5000.0,7000.0,6000.0,0.0,2000.0
Tamil Nadu,Krishnagiri,Hosur(Uzhavar Sandhai ),Guava,2026-09-24,8000.0,10000.0,9000.0,0.0,2000.0
Tamil Nadu,Salem,Jalagandapuram(Uzhavar Sandhai ),Guava,2026-09-24,6000.0,7000.0,6500.0,0.0,1000.0
Punjab,Jalandhar,Jalandhar City(Jalandhar) Apmc,Guava,2026-09-24,2100.0,4200.0,3200.0,0.0,2100.0
Tamil Nadu,Chengalpattu,Jameenrayapettai(Uzhavar Sandhai ),Guava,2026-09-24,5000.0,6000.0,5500.0,0.0,1000.0
Tamil Nadu,Vellore,Kahithapattarai(Uzhavar Sandhai ),Guava,2026-09-24,5000.0,5000.0,5000.0,0.0,0.0
Tamil Nadu,Kallakuruchi,Kallakurichi(Uzhavar Sandhai ),Guava,2026-09-24,7000.0,7000.0,7000.0,0.0,0.0
Tamil Nadu,Kancheepuram,Kancheepuram(Uzhavar Sandhai ),Guava,2026-09-24,4000.0,5000.0,4500.0,0.0,1000.0
Tamil Nadu,Sivaganga,Karaikudi(Uzhavar Sandhai ),Guava,2026-09-24,7400.0,8400.0,7900.0,0.0,1000.0
Tamil Nadu,Virudhunagar,Kariyapatti(Uzhavar Sandhai ),Guava,2026-09-24,4500.0,5000.0,4750.0,0.0,500.0
Jammu and Kashmir,Kathua,Kathua (F&V),Guava,2026-09-24,12000.0,15000.0,13500.0,0.0,3000.0
Tamil Nadu,Vellore,Katpadi (Uzhavar Sandhai ),Guava,2026-09-24,7000.0,7000.0,7000.0,0.0,0.0
Tamil Nadu,Thiruchirappalli,Kknagar(Uzhavar Sandhai ),Guava,2026-09-24,8000.0,8000.0,8000.0,0.0,0.0
Tamil Nadu,Tuticorin,Kovilpatti(Uzhavar Sandhai ),Guava,2026-09-24,5000.0,5500.0,5250.0,0.0,500.0
Tamil Nadu,Krishnagiri,Krishnagiri(Uzhavar Sandhai ),Guava,2026-09-24,7000.0,8000.0,7500.0,0.0,1000.0
Tamil Nadu,Namakkal,Kumarapalayam(Uzhavar Sandhai ),Guava,2026-09-24,6500.0,7500.0,7000.0,0.0,1000.0
Tamil Nadu,Thanjavur,Kumbakonam (Uzhavar Sandhai ),Guava,2026-09-24,8000.0,8000.0,8000.0,0.0,0.0
Tamil Nadu,Coimbatore,Kurichi(Uzhavar Sandhai ),Guava,2026-09-24,6500.0,7000.0,6750.0,0.0,500.0
Tamil Nadu,Thiruchirappalli,Lalgudi(Uzhavar Sandhai ),Guava,2026-09-24,8000.0,8000.0,8000.0,0.0,0.0
Punjab,Ludhiana,Ludhiana Apmc,Guava,2026-09-24,1000.0,3000.0,2000.0,0.0,2000.0
Punjab,Sangrur,Malerkotla Apmc,Guava,2026-09-24,4000.0,4000.0,4000.0,0.0,0.0
Tamil Nadu,Thiruchirappalli,Manapparai(Uzhavar Sandhai ),Guava,2026-09-24,8000.0,8000.0,8000.0,0.0,0.0
Tamil Nadu,Thiruvarur,Mannargudi I(Uzhavar Sandhai ),Guava,2026-09-24,10000.0,12000.0,11000.0,0.0,2000.0
Tamil Nadu,Thirunelveli,Melapalayam(Uzhavar Sandhai ),Guava,2026-09-24,6000.0,8000.0,7000.0,0.0,2000.0
Tamil Nadu,Madurai,Melur(Uzhavar Sandhai ),Guava,2026-09-24,7000.0,8000.0,7500.0,0.0,1000.0
Tamil Nadu,Coimbatore,Mettupalayam(Uzhavar Sandhai ),Guava,2026-09-24,5500.0,6000.0,5750.0,0.0,500.0
Tamil Nadu,Salem,Mettur(Uzhavar Sandhai ),Guava,2026-09-24,5500.0,6000.0,5750.0,0.0,500.0
Tamil Nadu,Namakkal,Mohanur(Uzhavar Sandhai ),Guava,2026-09-24,5400.0,6000.0,5700.0,0.0,600.0
Keralam,Idukki,Munnar Market,Guava,2026-09-24,8500.0,8500.0,8500.0,0.0,0.0
Tamil Nadu,Namakkal,Namakkal(Uzhavar Sandhai ),Guava,2026-09-24,7000.0,8000.0,7500.0,0.0,1000.0
Tamil Nadu,Chengalpattu,Nanganallur(Uzhavar Sandhai ),Guava,2026-09-24,5500.0,6000.0,5750.0,0.0,500.0
Haryana,Mahendragarh-Narnaul,Narnaul Apmc,Guava,2026-09-24,3000.0,4000.0,4000.0,0.0,1000.0
Tamil Nadu,Thirupathur,Natrampalli(Uzhavar Sandhai ),Guava,2026-09-24,4000.0,5000.0,4500.0,0.0,1000.0
Tamil Nadu,Kancheepuram,Padappai(Uzhavar Sandhai ),Guava,2026-09-24,4000.0,5000.0,4500.0,0.0,1000.0
Tamil Nadu,Dharmapuri,Palacode(Uzhavar Sandhai ),Guava,2026-09-24,6500.0,7000.0,6750.0,0.0,500.0
Tamil Nadu,Madurai,Palanganatham(Uzhavar Sandhai ),Guava,2026-09-24,7000.0,8000.0,7500.0,0.0,1000.0
Tamil Nadu,Dindigul,Palani(Uzhavar Sandhai ),Guava,2026-09-24,5000.0,6000.0,5500.0,0.0,1000.0
Tamil Nadu,Thirunelveli,Palayamkottai(Uzhavar Sandhai ),Guava,2026-09-24,6000.0,8000.0,7000.0,0.0,2000.0
Tamil Nadu,Thirupur,Palladam(Uzhavar Sandhai ),Guava,2026-09-24,4000.0,5000.0,4500.0,0.0,1000.0
Tamil Nadu,Karur,Pallapatti (Uzhavar Sandhai ),Guava,2026-09-24,5500.0,6000.0,5750.0,0.0,500.0
Tamil Nadu,Vellore,Pallikonda(Uzhavar Sandhai),Guava,2026-09-24,4500.0,5000.0,4750.0,0.0,500.0
Tamil Nadu,Cuddalore,Panruti(Uzhavar Sandhai ),Guava,2026-09-24,4000.0,4000.0,4000.0,0.0,0.0
Tamil Nadu,Namakkal,Paramathivelur(Uzhavar Sandhai ),Guava,2026-09-24,6300.0,7000.0,6650.0,0.0,700.0
Tamil Nadu,Dharmapuri,Pennagaram(Uzhavar Sandhai ),Guava,2026-09-24,5500.0,6000.0,5750.0,0.0,500.0
Tamil Nadu,Perambalur,Perambalur(Uzhavar Sandhai ),Guava,2026-09-24,6000.0,7000.0,6500.0,0.0,1000.0
Tamil Nadu,Vellore,Perampet(Uzhavar Sandhai),Guava,2026-09-24,6000.0,6000.0,6000.0,0.0,0.0
Tamil Nadu,Erode,Perundurai(Uzhavar Sandhai ),Guava,2026-09-24,5000.0,5500.0,5250.0,0.0,500.0
Himachal Pradesh,Solan,Pmy Kather Solan,Guava,2026-09-24,4000.0,12000.0,10000.0,0.0,8000.0
Tamil Nadu,Thiruvannamalai,Polur(Uzhavar Sandhai ),Guava,2026-09-24,4200.0,5000.0,4600.0,0.0,800.0
Tamil Nadu,Pudukkottai,Pudukottai(Uzhavar Sandhai ),Guava,2026-09-24,7500.0,8000.0,7750.0,0.0,500.0
Tamil Nadu,Virudhunagar,Rajapalayam(Uzhavar Sandhai ),Guava,2026-09-24,3500.0,4000.0,3750.0,0.0,500.0
Tamil Nadu,Ranipet,Ranipettai(Uzhavar Sandhai ),Guava,2026-09-24,6000.0,6000.0,6000.0,0.0,0.0
Tamil Nadu,Namakkal,Rasipuram(Uzhavar Sandhai ),Guava,2026-09-24,6500.0,7000.0,6750.0,0.0,500.0
Tamil Nadu,Coimbatore,Rspuram(Uzhavar Sandhai ),Guava,2026-09-24,6000.0,7000.0,6500.0,0.0,1000.0
Tamil Nadu,Erode,Sampath Nagar(Uzhavar Sandhai ),Guava,2026-09-24,5000.0,6000.0,5500.0,0.0,1000.0
Tamil Nadu,Tenkasi,Sankarankoil(Uzhavar Sandhai ),Guava,2026-09-24,5000.0,5000.0,5000.0,0.0,0.0
Tamil Nadu,Kallakuruchi,Sankarapuram(Uzhavar Sandhai ),Guava,2026-09-24,7000.0,7000.0,7000.0,0.0,0.0
Tamil Nadu,Erode,Sathiyamagalam(Uzhavar Sandhai ),Guava,2026-09-24,6000.0,6500.0,6250.0,0.0,500.0
Tamil Nadu,Virudhunagar,Sathur(Uzhavar Sandhai ),Guava,2026-09-24,4500.0,5000.0,4750.0,0.0,500.0
Tamil Nadu,Sivaganga,Singampunari(Uzhavar Sandhai ),Guava,2026-09-24,7000.0,8000.0,7500.0,0.0,1000.0
Tamil Nadu,Coimbatore,Singanallur(Uzhavar Sandhai ),Guava,2026-09-24,6500.0,7000.0,6750.0,0.0,500.0
Punjab,Fatehgarh,Sirhind Apmc,Guava,2026-09-24,6000.0,7100.0,6500.0,0.0,1100.0
Tamil Nadu,Nagapattinam,Sirkali(Uzhavar Sandhai ),Guava,2026-09-24,4500.0,5000.0,4750.0,0.0,500.0
Tamil Nadu,Sivaganga,Sivagangai (Uzhavar Sandhai ),Guava,2026-09-24,7200.0,8200.0,7700.0,0.0,1000.0
Tamil Nadu,Virudhunagar,Sivakasi(Uzhavar Sandhai ),Guava,2026-09-24,4000.0,5000.0,4500.0,0.0,1000.0
Himachal Pradesh,Kangra,Smy Dharamshala,Guava,2026-09-24,11500.0,12500.0,12000.0,0.0,1000.0
Himachal Pradesh,Kangra,Smy Jaisinghpur,Guava,2026-09-24,12500.0,15000.0,13500.0,0.0,2500.0
Himachal Pradesh,Kangra,Smy Nagrota Bagwan,Guava,2026-09-24,10000.0,11000.0,10500.0,0.0,1000.0
Himachal Pradesh,Kangra,Smy Palampur,Guava,2026-09-24,12000.0,14000.0,13000.0,0.0,2000.0
Himachal Pradesh,Una,Smy Santoshgarh,Guava,2026-09-24,6000.0,6000.0,6000.0,0.0,0.0
Tamil Nadu,Salem,Sooramangalam(Uzhavar Sandhai ),Guava,2026-09-24,8000.0,9000.0,8500.0,0.0,1000.0
Tamil Nadu,Virudhunagar,Srivilliputhur(Uzhavar Sandhai ),Guava,2026-09-24,4500.0,5000.0,4750.0,0.0,500.0
Tamil Nadu,Coimbatore,Sulur(Uzhavar Sandhai ),Guava,2026-09-24,6500.0,7000.0,6750.0,0.0,500.0
Tamil Nadu,Coimbatore,Sundarapuram(Uzhavar Sandhai ),Guava,2026-09-24,6500.0,7000.0,6750.0,0.0,500.0
Tamil Nadu,Thiruvannamalai,Tamarainagar(Uzhavar Sandhai ),Guava,2026-09-24,6000.0,7000.0,6500.0,0.0,1000.0
Tamil Nadu,Tenkasi,Tenkasi(Uzhavar Sandhai ),Guava,2026-09-24,6000.0,6000.0,6000.0,0.0,0.0
Tamil Nadu,Erode,Thalavadi(Uzhavar Sandhai ),Guava,2026-09-24,6000.0,6500.0,6250.0,0.0,500.0
Tamil Nadu,Virudhunagar,Thalavaipuram(Uzhavar Sandhai ),Guava,2026-09-24,3200.0,4000.0,3600.0,0.0,800.0
Tamil Nadu,Salem,Thammampatti (Uzhavar Sandhai ),Guava,2026-09-24,6000.0,6000.0,6000.0,0.0,0.0
Tamil Nadu,Thanjavur,Thanjavur(Uzhavar Sandhai ),Guava,2026-09-24,8000.0,8000.0,8000.0,0.0,0.0
Tamil Nadu,Salem,Thathakapatti(Uzhavar Sandhai ),Guava,2026-09-24,5000.0,7500.0,6250.0,0.0,2500.0
Tamil Nadu,Madurai,Thirumangalam(Uzhavar Sandhai ),Guava,2026-09-24,6000.0,7000.0,6500.0,0.0,1000.0
Tamil Nadu,Vellore,Thirupathur Apmc,Guava,2026-09-24,5000.0,5000.0,5000.0,0.0,0.0
Tamil Nadu,Thiruchirappalli,Thuraiyur Apmc,Guava,2026-09-24,7000.0,8000.0,7500.0,0.0,1000.0
Tamil Nadu,Villupuram,Tindivanam Apmc,Guava,2026-09-24,8000.0,8000.0,8000.0,0.0,0.0
Tamil Nadu,Namakkal,Tiruchengode Apmc,Guava,2026-09-24,7000.0,8000.0,7500.0,0.0,1000.0
Tamil Nadu,Sivaganga,Tirupatthur(Uzhavar Sandhai ),Guava,2026-09-24,7400.0,8400.0,7900.0,0.0,1000.0
Tamil Nadu,Thiruvannamalai,Tiruvannamalai(Uzhavar Sandhai ),Guava,2026-09-24,5000.0,6000.0,5500.0,0.0,1000.0
Tamil Nadu,Tuticorin,Tuticorin(Uzhavar Sandhai ),Guava,2026-09-24,5000.0,6000.0,5500.0,0.0,1000.0
Tamil Nadu,The Nilgiris,Udhagamandalam(Uzhavar Sandhai ),Guava,2026-09-24,7000.0,8000.0,7500.0,0.0,1000.0
Tamil Nadu,Villupuram,Ulundurpettai Apmc,Guava,2026-09-24,5000.0,5000.0,5000.0,0.0,0.0
Tamil Nadu,Coimbatore,Vadavalli(Uzhavar Sandhai ),Guava,2026-09-24,6000.0,7000.0,6500.0,0.0,1000.0
Tamil Nadu,Thiruvannamalai,Vandavasi(Uzhavar Sandhai ),Guava,2026-09-24,4000.0,5000.0,4500.0,0.0,1000.0
Tamil Nadu,Thirupathur,Vaniyampadi(Uzhavar Sandhai ),Guava,2026-09-24,3000.0,3000.0,3000.0,0.0,0.0
Tamil Nadu,Salem,Vazhapadi(Uzhavar Sandhai),Guava,2026-09-24,6000.0,6000.0,6000.0,0.0,0.0
Tamil Nadu,Vellore,Vellore Apmc,Guava,2026-09-24,5000.0,6000.0,5500.0,0.0,1000.0
Tamil Nadu,Villupuram,Villupuram(Uzhavar Sandhai ),Guava,2026-09-24,4000.0,4000.0,4000.0,0.0,0.0
Tamil Nadu,Virudhunagar,Virudhunagar(Uzhavar Sandhai ),Guava,2026-09-24,4500.0,5000.0,4750.0,0.0,500.0
Uttar Pradesh,Amroha,Amroha Apmc,Gur(Jaggery),2026-09-24,3900.0,5000.0,4722.5,0.0,1100.0
Uttar Pradesh,Sambhal,Chandausi Apmc,Gur(Jaggery),2026-09-24,4500.0,4500.0,4500.0,0.0,0.0
Andhra Pradesh,Tirupathi,Chandragiri Apmc,Gur(Jaggery),2026-09-24,1490.17,1490.17,1490.17,0.0,0.0
Andhra Pradesh,Chittor,Chittoor Apmc,Gur(Jaggery),2026-09-24,3000.0,3500.0,3200.0,0.0,500.0
Uttar Pradesh,Bijnor,Dhampur Apmc,Gur(Jaggery),2026-09-24,4700.0,5100.0,4855.14,0.0,400.0
Uttar Pradesh,Amroha,Dhanaura Apmc,Gur(Jaggery),2026-09-24,4700.0,4700.0,4700.0,0.0,0.0
Uttar Pradesh,Sitapur,Hargaon (Laharpur) Apmc,Gur(Jaggery),2026-09-24,4500.0,4500.0,4500.0,0.0,0.0
Andhra Pradesh,Tirupathi,Pakala Apmc,Gur(Jaggery),2026-09-24,2900.0,2900.0,2900.0,0.0,0.0
Andhra Pradesh,Chittor,Penumuru Apmc,Gur(Jaggery),2026-09-24,1750.0,2500.0,2000.0,0.0,750.0
Andhra Pradesh,Annamayya,Piler Apmc,Gur(Jaggery),2026-09-24,4500.0,5500.0,5000.0,0.0,1000.0
Andhra Pradesh,Chittor,S.R.Puram Apmc,Gur(Jaggery),2026-09-24,1500.0,1900.0,1700.0,0.0,400.0
Uttar Pradesh,Bulandshahar,Siyana Apmc,Gur(Jaggery),2026-09-24,3350.0,3350.0,3350.0,0.0,0.0
Nagaland,Mon,Mon Apmc,Hen,2026-09-24,520.0,540.0,530.0,0.0,20.0
Tamil Nadu,Salem,Ammapet(Uzhavar Sandhai ),Indian Beans(Seam),2026-09-24,5500.0,6000.0,5750.0,0.0,500.0
Tamil Nadu,Madurai,Anaiyur(Uzhavar Sandhai ),Indian Beans(Seam),2026-09-24,5500.0,6500.0,6000.0,0.0,1000.0
Tamil Nadu,Theni,Andipatti(Uzhavar Sandhai ),Indian Beans(Seam),2026-09-24,5300.0,5500.0,5400.0,0.0,200.0
Tamil Nadu,Madurai,Anna Nagar(Uzhavar Sandhai ),Indian Beans(Seam),2026-09-24,6600.0,6600.0,6600.0,0.0,0.0
Tamil Nadu,Ranipet,Arcot(Uzhavar Sandhai ),Indian Beans(Seam),2026-09-24,6000.0,6000.0,6000.0,0.0,0.0
Tamil Nadu,Krishnagiri,Avallapalli(Uzhavar Sandhai ),Indian Beans(Seam),2026-09-24,4500.0,5000.0,4750.0,0.0,500.0
Tamil Nadu,Dindigul,Chinnalapatti(Uzhavar Sandhai ),Indian Beans(Seam),2026-09-24,7600.0,8000.0,7800.0,0.0,400.0
Tamil Nadu,Theni,Chinnamanur(Uzhavar Sandhai ),Indian Beans(Seam),2026-09-24,6000.0,6000.0,6000.0,0.0,0.0
Tamil Nadu,Madurai,Chokkikulam(Uzhavar Sandhai ),Indian Beans(Seam),2026-09-24,5000.0,6500.0,5750.0,0.0,1500.0
Tamil Nadu,Theni,Devaram(Uzhavar Sandhai ),Indian Beans(Seam),2026-09-24,5500.0,5500.0,5500.0,0.0,0.0
Tamil Nadu,Dindigul,Dindigul(Uzhavar Sandhai ),Indian Beans(Seam),2026-09-24,7000.0,8000.0,7500.0,0.0,1000.0
Jammu and Kashmir,Udhampur,Fruit And Vegetable Market Udhampur,Indian Beans(Seam),2026-09-24,4250.0,4250.0,4250.0,0.0,0.0
Tamil Nadu,Vellore,Gudiyatham(Uzhavar Sandhai ),Indian Beans(Seam),2026-09-24,6000.0,6000.0,6000.0,0.0,0.0
Tamil Nadu,Salem,Hasthampatti(Uzhavar Sandhai ),Indian Beans(Seam),2026-09-24,6000.0,6500.0,6250.0,0.0,500.0
Tamil Nadu,Krishnagiri,Hosur(Uzhavar Sandhai ),Indian Beans(Seam),2026-09-24,4000.0,5000.0,4500.0,0.0,1000.0
Tamil Nadu,Vellore,Kahithapattarai(Uzhavar Sandhai ),Indian Beans(Seam),2026-09-24,5600.0,5600.0,5600.0,0.0,0.0
Tamil Nadu,Theni,Kambam(Uzhavar Sandhai ),Indian Beans(Seam),2026-09-24,5500.0,5500.0,5500.0,0.0,0.0
Tamil Nadu,Vellore,Katpadi (Uzhavar Sandhai ),Indian Beans(Seam),2026-09-24,6000.0,6000.0,6000.0,0.0,0.0
Tamil Nadu,Thiruchirappalli,Kknagar(Uzhavar Sandhai ),Indian Beans(Seam),2026-09-24,7000.0,7000.0,7000.0,0.0,0.0
Tamil Nadu,Tuticorin,Kovilpatti(Uzhavar Sandhai ),Indian Beans(Seam),2026-09-24,7000.0,7500.0,7250.0,0.0,500.0
Tamil Nadu,Krishnagiri,Krishnagiri(Uzhavar Sandhai ),Indian Beans(Seam),2026-09-24,3000.0,3500.0,3250.0,0.0,500.0
Tamil Nadu,Salem,Mettur(Uzhavar Sandhai ),Indian Beans(Seam),2026-09-24,5500.0,6000.0,5750.0,0.0,500.0
Tamil Nadu,Thiruchirappalli,Musiri(Uzhavar Sandhai ),Indian Beans(Seam),2026-09-24,6500.0,7000.0,6750.0,0.0,500.0
Keralam,Ernakulam,North Paravur Market,Indian Beans(Seam),2026-09-24,6000.0,7000.0,6500.0,0.0,1000.0
Tamil Nadu,Dharmapuri,Palacode(Uzhavar Sandhai ),Indian Beans(Seam),2026-09-24,5800.0,6000.0,5900.0,0.0,200.0
Tamil Nadu,Madurai,Palanganatham(Uzhavar Sandhai ),Indian Beans(Seam),2026-09-24,5000.0,6500.0,5750.0,0.0,1500.0
Tamil Nadu,Chengalpattu,Pallavaram(Uzhavar Sandhai ),Indian Beans(Seam),2026-09-24,7000.0,8000.0,7500.0,0.0,1000.0
Tamil Nadu,Perambalur,Perambalur(Uzhavar Sandhai ),Indian Beans(Seam),2026-09-24,8000.0,8800.0,8400.0,0.0,800.0
Keralam,Ernakulam,Perumbavoor Market,Indian Beans(Seam),2026-09-24,6000.0,7000.0,6500.0,0.0,1000.0
Tamil Nadu,Ranipet,Ranipettai(Uzhavar Sandhai ),Indian Beans(Seam),2026-09-24,5600.0,5600.0,5600.0,0.0,0.0
Tamil Nadu,Sivaganga,Sivagangai (Uzhavar Sandhai ),Indian Beans(Seam),2026-09-24,5200.0,5600.0,5400.0,0.0,400.0
Tamil Nadu,Salem,Sooramangalam(Uzhavar Sandhai ),Indian Beans(Seam),2026-09-24,5500.0,6000.0,5750.0,0.0,500.0
Gujarat,Surat,Surat Apmc,Indian Beans(Seam),2026-09-24,2000.0,4500.0,3250.0,0.0,2500.0
Tamil Nadu,Thiruvannamalai,Tamarainagar(Uzhavar Sandhai ),Indian Beans(Seam),2026-09-24,5000.0,6000.0,5500.0,0.0,1000.0
Tamil Nadu,Salem,Thathakapatti(Uzhavar Sandhai ),Indian Beans(Seam),2026-09-24,6000.0,6500.0,6250.0,0.0,500.0
Tamil Nadu,Vellore,Thirupathur Apmc,Indian Beans(Seam),2026-09-24,6000.0,6000.0,6000.0,0.0,0.0
Tamil Nadu,Thiruchirappalli,Thiruverumbur(Uzhavar Sandhai ),Indian Beans(Seam),2026-09-24,7000.0,7000.0,7000.0,0.0,0.0
Keralam,Ernakulam,Thrippunithura Market,Indian Beans(Seam),2026-09-24,12000.0,12500.0,12200.0,0.0,500.0
Tamil Nadu,Thiruchirappalli,Thuraiyur Apmc,Indian Beans(Seam),2026-09-24,6000.0,7000.0,6500.0,0.0,1000.0
Tamil Nadu,Thiruvannamalai,Tiruvannamalai(Uzhavar Sandhai ),Indian Beans(Seam),2026-09-24,5000.0,6000.0,5500.0,0.0,1000.0
Tamil Nadu,Madurai,Usilampatti(Uzhavar Sandhai ),Indian Beans(Seam),2026-09-24,5000.0,6500.0,5750.0,0.0,1500.0
Tamil Nadu,Thirupathur,Vaniyampadi(Uzhavar Sandhai ),Indian Beans(Seam),2026-09-24,5000.0,5000.0,5000.0,0.0,0.0
Tamil Nadu,Vellore,Vellore Apmc,Indian Beans(Seam),2026-09-24,5000.0,5500.0,5250.0,0.0,500.0
Tamil Nadu,Coimbatore,Mettupalayam(Uzhavar Sandhai ),Jack Fruit(Ripe),2026-09-24,3500.0,4000.0,3750.0,0.0,500.0
Tamil Nadu,Namakkal,Namakkal(Uzhavar Sandhai ),Jack Fruit(Ripe),2026-09-24,3500.0,4000.0,3750.0,0.0,500.0
Tamil Nadu,Cuddalore,Panruti(Uzhavar Sandhai ),Jack Fruit(Ripe),2026-09-24,10000.0,10000.0,10000.0,0.0,0.0
Tamil Nadu,Kallakuruchi,Sankarapuram(Uzhavar Sandhai ),Jack Fruit(Ripe),2026-09-24,2000.0,2000.0,2000.0,0.0,0.0
Tamil Nadu,Tenkasi,Tenkasi(Uzhavar Sandhai ),Jack Fruit(Ripe),2026-09-24,3000.0,3000.0,3000.0,0.0,0.0
Tamil Nadu,Tuticorin,Tuticorin(Uzhavar Sandhai ),Jack Fruit(Ripe),2026-09-24,5000.0,6000.0,5500.0,0.0,1000.0
Tamil Nadu,Nagercoil (Kannyiakumari),Vadaseri Apmc,Jack Fruit(Ripe),2026-09-24,3500.0,4000.0,3750.0,0.0,500.0
Tamil Nadu,Madurai,Anna Nagar(Uzhavar Sandhai ),Jasmine,2026-09-24,40000.0,40000.0,40000.0,0.0,0.0
Tamil Nadu,Vellore,Kahithapattarai(Uzhavar Sandhai ),Jasmine,2026-09-24,55000.0,55000.0,55000.0,0.0,0.0
Tamil Nadu,Kallakuruchi,Kallakurichi(Uzhavar Sandhai ),Jasmine,2026-09-24,30000.0,30000.0,30000.0,0.0,0.0
Tamil Nadu,Thiruvannamalai,Keelpennathur(Uzhavar Sandhai ),Jasmine,2026-09-24,40000.0,45000.0,42500.0,0.0,5000.0
Tamil Nadu,Namakkal,Kumarapalayam(Uzhavar Sandhai ),Jasmine,2026-09-24,40000.0,45000.0,42500.0,0.0,5000.0
Tamil Nadu,Namakkal,Namakkal(Uzhavar Sandhai ),Jasmine,2026-09-24,30000.0,35000.0,32500.0,0.0,5000.0
Tamil Nadu,Chengalpattu,Nanganallur(Uzhavar Sandhai ),Jasmine,2026-09-24,38000.0,40000.0,39000.0,0.0,2000.0
Tamil Nadu,Ramanathapuram,Paramakudi(Uzhavar Sandhai ),Jasmine,2026-09-24,40000.0,50000.0,45000.0,0.0,10000.0
Tamil Nadu,Thiruvellore,Perambakkam(Uzhavar Sandhai ),Jasmine,2026-09-24,40000.0,40000.0,40000.0,0.0,0.0
Tamil Nadu,Ramanathapuram,Ramanathapuram(Uzhavar Sandhai ),Jasmine,2026-09-24,50000.0,55000.0,52500.0,0.0,5000.0
Tamil Nadu,Ranipet,Ranipettai(Uzhavar Sandhai ),Jasmine,2026-09-24,72000.0,72000.0,72000.0,0.0,0.0
Tamil Nadu,Salem,Thathakapatti(Uzhavar Sandhai ),Jasmine,2026-09-24,38000.0,40000.0,39000.0,0.0,2000.0
Tamil Nadu,Nagercoil (Kannyiakumari),Vadaseri Apmc,Jasmine,2026-09-24,35000.0,45000.0,40000.0,0.0,10000.0
Tamil Nadu,Salem,Vazhapadi(Uzhavar Sandhai),Jasmine,2026-09-24,55000.0,55000.0,55000.0,0.0,0.0
Tamil Nadu,Vellore,Vellore Apmc,Jasmine,2026-09-24,50000.0,55000.0,52500.0,0.0,5000.0
Andhra Pradesh,Kurnool,Alur Apmc,Jowar(Sorghum),2026-09-24,3728.0,3728.0,3728.0,0.0,0.0
Maharashtra,Ahilyanagar,Apmc Karjat ,Jowar(Sorghum),2026-09-24,3000.0,5000.0,4500.0,0.0,2000.0
Andhra Pradesh,Nandyal,Banaganapalli Apmc,Jowar(Sorghum),2026-09-24,3300.0,3650.0,3500.0,0.0,350.0
Maharashtra,Jalgaon,Jalgaon(Masawat) ,Jowar(Sorghum),2026-09-24,2600.0,2600.0,2600.0,0.0,0.0
Andhra Pradesh,YSR Kadapa,Jammalamadugu Apmc,Jowar(Sorghum),2026-09-24,2500.0,2700.0,2600.0,0.0,200.0
Maharashtra,Ahilyanagar,Karjat(Rashin) ,Jowar(Sorghum),2026-09-24,4000.0,5000.0,4000.0,0.0,1000.0
Andhra Pradesh,Nandyal,Koilkunta Apmc,Jowar(Sorghum),2026-09-24,3000.0,3400.0,3200.0,0.0,400.0
Gujarat,Gandhinagar,Mansa Apmc,Jowar(Sorghum),2026-09-24,6255.0,6830.0,6500.0,0.0,575.0
Tamil Nadu,Coimbatore,Thiruppur Apmc,Jowar(Sorghum),2026-09-24,3300.0,3700.0,3500.0,0.0,400.0
Gujarat,Surat,Vyra Apmc,Jowar(Sorghum),2026-09-24,2000.0,2250.0,2125.0,0.0,250.0
Madhya Pradesh,Indore,Indore Apmc,Kabuli Chana(Chickpeas-White),2026-09-24,9010.0,9310.0,9310.0,0.0,300.0
Tamil Nadu,Ramanathapuram,Paramakudi(Uzhavar Sandhai ),Kakada,2026-09-24,40000.0,50000.0,45000.0,0.0,10000.0
Tamil Nadu,Ramanathapuram,Ramanathapuram(Uzhavar Sandhai ),Kakada,2026-09-24,40000.0,45000.0,42500.0,0.0,5000.0
Tamil Nadu,Erode,Sampath Nagar(Uzhavar Sandhai ),Kakada,2026-09-24,25000.0,28000.0,26500.0,0.0,3000.0
Tamil Nadu,Salem,Thathakapatti(Uzhavar Sandhai ),Kakada,2026-09-24,22000.0,24000.0,23000.0,0.0,2000.0
Tamil Nadu,Salem,Vazhapadi(Uzhavar Sandhai),Kakada,2026-09-24,25000.0,25000.0,25000.0,0.0,0.0
Tamil Nadu,Madurai,Anna Nagar(Uzhavar Sandhai ),Karbuja(Musk Melon),2026-09-24,5000.0,5000.0,5000.0,0.0,0.0
Tamil Nadu,Salem,Athur(Uzhavar Sandhai ),Karbuja(Musk Melon),2026-09-24,3500.0,4000.0,3750.0,0.0,500.0
Haryana,Hissar,Hansi Apmc,Karbuja(Musk Melon),2026-09-24,5000.0,6000.0,5500.0,0.0,1000.0
Tamil Nadu,Krishnagiri,Hosur(Uzhavar Sandhai ),Karbuja(Musk Melon),2026-09-24,5000.0,6000.0,5500.0,0.0,1000.0
Tamil Nadu,Chengalpattu,Nanganallur(Uzhavar Sandhai ),Karbuja(Musk Melon),2026-09-24,4500.0,5000.0,4750.0,0.0,500.0
Tamil Nadu,Coimbatore,Rspuram(Uzhavar Sandhai ),Karbuja(Musk Melon),2026-09-24,4500.0,5000.0,4750.0,0.0,500.0
Tamil Nadu,Salem,Thathakapatti(Uzhavar Sandhai ),Karbuja(Musk Melon),2026-09-24,4000.0,5000.0,4500.0,0.0,1000.0
Tamil Nadu,Theni,Theni(Uzhavar Sandhai ),Karbuja(Musk Melon),2026-09-24,6000.0,6000.0,6000.0,0.0,0.0
Tamil Nadu,Thiruvannamalai,Tiruvannamalai(Uzhavar Sandhai ),Karbuja(Musk Melon),2026-09-24,3000.0,3500.0,3250.0,0.0,500.0
Tamil Nadu,Coimbatore,Vadavalli(Uzhavar Sandhai ),Karbuja(Musk Melon),2026-09-24,4500.0,5000.0,4750.0,0.0,500.0
Tamil Nadu,Thirupathur,Vaniyampadi(Uzhavar Sandhai ),Karbuja(Musk Melon),2026-09-24,3000.0,3000.0,3000.0,0.0,0.0
Himachal Pradesh,Solan,Pmy Kather Solan,Kiwi Fruit,2026-09-24,4000.0,12000.0,8000.0,0.0,8000.0
Tamil Nadu,Dharmapuri,Ajattihalli(Uzhavar Sandhai ),Knool Khol,2026-09-24,4600.0,4600.0,4600.0,0.0,0.0
Tamil Nadu,Salem,Ammapet(Uzhavar Sandhai ),Knool Khol,2026-09-24,3600.0,4000.0,3800.0,0.0,400.0
Tamil Nadu,Madurai,Anaiyur(Uzhavar Sandhai ),Knool Khol,2026-09-24,4500.0,4800.0,4650.0,0.0,300.0
Tamil Nadu,Theni,Andipatti(Uzhavar Sandhai ),Knool Khol,2026-09-24,3200.0,3400.0,3300.0,0.0,200.0
Tamil Nadu,Madurai,Anna Nagar(Uzhavar Sandhai ),Knool Khol,2026-09-24,3600.0,3600.0,3600.0,0.0,0.0
Tamil Nadu,Thiruvannamalai,Arani(Uzhavar Sandhai ),Knool Khol,2026-09-24,2500.0,3000.0,2750.0,0.0,500.0
Tamil Nadu,Ranipet,Arcot(Uzhavar Sandhai ),Knool Khol,2026-09-24,4000.0,4000.0,4000.0,0.0,0.0
Tamil Nadu,Salem,Athur(Uzhavar Sandhai ),Knool Khol,2026-09-24,4500.0,5000.0,4750.0,0.0,500.0
Tamil Nadu,Krishnagiri,Avallapalli(Uzhavar Sandhai ),Knool Khol,2026-09-24,2500.0,3000.0,2750.0,0.0,500.0
Tamil Nadu,Theni,Bodinayakanur(Uzhavar Sandhai ),Knool Khol,2026-09-24,3500.0,3500.0,3500.0,0.0,0.0
Tamil Nadu,Thiruvannamalai,Chengam(Uzhavar Sandhai ),Knool Khol,2026-09-24,4500.0,5000.0,4750.0,0.0,500.0
Tamil Nadu,Thiruvannamalai,Cheyyar(Uzhavar Sandhai ),Knool Khol,2026-09-24,2500.0,3000.0,2750.0,0.0,500.0
Tamil Nadu,Theni,Chinnamanur(Uzhavar Sandhai ),Knool Khol,2026-09-24,3500.0,3500.0,3500.0,0.0,0.0
Tamil Nadu,Madurai,Chokkikulam(Uzhavar Sandhai ),Knool Khol,2026-09-24,4500.0,4800.0,4650.0,0.0,300.0
Tamil Nadu,The Nilgiris,Coonoor(Uzhavar Sandhai ),Knool Khol,2026-09-24,3500.0,4000.0,3750.0,0.0,500.0
Tamil Nadu,Cuddalore,Cuddalore(Uzhavar Sandhai ),Knool Khol,2026-09-24,4000.0,4000.0,4000.0,0.0,0.0
Tamil Nadu,Krishnagiri,Denkanikottai(Uzhavar Sandhai ),Knool Khol,2026-09-24,2500.0,3000.0,2750.0,0.0,500.0
Tamil Nadu,Theni,Devaram(Uzhavar Sandhai ),Knool Khol,2026-09-24,3400.0,3400.0,3400.0,0.0,0.0
Tamil Nadu,Dharmapuri,Dharmapuri(Uzhavar Sandhai ),Knool Khol,2026-09-24,4300.0,4600.0,4450.0,0.0,300.0
Tamil Nadu,Dindigul,Dindigul(Uzhavar Sandhai ),Knool Khol,2026-09-24,4000.0,5000.0,4500.0,0.0,1000.0
Tamil Nadu,Salem,Elampillai(Uzhavar Sandhai ),Knool Khol,2026-09-24,3500.0,4000.0,3750.0,0.0,500.0
Tamil Nadu,Villupuram,Gingee(Uzhavar Sandhai ),Knool Khol,2026-09-24,4000.0,4000.0,4000.0,0.0,0.0
Tamil Nadu,The Nilgiris,Gudalur(Uzhavar Sandhai ),Knool Khol,2026-09-24,4000.0,4500.0,4250.0,0.0,500.0
Tamil Nadu,Vellore,Gudiyatham(Uzhavar Sandhai ),Knool Khol,2026-09-24,3600.0,3600.0,3600.0,0.0,0.0
Tamil Nadu,Dharmapuri,Harur(Uzhavar Sandhai ),Knool Khol,2026-09-24,4500.0,5000.0,4750.0,0.0,500.0
Tamil Nadu,Salem,Hasthampatti(Uzhavar Sandhai ),Knool Khol,2026-09-24,3600.0,4000.0,3800.0,0.0,400.0
Tamil Nadu,Krishnagiri,Hosur(Uzhavar Sandhai ),Knool Khol,2026-09-24,2500.0,3000.0,2750.0,0.0,500.0
Tamil Nadu,Chengalpattu,Jameenrayapettai(Uzhavar Sandhai ),Knool Khol,2026-09-24,5000.0,6000.0,5500.0,0.0,1000.0
Tamil Nadu,Vellore,Kahithapattarai(Uzhavar Sandhai ),Knool Khol,2026-09-24,3000.0,3000.0,3000.0,0.0,0.0
Tamil Nadu,Kallakuruchi,Kallakurichi(Uzhavar Sandhai ),Knool Khol,2026-09-24,7000.0,7000.0,7000.0,0.0,0.0
Tamil Nadu,Theni,Kambam(Uzhavar Sandhai ),Knool Khol,2026-09-24,3400.0,3400.0,3400.0,0.0,0.0
Tamil Nadu,Sivaganga,Karaikudi(Uzhavar Sandhai ),Knool Khol,2026-09-24,4800.0,5200.0,5000.0,0.0,400.0
Tamil Nadu,Dharmapuri,Karimangalam(Uzhavar Sandhai),Knool Khol,2026-09-24,4000.0,4500.0,4250.0,0.0,500.0
Tamil Nadu,Karur,Karur(Uzhavar Sandhai ),Knool Khol,2026-09-24,5500.0,6000.0,5750.0,0.0,500.0
Tamil Nadu,Vellore,Katpadi (Uzhavar Sandhai ),Knool Khol,2026-09-24,3000.0,3000.0,3000.0,0.0,0.0
Tamil Nadu,Thiruchirappalli,Kknagar(Uzhavar Sandhai ),Knool Khol,2026-09-24,4000.0,4000.0,4000.0,0.0,0.0
Tamil Nadu,Krishnagiri,Krishnagiri(Uzhavar Sandhai ),Knool Khol,2026-09-24,4500.0,5000.0,4750.0,0.0,500.0
Tamil Nadu,Karur,Kulithalai(Uzhavar Sandhai ),Knool Khol,2026-09-24,5500.0,6000.0,5750.0,0.0,500.0
Tamil Nadu,Thiruchirappalli,Lalgudi(Uzhavar Sandhai ),Knool Khol,2026-09-24,3600.0,3600.0,3600.0,0.0,0.0
Jammu and Kashmir,Jammu,Mac F&V Market Narwal Jammu,Knool Khol,2026-09-24,2500.0,3000.0,2750.0,0.0,500.0
Tamil Nadu,Thiruchirappalli,Manapparai(Uzhavar Sandhai ),Knool Khol,2026-09-24,3600.0,3600.0,3600.0,0.0,0.0
Tamil Nadu,Coimbatore,Mettupalayam(Uzhavar Sandhai ),Knool Khol,2026-09-24,4500.0,5000.0,4750.0,0.0,500.0
Tamil Nadu,Salem,Mettur(Uzhavar Sandhai ),Knool Khol,2026-09-24,4200.0,4500.0,4350.0,0.0,300.0
Tamil Nadu,Thiruchirappalli,Musiri(Uzhavar Sandhai ),Knool Khol,2026-09-24,3000.0,3600.0,3300.0,0.0,600.0
Tamil Nadu,Namakkal,Namakkal(Uzhavar Sandhai ),Knool Khol,2026-09-24,3500.0,4000.0,3750.0,0.0,500.0
Tamil Nadu,Chengalpattu,Nanganallur(Uzhavar Sandhai ),Knool Khol,2026-09-24,4500.0,5000.0,4750.0,0.0,500.0
Tamil Nadu,Dharmapuri,Palacode(Uzhavar Sandhai ),Knool Khol,2026-09-24,4400.0,4600.0,4500.0,0.0,200.0
Tamil Nadu,Madurai,Palanganatham(Uzhavar Sandhai ),Knool Khol,2026-09-24,4500.0,4800.0,4650.0,0.0,300.0
Tamil Nadu,Dindigul,Palani(Uzhavar Sandhai ),Knool Khol,2026-09-24,4000.0,5000.0,4500.0,0.0,1000.0
Tamil Nadu,Chengalpattu,Pallavaram(Uzhavar Sandhai ),Knool Khol,2026-09-24,5000.0,6000.0,5500.0,0.0,1000.0
Tamil Nadu,Ramanathapuram,Paramakudi(Uzhavar Sandhai ),Knool Khol,2026-09-24,5000.0,5500.0,5250.0,0.0,500.0
Tamil Nadu,Dharmapuri,Pennagaram(Uzhavar Sandhai ),Knool Khol,2026-09-24,4500.0,5000.0,4750.0,0.0,500.0
Tamil Nadu,Vellore,Perampet(Uzhavar Sandhai),Knool Khol,2026-09-24,3500.0,3500.0,3500.0,0.0,0.0
Tamil Nadu,Theni,Periyakulam(Uzhavar Sandhai ),Knool Khol,2026-09-24,3400.0,3400.0,3400.0,0.0,0.0
Tamil Nadu,Thiruvannamalai,Polur(Uzhavar Sandhai ),Knool Khol,2026-09-24,2500.0,3000.0,2750.0,0.0,500.0
Tamil Nadu,Pudukkottai,Pudukottai(Uzhavar Sandhai ),Knool Khol,2026-09-24,3500.0,4000.0,3750.0,0.0,500.0
Tamil Nadu,Virudhunagar,Rajapalayam(Uzhavar Sandhai ),Knool Khol,2026-09-24,5000.0,6000.0,5500.0,0.0,1000.0
Karnataka,Bengaluru South,Ramanagara Apmc,Knool Khol,2026-09-24,2400.0,3500.0,3000.0,0.0,1100.0
Tamil Nadu,Ramanathapuram,Ramanathapuram(Uzhavar Sandhai ),Knool Khol,2026-09-24,5000.0,5500.0,5250.0,0.0,500.0
Tamil Nadu,Ranipet,Ranipettai(Uzhavar Sandhai ),Knool Khol,2026-09-24,4000.0,4000.0,4000.0,0.0,0.0
Tamil Nadu,Coimbatore,Rspuram(Uzhavar Sandhai ),Knool Khol,2026-09-24,3200.0,3800.0,3500.0,0.0,600.0
Tamil Nadu,Erode,Sathiyamagalam(Uzhavar Sandhai ),Knool Khol,2026-09-24,6000.0,6500.0,6250.0,0.0,500.0
Tamil Nadu,Sivaganga,Singampunari(Uzhavar Sandhai ),Knool Khol,2026-09-24,4600.0,5000.0,4800.0,0.0,400.0
Tamil Nadu,Coimbatore,Singanallur(Uzhavar Sandhai ),Knool Khol,2026-09-24,3800.0,4200.0,4000.0,0.0,400.0
Tamil Nadu,Sivaganga,Sivagangai (Uzhavar Sandhai ),Knool Khol,2026-09-24,4600.0,5000.0,4800.0,0.0,400.0
Tamil Nadu,Salem,Sooramangalam(Uzhavar Sandhai ),Knool Khol,2026-09-24,4400.0,4600.0,4500.0,0.0,200.0
Tamil Nadu,Thanjavur,Thanjavur(Uzhavar Sandhai ),Knool Khol,2026-09-24,5000.0,5000.0,5000.0,0.0,0.0
Tamil Nadu,Salem,Thathakapatti(Uzhavar Sandhai ),Knool Khol,2026-09-24,4000.0,4500.0,4250.0,0.0,500.0
Tamil Nadu,Theni,Theni(Uzhavar Sandhai ),Knool Khol,2026-09-24,3000.0,3400.0,3200.0,0.0,400.0
Tamil Nadu,Vellore,Thirupathur Apmc,Knool Khol,2026-09-24,4500.0,4500.0,4500.0,0.0,0.0
Tamil Nadu,Thiruchirappalli,Thuraiyur Apmc,Knool Khol,2026-09-24,3000.0,3500.0,3250.0,0.0,500.0
Tamil Nadu,Villupuram,Tindivanam Apmc,Knool Khol,2026-09-24,4000.0,4000.0,4000.0,0.0,0.0
Tamil Nadu,Sivaganga,Tirupatthur(Uzhavar Sandhai ),Knool Khol,2026-09-24,4800.0,5200.0,5000.0,0.0,400.0
Tamil Nadu,Thiruvannamalai,Tiruvannamalai(Uzhavar Sandhai ),Knool Khol,2026-09-24,3600.0,4000.0,3800.0,0.0,400.0
Tamil Nadu,The Nilgiris,Udhagamandalam(Uzhavar Sandhai ),Knool Khol,2026-09-24,4000.0,4500.0,4250.0,0.0,500.0
Tamil Nadu,Coimbatore,Udumalpet Apmc,Knool Khol,2026-09-24,7000.0,8000.0,7500.0,0.0,1000.0
Tamil Nadu,Cuddalore,Vadalur(Uzhavar Sandhai ),Knool Khol,2026-09-24,3000.0,3000.0,3000.0,0.0,0.0
Tamil Nadu,Thiruvannamalai,Vandavasi(Uzhavar Sandhai ),Knool Khol,2026-09-24,2500.0,3000.0,2750.0,0.0,500.0
Tamil Nadu,Thirupathur,Vaniyampadi(Uzhavar Sandhai ),Knool Khol,2026-09-24,4000.0,4000.0,4000.0,0.0,0.0
Tamil Nadu,Vellore,Vellore Apmc,Knool Khol,2026-09-24,2000.0,2500.0,2250.0,0.0,500.0
Tamil Nadu,Villupuram,Villupuram(Uzhavar Sandhai ),Knool Khol,2026-09-24,5000.0,5000.0,5000.0,0.0,0.0
Karnataka,Chamarajanagar,Gundlupet Apmc,Kulthi(Horse Gram),2026-09-24,5280.0,5280.0,5280.0,0.0,0.0
Karnataka,Chikkaballapur,Bagepalli Apmc,Ladies Finger,2026-09-24,1500.0,2000.0,1800.0,0.0,500.0
Madhya Pradesh,Mandsaur,Garoth(F&V) Apmc,Ladies Finger,2026-09-24,1100.0,1250.0,1175.0,0.0,150.0
Karnataka,Davangere,Honnali Apmc,Ladies Finger,2026-09-24,1500.0,2000.0,1900.0,0.0,500.0
West Bengal,Jhargram,Jhargram Apmc,Ladies Finger,2026-09-24,3300.0,3700.0,3500.0,0.0,400.0
Karnataka,Bengaluru South,Ramanagara Apmc,Ladies Finger,2026-09-24,1600.0,2600.0,2000.0,0.0,1000.0
Madhya Pradesh,Rewa,Chaakghat Apmc,Lak(Teora),2026-09-24,3300.0,3300.0,3300.0,0.0,0.0
Haryana,Hissar,Barwala(Hisar) Apmc,Leafy Vegetable,2026-09-24,2000.0,2500.0,2250.0,0.0,500.0
Nagaland,Dimapur,Dimapur Apmc,Leafy Vegetable,2026-09-24,3000.0,4000.0,3500.0,0.0,1000.0
Telangana,Mahbubnagar,Mahabubnagar(Rythu Bazar),Leafy Vegetable,2026-09-24,5000.0,5000.0,5000.0,0.0,0.0
Telangana,Hyderabad,Rythu Bazar Mehdipatnam,Leafy Vegetable,2026-09-24,3000.0,3000.0,3000.0,0.0,0.0
Telangana,Ranga Reddy,"Saroornagar,Rbz",Leafy Vegetable,2026-09-24,2000.0,2000.0,2000.0,0.0,0.0
Nagaland,Wokha,Wokha Town Apmc,Leafy Vegetable,2026-09-24,1800.0,3000.0,2500.0,0.0,1200.0
Tamil Nadu,Dharmapuri,Ajattihalli(Uzhavar Sandhai ),Lemon,2026-09-24,25000.0,30000.0,27500.0,0.0,5000.0
Tamil Nadu,Salem,Ammapet(Uzhavar Sandhai ),Lemon,2026-09-24,11000.0,12000.0,11500.0,0.0,1000.0
Tamil Nadu,Madurai,Anaiyur(Uzhavar Sandhai ),Lemon,2026-09-24,25000.0,28000.0,26500.0,0.0,3000.0
Tamil Nadu,Theni,Andipatti(Uzhavar Sandhai ),Lemon,2026-09-24,19500.0,20000.0,19750.0,0.0,500.0
Tamil Nadu,Madurai,Anna Nagar(Uzhavar Sandhai ),Lemon,2026-09-24,22000.0,22000.0,22000.0,0.0,0.0
Tamil Nadu,Thiruvannamalai,Arani(Uzhavar Sandhai ),Lemon,2026-09-24,16000.0,20000.0,18000.0,0.0,4000.0
Tamil Nadu,Ranipet,Arcot(Uzhavar Sandhai ),Lemon,2026-09-24,20000.0,20000.0,20000.0,0.0,0.0
Tamil Nadu,Virudhunagar,Aruppukottai(Uzhavar Sandhai ),Lemon,2026-09-24,18000.0,21000.0,19500.0,0.0,3000.0
Tamil Nadu,Salem,Athur(Uzhavar Sandhai ),Lemon,2026-09-24,9000.0,10000.0,9500.0,0.0,1000.0
Tamil Nadu,Salem,Attayampatti(Uzhavar Sandhai ),Lemon,2026-09-24,15000.0,20000.0,17500.0,0.0,5000.0
Tamil Nadu,Krishnagiri,Avallapalli(Uzhavar Sandhai ),Lemon,2026-09-24,21000.0,23000.0,22000.0,0.0,2000.0
Uttar Pradesh,Bareilly,Bareilly Apmc,Lemon,2026-09-24,3500.0,3500.0,3500.0,0.0,0.0
Haryana,Hissar,Barwala(Hisar) Apmc,Lemon,2026-09-24,5000.0,6000.0,5500.0,0.0,1000.0
Punjab,Bhatinda,Bhucho Apmc,Lemon,2026-09-24,4500.0,4500.0,4500.0,0.0,0.0
Tamil Nadu,Theni,Bodinayakanur(Uzhavar Sandhai ),Lemon,2026-09-24,20000.0,20000.0,20000.0,0.0,0.0
Chandigarh,Chandigarh,Chandigarh (Grain/F&V) Apmc,Lemon,2026-09-24,6000.0,10000.0,8000.0,0.0,4000.0
Tamil Nadu,Thiruvannamalai,Chengam(Uzhavar Sandhai ),Lemon,2026-09-24,16000.0,20000.0,18000.0,0.0,4000.0
Keralam,Alappuzha,Chengannur Market,Lemon,2026-09-24,6800.0,7100.0,7000.0,0.0,300.0
Tamil Nadu,Thiruvannamalai,Cheyyar(Uzhavar Sandhai ),Lemon,2026-09-24,18000.0,20000.0,19000.0,0.0,2000.0
Tamil Nadu,Theni,Chinnamanur(Uzhavar Sandhai ),Lemon,2026-09-24,20000.0,22000.0,21000.0,0.0,2000.0
Tamil Nadu,Madurai,Chokkikulam(Uzhavar Sandhai ),Lemon,2026-09-24,25000.0,28000.0,26500.0,0.0,3000.0
Tamil Nadu,The Nilgiris,Coonoor(Uzhavar Sandhai ),Lemon,2026-09-24,24000.0,25000.0,24500.0,0.0,1000.0
Tamil Nadu,Cuddalore,Cuddalore(Uzhavar Sandhai ),Lemon,2026-09-24,30000.0,35000.0,32500.0,0.0,5000.0
Gujarat,Amreli,Damnagar Apmc,Lemon,2026-09-24,8000.0,8000.0,8000.0,0.0,0.0
Tamil Nadu,Krishnagiri,Denkanikottai(Uzhavar Sandhai ),Lemon,2026-09-24,22000.0,23000.0,22500.0,0.0,1000.0
Tamil Nadu,Sivaganga,Devakottai (Uzhavar Sandhai ),Lemon,2026-09-24,26000.0,28000.0,27000.0,0.0,2000.0
Tamil Nadu,Theni,Devaram(Uzhavar Sandhai ),Lemon,2026-09-24,20000.0,20000.0,20000.0,0.0,0.0
Tamil Nadu,Thirupur,Dharapuram(Uzhavar Sandhai ),Lemon,2026-09-24,28000.0,29000.0,28500.0,0.0,1000.0
Tamil Nadu,Dharmapuri,Dharmapuri(Uzhavar Sandhai ),Lemon,2026-09-24,21000.0,22000.0,21500.0,0.0,1000.0
Tamil Nadu,Dindigul,Dindigul(Uzhavar Sandhai ),Lemon,2026-09-24,20000.0,25000.0,22500.0,0.0,5000.0
Tamil Nadu,Salem,Edapadi (Uzhavar Sandhai ),Lemon,2026-09-24,11000.0,12000.0,11500.0,0.0,1000.0
Tamil Nadu,Salem,Elampillai(Uzhavar Sandhai ),Lemon,2026-09-24,9000.0,10000.0,9500.0,0.0,1000.0
Andhra Pradesh,Eluru,Eluru Apmc,Lemon,2026-09-24,5500.0,11200.0,8500.0,0.0,5700.0
Tamil Nadu,Karur,Gandhigramam(Uzhavar Sandhai),Lemon,2026-09-24,26000.0,28000.0,27000.0,0.0,2000.0
Tamil Nadu,Villupuram,Gingee(Uzhavar Sandhai ),Lemon,2026-09-24,15000.0,15000.0,15000.0,0.0,0.0
Tamil Nadu,Erode,Gobichettipalayam(Uzhavar Sandhai ),Lemon,2026-09-24,16000.0,17000.0,16500.0,0.0,1000.0
Gujarat,Rajkot,Gondal(Veg.Market Gondal) Apmc,Lemon,2026-09-24,1000.0,22000.0,11500.0,0.0,21000.0
Tamil Nadu,The Nilgiris,Gudalur(Uzhavar Sandhai ),Lemon,2026-09-24,25000.0,26000.0,25500.0,0.0,1000.0
Tamil Nadu,Vellore,Gudiyatham(Uzhavar Sandhai ),Lemon,2026-09-24,14000.0,14000.0,14000.0,0.0,0.0
Tamil Nadu,Chengalpattu,Guduvancheri(Uzhavar Sandhai ),Lemon,2026-09-24,20000.0,24000.0,22000.0,0.0,4000.0
Uttar Pradesh,Bulandshahar,Gulavati Apmc,Lemon,2026-09-24,9100.0,9300.0,9200.0,0.0,200.0
Haryana,Hissar,Hansi Apmc,Lemon,2026-09-24,15000.0,20000.0,17500.0,0.0,5000.0
Tamil Nadu,Dharmapuri,Harur(Uzhavar Sandhai ),Lemon,2026-09-24,14000.0,15000.0,14500.0,0.0,1000.0
Tamil Nadu,Salem,Hasthampatti(Uzhavar Sandhai ),Lemon,2026-09-24,7000.0,10000.0,8500.0,0.0,3000.0
Tamil Nadu,Krishnagiri,Hosur(Uzhavar Sandhai ),Lemon,2026-09-24,20000.0,23000.0,21500.0,0.0,3000.0
Tamil Nadu,Salem,Jalagandapuram(Uzhavar Sandhai ),Lemon,2026-09-24,5500.0,6000.0,5750.0,0.0,500.0
Tamil Nadu,Chengalpattu,Jameenrayapettai(Uzhavar Sandhai ),Lemon,2026-09-24,22000.0,24000.0,23000.0,0.0,2000.0
Tamil Nadu,Vellore,Kahithapattarai(Uzhavar Sandhai ),Lemon,2026-09-24,28000.0,28000.0,28000.0,0.0,0.0
Uttar Pradesh,Shamli,Kairana Apmc,Lemon,2026-09-24,4600.0,4700.0,4650.0,0.0,100.0
Tamil Nadu,Theni,Kambam(Uzhavar Sandhai ),Lemon,2026-09-24,20000.0,22000.0,21000.0,0.0,2000.0
Tamil Nadu,Thirupur,Kangayam(Uzhavar Sandhai ),Lemon,2026-09-24,23000.0,24000.0,23500.0,0.0,1000.0
Tamil Nadu,Dharmapuri,Karimangalam(Uzhavar Sandhai),Lemon,2026-09-24,19000.0,20000.0,19500.0,0.0,1000.0
Tamil Nadu,Virudhunagar,Kariyapatti(Uzhavar Sandhai ),Lemon,2026-09-24,20000.0,21000.0,20500.0,0.0,1000.0
Tamil Nadu,Karur,Karur(Uzhavar Sandhai ),Lemon,2026-09-24,27500.0,28000.0,27750.0,0.0,500.0
Tamil Nadu,Vellore,Katpadi (Uzhavar Sandhai ),Lemon,2026-09-24,13000.0,13000.0,13000.0,0.0,0.0
Tamil Nadu,Krishnagiri,Kaveripattinam(Uzhavar Sandhai ),Lemon,2026-09-24,14000.0,14000.0,14000.0,0.0,0.0
Tamil Nadu,Thiruchirappalli,Kknagar(Uzhavar Sandhai ),Lemon,2026-09-24,25000.0,25000.0,25000.0,0.0,0.0
Tamil Nadu,Tuticorin,Kovilpatti(Uzhavar Sandhai ),Lemon,2026-09-24,18000.0,19000.0,18500.0,0.0,1000.0
Tamil Nadu,Krishnagiri,Krishnagiri(Uzhavar Sandhai ),Lemon,2026-09-24,20000.0,22000.0,21000.0,0.0,2000.0
Tamil Nadu,Karur,Kulithalai(Uzhavar Sandhai ),Lemon,2026-09-24,27500.0,28000.0,27750.0,0.0,500.0
Tamil Nadu,Namakkal,Kumarapalayam(Uzhavar Sandhai ),Lemon,2026-09-24,15000.0,16000.0,15500.0,0.0,1000.0
Tamil Nadu,Thanjavur,Kumbakonam (Uzhavar Sandhai ),Lemon,2026-09-24,18000.0,18000.0,18000.0,0.0,0.0
Tamil Nadu,Coimbatore,Kurichi(Uzhavar Sandhai ),Lemon,2026-09-24,26000.0,27000.0,26500.0,0.0,1000.0
Tamil Nadu,Thiruchirappalli,Lalgudi(Uzhavar Sandhai ),Lemon,2026-09-24,25000.0,25000.0,25000.0,0.0,0.0
Punjab,Ludhiana,Ludhiana Apmc,Lemon,2026-09-24,3000.0,9000.0,5000.0,0.0,6000.0
Jammu and Kashmir,Jammu,Mac F&V Market Narwal Jammu,Lemon,2026-09-24,9000.0,15000.0,12000.0,0.0,6000.0
Punjab,Sangrur,Malerkotla Apmc,Lemon,2026-09-24,7500.0,10000.0,8000.0,0.0,2500.0
Tamil Nadu,Thiruchirappalli,Manapparai(Uzhavar Sandhai ),Lemon,2026-09-24,20000.0,20000.0,20000.0,0.0,0.0
Madhya Pradesh,Mandsaur,Mandsaur(F&V) Apmc,Lemon,2026-09-24,4050.0,6750.0,5500.0,0.0,2700.0
Tamil Nadu,Thiruvarur,Mannargudi I(Uzhavar Sandhai ),Lemon,2026-09-24,24000.0,24000.0,24000.0,0.0,0.0
Tamil Nadu,Thiruvarur,Mannargudi Ii(Uzhavar Sandhai ),Lemon,2026-09-24,24000.0,24000.0,24000.0,0.0,0.0
Uttar Pradesh,Mathura,Mathura Apmc,Lemon,2026-09-24,8000.0,8000.0,8000.0,0.0,0.0
Tamil Nadu,Chengalpattu,Medavakkam(Uzhavar Sandhai ),Lemon,2026-09-24,10000.0,14000.0,12000.0,0.0,4000.0
Tamil Nadu,Thirunelveli,Melapalayam(Uzhavar Sandhai ),Lemon,2026-09-24,10000.0,12000.0,11000.0,0.0,2000.0
Tamil Nadu,Madurai,Melur(Uzhavar Sandhai ),Lemon,2026-09-24,25000.0,28000.0,26500.0,0.0,3000.0
Tamil Nadu,Coimbatore,Mettupalayam(Uzhavar Sandhai ),Lemon,2026-09-24,20000.0,25000.0,22500.0,0.0,5000.0
Tamil Nadu,Salem,Mettur(Uzhavar Sandhai ),Lemon,2026-09-24,11000.0,12000.0,11500.0,0.0,1000.0
Tamil Nadu,Namakkal,Mohanur(Uzhavar Sandhai ),Lemon,2026-09-24,14000.0,14800.0,14400.0,0.0,800.0
Tamil Nadu,Thiruchirappalli,Musiri(Uzhavar Sandhai ),Lemon,2026-09-24,23000.0,25000.0,24000.0,0.0,2000.0
Tamil Nadu,Thiruvarur,Muthupettai(Uzhavar Sandhai ),Lemon,2026-09-24,20000.0,20000.0,20000.0,0.0,0.0
Tamil Nadu,Nagapattinam,Nagapattinam(Uzhavar Sandhai ),Lemon,2026-09-24,10900.0,13000.0,11950.0,0.0,2100.0
Tamil Nadu,Namakkal,Namakkal(Uzhavar Sandhai ),Lemon,2026-09-24,14000.0,15000.0,14500.0,0.0,1000.0
Tamil Nadu,Chengalpattu,Nanganallur(Uzhavar Sandhai ),Lemon,2026-09-24,15000.0,16000.0,15500.0,0.0,1000.0
Haryana,Mahendragarh-Narnaul,Narnaul Apmc,Lemon,2026-09-24,4000.0,5000.0,5000.0,0.0,1000.0
Tamil Nadu,Thirupathur,Natrampalli(Uzhavar Sandhai ),Lemon,2026-09-24,7000.0,8000.0,7500.0,0.0,1000.0
Keralam,Ernakulam,North Paravur Market,Lemon,2026-09-24,22000.0,25000.0,24000.0,0.0,3000.0
Keralam,Ernakulam,North Paravur Market,Lemon,2026-09-24,11500.0,12000.0,11800.0,0.0,500.0
Gujarat,Vadodara(Baroda),Padra Apmc,Lemon,2026-09-24,13000.0,15000.0,14000.0,0.0,2000.0
Tamil Nadu,Dharmapuri,Palacode(Uzhavar Sandhai ),Lemon,2026-09-24,21500.0,22000.0,21750.0,0.0,500.0
Tamil Nadu,Madurai,Palanganatham(Uzhavar Sandhai ),Lemon,2026-09-24,25000.0,28000.0,26500.0,0.0,3000.0
Tamil Nadu,Dindigul,Palani(Uzhavar Sandhai ),Lemon,2026-09-24,12000.0,25000.0,18500.0,0.0,13000.0
Tamil Nadu,Thirunelveli,Palayamkottai(Uzhavar Sandhai ),Lemon,2026-09-24,10000.0,12000.0,11000.0,0.0,2000.0
Tamil Nadu,Thirupur,Palladam(Uzhavar Sandhai ),Lemon,2026-09-24,20000.0,25000.0,22500.0,0.0,5000.0
Tamil Nadu,Karur,Pallapatti (Uzhavar Sandhai ),Lemon,2026-09-24,25000.0,28000.0,26500.0,0.0,3000.0
Tamil Nadu,Chengalpattu,Pallavaram(Uzhavar Sandhai ),Lemon,2026-09-24,20000.0,24000.0,22000.0,0.0,4000.0
Tamil Nadu,Vellore,Pallikonda(Uzhavar Sandhai),Lemon,2026-09-24,8000.0,9000.0,8500.0,0.0,1000.0
Tamil Nadu,Cuddalore,Panruti(Uzhavar Sandhai ),Lemon,2026-09-24,15000.0,15000.0,15000.0,0.0,0.0
Tamil Nadu,Ramanathapuram,Paramakudi(Uzhavar Sandhai ),Lemon,2026-09-24,18000.0,20000.0,19000.0,0.0,2000.0
Tamil Nadu,Namakkal,Paramathivelur(Uzhavar Sandhai ),Lemon,2026-09-24,14700.0,16000.0,15350.0,0.0,1300.0
Keralam,Thiruvananthapuram,Parassala Market,Lemon,2026-09-24,8000.0,8600.0,8400.0,0.0,600.0
Punjab,Pathankot,Pathankot Apmc,Lemon,2026-09-24,9500.0,9500.0,9500.0,0.0,0.0
Keralam,Palakad,Pattambi Market,Lemon,2026-09-24,7000.0,8000.0,7500.0,0.0,1000.0
Tamil Nadu,Thanjavur,Pattukottai(Uzhavar Sandhai ),Lemon,2026-09-24,14600.0,14600.0,14600.0,0.0,0.0
Tamil Nadu,Dharmapuri,Pennagaram(Uzhavar Sandhai ),Lemon,2026-09-24,27000.0,28000.0,27500.0,0.0,1000.0
Tamil Nadu,Perambalur,Perambalur(Uzhavar Sandhai ),Lemon,2026-09-24,13000.0,15000.0,14000.0,0.0,2000.0
Tamil Nadu,Vellore,Perampet(Uzhavar Sandhai),Lemon,2026-09-24,15000.0,15000.0,15000.0,0.0,0.0
Tamil Nadu,Thanjavur,Peravurani(Uzhavar Sandhai),Lemon,2026-09-24,14000.0,14000.0,14000.0,0.0,0.0
Tamil Nadu,Theni,Periyakulam(Uzhavar Sandhai ),Lemon,2026-09-24,19000.0,20000.0,19500.0,0.0,1000.0
Tamil Nadu,Erode,Periyar Nagar(Uzhavar Sandhai ),Lemon,2026-09-24,22000.0,23000.0,22500.0,0.0,1000.0
Keralam,Ernakulam,Perumbavoor Market,Lemon,2026-09-24,9000.0,10000.0,9500.0,0.0,1000.0
Himachal Pradesh,Kangra,Pmy Kangra,Lemon,2026-09-24,16000.0,17000.0,16500.0,0.0,1000.0
Himachal Pradesh,Solan,Pmy Kather Solan,Lemon,2026-09-24,10000.0,22000.0,16000.0,0.0,12000.0
Tamil Nadu,Coimbatore,Pollachi(Uzhavar Sandhai ),Lemon,2026-09-24,20000.0,25000.0,22500.0,0.0,5000.0
Tamil Nadu,Thiruvannamalai,Polur(Uzhavar Sandhai ),Lemon,2026-09-24,16000.0,20000.0,18000.0,0.0,4000.0
Tamil Nadu,Pudukkottai,Pudukottai(Uzhavar Sandhai ),Lemon,2026-09-24,26000.0,27000.0,26500.0,0.0,1000.0
Tamil Nadu,Virudhunagar,Rajapalayam(Uzhavar Sandhai ),Lemon,2026-09-24,26000.0,27000.0,26500.0,0.0,1000.0
Tamil Nadu,Ramanathapuram,Ramanathapuram(Uzhavar Sandhai ),Lemon,2026-09-24,24000.0,25000.0,24500.0,0.0,1000.0
Punjab,Bhatinda,Rampuraphul(Nabha Mandi) Apmc,Lemon,2026-09-24,7000.0,9000.0,8000.0,0.0,2000.0
Tamil Nadu,Ranipet,Ranipettai(Uzhavar Sandhai ),Lemon,2026-09-24,16000.0,30000.0,23000.0,0.0,14000.0
Tamil Nadu,Namakkal,Rasipuram(Uzhavar Sandhai ),Lemon,2026-09-24,14000.0,15000.0,14500.0,0.0,1000.0
Tamil Nadu,Coimbatore,Rspuram(Uzhavar Sandhai ),Lemon,2026-09-24,25000.0,26000.0,25500.0,0.0,1000.0
Uttarakhand,Udhamsinghnagar,Rudrapur Apmc,Lemon,2026-09-24,6000.0,9000.0,8000.0,0.0,3000.0
Tamil Nadu,Erode,Sampath Nagar(Uzhavar Sandhai ),Lemon,2026-09-24,22000.0,23000.0,22500.0,0.0,1000.0
Tamil Nadu,Erode,Sathiyamagalam(Uzhavar Sandhai ),Lemon,2026-09-24,13000.0,14000.0,13500.0,0.0,1000.0
Tamil Nadu,Virudhunagar,Sathur(Uzhavar Sandhai ),Lemon,2026-09-24,18000.0,20000.0,19000.0,0.0,2000.0
Uttar Pradesh,Shamli,Shamli Apmc,Lemon,2026-09-24,6000.0,6000.0,6000.0,0.0,0.0
Tamil Nadu,Coimbatore,Singanallur(Uzhavar Sandhai ),Lemon,2026-09-24,25000.0,26500.0,25750.0,0.0,1500.0
Punjab,Fatehgarh,Sirhind Apmc,Lemon,2026-09-24,8000.0,15000.0,12000.0,0.0,7000.0
Tamil Nadu,Sivaganga,Sivagangai (Uzhavar Sandhai ),Lemon,2026-09-24,25000.0,28000.0,26500.0,0.0,3000.0
Himachal Pradesh,Kangra,Smy Baijnath,Lemon,2026-09-24,16000.0,18000.0,17000.0,0.0,2000.0
Himachal Pradesh,Kangra,Smy Dharamshala,Lemon,2026-09-24,17000.0,19000.0,18000.0,0.0,2000.0
Himachal Pradesh,Kangra,Smy Jaisinghpur,Lemon,2026-09-24,12000.0,16000.0,14000.0,0.0,4000.0
Himachal Pradesh,Kangra,Smy Nagrota Bagwan,Lemon,2026-09-24,16000.0,16500.0,16200.0,0.0,500.0
Himachal Pradesh,Kangra,Smy Palampur,Lemon,2026-09-24,10000.0,15000.0,12500.0,0.0,5000.0
Tamil Nadu,Salem,Sooramangalam(Uzhavar Sandhai ),Lemon,2026-09-24,17000.0,18000.0,17500.0,0.0,1000.0
Tamil Nadu,Coimbatore,Sulur(Uzhavar Sandhai ),Lemon,2026-09-24,25000.0,27000.0,26000.0,0.0,2000.0
Tamil Nadu,Coimbatore,Sundarapuram(Uzhavar Sandhai ),Lemon,2026-09-24,26000.0,27000.0,26500.0,0.0,1000.0
Gujarat,Surat,Surat Apmc,Lemon,2026-09-24,4000.0,15500.0,9750.0,0.0,11500.0
Tamil Nadu,Thiruvannamalai,Tamarainagar(Uzhavar Sandhai ),Lemon,2026-09-24,25000.0,30000.0,27500.0,0.0,5000.0
Punjab,Hoshiarpur,Tanda Urmur Apmc,Lemon,2026-09-24,10000.0,12000.0,11000.0,0.0,2000.0
Haryana,Mewat,Tauru Apmc,Lemon,2026-09-24,11000.0,11000.0,11000.0,0.0,0.0
Tamil Nadu,Tenkasi,Tenkasi(Uzhavar Sandhai ),Lemon,2026-09-24,15000.0,15000.0,15000.0,0.0,0.0
Tamil Nadu,Erode,Thalavadi(Uzhavar Sandhai ),Lemon,2026-09-24,11000.0,12000.0,11500.0,0.0,1000.0
Tamil Nadu,Virudhunagar,Thalavaipuram(Uzhavar Sandhai ),Lemon,2026-09-24,22000.0,27000.0,24500.0,0.0,5000.0
Tamil Nadu,Salem,Thammampatti (Uzhavar Sandhai ),Lemon,2026-09-24,8000.0,9000.0,8500.0,0.0,1000.0
Uttar Pradesh,Shamli,Thanabhawan Apmc,Lemon,2026-09-24,4000.0,4000.0,4000.0,0.0,0.0
Tamil Nadu,Thanjavur,Thanjavur(Uzhavar Sandhai ),Lemon,2026-09-24,18000.0,18000.0,18000.0,0.0,0.0
Tamil Nadu,Salem,Thathakapatti(Uzhavar Sandhai ),Lemon,2026-09-24,15000.0,20000.0,17500.0,0.0,5000.0
Tamil Nadu,Theni,Theni(Uzhavar Sandhai ),Lemon,2026-09-24,22000.0,22000.0,22000.0,0.0,0.0
Tamil Nadu,Madurai,Thirumangalam(Uzhavar Sandhai ),Lemon,2026-09-24,26000.0,28000.0,27000.0,0.0,2000.0
Tamil Nadu,Vellore,Thirupathur Apmc,Lemon,2026-09-24,5000.0,5000.0,5000.0,0.0,0.0
Tamil Nadu,Thiruchirappalli,Thiruverumbur(Uzhavar Sandhai ),Lemon,2026-09-24,32000.0,32000.0,32000.0,0.0,0.0
Keralam,Ernakulam,Thrippunithura Market,Lemon,2026-09-24,20000.0,26000.0,21000.0,0.0,6000.0
Tamil Nadu,Thiruchirappalli,Thuraiyur Apmc,Lemon,2026-09-24,20000.0,22000.0,21000.0,0.0,2000.0
Uttar Pradesh,Shahjahanpur,Tilhar Apmc,Lemon,2026-09-24,5000.0,5000.0,5000.0,0.0,0.0
Tamil Nadu,Villupuram,Tindivanam Apmc,Lemon,2026-09-24,16000.0,16000.0,16000.0,0.0,0.0
Tamil Nadu,Namakkal,Tiruchengode Apmc,Lemon,2026-09-24,12000.0,14000.0,13000.0,0.0,2000.0
Tamil Nadu,Sivaganga,Tirupatthur(Uzhavar Sandhai ),Lemon,2026-09-24,25500.0,28500.0,27000.0,0.0,3000.0
Tamil Nadu,Thirupur,Tiruppur (North) (Uzhavar Sandhai ),Lemon,2026-09-24,26000.0,27000.0,26500.0,0.0,1000.0
Tamil Nadu,Thirupur,Tiruppur (South) (Uzhavar Sandhai ),Lemon,2026-09-24,25000.0,28000.0,26500.0,0.0,3000.0
Tamil Nadu,Thiruvellore,Tiruthani(Uzhavar Sandhai ),Lemon,2026-09-24,22000.0,22000.0,22000.0,0.0,0.0
Tamil Nadu,Thiruvarur,Tiruthuraipoondi(Uzhavar Sandhai ),Lemon,2026-09-24,23000.0,23000.0,23000.0,0.0,0.0
Tamil Nadu,Thiruvannamalai,Tiruvannamalai(Uzhavar Sandhai ),Lemon,2026-09-24,25000.0,28000.0,26500.0,0.0,3000.0
Tamil Nadu,Thiruvarur,Tiruvarur(Uzhavar Sandhai ),Lemon,2026-09-24,22000.0,22000.0,22000.0,0.0,0.0
Tamil Nadu,Tuticorin,Tuticorin(Uzhavar Sandhai ),Lemon,2026-09-24,25000.0,26000.0,25500.0,0.0,1000.0
Tamil Nadu,The Nilgiris,Udhagamandalam(Uzhavar Sandhai ),Lemon,2026-09-24,20000.0,25000.0,22500.0,0.0,5000.0
Tamil Nadu,Coimbatore,Udumalpet Apmc,Lemon,2026-09-24,26000.0,28000.0,27000.0,0.0,2000.0
Tamil Nadu,Villupuram,Ulundurpettai Apmc,Lemon,2026-09-24,5000.0,5000.0,5000.0,0.0,0.0
Tamil Nadu,Madurai,Usilampatti(Uzhavar Sandhai ),Lemon,2026-09-24,25000.0,28000.0,26500.0,0.0,3000.0
Tamil Nadu,Cuddalore,Vadalur(Uzhavar Sandhai ),Lemon,2026-09-24,15000.0,16000.0,15500.0,0.0,1000.0
Tamil Nadu,Nagercoil (Kannyiakumari),Vadaseri Apmc,Lemon,2026-09-24,26000.0,26500.0,26250.0,0.0,500.0
Tamil Nadu,Coimbatore,Vadavalli(Uzhavar Sandhai ),Lemon,2026-09-24,26000.0,26500.0,26250.0,0.0,500.0
Gujarat,Surendranagar,Vadhvan Apmc,Lemon,2026-09-24,12500.0,13500.0,13000.0,0.0,1000.0
Tamil Nadu,Thiruvannamalai,Vandavasi(Uzhavar Sandhai ),Lemon,2026-09-24,10000.0,12000.0,11000.0,0.0,2000.0
Tamil Nadu,Thirupathur,Vaniyampadi(Uzhavar Sandhai ),Lemon,2026-09-24,4000.0,4000.0,4000.0,0.0,0.0
Tamil Nadu,Salem,Vazhapadi(Uzhavar Sandhai),Lemon,2026-09-24,9000.0,9000.0,9000.0,0.0,0.0
Tamil Nadu,Nagapattinam,Vedaranyam(Uzhavar Sandhai),Lemon,2026-09-24,15000.0,17000.0,16000.0,0.0,2000.0
Tamil Nadu,Karur,Velayuthampalayam(Uzhavar Sandhai ),Lemon,2026-09-24,26000.0,28000.0,27000.0,0.0,2000.0
Tamil Nadu,Vellore,Vellore Apmc,Lemon,2026-09-24,18000.0,18000.0,18000.0,0.0,0.0
Tamil Nadu,Karur,Vengamedu(Uzhavar Sandhai ),Lemon,2026-09-24,27500.0,28000.0,27750.0,0.0,500.0
Tamil Nadu,Villupuram,Villupuram(Uzhavar Sandhai ),Lemon,2026-09-24,16000.0,16000.0,16000.0,0.0,0.0
Tamil Nadu,Cuddalore,Viruthachalam(Uzhavar Sandhai ),Lemon,2026-09-24,15000.0,15000.0,15000.0,0.0,0.0
Tamil Nadu,Dharmapuri,Ajattihalli(Uzhavar Sandhai ),Lime,2026-09-24,4000.0,4000.0,4000.0,0.0,0.0
Tamil Nadu,Madurai,Anaiyur(Uzhavar Sandhai ),Lime,2026-09-24,11000.0,13000.0,12000.0,0.0,2000.0
Tamil Nadu,Theni,Andipatti(Uzhavar Sandhai ),Lime,2026-09-24,13000.0,13500.0,13250.0,0.0,500.0
Tamil Nadu,Madurai,Anna Nagar(Uzhavar Sandhai ),Lime,2026-09-24,4600.0,4600.0,4600.0,0.0,0.0
Tamil Nadu,Virudhunagar,Aruppukottai(Uzhavar Sandhai ),Lime,2026-09-24,14000.0,16000.0,15000.0,0.0,2000.0
Tamil Nadu,Theni,Chinnamanur(Uzhavar Sandhai ),Lime,2026-09-24,12000.0,12000.0,12000.0,0.0,0.0
Tamil Nadu,Madurai,Chokkikulam(Uzhavar Sandhai ),Lime,2026-09-24,3600.0,4000.0,3800.0,0.0,400.0
Tamil Nadu,The Nilgiris,Coonoor(Uzhavar Sandhai ),Lime,2026-09-24,9000.0,10000.0,9500.0,0.0,1000.0
Tamil Nadu,Dindigul,Dindigul(Uzhavar Sandhai ),Lime,2026-09-24,10000.0,12000.0,11000.0,0.0,2000.0
Tamil Nadu,Salem,Elampillai(Uzhavar Sandhai ),Lime,2026-09-24,3500.0,4000.0,3750.0,0.0,500.0
Tamil Nadu,Vellore,Gudiyatham(Uzhavar Sandhai ),Lime,2026-09-24,5000.0,5000.0,5000.0,0.0,0.0
Tamil Nadu,Krishnagiri,Hosur(Uzhavar Sandhai ),Lime,2026-09-24,8000.0,9000.0,8500.0,0.0,1000.0
Tamil Nadu,Salem,Jalagandapuram(Uzhavar Sandhai ),Lime,2026-09-24,3000.0,3500.0,3250.0,0.0,500.0
Tamil Nadu,Theni,Kambam(Uzhavar Sandhai ),Lime,2026-09-24,12000.0,12000.0,12000.0,0.0,0.0
Tamil Nadu,Virudhunagar,Kariyapatti(Uzhavar Sandhai ),Lime,2026-09-24,15000.0,16000.0,15500.0,0.0,1000.0
Tamil Nadu,Thiruchirappalli,Kknagar(Uzhavar Sandhai ),Lime,2026-09-24,5000.0,5000.0,5000.0,0.0,0.0
Tamil Nadu,Tuticorin,Kovilpatti(Uzhavar Sandhai ),Lime,2026-09-24,12000.0,13000.0,12500.0,0.0,1000.0
Tamil Nadu,Namakkal,Kumarapalayam(Uzhavar Sandhai ),Lime,2026-09-24,3000.0,3500.0,3250.0,0.0,500.0
Tamil Nadu,Thanjavur,Kumbakonam (Uzhavar Sandhai ),Lime,2026-09-24,4000.0,4000.0,4000.0,0.0,0.0
Tamil Nadu,Thiruvarur,Mannargudi I(Uzhavar Sandhai ),Lime,2026-09-24,4000.0,4000.0,4000.0,0.0,0.0
Tamil Nadu,Thiruvarur,Mannargudi Ii(Uzhavar Sandhai ),Lime,2026-09-24,4000.0,4000.0,4000.0,0.0,0.0
Tamil Nadu,Nagapattinam,Mayiladuthurai(Uzhavar Sandhai ),Lime,2026-09-24,3500.0,4000.0,3750.0,0.0,500.0
Tamil Nadu,Madurai,Melur(Uzhavar Sandhai ),Lime,2026-09-24,3600.0,4000.0,3800.0,0.0,400.0
Tamil Nadu,Coimbatore,Mettupalayam(Uzhavar Sandhai ),Lime,2026-09-24,12000.0,14000.0,13000.0,0.0,2000.0
Maharashtra,Mumbai,Mumbai,Lime,2026-09-24,4000.0,6000.0,5000.0,0.0,2000.0
Tamil Nadu,Thiruchirappalli,Musiri(Uzhavar Sandhai ),Lime,2026-09-24,3500.0,4000.0,3750.0,0.0,500.0
Tamil Nadu,Thiruvarur,Muthupettai(Uzhavar Sandhai ),Lime,2026-09-24,3000.0,3000.0,3000.0,0.0,0.0
Tamil Nadu,Nagapattinam,Nagapattinam(Uzhavar Sandhai ),Lime,2026-09-24,2500.0,3000.0,2750.0,0.0,500.0
Telangana,Nalgonda,Nakrekal Apmc,Lime,2026-09-24,3000.0,9000.0,4000.0,0.0,6000.0
Tamil Nadu,Namakkal,Namakkal(Uzhavar Sandhai ),Lime,2026-09-24,3500.0,4000.0,3750.0,0.0,500.0
Tamil Nadu,Madurai,Palanganatham(Uzhavar Sandhai ),Lime,2026-09-24,10000.0,13000.0,11500.0,0.0,3000.0
Tamil Nadu,Dindigul,Palani(Uzhavar Sandhai ),Lime,2026-09-24,10000.0,12000.0,11000.0,0.0,2000.0
Tamil Nadu,Thirunelveli,Palayamkottai(Uzhavar Sandhai ),Lime,2026-09-24,14000.0,16000.0,15000.0,0.0,2000.0
Tamil Nadu,Karur,Pallapatti (Uzhavar Sandhai ),Lime,2026-09-24,3500.0,4000.0,3750.0,0.0,500.0
Tamil Nadu,Ramanathapuram,Paramakudi(Uzhavar Sandhai ),Lime,2026-09-24,12000.0,12500.0,12250.0,0.0,500.0
Keralam,Palakad,Pattambi Market,Lime,2026-09-24,18000.0,20000.0,19000.0,0.0,2000.0
Tamil Nadu,Thanjavur,Pattukottai(Uzhavar Sandhai ),Lime,2026-09-24,4000.0,4000.0,4000.0,0.0,0.0
Tamil Nadu,Pudukkottai,Ponnamaravathi(Uzhavar Sandhai),Lime,2026-09-24,1500.0,2000.0,1750.0,0.0,500.0
Tamil Nadu,Pudukkottai,Pudukottai(Uzhavar Sandhai ),Lime,2026-09-24,1500.0,2000.0,1750.0,0.0,500.0
Maharashtra,Pune,Pune,Lime,2026-09-24,16000.0,20000.0,18000.0,0.0,4000.0
Tamil Nadu,Virudhunagar,Rajapalayam(Uzhavar Sandhai ),Lime,2026-09-24,15000.0,16000.0,15500.0,0.0,1000.0
Tamil Nadu,Ramanathapuram,Ramanathapuram(Uzhavar Sandhai ),Lime,2026-09-24,12000.0,13000.0,12500.0,0.0,1000.0
Tamil Nadu,Coimbatore,Rspuram(Uzhavar Sandhai ),Lime,2026-09-24,14500.0,16000.0,15250.0,0.0,1500.0
Tamil Nadu,Coimbatore,Singanallur(Uzhavar Sandhai ),Lime,2026-09-24,15000.0,16000.0,15500.0,0.0,1000.0
Tamil Nadu,Nagapattinam,Sirkali(Uzhavar Sandhai ),Lime,2026-09-24,3500.0,4000.0,3750.0,0.0,500.0
Tamil Nadu,Salem,Sooramangalam(Uzhavar Sandhai ),Lime,2026-09-24,3500.0,4000.0,3750.0,0.0,500.0
Tamil Nadu,Thiruvannamalai,Tamarainagar(Uzhavar Sandhai ),Lime,2026-09-24,5000.0,6000.0,5500.0,0.0,1000.0
Tamil Nadu,Tenkasi,Tenkasi(Uzhavar Sandhai ),Lime,2026-09-24,4000.0,4000.0,4000.0,0.0,0.0
Tamil Nadu,Virudhunagar,Thalavaipuram(Uzhavar Sandhai ),Lime,2026-09-24,10000.0,12000.0,11000.0,0.0,2000.0
Tamil Nadu,Salem,Thammampatti (Uzhavar Sandhai ),Lime,2026-09-24,2500.0,3000.0,2750.0,0.0,500.0
Tamil Nadu,Salem,Thathakapatti(Uzhavar Sandhai ),Lime,2026-09-24,3500.0,4000.0,3750.0,0.0,500.0
Tamil Nadu,Theni,Theni(Uzhavar Sandhai ),Lime,2026-09-24,12000.0,13500.0,12750.0,0.0,1500.0
Tamil Nadu,Thiruvarur,Tiruthuraipoondi(Uzhavar Sandhai ),Lime,2026-09-24,3000.0,3000.0,3000.0,0.0,0.0
Tamil Nadu,Thiruvannamalai,Tiruvannamalai(Uzhavar Sandhai ),Lime,2026-09-24,3500.0,4000.0,3750.0,0.0,500.0
Tamil Nadu,Thiruvarur,Tiruvarur(Uzhavar Sandhai ),Lime,2026-09-24,4000.0,4000.0,4000.0,0.0,0.0
Tamil Nadu,The Nilgiris,Udhagamandalam(Uzhavar Sandhai ),Lime,2026-09-24,10000.0,11000.0,10500.0,0.0,1000.0
Tamil Nadu,Nagercoil (Kannyiakumari),Vadaseri Apmc,Lime,2026-09-24,4000.0,4500.0,4250.0,0.0,500.0
Tamil Nadu,Nagapattinam,Vedaranyam(Uzhavar Sandhai),Lime,2026-09-24,3000.0,3500.0,3250.0,0.0,500.0
Rajasthan,Kota,Kota Apmc,Linseed,2026-09-24,9702.0,9702.0,9702.0,0.0,0.0
West Bengal,Jhargram,Jhargram Apmc,Little Gourd(Kundru),2026-09-24,2100.0,2500.0,2300.0,0.0,400.0
Jammu and Kashmir,Jammu,Mac F&V Market Narwal Jammu,Little Gourd(Kundru),2026-09-24,2000.0,2500.0,2250.0,0.0,500.0
Keralam,Ernakulam,North Paravur Market,Little Gourd(Kundru),2026-09-24,5500.0,6000.0,5800.0,0.0,500.0
Gujarat,Vadodara(Baroda),Padra Apmc,Little Gourd(Kundru),2026-09-24,900.0,2500.0,1750.0,0.0,1600.0
Keralam,Palakad,Pattambi Market,Little Gourd(Kundru),2026-09-24,5000.0,5500.0,5200.0,0.0,500.0
Keralam,Ernakulam,Perumbavoor Market,Little Gourd(Kundru),2026-09-24,6500.0,7200.0,6800.0,0.0,700.0
Maharashtra,Pune,Pune,Little Gourd(Kundru),2026-09-24,3500.0,3500.0,3500.0,0.0,0.0
Telangana,Ranga Reddy,"Saroornagar,Rbz",Little Gourd(Kundru),2026-09-24,3500.0,3500.0,3500.0,0.0,0.0
Gujarat,Surat,Surat Apmc,Little Gourd(Kundru),2026-09-24,2500.0,9000.0,5750.0,0.0,6500.0
Keralam,Ernakulam,Thrippunithura Market,Little Gourd(Kundru),2026-09-24,7000.0,7500.0,7200.0,0.0,500.0
Chattisgarh,Koriya,Baikunthpur Apmc,Mahua,2026-09-24,3100.0,3100.0,3100.0,0.0,0.0
Uttar Pradesh,Pratapgarh,Pratapgarh Apmc,Mahua,2026-09-24,2500.0,2500.0,2500.0,0.0,0.0
Chattisgarh,Raigarh,Salihabhata Apmc,Mahua Seed(Hippe Seed),2026-09-24,3500.0,3500.0,3500.0,0.0,0.0
Andhra Pradesh,Prakasam,Addanki Apmc,Maize,2026-09-24,2400.0,2450.0,2420.0,0.0,50.0
Tamil Nadu,Erode,Alangeyam Apmc,Maize,2026-09-24,2853.0,2862.0,2857.5,0.0,9.0
Uttar Pradesh,Etah,Aliganj Apmc,Maize,2026-09-24,2000.0,2000.0,2000.0,0.0,0.0
Andhra Pradesh,Nandyal,Allagadda Apmc,Maize,2026-09-24,1950.0,2100.0,2010.0,0.0,150.0
Maharashtra,Ahilyanagar,Apmc Karjat ,Maize,2026-09-24,1600.0,2300.0,2000.0,0.0,700.0
Maharashtra,Ahilyanagar,Apmc Karjat ,Maize,2026-09-24,2400.0,2500.0,2450.0,0.0,100.0
Andhra Pradesh,Nandyal,Banaganapalli Apmc,Maize,2026-09-24,2000.0,2200.0,2100.0,0.0,200.0
Telangana,Siddipet,Bejjenki Apmc,Maize,2026-09-24,2350.0,2350.0,2350.0,0.0,0.0
Uttar Pradesh,Badaun,Bisoli Apmc,Maize,2026-09-24,2000.0,2000.0,2000.0,0.0,0.0
Telangana,Adilabad,Boath Apmc,Maize,2026-09-24,2410.0,2410.0,2410.0,0.0,0.0
Uttar Pradesh,Sambhal,Chandausi Apmc,Maize,2026-09-24,2300.0,2300.0,2300.0,0.0,0.0
Andhra Pradesh,Vijayanagaram,Chipurupalli Apmc,Maize,2026-09-24,4800.0,4800.0,4800.0,0.0,0.0
Uttar Pradesh,Etah,Etah Apmc,Maize,2026-09-24,2000.0,2000.0,2000.0,0.0,0.0
Andhra Pradesh,Srikakulam,Etcherla Apmc,Maize,2026-09-24,2400.0,2400.0,2400.0,0.0,0.0
Andhra Pradesh,Vijayanagaram,Gajapathinagaram Apmc,Maize,2026-09-24,2400.0,2400.0,2400.0,0.0,0.0
Andhra Pradesh,East Godavari,Gopalapuram Apmc,Maize,2026-09-24,2410.0,2410.0,2410.0,0.0,0.0
Andhra Pradesh,Sri Sathya Sai,Gorantla  Apmc,Maize,2026-09-24,2100.0,2400.0,2300.0,0.0,300.0
Karnataka,Chamarajanagar,Gundlupet Apmc,Maize,2026-09-24,2400.0,2750.0,2400.0,0.0,350.0
Karnataka,Davangere,Honnali Apmc,Maize,2026-09-24,2485.0,2750.0,2650.0,0.0,265.0
Telangana,Karimnagar,Husnabad Apmc,Maize,2026-09-24,2400.0,2400.0,2400.0,0.0,0.0
Uttar Pradesh,Badaun,Islam Nagar Apmc,Maize,2026-09-24,2150.0,2150.0,2150.0,0.0,0.0
Uttar Pradesh,Shahjahanpur,Jalalabad Apmc,Maize,2026-09-24,2000.0,2000.0,2000.0,0.0,0.0
Tamil Nadu,Villupuram,Kallakurichi Apmc,Maize,2026-09-24,2667.0,2811.0,2739.0,0.0,144.0
Uttar Pradesh,Farukhabad,Kamlaganj Apmc,Maize,2026-09-24,2300.0,2300.0,2300.0,0.0,0.0
Maharashtra,Ahilyanagar,Karjat(Rashin) ,Maize,2026-09-24,2200.0,2350.0,2350.0,0.0,150.0
Rajasthan,Kota,Kota Apmc,Maize,2026-09-24,2250.0,2250.0,2250.0,0.0,0.0
Andhra Pradesh,Bapatla,Kuchinapudi Apmc,Maize,2026-09-24,2600.0,2800.0,2700.0,0.0,200.0
Andhra Pradesh,Parvathipuram Manyam,Kurupam Apmc,Maize,2026-09-24,2400.0,2400.0,2400.0,0.0,0.0
Karnataka,Koppal,Kustagi Apmc,Maize,2026-09-24,2500.0,2700.0,2680.0,0.0,200.0
Tamil Nadu,Villupuram,Manalurpet Apmc,Maize,2026-09-24,2458.0,2710.0,2584.0,0.0,252.0
Andhra Pradesh,Vijayanagaram,Merakamudidam Apmc,Maize,2026-09-24,1800.0,2000.0,1950.0,0.0,200.0
Gujarat,Sabarkantha,Modasa Apmc,Maize,2026-09-24,2500.0,2690.0,2690.0,0.0,190.0
Gujarat,Sabarkantha,Modasa(Tintoi) Apmc,Maize,2026-09-24,2400.0,2600.0,2600.0,0.0,200.0
Andhra Pradesh,NTR,Mylavaram Apmc,Maize,2026-09-24,2350.0,2350.0,2350.0,0.0,0.0
Andhra Pradesh,NTR,Nandigama Apmc,Maize,2026-09-24,2380.0,2380.0,2380.0,0.0,0.0
Andhra Pradesh,Nandyal,Nandikotkur Apmc,Maize,2026-09-24,2200.0,2400.0,2300.0,0.0,200.0
Andhra Pradesh,Nandyal,Nandyal Apmc,Maize,2026-09-24,2435.0,2435.0,2435.0,0.0,0.0
Andhra Pradesh,East Godavari,Nidadavolu Apmc,Maize,2026-09-24,2410.0,2410.0,2410.0,0.0,0.0
Andhra Pradesh,Eluru,Nuzvid Apmc,Maize,2026-09-24,2500.0,2500.0,2500.0,0.0,0.0
Andhra Pradesh,Parvathipuram Manyam,Palakonda Apmc,Maize,2026-09-24,1950.0,1950.0,1950.0,0.0,0.0
Tamil Nadu,Dindigul,Palani Apmc,Maize,2026-09-24,2500.0,2750.0,2625.0,0.0,250.0
Andhra Pradesh,Nandyal,Panyam Apmc,Maize,2026-09-24,2400.0,2400.0,2400.0,0.0,0.0
Andhra Pradesh,Parvathipuram Manyam,Parvathipuram Apmc,Maize,2026-09-24,2400.0,2400.0,2400.0,0.0,0.0
Andhra Pradesh,Sri Sathya Sai,Penukonda Apmc,Maize,2026-09-24,2600.0,2700.0,2650.0,0.0,100.0
Karnataka,Mysuru,Periyapatna Apmc,Maize,2026-09-24,1900.0,2600.0,2000.0,0.0,700.0
Andhra Pradesh,Eluru,Polavaram Apmc,Maize,2026-09-24,2415.0,2415.0,2415.0,0.0,0.0
Andhra Pradesh,Srikakulam,Ponduru Apmc,Maize,2026-09-24,2400.0,2400.0,2400.0,0.0,0.0
Andhra Pradesh,Vijayanagaram,Pusapatirega Apmc,Maize,2026-09-24,4800.0,4800.0,4800.0,0.0,0.0
Andhra Pradesh,Sri Sathya Sai,Puttaparthi  Apmc,Maize,2026-09-24,2400.0,2500.0,2450.0,0.0,100.0
Andhra Pradesh,Vijayanagaram,Rajam Apmc,Maize,2026-09-24,4800.0,4800.0,4800.0,0.0,0.0
Andhra Pradesh,Ananthapuramu,Rayadurg Apmc,Maize,2026-09-24,2200.0,2500.0,2400.0,0.0,300.0
Andhra Pradesh,Palnadu,Rompicherla Apmc,Maize,2026-09-24,2300.0,2500.0,2500.0,0.0,200.0
Andhra Pradesh,Parvathipuram Manyam,Saluru Apmc,Maize,2026-09-24,2600.0,2600.0,2600.0,0.0,0.0
Tamil Nadu,Villupuram,Sangarapuram Apmc,Maize,2026-09-24,2559.0,2639.0,2599.0,0.0,80.0
Andhra Pradesh,Prakasam,Santhamaguluru Apmc,Maize,2026-09-24,2408.0,2480.0,2450.0,0.0,72.0
Uttar Pradesh,Gorakhpur,Sehjanwa Apmc,Maize,2026-09-24,2000.0,2000.0,2000.0,0.0,0.0
Tamil Nadu,Tenkasi,Tiruvenkadam Apmc,Maize,2026-09-24,1750.0,1850.0,1800.0,0.0,100.0
Andhra Pradesh,NTR,Tiruvuru Apmc,Maize,2026-09-24,2400.0,2400.0,2400.0,0.0,0.0
Tamil Nadu,Cuddalore,Veppur Apmc,Maize,2026-09-24,2700.0,2750.0,2725.0,0.0,50.0
Tamil Nadu,Villupuram,Vikkiravandi Apmc,Maize,2026-09-24,2439.0,2670.0,2554.5,0.0,231.0
Tamil Nadu,Villupuram,Villupuram Apmc,Maize,2026-09-24,2599.0,2789.0,2694.0,0.0,190.0
Uttar Pradesh,Badaun,Wazirganj Apmc,Maize,2026-09-24,2050.0,2050.0,2050.0,0.0,0.0
Uttar Pradesh,Varanasi,Varanasi Apmc,Makhana(Foxnut),2026-09-24,38800.0,38800.0,38800.0,0.0,0.0
Andhra Pradesh,Chittor,Bangarupalyam Apmc,Mango,2026-09-24,1000.0,1200.0,1100.0,0.0,200.0
Keralam,Idukki,Munnar Market,Mango,2026-09-24,8800.0,8800.0,8800.0,0.0,0.0
Tamil Nadu,Tuticorin,Tuticorin(Uzhavar Sandhai ),Mango,2026-09-24,14000.0,15000.0,14500.0,0.0,1000.0
Tamil Nadu,Nagercoil (Kannyiakumari),Vadaseri Apmc,Mango,2026-09-24,7000.0,7500.0,7250.0,0.0,500.0
Tamil Nadu,Madurai,Anna Nagar(Uzhavar Sandhai ),Mango(Raw-Ripe),2026-09-24,9000.0,11000.0,10000.0,0.0,2000.0
Keralam,Alappuzha,Chengannur Market,Mango(Raw-Ripe),2026-09-24,11900.0,12300.0,12000.0,0.0,400.0
Tamil Nadu,Thiruvannamalai,Cheyyar(Uzhavar Sandhai ),Mango(Raw-Ripe),2026-09-24,6500.0,8000.0,7250.0,0.0,1500.0
Tamil Nadu,Madurai,Chokkikulam(Uzhavar Sandhai ),Mango(Raw-Ripe),2026-09-24,12000.0,14000.0,13000.0,0.0,2000.0
Tamil Nadu,Cuddalore,Cuddalore(Uzhavar Sandhai ),Mango(Raw-Ripe),2026-09-24,9000.0,15000.0,12000.0,0.0,6000.0
Tamil Nadu,Sivaganga,Devakottai (Uzhavar Sandhai ),Mango(Raw-Ripe),2026-09-24,12500.0,13500.0,13000.0,0.0,1000.0
Tamil Nadu,Dindigul,Dindigul(Uzhavar Sandhai ),Mango(Raw-Ripe),2026-09-24,15000.0,20000.0,17500.0,0.0,5000.0
Tamil Nadu,Pudukkottai,Gandarvakottai(Uzhavar Sandhai ),Mango(Raw-Ripe),2026-09-24,9000.0,12000.0,10500.0,0.0,3000.0
Tamil Nadu,Karur,Gandhigramam(Uzhavar Sandhai),Mango(Raw-Ripe),2026-09-24,11000.0,12000.0,11500.0,0.0,1000.0
Tamil Nadu,Villupuram,Gingee(Uzhavar Sandhai ),Mango(Raw-Ripe),2026-09-24,9000.0,9000.0,9000.0,0.0,0.0
Tamil Nadu,Vellore,Gudiyatham(Uzhavar Sandhai ),Mango(Raw-Ripe),2026-09-24,7600.0,7600.0,7600.0,0.0,0.0
Tamil Nadu,Chengalpattu,Jameenrayapettai(Uzhavar Sandhai ),Mango(Raw-Ripe),2026-09-24,7000.0,8000.0,7500.0,0.0,1000.0
Tamil Nadu,Vellore,Kahithapattarai(Uzhavar Sandhai ),Mango(Raw-Ripe),2026-09-24,11000.0,13000.0,12000.0,0.0,2000.0
Tamil Nadu,Karur,Karur(Uzhavar Sandhai ),Mango(Raw-Ripe),2026-09-24,11500.0,12000.0,11750.0,0.0,500.0
Tamil Nadu,Krishnagiri,Kaveripattinam(Uzhavar Sandhai ),Mango(Raw-Ripe),2026-09-24,9000.0,9000.0,9000.0,0.0,0.0
Tamil Nadu,Thiruchirappalli,Kknagar(Uzhavar Sandhai ),Mango(Raw-Ripe),2026-09-24,14000.0,14000.0,14000.0,0.0,0.0
Tamil Nadu,Karur,Kulithalai(Uzhavar Sandhai ),Mango(Raw-Ripe),2026-09-24,7000.0,9000.0,8000.0,0.0,2000.0
Tamil Nadu,Thanjavur,Kumbakonam (Uzhavar Sandhai ),Mango(Raw-Ripe),2026-09-24,9600.0,12000.0,10800.0,0.0,2400.0
Tamil Nadu,Thiruchirappalli,Lalgudi(Uzhavar Sandhai ),Mango(Raw-Ripe),2026-09-24,9000.0,11000.0,10000.0,0.0,2000.0
Tamil Nadu,Thiruchirappalli,Manachanallur(Uzhavar Sandhai ),Mango(Raw-Ripe),2026-09-24,14000.0,14000.0,14000.0,0.0,0.0
Tamil Nadu,Thiruchirappalli,Manapparai(Uzhavar Sandhai ),Mango(Raw-Ripe),2026-09-24,10000.0,12000.0,11000.0,0.0,2000.0
Tamil Nadu,Thiruvarur,Mannargudi I(Uzhavar Sandhai ),Mango(Raw-Ripe),2026-09-24,9000.0,9000.0,9000.0,0.0,0.0
Tamil Nadu,Thiruvarur,Mannargudi Ii(Uzhavar Sandhai ),Mango(Raw-Ripe),2026-09-24,8600.0,8600.0,8600.0,0.0,0.0
Tamil Nadu,Nagapattinam,Mayiladuthurai(Uzhavar Sandhai ),Mango(Raw-Ripe),2026-09-24,9000.0,10000.0,9500.0,0.0,1000.0
Tamil Nadu,Thirunelveli,Melapalayam(Uzhavar Sandhai ),Mango(Raw-Ripe),2026-09-24,8500.0,9000.0,8750.0,0.0,500.0
Tamil Nadu,Madurai,Melur(Uzhavar Sandhai ),Mango(Raw-Ripe),2026-09-24,10000.0,12000.0,11000.0,0.0,2000.0
Tamil Nadu,Coimbatore,Mettupalayam(Uzhavar Sandhai ),Mango(Raw-Ripe),2026-09-24,10000.0,11000.0,10500.0,0.0,1000.0
Maharashtra,Mumbai,Mumbai,Mango(Raw-Ripe),2026-09-24,6000.0,10000.0,8000.0,0.0,4000.0
Tamil Nadu,Thiruchirappalli,Musiri(Uzhavar Sandhai ),Mango(Raw-Ripe),2026-09-24,9000.0,11000.0,10000.0,0.0,2000.0
Tamil Nadu,Thiruvarur,Muthupettai(Uzhavar Sandhai ),Mango(Raw-Ripe),2026-09-24,9500.0,9500.0,9500.0,0.0,0.0
Tamil Nadu,Nagapattinam,Nagapattinam(Uzhavar Sandhai ),Mango(Raw-Ripe),2026-09-24,4300.0,5500.0,4900.0,0.0,1200.0
Tamil Nadu,Thiruvarur,Needamangalam(Uzhavar Sandhai ),Mango(Raw-Ripe),2026-09-24,8600.0,8600.0,8600.0,0.0,0.0
Keralam,Ernakulam,North Paravur Market,Mango(Raw-Ripe),2026-09-24,10000.0,11500.0,10500.0,0.0,1500.0
Tamil Nadu,Madurai,Palanganatham(Uzhavar Sandhai ),Mango(Raw-Ripe),2026-09-24,11000.0,12000.0,11500.0,0.0,1000.0
Tamil Nadu,Dindigul,Palani(Uzhavar Sandhai ),Mango(Raw-Ripe),2026-09-24,6000.0,16000.0,11000.0,0.0,10000.0
Tamil Nadu,Thirunelveli,Palayamkottai(Uzhavar Sandhai ),Mango(Raw-Ripe),2026-09-24,8000.0,9000.0,8500.0,0.0,1000.0
Tamil Nadu,Chengalpattu,Pallavaram(Uzhavar Sandhai ),Mango(Raw-Ripe),2026-09-24,7000.0,8000.0,7500.0,0.0,1000.0
Keralam,Palakad,Pattambi Market,Mango(Raw-Ripe),2026-09-24,12000.0,13000.0,12500.0,0.0,1000.0
Tamil Nadu,Thanjavur,Pattukottai(Uzhavar Sandhai ),Mango(Raw-Ripe),2026-09-24,9000.0,12600.0,10800.0,0.0,3600.0
Tamil Nadu,Perambalur,Perambalur(Uzhavar Sandhai ),Mango(Raw-Ripe),2026-09-24,10000.0,11000.0,10500.0,0.0,1000.0
Keralam,Ernakulam,Perumbavoor Market,Mango(Raw-Ripe),2026-09-24,7000.0,7800.0,7400.0,0.0,800.0
Tamil Nadu,Pudukkottai,Pudukottai(Uzhavar Sandhai ),Mango(Raw-Ripe),2026-09-24,13500.0,14000.0,13750.0,0.0,500.0
Tamil Nadu,Ramanathapuram,Ramanathapuram(Uzhavar Sandhai ),Mango(Raw-Ripe),2026-09-24,4000.0,5000.0,4500.0,0.0,1000.0
Tamil Nadu,Ranipet,Ranipettai(Uzhavar Sandhai ),Mango(Raw-Ripe),2026-09-24,8000.0,20000.0,14000.0,0.0,12000.0
Tamil Nadu,Namakkal,Rasipuram(Uzhavar Sandhai ),Mango(Raw-Ripe),2026-09-24,8000.0,9000.0,8500.0,0.0,1000.0
Tamil Nadu,Sivaganga,Singampunari(Uzhavar Sandhai ),Mango(Raw-Ripe),2026-09-24,11000.0,12000.0,11500.0,0.0,1000.0
Tamil Nadu,Coimbatore,Singanallur(Uzhavar Sandhai ),Mango(Raw-Ripe),2026-09-24,8000.0,9000.0,8500.0,0.0,1000.0
Tamil Nadu,Nagapattinam,Sirkali(Uzhavar Sandhai ),Mango(Raw-Ripe),2026-09-24,9000.0,10000.0,9500.0,0.0,1000.0
Tamil Nadu,Sivaganga,Sivagangai (Uzhavar Sandhai ),Mango(Raw-Ripe),2026-09-24,13000.0,14000.0,13500.0,0.0,1000.0
Tamil Nadu,Coimbatore,Sulur(Uzhavar Sandhai ),Mango(Raw-Ripe),2026-09-24,8500.0,9000.0,8750.0,0.0,500.0
Tamil Nadu,Coimbatore,Sundarapuram(Uzhavar Sandhai ),Mango(Raw-Ripe),2026-09-24,9000.0,10000.0,9500.0,0.0,1000.0
Gujarat,Surat,Surat Apmc,Mango(Raw-Ripe),2026-09-24,15500.0,16500.0,16000.0,0.0,1000.0
Tamil Nadu,Tenkasi,Tenkasi(Uzhavar Sandhai ),Mango(Raw-Ripe),2026-09-24,10000.0,10000.0,10000.0,0.0,0.0
Tamil Nadu,Thanjavur,Thanjavur(Uzhavar Sandhai ),Mango(Raw-Ripe),2026-09-24,8000.0,13000.0,10500.0,0.0,5000.0
Tamil Nadu,Salem,Thathakapatti(Uzhavar Sandhai ),Mango(Raw-Ripe),2026-09-24,10000.0,12000.0,11000.0,0.0,2000.0
Tamil Nadu,Vellore,Thirupathur Apmc,Mango(Raw-Ripe),2026-09-24,15000.0,15000.0,15000.0,0.0,0.0
Tamil Nadu,Thiruchirappalli,Thiruverumbur(Uzhavar Sandhai ),Mango(Raw-Ripe),2026-09-24,14000.0,14000.0,14000.0,0.0,0.0
Keralam,Ernakulam,Thrippunithura Market,Mango(Raw-Ripe),2026-09-24,9500.0,11000.0,10000.0,0.0,1500.0
Tamil Nadu,Thiruchirappalli,Thuraiyur Apmc,Mango(Raw-Ripe),2026-09-24,9000.0,9000.0,9000.0,0.0,0.0
Tamil Nadu,Villupuram,Tindivanam Apmc,Mango(Raw-Ripe),2026-09-24,6000.0,6000.0,6000.0,0.0,0.0
Tamil Nadu,Sivaganga,Tirupatthur(Uzhavar Sandhai ),Mango(Raw-Ripe),2026-09-24,12400.0,13500.0,12950.0,0.0,1100.0
Tamil Nadu,Thiruvarur,Tiruthuraipoondi(Uzhavar Sandhai ),Mango(Raw-Ripe),2026-09-24,6000.0,6000.0,6000.0,0.0,0.0
Tamil Nadu,Thiruvannamalai,Tiruvannamalai(Uzhavar Sandhai ),Mango(Raw-Ripe),2026-09-24,14000.0,16000.0,15000.0,0.0,2000.0
Tamil Nadu,Thiruvarur,Tiruvarur(Uzhavar Sandhai ),Mango(Raw-Ripe),2026-09-24,8000.0,8000.0,8000.0,0.0,0.0
Tamil Nadu,Tuticorin,Tuticorin(Uzhavar Sandhai ),Mango(Raw-Ripe),2026-09-24,8000.0,9000.0,8500.0,0.0,1000.0
Tamil Nadu,The Nilgiris,Udhagamandalam(Uzhavar Sandhai ),Mango(Raw-Ripe),2026-09-24,8000.0,10000.0,9000.0,0.0,2000.0
Tamil Nadu,Coimbatore,Udumalpet Apmc,Mango(Raw-Ripe),2026-09-24,14000.0,15000.0,14500.0,0.0,1000.0
Tamil Nadu,Villupuram,Ulundurpettai Apmc,Mango(Raw-Ripe),2026-09-24,8000.0,8000.0,8000.0,0.0,0.0
Tamil Nadu,Cuddalore,Vadalur(Uzhavar Sandhai ),Mango(Raw-Ripe),2026-09-24,10000.0,10000.0,10000.0,0.0,0.0
Tamil Nadu,Nagercoil (Kannyiakumari),Vadaseri Apmc,Mango(Raw-Ripe),2026-09-24,10000.0,10500.0,10250.0,0.0,500.0
Tamil Nadu,Thiruvarur,Valangaiman Apmc,Mango(Raw-Ripe),2026-09-24,10000.0,10000.0,10000.0,0.0,0.0
Tamil Nadu,Thirupathur,Vaniyampadi(Uzhavar Sandhai ),Mango(Raw-Ripe),2026-09-24,10000.0,10000.0,10000.0,0.0,0.0
Tamil Nadu,Nagapattinam,Vedaranyam(Uzhavar Sandhai),Mango(Raw-Ripe),2026-09-24,4000.0,5500.0,4750.0,0.0,1500.0
Tamil Nadu,Villupuram,Villupuram(Uzhavar Sandhai ),Mango(Raw-Ripe),2026-09-24,9000.0,9000.0,9000.0,0.0,0.0
Tamil Nadu,Cuddalore,Viruthachalam(Uzhavar Sandhai ),Mango(Raw-Ripe),2026-09-24,8000.0,15000.0,11500.0,0.0,7000.0
Tamil Nadu,Salem,Ammapet(Uzhavar Sandhai ),Marigold(Calcutta),2026-09-24,9000.0,10000.0,9500.0,0.0,1000.0
Tamil Nadu,Salem,Athur(Uzhavar Sandhai ),Marigold(Calcutta),2026-09-24,14000.0,16000.0,15000.0,0.0,2000.0
Tamil Nadu,Dharmapuri,Dharmapuri(Uzhavar Sandhai ),Marigold(Calcutta),2026-09-24,15200.0,16000.0,15600.0,0.0,800.0
Tamil Nadu,Chengalpattu,Jameenrayapettai(Uzhavar Sandhai ),Marigold(Calcutta),2026-09-24,9000.0,10000.0,9500.0,0.0,1000.0
Tamil Nadu,Kallakuruchi,Kallakurichi(Uzhavar Sandhai ),Marigold(Calcutta),2026-09-24,30000.0,30000.0,30000.0,0.0,0.0
Tamil Nadu,Vellore,Katpadi (Uzhavar Sandhai ),Marigold(Calcutta),2026-09-24,12000.0,12000.0,12000.0,0.0,0.0
Tamil Nadu,Thiruvannamalai,Keelpennathur(Uzhavar Sandhai ),Marigold(Calcutta),2026-09-24,30000.0,35000.0,32500.0,0.0,5000.0
Tamil Nadu,Chengalpattu,Medavakkam(Uzhavar Sandhai ),Marigold(Calcutta),2026-09-24,8000.0,15000.0,11500.0,0.0,7000.0
Tamil Nadu,Salem,Mettur(Uzhavar Sandhai ),Marigold(Calcutta),2026-09-24,15000.0,16000.0,15500.0,0.0,1000.0
Tamil Nadu,Chengalpattu,Nanganallur(Uzhavar Sandhai ),Marigold(Calcutta),2026-09-24,32000.0,35000.0,33500.0,0.0,3000.0
Tamil Nadu,Ramanathapuram,Paramakudi(Uzhavar Sandhai ),Marigold(Calcutta),2026-09-24,9000.0,10000.0,9500.0,0.0,1000.0
Tamil Nadu,Thiruvellore,Perambakkam(Uzhavar Sandhai ),Marigold(Calcutta),2026-09-24,14000.0,14000.0,14000.0,0.0,0.0
Tamil Nadu,Thiruvannamalai,Polur(Uzhavar Sandhai ),Marigold(Calcutta),2026-09-24,8000.0,10000.0,9000.0,0.0,2000.0
Tamil Nadu,Ramanathapuram,Ramanathapuram(Uzhavar Sandhai ),Marigold(Calcutta),2026-09-24,9000.0,10000.0,9500.0,0.0,1000.0
Tamil Nadu,Ranipet,Ranipettai(Uzhavar Sandhai ),Marigold(Calcutta),2026-09-24,30000.0,36000.0,33000.0,0.0,6000.0
Tamil Nadu,Namakkal,Rasipuram(Uzhavar Sandhai ),Marigold(Calcutta),2026-09-24,25000.0,26000.0,25500.0,0.0,1000.0
Tamil Nadu,Thiruvannamalai,Tamarainagar(Uzhavar Sandhai ),Marigold(Calcutta),2026-09-24,15000.0,20000.0,17500.0,0.0,5000.0
Tamil Nadu,Thanjavur,Thanjavur(Uzhavar Sandhai ),Marigold(Calcutta),2026-09-24,20000.0,20000.0,20000.0,0.0,0.0
Tamil Nadu,Villupuram,Tindivanam Apmc,Marigold(Calcutta),2026-09-24,25000.0,25000.0,25000.0,0.0,0.0
Tamil Nadu,Thiruvannamalai,Tiruvannamalai(Uzhavar Sandhai ),Marigold(Calcutta),2026-09-24,22000.0,24000.0,23000.0,0.0,2000.0
Tamil Nadu,Vellore,Vellore Apmc,Marigold(Calcutta),2026-09-24,12000.0,14000.0,13000.0,0.0,2000.0
Tamil Nadu,Villupuram,Villupuram(Uzhavar Sandhai ),Marigold(Calcutta),2026-09-24,25000.0,25000.0,25000.0,0.0,0.0
West Bengal,Medinipur(E),Kolaghat Apmc,Marigold(Loose),2026-09-24,11000.0,13000.0,12000.0,0.0,2000.0
Tamil Nadu,Salem,Ammapet(Uzhavar Sandhai ),Mashrooms,2026-09-24,19000.0,20000.0,19500.0,0.0,1000.0
Tamil Nadu,Madurai,Anaiyur(Uzhavar Sandhai ),Mashrooms,2026-09-24,25000.0,30000.0,27500.0,0.0,5000.0
Tamil Nadu,Theni,Andipatti(Uzhavar Sandhai ),Mashrooms,2026-09-24,25000.0,25000.0,25000.0,0.0,0.0
Tamil Nadu,Madurai,Anna Nagar(Uzhavar Sandhai ),Mashrooms,2026-09-24,22000.0,22000.0,22000.0,0.0,0.0
Tamil Nadu,Madurai,Chokkikulam(Uzhavar Sandhai ),Mashrooms,2026-09-24,25000.0,30000.0,27500.0,0.0,5000.0
Tamil Nadu,Dharmapuri,Dharmapuri(Uzhavar Sandhai ),Mashrooms,2026-09-24,15000.0,16000.0,15500.0,0.0,1000.0
Tamil Nadu,Dindigul,Dindigul(Uzhavar Sandhai ),Mashrooms,2026-09-24,20000.0,25000.0,22500.0,0.0,5000.0
Tamil Nadu,Krishnagiri,Hosur(Uzhavar Sandhai ),Mashrooms,2026-09-24,18000.0,20000.0,19000.0,0.0,2000.0
Tamil Nadu,Vellore,Kahithapattarai(Uzhavar Sandhai ),Mashrooms,2026-09-24,35000.0,35000.0,35000.0,0.0,0.0
Tamil Nadu,Kallakuruchi,Kallakurichi(Uzhavar Sandhai ),Mashrooms,2026-09-24,22500.0,22500.0,22500.0,0.0,0.0
Tamil Nadu,Theni,Kambam(Uzhavar Sandhai ),Mashrooms,2026-09-24,25000.0,25000.0,25000.0,0.0,0.0
Tamil Nadu,Kancheepuram,Kancheepuram(Uzhavar Sandhai ),Mashrooms,2026-09-24,24000.0,35000.0,29500.0,0.0,11000.0
Tamil Nadu,Thiruchirappalli,Kknagar(Uzhavar Sandhai ),Mashrooms,2026-09-24,22000.0,22000.0,22000.0,0.0,0.0
Tamil Nadu,Karur,Kulithalai(Uzhavar Sandhai ),Mashrooms,2026-09-24,24000.0,26000.0,25000.0,0.0,2000.0
Tamil Nadu,Thanjavur,Kumbakonam (Uzhavar Sandhai ),Mashrooms,2026-09-24,30000.0,30000.0,30000.0,0.0,0.0
Tamil Nadu,Coimbatore,Mettupalayam(Uzhavar Sandhai ),Mashrooms,2026-09-24,16000.0,20000.0,18000.0,0.0,4000.0
Tamil Nadu,Thiruchirappalli,Musiri(Uzhavar Sandhai ),Mashrooms,2026-09-24,19000.0,20000.0,19500.0,0.0,1000.0
Tamil Nadu,Namakkal,Namakkal(Uzhavar Sandhai ),Mashrooms,2026-09-24,20000.0,25000.0,22500.0,0.0,5000.0
Tamil Nadu,Kancheepuram,Padappai(Uzhavar Sandhai ),Mashrooms,2026-09-24,24000.0,30000.0,27000.0,0.0,6000.0
Tamil Nadu,Madurai,Palanganatham(Uzhavar Sandhai ),Mashrooms,2026-09-24,25000.0,30000.0,27500.0,0.0,5000.0
Tamil Nadu,Chengalpattu,Pallavaram(Uzhavar Sandhai ),Mashrooms,2026-09-24,22000.0,25000.0,23500.0,0.0,3000.0
Tamil Nadu,Perambalur,Perambalur(Uzhavar Sandhai ),Mashrooms,2026-09-24,20000.0,22000.0,21000.0,0.0,2000.0
Himachal Pradesh,Solan,Pmy Kather Solan,Mashrooms,2026-09-24,12000.0,17000.0,15000.0,0.0,5000.0
Tamil Nadu,Coimbatore,Pollachi(Uzhavar Sandhai ),Mashrooms,2026-09-24,18000.0,20000.0,19000.0,0.0,2000.0
Tamil Nadu,Pudukkottai,Pudukottai(Uzhavar Sandhai ),Mashrooms,2026-09-24,24000.0,25000.0,24500.0,0.0,1000.0
Tamil Nadu,Coimbatore,Rspuram(Uzhavar Sandhai ),Mashrooms,2026-09-24,20000.0,25000.0,22500.0,0.0,5000.0
Punjab,Fatehgarh,Sirhind Apmc,Mashrooms,2026-09-24,12000.0,12000.0,12000.0,0.0,0.0
Himachal Pradesh,Kangra,Smy Palampur,Mashrooms,2026-09-24,18000.0,20000.0,19000.0,0.0,2000.0
Tamil Nadu,Tenkasi,Tenkasi(Uzhavar Sandhai ),Mashrooms,2026-09-24,21000.0,21000.0,21000.0,0.0,0.0
Tamil Nadu,Thanjavur,Thanjavur(Uzhavar Sandhai ),Mashrooms,2026-09-24,25000.0,25000.0,25000.0,0.0,0.0
Tamil Nadu,Theni,Theni(Uzhavar Sandhai ),Mashrooms,2026-09-24,27500.0,27500.0,27500.0,0.0,0.0
Tamil Nadu,Thiruvannamalai,Tiruvannamalai(Uzhavar Sandhai ),Mashrooms,2026-09-24,22000.0,25000.0,23500.0,0.0,3000.0
Tamil Nadu,Tuticorin,Tuticorin(Uzhavar Sandhai ),Mashrooms,2026-09-24,24000.0,25000.0,24500.0,0.0,1000.0
Uttar Pradesh,Badaun,Badayoun Apmc,Masur Dal,2026-09-24,9000.0,10450.0,10137.82,0.0,1450.0
Uttar Pradesh,Bareilly,Bareilly Apmc,Masur Dal,2026-09-24,6400.0,6400.0,6400.0,0.0,0.0
West Bengal,Bankura,Bishnupur(Bankura) Apmc,Masur Dal,2026-09-24,9900.0,11200.0,10600.0,0.0,1300.0
West Bengal,Medinipur(E),Kolaghat Apmc,Masur Dal,2026-09-24,10400.0,10800.0,10600.0,0.0,400.0
Manipur,Imphal East,Lamlong Bazaar Apmc,Masur Dal,2026-09-24,9000.0,10000.0,9500.0,0.0,1000.0
Uttar Pradesh,Shahjahanpur,Powayan Apmc,Masur Dal,2026-09-24,8400.0,8400.0,8400.0,0.0,0.0
Uttar Pradesh,Shamli,Shamli Apmc,Masur Dal,2026-09-24,6871.2,6871.2,6871.2,0.0,0.0
West Bengal,Medinipur(E),Tamluk (Medinipur E) Apmc,Masur Dal,2026-09-24,10400.0,10800.0,10600.0,0.0,400.0
Uttar Pradesh,Barabanki,Safdarganj Apmc,Mentha Oil,2026-09-24,135000.0,135000.0,135000.0,0.0,0.0
Rajasthan,Kota,Kota Apmc,Methi Seeds,2026-09-24,5500.0,5500.0,5500.0,0.0,0.0
Maharashtra,Mumbai,Mumbai,Methi(Leaves),2026-09-24,1400.0,1600.0,1500.0,0.0,200.0
Gujarat,Surendranagar,Vadhvan Apmc,Methi(Leaves),2026-09-24,2000.0,2500.0,2250.0,0.0,500.0
Tamil Nadu,Dharmapuri,Ajattihalli(Uzhavar Sandhai ),Mint(Pudina),2026-09-24,7000.0,8000.0,7500.0,0.0,1000.0
Tamil Nadu,Thirunelveli,Ambasamudram(Uzhavar Sandhai ),Mint(Pudina),2026-09-24,6000.0,7000.0,6500.0,0.0,1000.0
Tamil Nadu,Salem,Ammapet(Uzhavar Sandhai ),Mint(Pudina),2026-09-24,4000.0,4500.0,4250.0,0.0,500.0
Tamil Nadu,Madurai,Anaiyur(Uzhavar Sandhai ),Mint(Pudina),2026-09-24,5000.0,5500.0,5250.0,0.0,500.0
Tamil Nadu,Theni,Andipatti(Uzhavar Sandhai ),Mint(Pudina),2026-09-24,5500.0,5500.0,5500.0,0.0,0.0
Tamil Nadu,Madurai,Anna Nagar(Uzhavar Sandhai ),Mint(Pudina),2026-09-24,5600.0,5600.0,5600.0,0.0,0.0
Tamil Nadu,Thiruvannamalai,Arani(Uzhavar Sandhai ),Mint(Pudina),2026-09-24,4000.0,4500.0,4250.0,0.0,500.0
Tamil Nadu,Ranipet,Arcot(Uzhavar Sandhai ),Mint(Pudina),2026-09-24,4000.0,4000.0,4000.0,0.0,0.0
Tamil Nadu,Ariyalur,Ariyalur(Uzhavar Sandhai),Mint(Pudina),2026-09-24,4000.0,5000.0,4500.0,0.0,1000.0
Tamil Nadu,Virudhunagar,Aruppukottai(Uzhavar Sandhai ),Mint(Pudina),2026-09-24,5000.0,6000.0,5500.0,0.0,1000.0
Tamil Nadu,Salem,Athur(Uzhavar Sandhai ),Mint(Pudina),2026-09-24,4000.0,4500.0,4250.0,0.0,500.0
Tamil Nadu,Salem,Attayampatti(Uzhavar Sandhai ),Mint(Pudina),2026-09-24,4000.0,4500.0,4250.0,0.0,500.0
Tamil Nadu,Krishnagiri,Avallapalli(Uzhavar Sandhai ),Mint(Pudina),2026-09-24,3500.0,4000.0,3750.0,0.0,500.0
Tamil Nadu,Theni,Bodinayakanur(Uzhavar Sandhai ),Mint(Pudina),2026-09-24,5500.0,5500.0,5500.0,0.0,0.0
Tamil Nadu,Thiruvannamalai,Chengam(Uzhavar Sandhai ),Mint(Pudina),2026-09-24,3500.0,4000.0,3750.0,0.0,500.0
Tamil Nadu,Thiruvannamalai,Cheyyar(Uzhavar Sandhai ),Mint(Pudina),2026-09-24,3700.0,4500.0,4100.0,0.0,800.0
Tamil Nadu,Dindigul,Chinnalapatti(Uzhavar Sandhai ),Mint(Pudina),2026-09-24,4000.0,4500.0,4250.0,0.0,500.0
Tamil Nadu,Theni,Chinnamanur(Uzhavar Sandhai ),Mint(Pudina),2026-09-24,5500.0,5500.0,5500.0,0.0,0.0
Tamil Nadu,Madurai,Chokkikulam(Uzhavar Sandhai ),Mint(Pudina),2026-09-24,5000.0,5500.0,5250.0,0.0,500.0
Tamil Nadu,The Nilgiris,Coonoor(Uzhavar Sandhai ),Mint(Pudina),2026-09-24,5500.0,6000.0,5750.0,0.0,500.0
Tamil Nadu,Cuddalore,Cuddalore(Uzhavar Sandhai ),Mint(Pudina),2026-09-24,4000.0,4000.0,4000.0,0.0,0.0
Tamil Nadu,Krishnagiri,Denkanikottai(Uzhavar Sandhai ),Mint(Pudina),2026-09-24,3000.0,4000.0,3500.0,0.0,1000.0
Tamil Nadu,Sivaganga,Devakottai (Uzhavar Sandhai ),Mint(Pudina),2026-09-24,5600.0,6000.0,5800.0,0.0,400.0
Tamil Nadu,Theni,Devaram(Uzhavar Sandhai ),Mint(Pudina),2026-09-24,5500.0,5500.0,5500.0,0.0,0.0
Tamil Nadu,Thirupur,Dharapuram(Uzhavar Sandhai ),Mint(Pudina),2026-09-24,3000.0,3500.0,3250.0,0.0,500.0
Tamil Nadu,Dharmapuri,Dharmapuri(Uzhavar Sandhai ),Mint(Pudina),2026-09-24,7500.0,8000.0,7750.0,0.0,500.0
Tamil Nadu,Dindigul,Dindigul(Uzhavar Sandhai ),Mint(Pudina),2026-09-24,4000.0,4500.0,4250.0,0.0,500.0
Tamil Nadu,Salem,Edapadi (Uzhavar Sandhai ),Mint(Pudina),2026-09-24,4000.0,4500.0,4250.0,0.0,500.0
Tamil Nadu,Salem,Elampillai(Uzhavar Sandhai ),Mint(Pudina),2026-09-24,4000.0,4500.0,4250.0,0.0,500.0
Tamil Nadu,Pudukkottai,Gandarvakottai(Uzhavar Sandhai ),Mint(Pudina),2026-09-24,4000.0,5000.0,4500.0,0.0,1000.0
Tamil Nadu,Karur,Gandhigramam(Uzhavar Sandhai),Mint(Pudina),2026-09-24,5500.0,6000.0,5750.0,0.0,500.0
Tamil Nadu,Villupuram,Gingee(Uzhavar Sandhai ),Mint(Pudina),2026-09-24,4000.0,4000.0,4000.0,0.0,0.0
Tamil Nadu,Erode,Gobichettipalayam(Uzhavar Sandhai ),Mint(Pudina),2026-09-24,3800.0,4200.0,4000.0,0.0,400.0
Tamil Nadu,The Nilgiris,Gudalur(Uzhavar Sandhai ),Mint(Pudina),2026-09-24,5000.0,6000.0,5500.0,0.0,1000.0
Tamil Nadu,Vellore,Gudiyatham(Uzhavar Sandhai ),Mint(Pudina),2026-09-24,4000.0,4000.0,4000.0,0.0,0.0
Tamil Nadu,Chengalpattu,Guduvancheri(Uzhavar Sandhai ),Mint(Pudina),2026-09-24,3500.0,4000.0,3750.0,0.0,500.0
Tamil Nadu,Dharmapuri,Harur(Uzhavar Sandhai ),Mint(Pudina),2026-09-24,3500.0,4000.0,3750.0,0.0,500.0
Tamil Nadu,Salem,Hasthampatti(Uzhavar Sandhai ),Mint(Pudina),2026-09-24,4000.0,4500.0,4250.0,0.0,500.0
Tamil Nadu,Krishnagiri,Hosur(Uzhavar Sandhai ),Mint(Pudina),2026-09-24,3500.0,4000.0,3750.0,0.0,500.0
Tamil Nadu,Salem,Jalagandapuram(Uzhavar Sandhai ),Mint(Pudina),2026-09-24,4000.0,4500.0,4250.0,0.0,500.0
Tamil Nadu,Chengalpattu,Jameenrayapettai(Uzhavar Sandhai ),Mint(Pudina),2026-09-24,3500.0,4000.0,3750.0,0.0,500.0
Tamil Nadu,Vellore,Kahithapattarai(Uzhavar Sandhai ),Mint(Pudina),2026-09-24,9000.0,9000.0,9000.0,0.0,0.0
Tamil Nadu,Kallakuruchi,Kallakurichi(Uzhavar Sandhai ),Mint(Pudina),2026-09-24,3000.0,3000.0,3000.0,0.0,0.0
Tamil Nadu,Theni,Kambam(Uzhavar Sandhai ),Mint(Pudina),2026-09-24,5500.0,5500.0,5500.0,0.0,0.0
Tamil Nadu,Kancheepuram,Kancheepuram(Uzhavar Sandhai ),Mint(Pudina),2026-09-24,4000.0,4000.0,4000.0,0.0,0.0
Tamil Nadu,Thirupur,Kangayam(Uzhavar Sandhai ),Mint(Pudina),2026-09-24,3500.0,4000.0,3750.0,0.0,500.0
Tamil Nadu,Sivaganga,Karaikudi(Uzhavar Sandhai ),Mint(Pudina),2026-09-24,5500.0,6000.0,5750.0,0.0,500.0
Tamil Nadu,Pudukkottai,Karambakkudi(Uzhavar Sandhai ),Mint(Pudina),2026-09-24,4500.0,5000.0,4750.0,0.0,500.0
Tamil Nadu,Dharmapuri,Karimangalam(Uzhavar Sandhai),Mint(Pudina),2026-09-24,4500.0,5000.0,4750.0,0.0,500.0
Tamil Nadu,Virudhunagar,Kariyapatti(Uzhavar Sandhai ),Mint(Pudina),2026-09-24,6500.0,7000.0,6750.0,0.0,500.0
Tamil Nadu,Karur,Karur(Uzhavar Sandhai ),Mint(Pudina),2026-09-24,5500.0,6000.0,5750.0,0.0,500.0
Tamil Nadu,Vellore,Katpadi (Uzhavar Sandhai ),Mint(Pudina),2026-09-24,4000.0,4000.0,4000.0,0.0,0.0
Tamil Nadu,Krishnagiri,Kaveripattinam(Uzhavar Sandhai ),Mint(Pudina),2026-09-24,5000.0,5000.0,5000.0,0.0,0.0
Tamil Nadu,Thiruchirappalli,Kknagar(Uzhavar Sandhai ),Mint(Pudina),2026-09-24,5600.0,5600.0,5600.0,0.0,0.0
Tamil Nadu,Tuticorin,Kovilpatti(Uzhavar Sandhai ),Mint(Pudina),2026-09-24,5500.0,6000.0,5750.0,0.0,500.0
Tamil Nadu,Krishnagiri,Krishnagiri(Uzhavar Sandhai ),Mint(Pudina),2026-09-24,2500.0,3000.0,2750.0,0.0,500.0
Tamil Nadu,Karur,Kulithalai(Uzhavar Sandhai ),Mint(Pudina),2026-09-24,4500.0,5000.0,4750.0,0.0,500.0
Tamil Nadu,Namakkal,Kumarapalayam(Uzhavar Sandhai ),Mint(Pudina),2026-09-24,5500.0,6000.0,5750.0,0.0,500.0
Tamil Nadu,Thanjavur,Kumbakonam (Uzhavar Sandhai ),Mint(Pudina),2026-09-24,6000.0,6000.0,6000.0,0.0,0.0
Tamil Nadu,Coimbatore,Kurichi(Uzhavar Sandhai ),Mint(Pudina),2026-09-24,5500.0,6000.0,5750.0,0.0,500.0
Tamil Nadu,Thiruchirappalli,Lalgudi(Uzhavar Sandhai ),Mint(Pudina),2026-09-24,5600.0,5600.0,5600.0,0.0,0.0
Tamil Nadu,Chengalpattu,Madhuranthagam(Uzhavar Sandhai ),Mint(Pudina),2026-09-24,4000.0,4000.0,4000.0,0.0,0.0
Tamil Nadu,Thiruchirappalli,Manachanallur(Uzhavar Sandhai ),Mint(Pudina),2026-09-24,5600.0,5600.0,5600.0,0.0,0.0
Tamil Nadu,Thiruchirappalli,Manapparai(Uzhavar Sandhai ),Mint(Pudina),2026-09-24,5500.0,5500.0,5500.0,0.0,0.0
Tamil Nadu,Thiruvarur,Mannargudi I(Uzhavar Sandhai ),Mint(Pudina),2026-09-24,6000.0,6000.0,6000.0,0.0,0.0
Tamil Nadu,Thiruvarur,Mannargudi Ii(Uzhavar Sandhai ),Mint(Pudina),2026-09-24,6000.0,6000.0,6000.0,0.0,0.0
Tamil Nadu,Nagapattinam,Mayiladuthurai(Uzhavar Sandhai ),Mint(Pudina),2026-09-24,5500.0,6000.0,5750.0,0.0,500.0
Tamil Nadu,Salem,Mecheri(Uzhavar Sandhai),Mint(Pudina),2026-09-24,4000.0,4500.0,4250.0,0.0,500.0
Tamil Nadu,Thirunelveli,Melapalayam(Uzhavar Sandhai ),Mint(Pudina),2026-09-24,6500.0,7000.0,6750.0,0.0,500.0
Tamil Nadu,Madurai,Melur(Uzhavar Sandhai ),Mint(Pudina),2026-09-24,5000.0,5500.0,5250.0,0.0,500.0
Tamil Nadu,Coimbatore,Mettupalayam(Uzhavar Sandhai ),Mint(Pudina),2026-09-24,6000.0,6500.0,6250.0,0.0,500.0
Tamil Nadu,Salem,Mettur(Uzhavar Sandhai ),Mint(Pudina),2026-09-24,3500.0,4000.0,3750.0,0.0,500.0
Tamil Nadu,Namakkal,Mohanur(Uzhavar Sandhai ),Mint(Pudina),2026-09-24,5500.0,6000.0,5750.0,0.0,500.0
Tamil Nadu,Thiruchirappalli,Musiri(Uzhavar Sandhai ),Mint(Pudina),2026-09-24,5000.0,5600.0,5300.0,0.0,600.0
Tamil Nadu,Thiruvarur,Muthupettai(Uzhavar Sandhai ),Mint(Pudina),2026-09-24,5500.0,5500.0,5500.0,0.0,0.0
Tamil Nadu,Nagapattinam,Nagapattinam(Uzhavar Sandhai ),Mint(Pudina),2026-09-24,3100.0,3100.0,3100.0,0.0,0.0
Tamil Nadu,Namakkal,Namakkal(Uzhavar Sandhai ),Mint(Pudina),2026-09-24,4500.0,5000.0,4750.0,0.0,500.0
Tamil Nadu,Chengalpattu,Nanganallur(Uzhavar Sandhai ),Mint(Pudina),2026-09-24,3500.0,4000.0,3750.0,0.0,500.0
Tamil Nadu,Thirupathur,Natrampalli(Uzhavar Sandhai ),Mint(Pudina),2026-09-24,4000.0,5000.0,4500.0,0.0,1000.0
Tamil Nadu,Thiruvarur,Needamangalam(Uzhavar Sandhai ),Mint(Pudina),2026-09-24,5500.0,5500.0,5500.0,0.0,0.0
Keralam,Ernakulam,North Paravur Market,Mint(Pudina),2026-09-24,7500.0,8500.0,8000.0,0.0,1000.0
Tamil Nadu,Kancheepuram,Padappai(Uzhavar Sandhai ),Mint(Pudina),2026-09-24,3500.0,4500.0,4000.0,0.0,1000.0
Tamil Nadu,Dharmapuri,Palacode(Uzhavar Sandhai ),Mint(Pudina),2026-09-24,5000.0,5500.0,5250.0,0.0,500.0
Tamil Nadu,Madurai,Palanganatham(Uzhavar Sandhai ),Mint(Pudina),2026-09-24,5000.0,5500.0,5250.0,0.0,500.0
Tamil Nadu,Dindigul,Palani(Uzhavar Sandhai ),Mint(Pudina),2026-09-24,6000.0,7000.0,6500.0,0.0,1000.0
Tamil Nadu,Thirunelveli,Palayamkottai(Uzhavar Sandhai ),Mint(Pudina),2026-09-24,6500.0,7000.0,6750.0,0.0,500.0
Tamil Nadu,Thirupur,Palladam(Uzhavar Sandhai ),Mint(Pudina),2026-09-24,2500.0,3000.0,2750.0,0.0,500.0
Tamil Nadu,Karur,Pallapatti (Uzhavar Sandhai ),Mint(Pudina),2026-09-24,4500.0,5000.0,4750.0,0.0,500.0
Tamil Nadu,Chengalpattu,Pallavaram(Uzhavar Sandhai ),Mint(Pudina),2026-09-24,3500.0,4000.0,3750.0,0.0,500.0
Tamil Nadu,Vellore,Pallikonda(Uzhavar Sandhai),Mint(Pudina),2026-09-24,4000.0,4000.0,4000.0,0.0,0.0
Tamil Nadu,Cuddalore,Panruti(Uzhavar Sandhai ),Mint(Pudina),2026-09-24,5000.0,5000.0,5000.0,0.0,0.0
Tamil Nadu,Thanjavur,Papanasam(Uzhavar Sandhai ),Mint(Pudina),2026-09-24,6000.0,6000.0,6000.0,0.0,0.0
Tamil Nadu,Ramanathapuram,Paramakudi(Uzhavar Sandhai ),Mint(Pudina),2026-09-24,7000.0,7200.0,7100.0,0.0,200.0
Tamil Nadu,Namakkal,Paramathivelur(Uzhavar Sandhai ),Mint(Pudina),2026-09-24,5400.0,6000.0,5700.0,0.0,600.0
Tamil Nadu,Thiruvellore,Paruthipattu(Uzhavar Sandhai ),Mint(Pudina),2026-09-24,4000.0,4000.0,4000.0,0.0,0.0
Tamil Nadu,Thanjavur,Pattukottai(Uzhavar Sandhai ),Mint(Pudina),2026-09-24,5800.0,5800.0,5800.0,0.0,0.0
Tamil Nadu,Dharmapuri,Pennagaram(Uzhavar Sandhai ),Mint(Pudina),2026-09-24,5500.0,6000.0,5750.0,0.0,500.0
Tamil Nadu,Perambalur,Perambalur(Uzhavar Sandhai ),Mint(Pudina),2026-09-24,6000.0,6000.0,6000.0,0.0,0.0
Tamil Nadu,Vellore,Perampet(Uzhavar Sandhai),Mint(Pudina),2026-09-24,4000.0,4000.0,4000.0,0.0,0.0
Tamil Nadu,Theni,Periyakulam(Uzhavar Sandhai ),Mint(Pudina),2026-09-24,5500.0,5500.0,5500.0,0.0,0.0
Tamil Nadu,Erode,Periyar Nagar(Uzhavar Sandhai ),Mint(Pudina),2026-09-24,3500.0,4000.0,3750.0,0.0,500.0
Tamil Nadu,Erode,Perundurai(Uzhavar Sandhai ),Mint(Pudina),2026-09-24,3000.0,3400.0,3200.0,0.0,400.0
Tamil Nadu,Coimbatore,Pollachi(Uzhavar Sandhai ),Mint(Pudina),2026-09-24,5000.0,6000.0,5500.0,0.0,1000.0
Tamil Nadu,Thiruvannamalai,Polur(Uzhavar Sandhai ),Mint(Pudina),2026-09-24,3300.0,4000.0,3650.0,0.0,700.0
Tamil Nadu,Pudukkottai,Ponnamaravathi(Uzhavar Sandhai),Mint(Pudina),2026-09-24,4500.0,5000.0,4750.0,0.0,500.0
Tamil Nadu,Pudukkottai,Pudukottai(Uzhavar Sandhai ),Mint(Pudina),2026-09-24,4500.0,5000.0,4750.0,0.0,500.0
Maharashtra,Pune,Pune,Mint(Pudina),2026-09-24,8.0,8.0,8.0,0.0,0.0
Tamil Nadu,Virudhunagar,Rajapalayam(Uzhavar Sandhai ),Mint(Pudina),2026-09-24,6000.0,6500.0,6250.0,0.0,500.0
Tamil Nadu,Ramanathapuram,Ramanathapuram(Uzhavar Sandhai ),Mint(Pudina),2026-09-24,6500.0,7000.0,6750.0,0.0,500.0
Tamil Nadu,Ranipet,Ranipettai(Uzhavar Sandhai ),Mint(Pudina),2026-09-24,3000.0,3000.0,3000.0,0.0,0.0
Tamil Nadu,Namakkal,Rasipuram(Uzhavar Sandhai ),Mint(Pudina),2026-09-24,5500.0,6000.0,5750.0,0.0,500.0
Tamil Nadu,Coimbatore,Rspuram(Uzhavar Sandhai ),Mint(Pudina),2026-09-24,5500.0,6000.0,5750.0,0.0,500.0
Tamil Nadu,Erode,Sampath Nagar(Uzhavar Sandhai ),Mint(Pudina),2026-09-24,3500.0,4000.0,3750.0,0.0,500.0
Tamil Nadu,Tenkasi,Sankarankoil(Uzhavar Sandhai ),Mint(Pudina),2026-09-24,6000.0,6000.0,6000.0,0.0,0.0
Tamil Nadu,Kallakuruchi,Sankarapuram(Uzhavar Sandhai ),Mint(Pudina),2026-09-24,3000.0,3000.0,3000.0,0.0,0.0
Tamil Nadu,Erode,Sathiyamagalam(Uzhavar Sandhai ),Mint(Pudina),2026-09-24,4500.0,5000.0,4750.0,0.0,500.0
Tamil Nadu,Virudhunagar,Sathur(Uzhavar Sandhai ),Mint(Pudina),2026-09-24,4500.0,5000.0,4750.0,0.0,500.0
Tamil Nadu,Sivaganga,Singampunari(Uzhavar Sandhai ),Mint(Pudina),2026-09-24,5200.0,5600.0,5400.0,0.0,400.0
Tamil Nadu,Coimbatore,Singanallur(Uzhavar Sandhai ),Mint(Pudina),2026-09-24,5500.0,6000.0,5750.0,0.0,500.0
Tamil Nadu,Nagapattinam,Sirkali(Uzhavar Sandhai ),Mint(Pudina),2026-09-24,4000.0,4500.0,4250.0,0.0,500.0
Tamil Nadu,Sivaganga,Sivagangai (Uzhavar Sandhai ),Mint(Pudina),2026-09-24,5200.0,5600.0,5400.0,0.0,400.0
Tamil Nadu,Virudhunagar,Sivakasi(Uzhavar Sandhai ),Mint(Pudina),2026-09-24,6000.0,7000.0,6500.0,0.0,1000.0
Tamil Nadu,Salem,Sooramangalam(Uzhavar Sandhai ),Mint(Pudina),2026-09-24,4000.0,4200.0,4100.0,0.0,200.0
Tamil Nadu,Virudhunagar,Srivilliputhur(Uzhavar Sandhai ),Mint(Pudina),2026-09-24,6000.0,7000.0,6500.0,0.0,1000.0
Tamil Nadu,Coimbatore,Sulur(Uzhavar Sandhai ),Mint(Pudina),2026-09-24,5500.0,6000.0,5750.0,0.0,500.0
Tamil Nadu,Coimbatore,Sundarapuram(Uzhavar Sandhai ),Mint(Pudina),2026-09-24,5500.0,6000.0,5750.0,0.0,500.0
Tamil Nadu,Thiruvannamalai,Tamarainagar(Uzhavar Sandhai ),Mint(Pudina),2026-09-24,5000.0,6000.0,5500.0,0.0,1000.0
Tamil Nadu,Tenkasi,Tenkasi(Uzhavar Sandhai ),Mint(Pudina),2026-09-24,4000.0,4000.0,4000.0,0.0,0.0
Tamil Nadu,Erode,Thalavadi(Uzhavar Sandhai ),Mint(Pudina),2026-09-24,4400.0,4800.0,4600.0,0.0,400.0
Tamil Nadu,Virudhunagar,Thalavaipuram(Uzhavar Sandhai ),Mint(Pudina),2026-09-24,5500.0,6500.0,6000.0,0.0,1000.0
Tamil Nadu,Salem,Thammampatti (Uzhavar Sandhai ),Mint(Pudina),2026-09-24,4000.0,4500.0,4250.0,0.0,500.0
Tamil Nadu,Thanjavur,Thanjavur(Uzhavar Sandhai ),Mint(Pudina),2026-09-24,6000.0,6000.0,6000.0,0.0,0.0
Tamil Nadu,Salem,Thathakapatti(Uzhavar Sandhai ),Mint(Pudina),2026-09-24,4000.0,4000.0,4000.0,0.0,0.0
Tamil Nadu,Theni,Theni(Uzhavar Sandhai ),Mint(Pudina),2026-09-24,5500.0,5500.0,5500.0,0.0,0.0
Tamil Nadu,Vellore,Thirupathur Apmc,Mint(Pudina),2026-09-24,6000.0,6000.0,6000.0,0.0,0.0
Tamil Nadu,Thiruchirappalli,Thiruverumbur(Uzhavar Sandhai ),Mint(Pudina),2026-09-24,5600.0,5600.0,5600.0,0.0,0.0
Tamil Nadu,Thiruchirappalli,Thuraiyur Apmc,Mint(Pudina),2026-09-24,5000.0,5600.0,5300.0,0.0,600.0
Tamil Nadu,Villupuram,Tindivanam Apmc,Mint(Pudina),2026-09-24,3500.0,3500.0,3500.0,0.0,0.0
Tamil Nadu,Namakkal,Tiruchengode Apmc,Mint(Pudina),2026-09-24,4500.0,5000.0,4750.0,0.0,500.0
Tamil Nadu,Sivaganga,Tirupatthur(Uzhavar Sandhai ),Mint(Pudina),2026-09-24,5500.0,6000.0,5750.0,0.0,500.0
Tamil Nadu,Thirupur,Tiruppur (North) (Uzhavar Sandhai ),Mint(Pudina),2026-09-24,2000.0,2500.0,2250.0,0.0,500.0
Tamil Nadu,Thirupur,Tiruppur (South) (Uzhavar Sandhai ),Mint(Pudina),2026-09-24,2500.0,3000.0,2750.0,0.0,500.0
Tamil Nadu,Thiruvellore,Tiruthani(Uzhavar Sandhai ),Mint(Pudina),2026-09-24,4000.0,4000.0,4000.0,0.0,0.0
Tamil Nadu,Thiruvannamalai,Tiruvannamalai(Uzhavar Sandhai ),Mint(Pudina),2026-09-24,5000.0,6000.0,5500.0,0.0,1000.0
Tamil Nadu,Thiruvarur,Tiruvarur(Uzhavar Sandhai ),Mint(Pudina),2026-09-24,6000.0,6000.0,6000.0,0.0,0.0
Tamil Nadu,Tuticorin,Tuticorin(Uzhavar Sandhai ),Mint(Pudina),2026-09-24,4500.0,5000.0,4750.0,0.0,500.0
Tamil Nadu,The Nilgiris,Udhagamandalam(Uzhavar Sandhai ),Mint(Pudina),2026-09-24,5500.0,6000.0,5750.0,0.0,500.0
Tamil Nadu,Coimbatore,Udumalpet Apmc,Mint(Pudina),2026-09-24,4500.0,5000.0,4750.0,0.0,500.0
Tamil Nadu,Villupuram,Ulundurpettai Apmc,Mint(Pudina),2026-09-24,3000.0,3000.0,3000.0,0.0,0.0
Tamil Nadu,Madurai,Usilampatti(Uzhavar Sandhai ),Mint(Pudina),2026-09-24,5000.0,5500.0,5250.0,0.0,500.0
Tamil Nadu,Cuddalore,Vadalur(Uzhavar Sandhai ),Mint(Pudina),2026-09-24,5000.0,5000.0,5000.0,0.0,0.0
Tamil Nadu,Nagercoil (Kannyiakumari),Vadaseri Apmc,Mint(Pudina),2026-09-24,8000.0,8500.0,8250.0,0.0,500.0
Tamil Nadu,Coimbatore,Vadavalli(Uzhavar Sandhai ),Mint(Pudina),2026-09-24,4500.0,5000.0,4750.0,0.0,500.0
Tamil Nadu,Thiruvannamalai,Vandavasi(Uzhavar Sandhai ),Mint(Pudina),2026-09-24,4000.0,4500.0,4250.0,0.0,500.0
Tamil Nadu,Thirupathur,Vaniyampadi(Uzhavar Sandhai ),Mint(Pudina),2026-09-24,4000.0,4000.0,4000.0,0.0,0.0
Tamil Nadu,Salem,Vazhapadi(Uzhavar Sandhai),Mint(Pudina),2026-09-24,4000.0,4000.0,4000.0,0.0,0.0
Tamil Nadu,Karur,Velayuthampalayam(Uzhavar Sandhai ),Mint(Pudina),2026-09-24,5000.0,6000.0,5500.0,0.0,1000.0
Tamil Nadu,Vellore,Vellore Apmc,Mint(Pudina),2026-09-24,4000.0,4000.0,4000.0,0.0,0.0
Tamil Nadu,Karur,Vengamedu(Uzhavar Sandhai ),Mint(Pudina),2026-09-24,5500.0,6000.0,5750.0,0.0,500.0
Tamil Nadu,Villupuram,Villupuram(Uzhavar Sandhai ),Mint(Pudina),2026-09-24,4000.0,4000.0,4000.0,0.0,0.0
Tamil Nadu,Pudukkottai,Viralimalai(Uzhavar Sandhai ),Mint(Pudina),2026-09-24,4500.0,5000.0,4750.0,0.0,500.0
Tamil Nadu,Cuddalore,Viruthachalam(Uzhavar Sandhai ),Mint(Pudina),2026-09-24,6000.0,6000.0,6000.0,0.0,0.0
Rajasthan,Ganganagar,Suratgarh Apmc,Moath Dal,2026-09-24,6460.0,6460.0,6460.0,0.0,0.0
Tamil Nadu,Salem,Ammapet(Uzhavar Sandhai ),Mousambi(Sweet Lime),2026-09-24,3500.0,4000.0,3750.0,0.0,500.0
Tamil Nadu,Madurai,Anaiyur(Uzhavar Sandhai ),Mousambi(Sweet Lime),2026-09-24,6500.0,7000.0,6750.0,0.0,500.0
Andhra Pradesh,Ananthapuramu,Anantapur Apmc,Mousambi(Sweet Lime),2026-09-24,800.0,1600.0,1200.0,0.0,800.0
Tamil Nadu,Madurai,Anna Nagar(Uzhavar Sandhai ),Mousambi(Sweet Lime),2026-09-24,5000.0,5000.0,5000.0,0.0,0.0
Tamil Nadu,Ranipet,Arcot(Uzhavar Sandhai ),Mousambi(Sweet Lime),2026-09-24,5000.0,5000.0,5000.0,0.0,0.0
Haryana,Hissar,Barwala(Hisar) Apmc,Mousambi(Sweet Lime),2026-09-24,3000.0,3500.0,3500.0,0.0,500.0
Chandigarh,Chandigarh,Chandigarh (Grain/F&V) Apmc,Mousambi(Sweet Lime),2026-09-24,2000.0,4000.0,3500.0,0.0,2000.0
Tamil Nadu,Madurai,Chokkikulam(Uzhavar Sandhai ),Mousambi(Sweet Lime),2026-09-24,6500.0,7000.0,6750.0,0.0,500.0
Tamil Nadu,Salem,Elampillai(Uzhavar Sandhai ),Mousambi(Sweet Lime),2026-09-24,3000.0,3500.0,3250.0,0.0,500.0
Punjab,Hoshiarpur,Garh Shankar Apmc,Mousambi(Sweet Lime),2026-09-24,4500.0,4500.0,4500.0,0.0,0.0
Tamil Nadu,Chengalpattu,Guduvancheri(Uzhavar Sandhai ),Mousambi(Sweet Lime),2026-09-24,5000.0,6000.0,5500.0,0.0,1000.0
Punjab,Gurdaspur,Gurdaspur Apmc,Mousambi(Sweet Lime),2026-09-24,4000.0,4000.0,4000.0,0.0,0.0
Haryana,Gurgaon,Gurgaon Apmc,Mousambi(Sweet Lime),2026-09-24,4000.0,5000.0,4500.0,0.0,1000.0
Haryana,Hissar,Hansi Apmc,Mousambi(Sweet Lime),2026-09-24,3000.0,3500.0,3250.0,0.0,500.0
Uttarakhand,Haridwar,Haridwar Union Apmc,Mousambi(Sweet Lime),2026-09-24,4000.0,5000.0,4500.0,0.0,1000.0
Tamil Nadu,Salem,Hasthampatti(Uzhavar Sandhai ),Mousambi(Sweet Lime),2026-09-24,3600.0,4000.0,3800.0,0.0,400.0
Punjab,Jalandhar,Jalandhar City(Jalandhar) Apmc,Mousambi(Sweet Lime),2026-09-24,2000.0,4000.0,2700.0,0.0,2000.0
Tamil Nadu,Chengalpattu,Jameenrayapettai(Uzhavar Sandhai ),Mousambi(Sweet Lime),2026-09-24,5000.0,6000.0,5500.0,0.0,1000.0
Tamil Nadu,Vellore,Kahithapattarai(Uzhavar Sandhai ),Mousambi(Sweet Lime),2026-09-24,5000.0,6000.0,5500.0,0.0,1000.0
Jammu and Kashmir,Kathua,Kathua (F&V),Mousambi(Sweet Lime),2026-09-24,5000.0,5500.0,5250.0,0.0,500.0
Tamil Nadu,Vellore,Katpadi (Uzhavar Sandhai ),Mousambi(Sweet Lime),2026-09-24,7000.0,7000.0,7000.0,0.0,0.0
Tamil Nadu,Thiruchirappalli,Kknagar(Uzhavar Sandhai ),Mousambi(Sweet Lime),2026-09-24,6000.0,6000.0,6000.0,0.0,0.0
Punjab,Ludhiana,Ludhiana Apmc,Mousambi(Sweet Lime),2026-09-24,2000.0,4000.0,3000.0,0.0,2000.0
Jammu and Kashmir,Jammu,Mac F&V Market Narwal Jammu,Mousambi(Sweet Lime),2026-09-24,3500.0,5000.0,4250.0,0.0,1500.0
Punjab,Sangrur,Malerkotla Apmc,Mousambi(Sweet Lime),2026-09-24,2800.0,3500.0,3000.0,0.0,700.0
Uttarakhand,Haridwar,Manglaur Apmc,Mousambi(Sweet Lime),2026-09-24,1500.0,2000.0,1800.0,0.0,500.0
Tamil Nadu,Thiruvarur,Mannargudi I(Uzhavar Sandhai ),Mousambi(Sweet Lime),2026-09-24,5000.0,5000.0,5000.0,0.0,0.0
Haryana,Rohtak,Meham,Mousambi(Sweet Lime),2026-09-24,3000.0,3000.0,3000.0,0.0,0.0
Tamil Nadu,Coimbatore,Mettupalayam(Uzhavar Sandhai ),Mousambi(Sweet Lime),2026-09-24,5000.0,6000.0,5500.0,0.0,1000.0
Tamil Nadu,Salem,Mettur(Uzhavar Sandhai ),Mousambi(Sweet Lime),2026-09-24,2800.0,3000.0,2900.0,0.0,200.0
Tamil Nadu,Namakkal,Namakkal(Uzhavar Sandhai ),Mousambi(Sweet Lime),2026-09-24,3500.0,4000.0,3750.0,0.0,500.0
Tamil Nadu,Chengalpattu,Nanganallur(Uzhavar Sandhai ),Mousambi(Sweet Lime),2026-09-24,3500.0,4000.0,3750.0,0.0,500.0
Haryana,Mahendragarh-Narnaul,Narnaul Apmc,Mousambi(Sweet Lime),2026-09-24,3000.0,3500.0,3500.0,0.0,500.0
Haryana,Jind,Narwana Apmc,Mousambi(Sweet Lime),2026-09-24,2500.0,2500.0,2500.0,0.0,0.0
Tamil Nadu,Madurai,Palanganatham(Uzhavar Sandhai ),Mousambi(Sweet Lime),2026-09-24,6500.0,7000.0,6750.0,0.0,500.0
Tamil Nadu,Thirunelveli,Palayamkottai(Uzhavar Sandhai ),Mousambi(Sweet Lime),2026-09-24,6000.0,7000.0,6500.0,0.0,1000.0
Haryana,Gurgaon,Pataudi Apmc,Mousambi(Sweet Lime),2026-09-24,3000.0,4000.0,3500.0,0.0,1000.0
Punjab,Pathankot,Pathankot Apmc,Mousambi(Sweet Lime),2026-09-24,3600.0,3600.0,3600.0,0.0,0.0
Tamil Nadu,Perambalur,Perambalur(Uzhavar Sandhai ),Mousambi(Sweet Lime),2026-09-24,7000.0,8000.0,7500.0,0.0,1000.0
Himachal Pradesh,Kangra,Pmy Kangra,Mousambi(Sweet Lime),2026-09-24,4000.0,5000.0,4500.0,0.0,1000.0
Andhra Pradesh,YSR Kadapa,Pulivendala Apmc,Mousambi(Sweet Lime),2026-09-24,1000.0,2250.0,1200.0,0.0,1250.0
Maharashtra,Pune,Pune,Mousambi(Sweet Lime),2026-09-24,5000.0,5000.0,5000.0,0.0,0.0
Punjab,Bhatinda,Rampuraphul(Nabha Mandi) Apmc,Mousambi(Sweet Lime),2026-09-24,2500.0,3500.0,3000.0,0.0,1000.0
Tamil Nadu,Ranipet,Ranipettai(Uzhavar Sandhai ),Mousambi(Sweet Lime),2026-09-24,6000.0,6000.0,6000.0,0.0,0.0
Tamil Nadu,Namakkal,Rasipuram(Uzhavar Sandhai ),Mousambi(Sweet Lime),2026-09-24,3500.0,4000.0,3750.0,0.0,500.0
Haryana,Fatehabad,Ratia Apmc,Mousambi(Sweet Lime),2026-09-24,3000.0,3300.0,3100.0,0.0,300.0
Tamil Nadu,Coimbatore,Rspuram(Uzhavar Sandhai ),Mousambi(Sweet Lime),2026-09-24,5000.0,5400.0,5200.0,0.0,400.0
Uttarakhand,Udhamsinghnagar,Rudrapur Apmc,Mousambi(Sweet Lime),2026-09-24,1000.0,2000.0,1500.0,0.0,1000.0
Tamil Nadu,Erode,Sampath Nagar(Uzhavar Sandhai ),Mousambi(Sweet Lime),2026-09-24,5000.0,5400.0,5200.0,0.0,400.0
Tamil Nadu,Coimbatore,Singanallur(Uzhavar Sandhai ),Mousambi(Sweet Lime),2026-09-24,5000.0,5500.0,5250.0,0.0,500.0
Punjab,Fatehgarh,Sirhind Apmc,Mousambi(Sweet Lime),2026-09-24,2100.0,5000.0,3500.0,0.0,2900.0
Himachal Pradesh,Kangra,Smy Baijnath,Mousambi(Sweet Lime),2026-09-24,5500.0,5600.0,5600.0,0.0,100.0
Himachal Pradesh,Kangra,Smy Dharamshala,Mousambi(Sweet Lime),2026-09-24,4800.0,5300.0,5150.0,0.0,500.0
Himachal Pradesh,Kangra,Smy Nagrota Bagwan,Mousambi(Sweet Lime),2026-09-24,4000.0,4800.0,4400.0,0.0,800.0
Himachal Pradesh,Kangra,Smy Palampur,Mousambi(Sweet Lime),2026-09-24,5000.0,5500.0,5200.0,0.0,500.0
Himachal Pradesh,Una,Smy Santoshgarh,Mousambi(Sweet Lime),2026-09-24,3800.0,3800.0,3800.0,0.0,0.0
Tamil Nadu,Salem,Sooramangalam(Uzhavar Sandhai ),Mousambi(Sweet Lime),2026-09-24,3000.0,3500.0,3250.0,0.0,500.0
Punjab,Hoshiarpur,Tanda Urmur Apmc,Mousambi(Sweet Lime),2026-09-24,4000.0,5000.0,4500.0,0.0,1000.0
Haryana,Mewat,Tauru Apmc,Mousambi(Sweet Lime),2026-09-24,3000.0,3000.0,3000.0,0.0,0.0
Tamil Nadu,Thanjavur,Thanjavur(Uzhavar Sandhai ),Mousambi(Sweet Lime),2026-09-24,5000.0,5000.0,5000.0,0.0,0.0
Tamil Nadu,Salem,Thathakapatti(Uzhavar Sandhai ),Mousambi(Sweet Lime),2026-09-24,3500.0,4000.0,3750.0,0.0,500.0
Tamil Nadu,Theni,Theni(Uzhavar Sandhai ),Mousambi(Sweet Lime),2026-09-24,7000.0,7000.0,7000.0,0.0,0.0
Tamil Nadu,Villupuram,Tindivanam Apmc,Mousambi(Sweet Lime),2026-09-24,4500.0,4500.0,4500.0,0.0,0.0
Tamil Nadu,Namakkal,Tiruchengode Apmc,Mousambi(Sweet Lime),2026-09-24,3500.0,4000.0,3750.0,0.0,500.0
Tamil Nadu,Thiruvannamalai,Tiruvannamalai(Uzhavar Sandhai ),Mousambi(Sweet Lime),2026-09-24,5000.0,6000.0,5500.0,0.0,1000.0
Tamil Nadu,The Nilgiris,Udhagamandalam(Uzhavar Sandhai ),Mousambi(Sweet Lime),2026-09-24,7000.0,8000.0,7500.0,0.0,1000.0
Tamil Nadu,Coimbatore,Vadavalli(Uzhavar Sandhai ),Mousambi(Sweet Lime),2026-09-24,4000.0,5000.0,4500.0,0.0,1000.0
Tamil Nadu,Vellore,Vellore Apmc,Mousambi(Sweet Lime),2026-09-24,7000.0,7000.0,7000.0,0.0,0.0
Rajasthan,Jaipur,Bassi Apmc,Mustard,2026-09-24,6400.0,8186.0,7293.0,0.0,1786.0
West Bengal,Bankura,Bishnupur(Bankura) Apmc,Mustard,2026-09-24,6100.0,6900.0,6400.0,0.0,800.0
Uttar Pradesh,Agra,Jagnair Apmc,Mustard,2026-09-24,7700.0,7800.0,7751.64,0.0,100.0
Uttar Pradesh,Agra,Khairagarh Apmc,Mustard,2026-09-24,7200.0,7400.0,7300.0,0.0,200.0
West Bengal,Bankura,Khatra Apmc,Mustard,2026-09-24,6100.0,6800.0,6500.0,0.0,700.0
Rajasthan,Kota,Kota Apmc,Mustard,2026-09-24,7500.0,7500.0,7500.0,0.0,0.0
Uttar Pradesh,Lakhimpur,Lakhimpur Apmc,Mustard,2026-09-24,7000.0,8000.0,7381.25,0.0,1000.0
Uttar Pradesh,Hamirpur,Maudaha Apmc,Mustard,2026-09-24,7000.0,7000.0,7000.0,0.0,0.0
Rajasthan,Jaisalmer,Mohangarh Apmc,Mustard,2026-09-24,6600.0,7000.0,6800.0,0.0,400.0
Rajasthan,Ganganagar,Suratgarh Apmc,Mustard,2026-09-24,7373.0,7549.0,7455.0,0.0,176.0
Uttar Pradesh,Agra,Agra Apmc,Onion,2026-09-24,2500.0,2500.0,2500.0,0.0,0.0
Punjab,Sangrur,Ahmedgarh Apmc,Onion,2026-09-24,5000.0,5400.0,5400.0,0.0,400.0
Tamil Nadu,Dharmapuri,Ajattihalli(Uzhavar Sandhai ),Onion,2026-09-24,5500.0,6400.0,5950.0,0.0,900.0
Tamil Nadu,Pudukkottai,Alangudi(Uzhavar Sandhai ),Onion,2026-09-24,6000.0,7000.0,6500.0,0.0,1000.0
Tamil Nadu,Salem,Ammapet(Uzhavar Sandhai ),Onion,2026-09-24,6000.0,6500.0,6250.0,0.0,500.0
Tamil Nadu,Madurai,Anaiyur(Uzhavar Sandhai ),Onion,2026-09-24,6000.0,6500.0,6250.0,0.0,500.0
Tamil Nadu,Theni,Andipatti(Uzhavar Sandhai ),Onion,2026-09-24,6300.0,6500.0,6400.0,0.0,200.0
Tamil Nadu,Madurai,Anna Nagar(Uzhavar Sandhai ),Onion,2026-09-24,6600.0,7400.0,7000.0,0.0,800.0
Tamil Nadu,Thiruvannamalai,Arani(Uzhavar Sandhai ),Onion,2026-09-24,5000.0,6000.0,5500.0,0.0,1000.0
Tamil Nadu,Pudukkottai,Aranthangi(Uzhavar Sandhai ),Onion,2026-09-24,6000.0,7000.0,6500.0,0.0,1000.0
Tamil Nadu,Ranipet,Arcot(Uzhavar Sandhai ),Onion,2026-09-24,5500.0,6000.0,5750.0,0.0,500.0
Tamil Nadu,Ariyalur,Ariyalur(Uzhavar Sandhai),Onion,2026-09-24,6000.0,6500.0,6250.0,0.0,500.0
Tamil Nadu,Virudhunagar,Aruppukottai(Uzhavar Sandhai ),Onion,2026-09-24,5500.0,6500.0,6000.0,0.0,1000.0
Keralam,Kottayam,Athirampuzha Market,Onion,2026-09-24,9000.0,9200.0,9100.0,0.0,200.0
Keralam,Kottayam,Athirampuzha Market,Onion,2026-09-24,5400.0,5600.0,5500.0,0.0,200.0
Tamil Nadu,Salem,Athur(Uzhavar Sandhai ),Onion,2026-09-24,6000.0,6800.0,6400.0,0.0,800.0
Tamil Nadu,Krishnagiri,Avallapalli(Uzhavar Sandhai ),Onion,2026-09-24,6000.0,6500.0,6250.0,0.0,500.0
Madhya Pradesh,Dhar,Badnawar Apmc,Onion,2026-09-24,1110.0,1110.0,1110.0,0.0,0.0
Punjab,Moga,Baghapurana Apmc,Onion,2026-09-24,4000.0,5000.0,4500.0,0.0,1000.0
Rajasthan,Jaipur,Bassi Apmc,Onion,2026-09-24,5000.0,5200.0,5100.0,0.0,200.0
Rajasthan,Bharatpur,Bayana Apmc,Onion,2026-09-24,3500.0,3500.0,3500.0,0.0,0.0
Uttarakhand,Udhamsinghnagar,Bazpur Apmc,Onion,2026-09-24,4000.0,4000.0,4000.0,0.0,0.0
Madhya Pradesh,Betul,Betul(F&V) Apmc,Onion,2026-09-24,3000.0,4000.0,3500.0,0.0,1000.0
Punjab,Bhatinda,Bhagta Bhai Ka Apmc,Onion,2026-09-24,4900.0,4900.0,4900.0,0.0,0.0
Madhya Pradesh,Bhopal,Bhopal Apmc,Onion,2026-09-24,750.0,3880.0,3880.0,0.0,3130.0
Punjab,Bhatinda,Bhucho Apmc,Onion,2026-09-24,3800.0,3800.0,3800.0,0.0,0.0
West Bengal,Bankura,Bishnupur(Bankura) Apmc,Onion,2026-09-24,4000.0,5300.0,4800.0,0.0,1300.0
Tamil Nadu,Theni,Bodinayakanur(Uzhavar Sandhai ),Onion,2026-09-24,6600.0,6600.0,6600.0,0.0,0.0
Odisha,Boudh,Boudh Apmc,Onion,2026-09-24,5500.0,6500.0,6000.0,0.0,1000.0
Chandigarh,Chandigarh,Chandigarh (Grain/F&V) Apmc,Onion,2026-09-24,2500.0,4400.0,4200.0,0.0,1900.0
Tamil Nadu,Chengalpattu,Chengalpet(Uzhavar Sandhai ),Onion,2026-09-24,6000.0,7000.0,6500.0,0.0,1000.0
Tamil Nadu,Thiruvannamalai,Chengam(Uzhavar Sandhai ),Onion,2026-09-24,5000.0,6000.0,5500.0,0.0,1000.0
Keralam,Alappuzha,Chengannur Market,Onion,2026-09-24,9600.0,10000.0,9800.0,0.0,400.0
Keralam,Alappuzha,Chengannur Market,Onion,2026-09-24,5100.0,5400.0,5200.0,0.0,300.0
Keralam,Alappuzha,Chengannur Market,Onion,2026-09-24,9500.0,9800.0,9600.0,0.0,300.0
Tamil Nadu,Thiruvannamalai,Cheyyar(Uzhavar Sandhai ),Onion,2026-09-24,4800.0,6000.0,5400.0,0.0,1200.0
Bihar,Chhapra,Chhapra Apmc,Onion,2026-09-24,4210.0,4800.0,4410.0,0.0,590.0
Tamil Nadu,Cuddalore,Chidambaram(Uzhavar Sandhai ),Onion,2026-09-24,5000.0,5000.0,5000.0,0.0,0.0
Tamil Nadu,Dindigul,Chinnalapatti(Uzhavar Sandhai ),Onion,2026-09-24,6000.0,6500.0,6250.0,0.0,500.0
Tamil Nadu,Theni,Chinnamanur(Uzhavar Sandhai ),Onion,2026-09-24,6600.0,6600.0,6600.0,0.0,0.0
Tamil Nadu,Madurai,Chokkikulam(Uzhavar Sandhai ),Onion,2026-09-24,5000.0,6500.0,5750.0,0.0,1500.0
Rajasthan,Churu,Churu Apmc,Onion,2026-09-24,3200.0,3400.0,3300.0,0.0,200.0
Tamil Nadu,The Nilgiris,Coonoor(Uzhavar Sandhai ),Onion,2026-09-24,6200.0,6500.0,6350.0,0.0,300.0
Tamil Nadu,Cuddalore,Cuddalore(Uzhavar Sandhai ),Onion,2026-09-24,6000.0,7000.0,6500.0,0.0,1000.0
Tripura,North Tripura,Dasda Apmc,Onion,2026-09-24,5200.0,5600.0,5400.0,0.0,400.0
Tamil Nadu,Krishnagiri,Denkanikottai(Uzhavar Sandhai ),Onion,2026-09-24,6000.0,6500.0,6250.0,0.0,500.0
Punjab,Mohali,Dera Bassi Apmc,Onion,2026-09-24,3100.0,3100.0,3100.0,0.0,0.0
Tamil Nadu,Sivaganga,Devakottai (Uzhavar Sandhai ),Onion,2026-09-24,4400.0,5400.0,4900.0,0.0,1000.0
Tamil Nadu,Theni,Devaram(Uzhavar Sandhai ),Onion,2026-09-24,6500.0,6500.0,6500.0,0.0,0.0
Haryana,Kaithal,Dhand Apmc,Onion,2026-09-24,4500.0,5000.0,4900.0,0.0,500.0
Tamil Nadu,Thirupur,Dharapuram(Uzhavar Sandhai ),Onion,2026-09-24,6400.0,6800.0,6600.0,0.0,400.0
Tamil Nadu,Dharmapuri,Dharmapuri(Uzhavar Sandhai ),Onion,2026-09-24,6200.0,6400.0,6300.0,0.0,200.0
Tamil Nadu,Dindigul,Dindigul(Uzhavar Sandhai ),Onion,2026-09-24,6000.0,6500.0,6250.0,0.0,500.0
Punjab,Ludhiana,Doraha Apmc,Onion,2026-09-24,3700.0,4300.0,4100.0,0.0,600.0
Tamil Nadu,Salem,Edapadi (Uzhavar Sandhai ),Onion,2026-09-24,6000.0,6800.0,6400.0,0.0,800.0
Tamil Nadu,Salem,Elampillai(Uzhavar Sandhai ),Onion,2026-09-24,6000.0,6800.0,6400.0,0.0,800.0
Jammu and Kashmir,Udhampur,Fruit And Vegetable Market Udhampur,Onion,2026-09-24,5000.0,5000.0,5000.0,0.0,0.0
Tamil Nadu,Pudukkottai,Gandarvakottai(Uzhavar Sandhai ),Onion,2026-09-24,6000.0,7000.0,6500.0,0.0,1000.0
Tamil Nadu,Karur,Gandhigramam(Uzhavar Sandhai),Onion,2026-09-24,6000.0,6500.0,6250.0,0.0,500.0
West Bengal,Dakshin Dinajpur,Gangarampur(Dakshin Dinajpur) Apmc,Onion,2026-09-24,4500.0,5000.0,4800.0,0.0,500.0
Punjab,Hoshiarpur,Garh Shankar Apmc,Onion,2026-09-24,3700.0,3700.0,3700.0,0.0,0.0
Punjab,Hoshiarpur,Garhshankar (Kotfatuhi) Apmc,Onion,2026-09-24,4000.0,4000.0,4000.0,0.0,0.0
Tamil Nadu,Villupuram,Gingee(Uzhavar Sandhai ),Onion,2026-09-24,5000.0,6000.0,5500.0,0.0,1000.0
Tamil Nadu,Erode,Gobichettipalayam(Uzhavar Sandhai ),Onion,2026-09-24,5600.0,6000.0,5800.0,0.0,400.0
Tamil Nadu,The Nilgiris,Gudalur(Uzhavar Sandhai ),Onion,2026-09-24,6000.0,6500.0,6250.0,0.0,500.0
Tamil Nadu,Vellore,Gudiyatham(Uzhavar Sandhai ),Onion,2026-09-24,5000.0,6000.0,5500.0,0.0,1000.0
Tamil Nadu,Chengalpattu,Guduvancheri(Uzhavar Sandhai ),Onion,2026-09-24,6000.0,7000.0,6500.0,0.0,1000.0
Punjab,Gurdaspur,Gurdaspur Apmc,Onion,2026-09-24,4200.0,4200.0,4200.0,0.0,0.0
Haryana,Gurgaon,Gurgaon Apmc,Onion,2026-09-24,4000.0,4400.0,4200.0,0.0,400.0
Haryana,Hissar,Hansi Apmc,Onion,2026-09-24,4500.0,5500.0,5000.0,0.0,1000.0
Uttarakhand,Haridwar,Haridwar Union Apmc,Onion,2026-09-24,3000.0,4200.0,3600.0,0.0,1200.0
Tamil Nadu,Dharmapuri,Harur(Uzhavar Sandhai ),Onion,2026-09-24,6000.0,6500.0,6250.0,0.0,500.0
Tamil Nadu,Salem,Hasthampatti(Uzhavar Sandhai ),Onion,2026-09-24,6000.0,6500.0,6250.0,0.0,500.0
Tamil Nadu,Krishnagiri,Hosur(Uzhavar Sandhai ),Onion,2026-09-24,6000.0,6500.0,6250.0,0.0,500.0
Rajasthan,Jaisalmer,Jaisalmer Apmc,Onion,2026-09-24,3000.0,3600.0,3300.0,0.0,600.0
Tamil Nadu,Salem,Jalagandapuram(Uzhavar Sandhai ),Onion,2026-09-24,6500.0,6800.0,6650.0,0.0,300.0
Tamil Nadu,Chengalpattu,Jameenrayapettai(Uzhavar Sandhai ),Onion,2026-09-24,6000.0,7000.0,6500.0,0.0,1000.0
Tamil Nadu,Ariyalur,Jeyankondam (Uzhavar Sandhai ),Onion,2026-09-24,5000.0,6000.0,5500.0,0.0,1000.0
Haryana,Jhajar,Jhajjar Apmc,Onion,2026-09-24,4500.0,4500.0,4500.0,0.0,0.0
Tamil Nadu,Vellore,Kahithapattarai(Uzhavar Sandhai ),Onion,2026-09-24,6000.0,6000.0,6000.0,0.0,0.0
Uttar Pradesh,Shamli,Kairana Apmc,Onion,2026-09-24,2400.0,2400.0,2400.0,0.0,0.0
Tamil Nadu,Kallakuruchi,Kallakurichi(Uzhavar Sandhai ),Onion,2026-09-24,7000.0,7000.0,7000.0,0.0,0.0
Odisha,Dhenkanal,Kamakhyanagar Apmc,Onion,2026-09-24,6000.0,12000.0,8000.0,0.0,6000.0
Tamil Nadu,Theni,Kambam(Uzhavar Sandhai ),Onion,2026-09-24,6200.0,6500.0,6350.0,0.0,300.0
Tamil Nadu,Kancheepuram,Kancheepuram(Uzhavar Sandhai ),Onion,2026-09-24,5500.0,6500.0,6000.0,0.0,1000.0
Tamil Nadu,Thirupur,Kangayam(Uzhavar Sandhai ),Onion,2026-09-24,5000.0,5500.0,5250.0,0.0,500.0
Uttar Pradesh,Kanpur,Kanpur(Grain) Apmc,Onion,2026-09-24,3500.0,3500.0,3500.0,0.0,0.0
Tamil Nadu,Sivaganga,Karaikudi(Uzhavar Sandhai ),Onion,2026-09-24,6500.0,7000.0,6750.0,0.0,500.0
Tamil Nadu,Pudukkottai,Karambakkudi(Uzhavar Sandhai ),Onion,2026-09-24,5000.0,6000.0,5500.0,0.0,1000.0
Tamil Nadu,Dharmapuri,Karimangalam(Uzhavar Sandhai),Onion,2026-09-24,6000.0,6400.0,6200.0,0.0,400.0
Tamil Nadu,Virudhunagar,Kariyapatti(Uzhavar Sandhai ),Onion,2026-09-24,6000.0,6500.0,6250.0,0.0,500.0
West Bengal,Darjeeling,Karsiyang(Matigara) Apmc,Onion,2026-09-24,5900.0,6100.0,6000.0,0.0,200.0
Tamil Nadu,Karur,Karur(Uzhavar Sandhai ),Onion,2026-09-24,6000.0,6500.0,6250.0,0.0,500.0
Uttar Pradesh,Kasganj,Kasganj Apmc,Onion,2026-09-24,1900.0,1900.0,1900.0,0.0,0.0
Tamil Nadu,Vellore,Katpadi (Uzhavar Sandhai ),Onion,2026-09-24,5000.0,6000.0,5500.0,0.0,1000.0
Tamil Nadu,Krishnagiri,Kaveripattinam(Uzhavar Sandhai ),Onion,2026-09-24,4000.0,5000.0,4500.0,0.0,1000.0
Tamil Nadu,Thiruvannamalai,Keelpennathur(Uzhavar Sandhai ),Onion,2026-09-24,6000.0,7000.0,6500.0,0.0,1000.0
Uttar Pradesh,Agra,Khairagarh Apmc,Onion,2026-09-24,3500.0,3600.0,3550.0,0.0,100.0
Punjab,Mohali,Kharar Apmc,Onion,2026-09-24,4500.0,6000.0,5000.0,0.0,1500.0
Odisha,Boudh,Khunthabandha Apmc,Onion,2026-09-24,6000.0,7000.0,6500.0,0.0,1000.0
Uttarakhand,Udhamsinghnagar,Kicchha Apmc,Onion,2026-09-24,800.0,1000.0,900.0,0.0,200.0
Tamil Nadu,Thiruchirappalli,Kknagar(Uzhavar Sandhai ),Onion,2026-09-24,6000.0,7000.0,6500.0,0.0,1000.0
Tamil Nadu,Dindigul,Kodaikkanal(Uzhavar Sandhai),Onion,2026-09-24,6000.0,6500.0,6250.0,0.0,500.0
Uttar Pradesh,Jalaun (Orai),Konch Apmc,Onion,2026-09-24,1700.0,1700.0,1700.0,0.0,0.0
Tamil Nadu,Tuticorin,Kovilpatti(Uzhavar Sandhai ),Onion,2026-09-24,6500.0,7000.0,6750.0,0.0,500.0
Tamil Nadu,Krishnagiri,Krishnagiri(Uzhavar Sandhai ),Onion,2026-09-24,5500.0,6000.0,5750.0,0.0,500.0
Tamil Nadu,Karur,Kulithalai(Uzhavar Sandhai ),Onion,2026-09-24,6000.0,7000.0,6500.0,0.0,1000.0
Tamil Nadu,Thanjavur,Kumbakonam (Uzhavar Sandhai ),Onion,2026-09-24,7200.0,8400.0,7800.0,0.0,1200.0
Tamil Nadu,Kancheepuram,Kundrathur(Uzhavar Sandhai ),Onion,2026-09-24,5000.0,5500.0,5250.0,0.0,500.0
Tamil Nadu,Coimbatore,Kurichi(Uzhavar Sandhai ),Onion,2026-09-24,5400.0,5800.0,5600.0,0.0,400.0
Tamil Nadu,Thiruchirappalli,Lalgudi(Uzhavar Sandhai ),Onion,2026-09-24,7000.0,7400.0,7200.0,0.0,400.0
Punjab,Mohali,Lalru Apmc,Onion,2026-09-24,4500.0,4500.0,4500.0,0.0,0.0
Manipur,Imphal East,Lamlong Bazaar Apmc,Onion,2026-09-24,6500.0,7000.0,6750.0,0.0,500.0
Punjab,Ludhiana,Ludhiana Apmc,Onion,2026-09-24,1500.0,4800.0,3100.0,0.0,3300.0
Jammu and Kashmir,Jammu,Mac F&V Market Narwal Jammu,Onion,2026-09-24,5000.0,5500.0,5250.0,0.0,500.0
Bihar,Madhubani,Madhubani Apmc,Onion,2026-09-24,4500.0,4700.0,4600.0,0.0,200.0
Tamil Nadu,Chengalpattu,Madhuranthagam(Uzhavar Sandhai ),Onion,2026-09-24,6000.0,6000.0,6000.0,0.0,0.0
Punjab,Sangrur,Malerkotla Apmc,Onion,2026-09-24,2500.0,3800.0,3400.0,0.0,1300.0
Tamil Nadu,Thiruchirappalli,Manachanallur(Uzhavar Sandhai ),Onion,2026-09-24,5000.0,7000.0,6000.0,0.0,2000.0
Tamil Nadu,Thiruchirappalli,Manapparai(Uzhavar Sandhai ),Onion,2026-09-24,5000.0,7000.0,6000.0,0.0,2000.0
Madhya Pradesh,Dhar,Manawar(F&V) Apmc,Onion,2026-09-24,3000.0,3500.0,3200.0,0.0,500.0
Tamil Nadu,Thiruvarur,Mannargudi I(Uzhavar Sandhai ),Onion,2026-09-24,6400.0,7400.0,6900.0,0.0,1000.0
Tamil Nadu,Thiruvarur,Mannargudi Ii(Uzhavar Sandhai ),Onion,2026-09-24,6400.0,7400.0,6900.0,0.0,1000.0
Goa,North Goa,Mapusa Apmc,Onion,2026-09-24,2500.0,2800.0,2600.0,0.0,300.0
Tamil Nadu,Nagapattinam,Mayiladuthurai(Uzhavar Sandhai ),Onion,2026-09-24,6000.0,7000.0,6500.0,0.0,1000.0
Tamil Nadu,Chengalpattu,Medavakkam(Uzhavar Sandhai ),Onion,2026-09-24,6500.0,6500.0,6500.0,0.0,0.0
Tamil Nadu,Thirunelveli,Melapalayam(Uzhavar Sandhai ),Onion,2026-09-24,5000.0,6200.0,5600.0,0.0,1200.0
Tamil Nadu,Madurai,Melur(Uzhavar Sandhai ),Onion,2026-09-24,4000.0,5000.0,4500.0,0.0,1000.0
Tamil Nadu,Coimbatore,Mettupalayam(Uzhavar Sandhai ),Onion,2026-09-24,5800.0,6200.0,6000.0,0.0,400.0
Tamil Nadu,Salem,Mettur(Uzhavar Sandhai ),Onion,2026-09-24,6500.0,7000.0,6750.0,0.0,500.0
Tamil Nadu,Namakkal,Mohanur(Uzhavar Sandhai ),Onion,2026-09-24,5600.0,6500.0,6050.0,0.0,900.0
Bihar,East Champaran/ Motihari,Motihari Apmc,Onion,2026-09-24,4000.0,4200.0,4100.0,0.0,200.0
Punjab,Hoshiarpur,Mukerian Apmc,Onion,2026-09-24,4100.0,4300.0,4200.0,0.0,200.0
Keralam,Kozhikode(Calicut),Mukkom Market,Onion,2026-09-24,5200.0,5600.0,5400.0,0.0,400.0
Tamil Nadu,Thiruchirappalli,Musiri(Uzhavar Sandhai ),Onion,2026-09-24,5500.0,7000.0,6250.0,0.0,1500.0
Tamil Nadu,Thiruvarur,Muthupettai(Uzhavar Sandhai ),Onion,2026-09-24,6000.0,6000.0,6000.0,0.0,0.0
Tamil Nadu,Nagapattinam,Nagapattinam(Uzhavar Sandhai ),Onion,2026-09-24,4100.0,4900.0,4500.0,0.0,800.0
Tamil Nadu,Namakkal,Namakkal(Uzhavar Sandhai ),Onion,2026-09-24,6000.0,6400.0,6200.0,0.0,400.0
Tamil Nadu,Chengalpattu,Nanganallur(Uzhavar Sandhai ),Onion,2026-09-24,5500.0,6000.0,5750.0,0.0,500.0
Haryana,Mahendragarh-Narnaul,Narnaul Apmc,Onion,2026-09-24,3000.0,5000.0,4000.0,0.0,2000.0
Haryana,Jind,Narwana Apmc,Onion,2026-09-24,4500.0,4500.0,4500.0,0.0,0.0
Tamil Nadu,Thirupathur,Natrampalli(Uzhavar Sandhai ),Onion,2026-09-24,6000.0,6500.0,6250.0,0.0,500.0
Tamil Nadu,Thiruvarur,Needamangalam(Uzhavar Sandhai ),Onion,2026-09-24,6200.0,6200.0,6200.0,0.0,0.0
Punjab,Moga,Nihal Singh Wala Apmc,Onion,2026-09-24,4200.0,4200.0,4200.0,0.0,0.0
Keralam,Ernakulam,North Paravur Market,Onion,2026-09-24,5500.0,6000.0,5800.0,0.0,500.0
Tamil Nadu,Kancheepuram,Padappai(Uzhavar Sandhai ),Onion,2026-09-24,5500.0,6500.0,6000.0,0.0,1000.0
Gujarat,Vadodara(Baroda),Padra Apmc,Onion,2026-09-24,5000.0,6000.0,5500.0,0.0,1000.0
Tamil Nadu,Dharmapuri,Palacode(Uzhavar Sandhai ),Onion,2026-09-24,6000.0,6400.0,6200.0,0.0,400.0
Tamil Nadu,Madurai,Palanganatham(Uzhavar Sandhai ),Onion,2026-09-24,4000.0,6500.0,5250.0,0.0,2500.0
Tamil Nadu,Dindigul,Palani(Uzhavar Sandhai ),Onion,2026-09-24,5000.0,6500.0,5750.0,0.0,1500.0
Tamil Nadu,Thirunelveli,Palayamkottai(Uzhavar Sandhai ),Onion,2026-09-24,5600.0,6200.0,5900.0,0.0,600.0
Tamil Nadu,Chengalpattu,Pallavaram(Uzhavar Sandhai ),Onion,2026-09-24,6000.0,7000.0,6500.0,0.0,1000.0
Tamil Nadu,Vellore,Pallikonda(Uzhavar Sandhai),Onion,2026-09-24,5000.0,5500.0,5250.0,0.0,500.0
Tamil Nadu,Cuddalore,Panruti(Uzhavar Sandhai ),Onion,2026-09-24,5000.0,5000.0,5000.0,0.0,0.0
Tamil Nadu,Thanjavur,Papanasam(Uzhavar Sandhai ),Onion,2026-09-24,7200.0,8400.0,7800.0,0.0,1200.0
Tamil Nadu,Ramanathapuram,Paramakudi(Uzhavar Sandhai ),Onion,2026-09-24,5000.0,5200.0,5100.0,0.0,200.0
Tamil Nadu,Namakkal,Paramathivelur(Uzhavar Sandhai ),Onion,2026-09-24,6000.0,6800.0,6400.0,0.0,800.0
Tamil Nadu,Thiruvellore,Paruthipattu(Uzhavar Sandhai ),Onion,2026-09-24,6000.0,6000.0,6000.0,0.0,0.0
Haryana,Gurgaon,Pataudi Apmc,Onion,2026-09-24,2500.0,3200.0,2800.0,0.0,700.0
Punjab,Pathankot,Pathankot Apmc,Onion,2026-09-24,4100.0,4100.0,4100.0,0.0,0.0
Keralam,Palakad,Pattambi Market,Onion,2026-09-24,9000.0,10000.0,9500.0,0.0,1000.0
Keralam,Palakad,Pattambi Market,Onion,2026-09-24,5400.0,5800.0,5600.0,0.0,400.0
Punjab,Tarntaran,Patti Apmc,Onion,2026-09-24,0.05,0.05,0.05,0.0,0.0
Tamil Nadu,Thanjavur,Pattukottai(Uzhavar Sandhai ),Onion,2026-09-24,5000.0,7000.0,6000.0,0.0,2000.0
Tamil Nadu,Dharmapuri,Pennagaram(Uzhavar Sandhai ),Onion,2026-09-24,6000.0,6500.0,6250.0,0.0,500.0
Tamil Nadu,Thiruvellore,Perambakkam(Uzhavar Sandhai ),Onion,2026-09-24,6000.0,6000.0,6000.0,0.0,0.0
Tamil Nadu,Perambalur,Perambalur(Uzhavar Sandhai ),Onion,2026-09-24,7000.0,7600.0,7300.0,0.0,600.0
Tamil Nadu,Vellore,Perampet(Uzhavar Sandhai),Onion,2026-09-24,6000.0,6000.0,6000.0,0.0,0.0
Tamil Nadu,Thanjavur,Peravurani(Uzhavar Sandhai),Onion,2026-09-24,5000.0,7000.0,6000.0,0.0,2000.0
Tamil Nadu,Theni,Periyakulam(Uzhavar Sandhai ),Onion,2026-09-24,6000.0,6500.0,6250.0,0.0,500.0
Keralam,Ernakulam,Perumbavoor Market,Onion,2026-09-24,5000.0,5800.0,5400.0,0.0,800.0
Tamil Nadu,Erode,Perundurai(Uzhavar Sandhai ),Onion,2026-09-24,6000.0,6500.0,6250.0,0.0,500.0
Himachal Pradesh,Chamba,Pmy Chamba,Onion,2026-09-24,5500.0,5700.0,5600.0,0.0,200.0
Himachal Pradesh,Kangra,Pmy Kangra,Onion,2026-09-24,5200.0,5500.0,5350.0,0.0,300.0
Himachal Pradesh,Solan,Pmy Kather Solan,Onion,2026-09-24,3500.0,5000.0,4500.0,0.0,1500.0
Tamil Nadu,Coimbatore,Pollachi(Uzhavar Sandhai ),Onion,2026-09-24,6400.0,6800.0,6600.0,0.0,400.0
Tamil Nadu,Thiruvannamalai,Polur(Uzhavar Sandhai ),Onion,2026-09-24,5000.0,6000.0,5500.0,0.0,1000.0
Tamil Nadu,Pudukkottai,Ponnamaravathi(Uzhavar Sandhai),Onion,2026-09-24,6500.0,7000.0,6750.0,0.0,500.0
Uttar Pradesh,Prayagraj,Prayagraj Apmc,Onion,2026-09-24,4000.0,4000.0,4000.0,0.0,0.0
Tamil Nadu,Pudukkottai,Pudukottai(Uzhavar Sandhai ),Onion,2026-09-24,7500.0,8000.0,7750.0,0.0,500.0
Maharashtra,Pune,Pune,Onion,2026-09-24,2000.0,4000.0,3000.0,0.0,2000.0
Maharashtra,Pune,Pune,Onion,2026-09-24,3500.0,4500.0,4000.0,0.0,1000.0
Punjab,Gurdaspur,Quadian Apmc,Onion,2026-09-24,3200.0,3400.0,3300.0,0.0,200.0
Punjab,Ludhiana,Raikot Apmc,Onion,2026-09-24,4185.0,4185.0,4185.0,0.0,0.0
Odisha,Sambalpur,Rairakhol Apmc,Onion,2026-09-24,3000.0,3800.0,3500.0,0.0,800.0
Tamil Nadu,Virudhunagar,Rajapalayam(Uzhavar Sandhai ),Onion,2026-09-24,6000.0,7000.0,6500.0,0.0,1000.0
Punjab,Patiala,Rajpura Apmc,Onion,2026-09-24,3800.0,4000.0,3900.0,0.0,200.0
Punjab,Patiala,Rajpura Apmc,Onion,2026-09-24,3000.0,3500.0,3200.0,0.0,500.0
Rajasthan,Rajsamand,Rajsamand Apmc,Onion,2026-09-24,2000.0,3000.0,2500.0,0.0,1000.0
Tamil Nadu,Ramanathapuram,Ramanathapuram(Uzhavar Sandhai ),Onion,2026-09-24,5000.0,5500.0,5250.0,0.0,500.0
Punjab,Bhatinda,Rampuraphul(Nabha Mandi) Apmc,Onion,2026-09-24,3000.0,4000.0,3500.0,0.0,1000.0
Haryana,Sirsa,Rania Apmc,Onion,2026-09-24,0.11,0.15,0.12,0.0,0.039999999999999994
Haryana,Sirsa,Rania(Jiwan Nagar) Apmc,Onion,2026-09-24,200.0,320.0,250.0,0.0,120.0
Tamil Nadu,Ranipet,Ranipettai(Uzhavar Sandhai ),Onion,2026-09-24,6000.0,6500.0,6250.0,0.0,500.0
Tamil Nadu,Namakkal,Rasipuram(Uzhavar Sandhai ),Onion,2026-09-24,6500.0,6800.0,6650.0,0.0,300.0
Haryana,Fatehabad,Ratia Apmc,Onion,2026-09-24,4000.0,4000.0,4000.0,0.0,0.0
Rajasthan,Hanumangarh,Rawatsar Apmc,Onion,2026-09-24,1200.0,2000.0,1800.0,0.0,800.0
Bihar,East Champaran/ Motihari,Raxaul Apmc,Onion,2026-09-24,4300.0,4500.0,4400.0,0.0,200.0
Punjab,Amritsar,Rayya Apmc,Onion,2026-09-24,1407.0,1407.0,1407.0,0.0,0.0
Haryana,Rewari,Rewari Apmc,Onion,2026-09-24,3500.0,5500.0,4500.0,0.0,2000.0
Uttarakhand,Haridwar,Roorkee Apmc,Onion,2026-09-24,3000.0,4500.0,4000.0,0.0,1500.0
Punjab,Ropar (Rupnagar),Ropar Apmc,Onion,2026-09-24,4000.0,4400.0,4200.0,0.0,400.0
Tamil Nadu,Coimbatore,Rspuram(Uzhavar Sandhai ),Onion,2026-09-24,5200.0,5600.0,5400.0,0.0,400.0
Uttarakhand,Udhamsinghnagar,Rudrapur Apmc,Onion,2026-09-24,3000.0,4500.0,4000.0,0.0,1500.0
Telangana,Hyderabad,Rythu Bazar Mehdipatnam,Onion,2026-09-24,4000.0,4000.0,4000.0,0.0,0.0
Haryana,Yamuna Nagar,Sadhaura Apmc,Onion,2026-09-24,2800.0,2950.0,2900.0,0.0,150.0
Punjab,Ludhiana,Sahnewal Apmc,Onion,2026-09-24,4600.0,4600.0,4600.0,0.0,0.0
Tamil Nadu,Erode,Sampath Nagar(Uzhavar Sandhai ),Onion,2026-09-24,6500.0,7000.0,6750.0,0.0,500.0
Punjab,Ludhiana,Samrala Apmc,Onion,2026-09-24,4500.0,5500.0,5000.0,0.0,1000.0
Rajasthan,Hanumangarh,Sangriya Apmc,Onion,2026-09-24,3300.0,5400.0,4300.0,0.0,2100.0
Tamil Nadu,Tenkasi,Sankarankoil(Uzhavar Sandhai ),Onion,2026-09-24,5500.0,6500.0,6000.0,0.0,1000.0
Tamil Nadu,Kallakuruchi,Sankarapuram(Uzhavar Sandhai ),Onion,2026-09-24,7000.0,7000.0,7000.0,0.0,0.0
Telangana,Ranga Reddy,"Saroornagar,Rbz",Onion,2026-09-24,4000.0,4000.0,4000.0,0.0,0.0
Tamil Nadu,Erode,Sathiyamagalam(Uzhavar Sandhai ),Onion,2026-09-24,5500.0,6000.0,5750.0,0.0,500.0
Tamil Nadu,Virudhunagar,Sathur(Uzhavar Sandhai ),Onion,2026-09-24,3500.0,4000.0,3750.0,0.0,500.0
Madhya Pradesh,Badwani,Sendhwa(F&V) Apmc,Onion,2026-09-24,1500.0,1900.0,1500.0,0.0,400.0
Tamil Nadu,Sivaganga,Singampunari(Uzhavar Sandhai ),Onion,2026-09-24,4200.0,6600.0,5400.0,0.0,2400.0
Tamil Nadu,Coimbatore,Singanallur(Uzhavar Sandhai ),Onion,2026-09-24,5500.0,5800.0,5650.0,0.0,300.0
Punjab,Fatehgarh,Sirhind Apmc,Onion,2026-09-24,3000.0,4500.0,4000.0,0.0,1500.0
Tamil Nadu,Nagapattinam,Sirkali(Uzhavar Sandhai ),Onion,2026-09-24,5500.0,6000.0,5750.0,0.0,500.0
Uttar Pradesh,Sitapur,Sitapur Apmc,Onion,2026-09-24,3000.0,3000.0,3000.0,0.0,0.0
Tamil Nadu,Sivaganga,Sivagangai (Uzhavar Sandhai ),Onion,2026-09-24,5200.0,6600.0,5900.0,0.0,1400.0
Tamil Nadu,Virudhunagar,Sivakasi(Uzhavar Sandhai ),Onion,2026-09-24,6000.0,7000.0,6500.0,0.0,1000.0
Himachal Pradesh,Kangra,Smy Baijnath,Onion,2026-09-24,5200.0,5500.0,5300.0,0.0,300.0
Himachal Pradesh,Kangra,Smy Dharamshala,Onion,2026-09-24,5000.0,5200.0,5100.0,0.0,200.0
Himachal Pradesh,Kangra,Smy Jaisinghpur,Onion,2026-09-24,5200.0,5800.0,5500.0,0.0,600.0
Himachal Pradesh,Mandi,Smy Jogindernagar,Onion,2026-09-24,5000.0,5200.0,5100.0,0.0,200.0
Himachal Pradesh,Kangra,Smy Nagrota Bagwan,Onion,2026-09-24,5100.0,5300.0,5200.0,0.0,200.0
Himachal Pradesh,Kangra,Smy Palampur,Onion,2026-09-24,5000.0,5500.0,5200.0,0.0,500.0
Himachal Pradesh,Una,Smy Santoshgarh,Onion,2026-09-24,4500.0,4600.0,4550.0,0.0,100.0
Tamil Nadu,Salem,Sooramangalam(Uzhavar Sandhai ),Onion,2026-09-24,6000.0,6500.0,6250.0,0.0,500.0
Tamil Nadu,Virudhunagar,Srivilliputhur(Uzhavar Sandhai ),Onion,2026-09-24,6000.0,7000.0,6500.0,0.0,1000.0
Tamil Nadu,Coimbatore,Sulur(Uzhavar Sandhai ),Onion,2026-09-24,5400.0,5600.0,5500.0,0.0,200.0
Tamil Nadu,Coimbatore,Sundarapuram(Uzhavar Sandhai ),Onion,2026-09-24,5400.0,5800.0,5600.0,0.0,400.0
Tamil Nadu,Kancheepuram,Sunguvarchatram(Uzhavar Sandhai ),Onion,2026-09-24,5000.0,5500.0,5250.0,0.0,500.0
Gujarat,Surat,Surat Apmc,Onion,2026-09-24,2200.0,5500.0,3850.0,0.0,3300.0
West Bengal,Medinipur(E),Tamluk (Medinipur E) Apmc,Onion,2026-09-24,4000.0,4400.0,4200.0,0.0,400.0
Punjab,Hoshiarpur,Tanda Urmur Apmc,Onion,2026-09-24,5000.0,5500.0,5200.0,0.0,500.0
Haryana,Mewat,Tauru Apmc,Onion,2026-09-24,4800.0,4800.0,4800.0,0.0,0.0
Tamil Nadu,Tenkasi,Tenkasi(Uzhavar Sandhai ),Onion,2026-09-24,5000.0,6000.0,5500.0,0.0,1000.0
Tamil Nadu,Erode,Thalavadi(Uzhavar Sandhai ),Onion,2026-09-24,6500.0,7000.0,6750.0,0.0,500.0
Tamil Nadu,Virudhunagar,Thalavaipuram(Uzhavar Sandhai ),Onion,2026-09-24,5500.0,7000.0,6250.0,0.0,1500.0
Tamil Nadu,Salem,Thammampatti (Uzhavar Sandhai ),Onion,2026-09-24,6000.0,6500.0,6250.0,0.0,500.0
Uttar Pradesh,Shamli,Thanabhawan Apmc,Onion,2026-09-24,2300.0,2300.0,2300.0,0.0,0.0
Tamil Nadu,Thanjavur,Thanjavur(Uzhavar Sandhai ),Onion,2026-09-24,6600.0,7000.0,6800.0,0.0,400.0
Tamil Nadu,Salem,Thathakapatti(Uzhavar Sandhai ),Onion,2026-09-24,6000.0,6800.0,6400.0,0.0,800.0
Tamil Nadu,Theni,Theni(Uzhavar Sandhai ),Onion,2026-09-24,6000.0,6500.0,6250.0,0.0,500.0
Tamil Nadu,Madurai,Thirumangalam(Uzhavar Sandhai ),Onion,2026-09-24,6000.0,6500.0,6250.0,0.0,500.0
Tamil Nadu,Vellore,Thirupathur Apmc,Onion,2026-09-24,6500.0,6500.0,6500.0,0.0,0.0
Tamil Nadu,Thiruchirappalli,Thiruverumbur(Uzhavar Sandhai ),Onion,2026-09-24,7000.0,7000.0,7000.0,0.0,0.0
Keralam,Ernakulam,Thrippunithura Market,Onion,2026-09-24,5800.0,6400.0,5800.0,0.0,600.0
Tamil Nadu,Thiruchirappalli,Thuraiyur Apmc,Onion,2026-09-24,5500.0,6500.0,6000.0,0.0,1000.0
Uttar Pradesh,Shahjahanpur,Tilhar Apmc,Onion,2026-09-24,3000.0,3000.0,3000.0,0.0,0.0
Tamil Nadu,Villupuram,Tindivanam Apmc,Onion,2026-09-24,4800.0,4800.0,4800.0,0.0,0.0
Tamil Nadu,Namakkal,Tiruchengode Apmc,Onion,2026-09-24,6000.0,6500.0,6250.0,0.0,500.0
Tamil Nadu,Thanjavur,Tirukattupalli(Uzhavar Sandhai ),Onion,2026-09-24,6600.0,6600.0,6600.0,0.0,0.0
Tamil Nadu,Sivaganga,Tirupatthur(Uzhavar Sandhai ),Onion,2026-09-24,6500.0,7000.0,6750.0,0.0,500.0
Tamil Nadu,Thirupur,Tiruppur (North) (Uzhavar Sandhai ),Onion,2026-09-24,5500.0,6000.0,5750.0,0.0,500.0
Tamil Nadu,Thiruvellore,Tiruthani(Uzhavar Sandhai ),Onion,2026-09-24,6000.0,6000.0,6000.0,0.0,0.0
Tamil Nadu,Thiruvannamalai,Tiruvannamalai(Uzhavar Sandhai ),Onion,2026-09-24,6000.0,6500.0,6250.0,0.0,500.0
Tamil Nadu,Tuticorin,Tuticorin(Uzhavar Sandhai ),Onion,2026-09-24,5000.0,6000.0,5500.0,0.0,1000.0
Tamil Nadu,The Nilgiris,Udhagamandalam(Uzhavar Sandhai ),Onion,2026-09-24,6000.0,6400.0,6200.0,0.0,400.0
Tamil Nadu,Coimbatore,Udumalpet Apmc,Onion,2026-09-24,6000.0,6800.0,6400.0,0.0,800.0
Tamil Nadu,Villupuram,Ulundurpettai Apmc,Onion,2026-09-24,6000.0,6000.0,6000.0,0.0,0.0
Tamil Nadu,Madurai,Usilampatti(Uzhavar Sandhai ),Onion,2026-09-24,6000.0,6500.0,6250.0,0.0,500.0
Tamil Nadu,Cuddalore,Vadalur(Uzhavar Sandhai ),Onion,2026-09-24,5000.0,6000.0,5500.0,0.0,1000.0
Tamil Nadu,Nagercoil (Kannyiakumari),Vadaseri Apmc,Onion,2026-09-24,7000.0,7500.0,7250.0,0.0,500.0
Tamil Nadu,Coimbatore,Vadavalli(Uzhavar Sandhai ),Onion,2026-09-24,5600.0,5800.0,5700.0,0.0,200.0
Tamil Nadu,Thiruvannamalai,Vandavasi(Uzhavar Sandhai ),Onion,2026-09-24,5000.0,6000.0,5500.0,0.0,1000.0
Tamil Nadu,Thirupathur,Vaniyampadi(Uzhavar Sandhai ),Onion,2026-09-24,6000.0,6000.0,6000.0,0.0,0.0
Uttar Pradesh,Varanasi,Varanasi Apmc,Onion,2026-09-24,3500.0,3500.0,3500.0,0.0,0.0
Tamil Nadu,Salem,Vazhapadi(Uzhavar Sandhai),Onion,2026-09-24,6000.0,6500.0,6250.0,0.0,500.0
Tamil Nadu,Nagapattinam,Vedaranyam(Uzhavar Sandhai),Onion,2026-09-24,4500.0,5000.0,4750.0,0.0,500.0
Tamil Nadu,Dindigul,Vedasanthur(Uzhavar Sandhai ),Onion,2026-09-24,5000.0,6000.0,5500.0,0.0,1000.0
Tamil Nadu,Vellore,Vellore Apmc,Onion,2026-09-24,5600.0,5800.0,5700.0,0.0,200.0
Uttarakhand,Dehradoon,Vikasnagar Apmc,Onion,2026-09-24,2000.0,3500.0,3500.0,0.0,1500.0
Tamil Nadu,Villupuram,Villupuram(Uzhavar Sandhai ),Onion,2026-09-24,5000.0,6000.0,5500.0,0.0,1000.0
Tamil Nadu,Pudukkottai,Viralimalai(Uzhavar Sandhai ),Onion,2026-09-24,6500.0,7000.0,6750.0,0.0,500.0
Tamil Nadu,Virudhunagar,Virudhunagar(Uzhavar Sandhai ),Onion,2026-09-24,5400.0,6000.0,5700.0,0.0,600.0
Tamil Nadu,Cuddalore,Viruthachalam(Uzhavar Sandhai ),Onion,2026-09-24,4000.0,5000.0,4500.0,0.0,1000.0
Andhra Pradesh,YSR Kadapa,Yerraguntla Apmc,Onion,2026-09-24,2600.0,3000.0,2800.0,0.0,400.0
Punjab,Ferozpur,Zira Apmc,Onion,2026-09-24,4800.0,4800.0,4800.0,0.0,0.0
Tamil Nadu,Dharmapuri,Ajattihalli(Uzhavar Sandhai ),Onion Green,2026-09-24,7500.0,8400.0,7950.0,0.0,900.0
Tamil Nadu,Pudukkottai,Alangudi(Uzhavar Sandhai ),Onion Green,2026-09-24,9000.0,10000.0,9500.0,0.0,1000.0
Tamil Nadu,Salem,Ammapet(Uzhavar Sandhai ),Onion Green,2026-09-24,8000.0,8500.0,8250.0,0.0,500.0
Tamil Nadu,Madurai,Anaiyur(Uzhavar Sandhai ),Onion Green,2026-09-24,8000.0,8500.0,8250.0,0.0,500.0
Tamil Nadu,Theni,Andipatti(Uzhavar Sandhai ),Onion Green,2026-09-24,7500.0,8000.0,7750.0,0.0,500.0
Tamil Nadu,Madurai,Anna Nagar(Uzhavar Sandhai ),Onion Green,2026-09-24,8000.0,9400.0,8700.0,0.0,1400.0
Tamil Nadu,Thiruvannamalai,Arani(Uzhavar Sandhai ),Onion Green,2026-09-24,5000.0,6000.0,5500.0,0.0,1000.0
Tamil Nadu,Pudukkottai,Aranthangi(Uzhavar Sandhai ),Onion Green,2026-09-24,9000.0,10000.0,9500.0,0.0,1000.0
Tamil Nadu,Ranipet,Arcot(Uzhavar Sandhai ),Onion Green,2026-09-24,9000.0,9000.0,9000.0,0.0,0.0
Tamil Nadu,Ariyalur,Ariyalur(Uzhavar Sandhai),Onion Green,2026-09-24,8000.0,9000.0,8500.0,0.0,1000.0
Tamil Nadu,Virudhunagar,Aruppukottai(Uzhavar Sandhai ),Onion Green,2026-09-24,8000.0,10000.0,9000.0,0.0,2000.0
Tamil Nadu,Salem,Athur(Uzhavar Sandhai ),Onion Green,2026-09-24,6500.0,8000.0,7250.0,0.0,1500.0
Tamil Nadu,Salem,Attayampatti(Uzhavar Sandhai ),Onion Green,2026-09-24,8000.0,8000.0,8000.0,0.0,0.0
Tamil Nadu,Krishnagiri,Avallapalli(Uzhavar Sandhai ),Onion Green,2026-09-24,10000.0,12000.0,11000.0,0.0,2000.0
Tamil Nadu,Theni,Bodinayakanur(Uzhavar Sandhai ),Onion Green,2026-09-24,8500.0,8500.0,8500.0,0.0,0.0
Tamil Nadu,Thiruvannamalai,Chengam(Uzhavar Sandhai ),Onion Green,2026-09-24,7000.0,8000.0,7500.0,0.0,1000.0
Tamil Nadu,Thiruvannamalai,Cheyyar(Uzhavar Sandhai ),Onion Green,2026-09-24,4800.0,6000.0,5400.0,0.0,1200.0
Tamil Nadu,Cuddalore,Chidambaram(Uzhavar Sandhai ),Onion Green,2026-09-24,9000.0,9000.0,9000.0,0.0,0.0
Tamil Nadu,Dindigul,Chinnalapatti(Uzhavar Sandhai ),Onion Green,2026-09-24,8000.0,9000.0,8500.0,0.0,1000.0
Tamil Nadu,Theni,Chinnamanur(Uzhavar Sandhai ),Onion Green,2026-09-24,8500.0,9000.0,8750.0,0.0,500.0
Tamil Nadu,Madurai,Chokkikulam(Uzhavar Sandhai ),Onion Green,2026-09-24,8000.0,8500.0,8250.0,0.0,500.0
Tamil Nadu,The Nilgiris,Coonoor(Uzhavar Sandhai ),Onion Green,2026-09-24,9000.0,9400.0,9200.0,0.0,400.0
Tamil Nadu,Cuddalore,Cuddalore(Uzhavar Sandhai ),Onion Green,2026-09-24,9000.0,10000.0,9500.0,0.0,1000.0
Tamil Nadu,Krishnagiri,Denkanikottai(Uzhavar Sandhai ),Onion Green,2026-09-24,10000.0,12000.0,11000.0,0.0,2000.0
Tamil Nadu,Sivaganga,Devakottai (Uzhavar Sandhai ),Onion Green,2026-09-24,8400.0,9500.0,8950.0,0.0,1100.0
Tamil Nadu,Theni,Devaram(Uzhavar Sandhai ),Onion Green,2026-09-24,8000.0,8000.0,8000.0,0.0,0.0
Tamil Nadu,Thirupur,Dharapuram(Uzhavar Sandhai ),Onion Green,2026-09-24,8000.0,8500.0,8250.0,0.0,500.0
Tamil Nadu,Dharmapuri,Dharmapuri(Uzhavar Sandhai ),Onion Green,2026-09-24,7200.0,7600.0,7400.0,0.0,400.0
Tamil Nadu,Dindigul,Dindigul(Uzhavar Sandhai ),Onion Green,2026-09-24,8000.0,9000.0,8500.0,0.0,1000.0
Tamil Nadu,Salem,Edapadi (Uzhavar Sandhai ),Onion Green,2026-09-24,7000.0,8000.0,7500.0,0.0,1000.0
Tamil Nadu,Salem,Elampillai(Uzhavar Sandhai ),Onion Green,2026-09-24,8000.0,8400.0,8200.0,0.0,400.0
Tamil Nadu,Pudukkottai,Gandarvakottai(Uzhavar Sandhai ),Onion Green,2026-09-24,9000.0,10000.0,9500.0,0.0,1000.0
Tamil Nadu,Karur,Gandhigramam(Uzhavar Sandhai),Onion Green,2026-09-24,8500.0,9500.0,9000.0,0.0,1000.0
Tamil Nadu,Villupuram,Gingee(Uzhavar Sandhai ),Onion Green,2026-09-24,7500.0,7500.0,7500.0,0.0,0.0
Tamil Nadu,Erode,Gobichettipalayam(Uzhavar Sandhai ),Onion Green,2026-09-24,6800.0,7400.0,7100.0,0.0,600.0
Tamil Nadu,The Nilgiris,Gudalur(Uzhavar Sandhai ),Onion Green,2026-09-24,9000.0,9500.0,9250.0,0.0,500.0
Tamil Nadu,Vellore,Gudiyatham(Uzhavar Sandhai ),Onion Green,2026-09-24,10000.0,10000.0,10000.0,0.0,0.0
Tamil Nadu,Dharmapuri,Harur(Uzhavar Sandhai ),Onion Green,2026-09-24,7000.0,7500.0,7250.0,0.0,500.0
Tamil Nadu,Salem,Hasthampatti(Uzhavar Sandhai ),Onion Green,2026-09-24,7000.0,8000.0,7500.0,0.0,1000.0
Tamil Nadu,Krishnagiri,Hosur(Uzhavar Sandhai ),Onion Green,2026-09-24,10000.0,12000.0,11000.0,0.0,2000.0
Tamil Nadu,Salem,Jalagandapuram(Uzhavar Sandhai ),Onion Green,2026-09-24,8000.0,8500.0,8250.0,0.0,500.0
Tamil Nadu,Chengalpattu,Jameenrayapettai(Uzhavar Sandhai ),Onion Green,2026-09-24,10000.0,11000.0,10500.0,0.0,1000.0
Tamil Nadu,Ariyalur,Jeyankondam (Uzhavar Sandhai ),Onion Green,2026-09-24,8000.0,9000.0,8500.0,0.0,1000.0
Tamil Nadu,Vellore,Kahithapattarai(Uzhavar Sandhai ),Onion Green,2026-09-24,11000.0,11000.0,11000.0,0.0,0.0
Tamil Nadu,Kallakuruchi,Kallakurichi(Uzhavar Sandhai ),Onion Green,2026-09-24,7000.0,7000.0,7000.0,0.0,0.0
Tamil Nadu,Theni,Kambam(Uzhavar Sandhai ),Onion Green,2026-09-24,6500.0,7400.0,6950.0,0.0,900.0
Tamil Nadu,Kancheepuram,Kancheepuram(Uzhavar Sandhai ),Onion Green,2026-09-24,8000.0,10000.0,9000.0,0.0,2000.0
Tamil Nadu,Thirunelveli,Kandiyaperi(Uzhavar Sandhai ),Onion Green,2026-09-24,7000.0,9000.0,8000.0,0.0,2000.0
Tamil Nadu,Thirupur,Kangayam(Uzhavar Sandhai ),Onion Green,2026-09-24,7500.0,8000.0,7750.0,0.0,500.0
Tamil Nadu,Sivaganga,Karaikudi(Uzhavar Sandhai ),Onion Green,2026-09-24,8400.0,9000.0,8700.0,0.0,600.0
Tamil Nadu,Pudukkottai,Karambakkudi(Uzhavar Sandhai ),Onion Green,2026-09-24,9000.0,10000.0,9500.0,0.0,1000.0
Tamil Nadu,Dharmapuri,Karimangalam(Uzhavar Sandhai),Onion Green,2026-09-24,7000.0,7500.0,7250.0,0.0,500.0
Tamil Nadu,Virudhunagar,Kariyapatti(Uzhavar Sandhai ),Onion Green,2026-09-24,8500.0,9000.0,8750.0,0.0,500.0
Tamil Nadu,Karur,Karur(Uzhavar Sandhai ),Onion Green,2026-09-24,9000.0,9500.0,9250.0,0.0,500.0
Tamil Nadu,Vellore,Katpadi (Uzhavar Sandhai ),Onion Green,2026-09-24,9000.0,10000.0,9500.0,0.0,1000.0
Tamil Nadu,Krishnagiri,Kaveripattinam(Uzhavar Sandhai ),Onion Green,2026-09-24,8000.0,8000.0,8000.0,0.0,0.0
Tamil Nadu,Thiruchirappalli,Kknagar(Uzhavar Sandhai ),Onion Green,2026-09-24,10000.0,10000.0,10000.0,0.0,0.0
Tamil Nadu,Dindigul,Kodaikkanal(Uzhavar Sandhai),Onion Green,2026-09-24,8000.0,9000.0,8500.0,0.0,1000.0
Tamil Nadu,Tuticorin,Kovilpatti(Uzhavar Sandhai ),Onion Green,2026-09-24,8500.0,9000.0,8750.0,0.0,500.0
Tamil Nadu,Krishnagiri,Krishnagiri(Uzhavar Sandhai ),Onion Green,2026-09-24,8500.0,9000.0,8750.0,0.0,500.0
Tamil Nadu,Karur,Kulithalai(Uzhavar Sandhai ),Onion Green,2026-09-24,8500.0,9000.0,8750.0,0.0,500.0
Tamil Nadu,Namakkal,Kumarapalayam(Uzhavar Sandhai ),Onion Green,2026-09-24,8000.0,9000.0,8500.0,0.0,1000.0
Tamil Nadu,Thanjavur,Kumbakonam (Uzhavar Sandhai ),Onion Green,2026-09-24,9600.0,10800.0,10200.0,0.0,1200.0
Tamil Nadu,Kancheepuram,Kundrathur(Uzhavar Sandhai ),Onion Green,2026-09-24,6000.0,7000.0,6500.0,0.0,1000.0
Tamil Nadu,Coimbatore,Kurichi(Uzhavar Sandhai ),Onion Green,2026-09-24,9000.0,9500.0,9250.0,0.0,500.0
Tamil Nadu,Thiruchirappalli,Lalgudi(Uzhavar Sandhai ),Onion Green,2026-09-24,9000.0,9000.0,9000.0,0.0,0.0
Tamil Nadu,Chengalpattu,Madhuranthagam(Uzhavar Sandhai ),Onion Green,2026-09-24,10000.0,10000.0,10000.0,0.0,0.0
Tamil Nadu,Thiruchirappalli,Manachanallur(Uzhavar Sandhai ),Onion Green,2026-09-24,10000.0,11000.0,10500.0,0.0,1000.0
Tamil Nadu,Thiruchirappalli,Manapparai(Uzhavar Sandhai ),Onion Green,2026-09-24,9000.0,10000.0,9500.0,0.0,1000.0
Tamil Nadu,Thiruvarur,Mannargudi I(Uzhavar Sandhai ),Onion Green,2026-09-24,11000.0,11000.0,11000.0,0.0,0.0
Tamil Nadu,Thiruvarur,Mannargudi Ii(Uzhavar Sandhai ),Onion Green,2026-09-24,11000.0,11000.0,11000.0,0.0,0.0
Tamil Nadu,Nagapattinam,Mayiladuthurai(Uzhavar Sandhai ),Onion Green,2026-09-24,8000.0,9000.0,8500.0,0.0,1000.0
Tamil Nadu,Salem,Mecheri(Uzhavar Sandhai),Onion Green,2026-09-24,7000.0,8000.0,7500.0,0.0,1000.0
Tamil Nadu,Thirunelveli,Melapalayam(Uzhavar Sandhai ),Onion Green,2026-09-24,7000.0,9000.0,8000.0,0.0,2000.0
Tamil Nadu,Madurai,Melur(Uzhavar Sandhai ),Onion Green,2026-09-24,8000.0,8500.0,8250.0,0.0,500.0
Tamil Nadu,Coimbatore,Mettupalayam(Uzhavar Sandhai ),Onion Green,2026-09-24,8000.0,9000.0,8500.0,0.0,1000.0
Tamil Nadu,Salem,Mettur(Uzhavar Sandhai ),Onion Green,2026-09-24,7500.0,8000.0,7750.0,0.0,500.0
Tamil Nadu,Namakkal,Mohanur(Uzhavar Sandhai ),Onion Green,2026-09-24,4000.0,9000.0,6500.0,0.0,5000.0
Maharashtra,Mumbai,Mumbai,Onion Green,2026-09-24,500.0,1200.0,850.0,0.0,700.0
Tamil Nadu,Thiruchirappalli,Musiri(Uzhavar Sandhai ),Onion Green,2026-09-24,7500.0,8000.0,7750.0,0.0,500.0
Tamil Nadu,Thiruvarur,Muthupettai(Uzhavar Sandhai ),Onion Green,2026-09-24,10000.0,10000.0,10000.0,0.0,0.0
Tamil Nadu,Nagapattinam,Nagapattinam(Uzhavar Sandhai ),Onion Green,2026-09-24,6400.0,7500.0,6950.0,0.0,1100.0
Tamil Nadu,Namakkal,Namakkal(Uzhavar Sandhai ),Onion Green,2026-09-24,4000.0,9000.0,6500.0,0.0,5000.0
Tamil Nadu,Chengalpattu,Nanganallur(Uzhavar Sandhai ),Onion Green,2026-09-24,9000.0,10000.0,9500.0,0.0,1000.0
Tamil Nadu,Thirupathur,Natrampalli(Uzhavar Sandhai ),Onion Green,2026-09-24,7000.0,8000.0,7500.0,0.0,1000.0
Tamil Nadu,Thiruvarur,Needamangalam(Uzhavar Sandhai ),Onion Green,2026-09-24,10800.0,10800.0,10800.0,0.0,0.0
Tamil Nadu,Kancheepuram,Padappai(Uzhavar Sandhai ),Onion Green,2026-09-24,8000.0,10000.0,9000.0,0.0,2000.0
Tamil Nadu,Dharmapuri,Palacode(Uzhavar Sandhai ),Onion Green,2026-09-24,7500.0,8000.0,7750.0,0.0,500.0
Tamil Nadu,Madurai,Palanganatham(Uzhavar Sandhai ),Onion Green,2026-09-24,8000.0,8500.0,8250.0,0.0,500.0
Tamil Nadu,Dindigul,Palani(Uzhavar Sandhai ),Onion Green,2026-09-24,6000.0,9000.0,7500.0,0.0,3000.0
Tamil Nadu,Thirunelveli,Palayamkottai(Uzhavar Sandhai ),Onion Green,2026-09-24,8000.0,9800.0,8900.0,0.0,1800.0
Tamil Nadu,Thirupur,Palladam(Uzhavar Sandhai ),Onion Green,2026-09-24,7000.0,8500.0,7750.0,0.0,1500.0
Tamil Nadu,Karur,Pallapatti (Uzhavar Sandhai ),Onion Green,2026-09-24,8000.0,9000.0,8500.0,0.0,1000.0
Tamil Nadu,Chengalpattu,Pallavaram(Uzhavar Sandhai ),Onion Green,2026-09-24,10000.0,11000.0,10500.0,0.0,1000.0
Tamil Nadu,Vellore,Pallikonda(Uzhavar Sandhai),Onion Green,2026-09-24,9000.0,9000.0,9000.0,0.0,0.0
Tamil Nadu,Cuddalore,Panruti(Uzhavar Sandhai ),Onion Green,2026-09-24,9000.0,9000.0,9000.0,0.0,0.0
Tamil Nadu,Thanjavur,Papanasam(Uzhavar Sandhai ),Onion Green,2026-09-24,9600.0,10800.0,10200.0,0.0,1200.0
Tamil Nadu,Ramanathapuram,Paramakudi(Uzhavar Sandhai ),Onion Green,2026-09-24,7500.0,8000.0,7750.0,0.0,500.0
Tamil Nadu,Namakkal,Paramathivelur(Uzhavar Sandhai ),Onion Green,2026-09-24,8200.0,9000.0,8600.0,0.0,800.0
Tamil Nadu,Thanjavur,Pattukottai(Uzhavar Sandhai ),Onion Green,2026-09-24,9000.0,9000.0,9000.0,0.0,0.0
Tamil Nadu,Dharmapuri,Pennagaram(Uzhavar Sandhai ),Onion Green,2026-09-24,8000.0,9000.0,8500.0,0.0,1000.0
Tamil Nadu,Perambalur,Perambalur(Uzhavar Sandhai ),Onion Green,2026-09-24,5000.0,8000.0,6500.0,0.0,3000.0
Tamil Nadu,Vellore,Perampet(Uzhavar Sandhai),Onion Green,2026-09-24,10000.0,10000.0,10000.0,0.0,0.0
Tamil Nadu,Thanjavur,Peravurani(Uzhavar Sandhai),Onion Green,2026-09-24,9000.0,9000.0,9000.0,0.0,0.0
Tamil Nadu,Theni,Periyakulam(Uzhavar Sandhai ),Onion Green,2026-09-24,7000.0,8000.0,7500.0,0.0,1000.0
Tamil Nadu,Erode,Periyar Nagar(Uzhavar Sandhai ),Onion Green,2026-09-24,6000.0,7000.0,6500.0,0.0,1000.0
Tamil Nadu,Erode,Perundurai(Uzhavar Sandhai ),Onion Green,2026-09-24,8000.0,9000.0,8500.0,0.0,1000.0
Tamil Nadu,Coimbatore,Pollachi(Uzhavar Sandhai ),Onion Green,2026-09-24,10000.0,11000.0,10500.0,0.0,1000.0
Tamil Nadu,Thiruvannamalai,Polur(Uzhavar Sandhai ),Onion Green,2026-09-24,5000.0,6000.0,5500.0,0.0,1000.0
Tamil Nadu,Pudukkottai,Ponnamaravathi(Uzhavar Sandhai),Onion Green,2026-09-24,8500.0,9000.0,8750.0,0.0,500.0
Tamil Nadu,Pudukkottai,Pudukottai(Uzhavar Sandhai ),Onion Green,2026-09-24,10000.0,11000.0,10500.0,0.0,1000.0
Maharashtra,Pune,Pune,Onion Green,2026-09-24,15.0,20.0,18.0,0.0,5.0
Tamil Nadu,Virudhunagar,Rajapalayam(Uzhavar Sandhai ),Onion Green,2026-09-24,7000.0,8000.0,7500.0,0.0,1000.0
Tamil Nadu,Ramanathapuram,Ramanathapuram(Uzhavar Sandhai ),Onion Green,2026-09-24,7000.0,8000.0,7500.0,0.0,1000.0
Tamil Nadu,Ranipet,Ranipettai(Uzhavar Sandhai ),Onion Green,2026-09-24,10000.0,10000.0,10000.0,0.0,0.0
Tamil Nadu,Namakkal,Rasipuram(Uzhavar Sandhai ),Onion Green,2026-09-24,4500.0,9500.0,7000.0,0.0,5000.0
Tamil Nadu,Coimbatore,Rspuram(Uzhavar Sandhai ),Onion Green,2026-09-24,8800.0,9400.0,9100.0,0.0,600.0
Tamil Nadu,Erode,Sampath Nagar(Uzhavar Sandhai ),Onion Green,2026-09-24,6500.0,7000.0,6750.0,0.0,500.0
Tamil Nadu,Tenkasi,Sankarankoil(Uzhavar Sandhai ),Onion Green,2026-09-24,7000.0,9000.0,8000.0,0.0,2000.0
Tamil Nadu,Kallakuruchi,Sankarapuram(Uzhavar Sandhai ),Onion Green,2026-09-24,6000.0,7000.0,6500.0,0.0,1000.0
Tamil Nadu,Erode,Sathiyamagalam(Uzhavar Sandhai ),Onion Green,2026-09-24,7000.0,7500.0,7250.0,0.0,500.0
Tamil Nadu,Virudhunagar,Sathur(Uzhavar Sandhai ),Onion Green,2026-09-24,6500.0,7000.0,6750.0,0.0,500.0
Tamil Nadu,Sivaganga,Singampunari(Uzhavar Sandhai ),Onion Green,2026-09-24,8200.0,8600.0,8400.0,0.0,400.0
Tamil Nadu,Coimbatore,Singanallur(Uzhavar Sandhai ),Onion Green,2026-09-24,9000.0,9400.0,9200.0,0.0,400.0
Tamil Nadu,Nagapattinam,Sirkali(Uzhavar Sandhai ),Onion Green,2026-09-24,9500.0,10000.0,9750.0,0.0,500.0
Tamil Nadu,Sivaganga,Sivagangai (Uzhavar Sandhai ),Onion Green,2026-09-24,8200.0,8600.0,8400.0,0.0,400.0
Tamil Nadu,Virudhunagar,Sivakasi(Uzhavar Sandhai ),Onion Green,2026-09-24,8000.0,9000.0,8500.0,0.0,1000.0
Tamil Nadu,Salem,Sooramangalam(Uzhavar Sandhai ),Onion Green,2026-09-24,7000.0,8000.0,7500.0,0.0,1000.0
Tamil Nadu,Virudhunagar,Srivilliputhur(Uzhavar Sandhai ),Onion Green,2026-09-24,8000.0,9000.0,8500.0,0.0,1000.0
Tamil Nadu,Coimbatore,Sulur(Uzhavar Sandhai ),Onion Green,2026-09-24,9000.0,9400.0,9200.0,0.0,400.0
Tamil Nadu,Coimbatore,Sundarapuram(Uzhavar Sandhai ),Onion Green,2026-09-24,9000.0,9500.0,9250.0,0.0,500.0
Tamil Nadu,Kancheepuram,Sunguvarchatram(Uzhavar Sandhai ),Onion Green,2026-09-24,6000.0,7000.0,6500.0,0.0,1000.0
Tamil Nadu,Thiruvannamalai,Tamarainagar(Uzhavar Sandhai ),Onion Green,2026-09-24,10000.0,11000.0,10500.0,0.0,1000.0
Tamil Nadu,Tenkasi,Tenkasi(Uzhavar Sandhai ),Onion Green,2026-09-24,6000.0,8000.0,7000.0,0.0,2000.0
Tamil Nadu,Erode,Thalavadi(Uzhavar Sandhai ),Onion Green,2026-09-24,6500.0,7000.0,6750.0,0.0,500.0
Tamil Nadu,Virudhunagar,Thalavaipuram(Uzhavar Sandhai ),Onion Green,2026-09-24,6500.0,8000.0,7250.0,0.0,1500.0
Tamil Nadu,Salem,Thammampatti (Uzhavar Sandhai ),Onion Green,2026-09-24,6000.0,7500.0,6750.0,0.0,1500.0
Tamil Nadu,Thanjavur,Thanjavur(Uzhavar Sandhai ),Onion Green,2026-09-24,9000.0,9400.0,9200.0,0.0,400.0
Tamil Nadu,Salem,Thathakapatti(Uzhavar Sandhai ),Onion Green,2026-09-24,7000.0,8400.0,7700.0,0.0,1400.0
Tamil Nadu,Theni,Theni(Uzhavar Sandhai ),Onion Green,2026-09-24,7500.0,8000.0,7750.0,0.0,500.0
Tamil Nadu,Madurai,Thirumangalam(Uzhavar Sandhai ),Onion Green,2026-09-24,8000.0,8500.0,8250.0,0.0,500.0
Tamil Nadu,Vellore,Thirupathur Apmc,Onion Green,2026-09-24,7500.0,7500.0,7500.0,0.0,0.0
Tamil Nadu,Thiruchirappalli,Thiruverumbur(Uzhavar Sandhai ),Onion Green,2026-09-24,10000.0,10000.0,10000.0,0.0,0.0
Tamil Nadu,Thiruchirappalli,Thuraiyur Apmc,Onion Green,2026-09-24,8000.0,10000.0,9000.0,0.0,2000.0
Tamil Nadu,Namakkal,Tiruchengode Apmc,Onion Green,2026-09-24,7000.0,8000.0,7500.0,0.0,1000.0
Tamil Nadu,Thanjavur,Tirukattupalli(Uzhavar Sandhai ),Onion Green,2026-09-24,9600.0,9600.0,9600.0,0.0,0.0
Tamil Nadu,Sivaganga,Tirupatthur(Uzhavar Sandhai ),Onion Green,2026-09-24,8400.0,9000.0,8700.0,0.0,600.0
Tamil Nadu,Thirupur,Tiruppur (North) (Uzhavar Sandhai ),Onion Green,2026-09-24,8000.0,8500.0,8250.0,0.0,500.0
Tamil Nadu,Thirupur,Tiruppur (South) (Uzhavar Sandhai ),Onion Green,2026-09-24,8000.0,9000.0,8500.0,0.0,1000.0
Tamil Nadu,Thiruvannamalai,Tiruvannamalai(Uzhavar Sandhai ),Onion Green,2026-09-24,8000.0,10000.0,9000.0,0.0,2000.0
Tamil Nadu,Tuticorin,Tuticorin(Uzhavar Sandhai ),Onion Green,2026-09-24,9000.0,10000.0,9500.0,0.0,1000.0
Tamil Nadu,The Nilgiris,Udhagamandalam(Uzhavar Sandhai ),Onion Green,2026-09-24,9000.0,9500.0,9250.0,0.0,500.0
Tamil Nadu,Coimbatore,Udumalpet Apmc,Onion Green,2026-09-24,8000.0,10000.0,9000.0,0.0,2000.0
Tamil Nadu,Villupuram,Ulundurpettai Apmc,Onion Green,2026-09-24,7000.0,7000.0,7000.0,0.0,0.0
Tamil Nadu,Madurai,Usilampatti(Uzhavar Sandhai ),Onion Green,2026-09-24,8000.0,8500.0,8250.0,0.0,500.0
Tamil Nadu,Cuddalore,Vadalur(Uzhavar Sandhai ),Onion Green,2026-09-24,9000.0,9000.0,9000.0,0.0,0.0
Tamil Nadu,Nagercoil (Kannyiakumari),Vadaseri Apmc,Onion Green,2026-09-24,11000.0,11500.0,11250.0,0.0,500.0
Tamil Nadu,Coimbatore,Vadavalli(Uzhavar Sandhai ),Onion Green,2026-09-24,8800.0,9400.0,9100.0,0.0,600.0
Gujarat,Surendranagar,Vadhvan Apmc,Onion Green,2026-09-24,1000.0,2000.0,1500.0,0.0,1000.0
Tamil Nadu,Thiruvarur,Valangaiman Apmc,Onion Green,2026-09-24,9000.0,9000.0,9000.0,0.0,0.0
Tamil Nadu,Thiruvannamalai,Vandavasi(Uzhavar Sandhai ),Onion Green,2026-09-24,5000.0,6000.0,5500.0,0.0,1000.0
Tamil Nadu,Thirupathur,Vaniyampadi(Uzhavar Sandhai ),Onion Green,2026-09-24,4000.0,4000.0,4000.0,0.0,0.0
Tamil Nadu,Salem,Vazhapadi(Uzhavar Sandhai),Onion Green,2026-09-24,8000.0,9000.0,8500.0,0.0,1000.0
Tamil Nadu,Nagapattinam,Vedaranyam(Uzhavar Sandhai),Onion Green,2026-09-24,8000.0,9000.0,8500.0,0.0,1000.0
Tamil Nadu,Karur,Velayuthampalayam(Uzhavar Sandhai ),Onion Green,2026-09-24,8500.0,9500.0,9000.0,0.0,1000.0
Tamil Nadu,Vellore,Vellore Apmc,Onion Green,2026-09-24,8000.0,9000.0,8500.0,0.0,1000.0
Tamil Nadu,Karur,Vengamedu(Uzhavar Sandhai ),Onion Green,2026-09-24,9000.0,9500.0,9250.0,0.0,500.0
Tamil Nadu,Villupuram,Villupuram(Uzhavar Sandhai ),Onion Green,2026-09-24,9000.0,9000.0,9000.0,0.0,0.0
Tamil Nadu,Pudukkottai,Viralimalai(Uzhavar Sandhai ),Onion Green,2026-09-24,9000.0,10000.0,9500.0,0.0,1000.0
Tamil Nadu,Virudhunagar,Virudhunagar(Uzhavar Sandhai ),Onion Green,2026-09-24,8400.0,9000.0,8700.0,0.0,600.0
Tamil Nadu,Cuddalore,Viruthachalam(Uzhavar Sandhai ),Onion Green,2026-09-24,8000.0,8000.0,8000.0,0.0,0.0
Tamil Nadu,Salem,Ammapet(Uzhavar Sandhai ),Orange,2026-09-24,7000.0,8000.0,7500.0,0.0,1000.0
Tamil Nadu,Madurai,Anaiyur(Uzhavar Sandhai ),Orange,2026-09-24,14000.0,16000.0,15000.0,0.0,2000.0
Tamil Nadu,Madurai,Anna Nagar(Uzhavar Sandhai ),Orange,2026-09-24,14000.0,14000.0,14000.0,0.0,0.0
Chandigarh,Chandigarh,Chandigarh (Grain/F&V) Apmc,Orange,2026-09-24,7500.0,11000.0,9000.0,0.0,3500.0
Tamil Nadu,Madurai,Chokkikulam(Uzhavar Sandhai ),Orange,2026-09-24,14000.0,16000.0,15000.0,0.0,2000.0
Tamil Nadu,Chengalpattu,Guduvancheri(Uzhavar Sandhai ),Orange,2026-09-24,10000.0,11000.0,10500.0,0.0,1000.0
Haryana,Hissar,Hansi Apmc,Orange,2026-09-24,10000.0,12000.0,11000.0,0.0,2000.0
Tamil Nadu,Salem,Hasthampatti(Uzhavar Sandhai ),Orange,2026-09-24,9000.0,10000.0,9500.0,0.0,1000.0
Tamil Nadu,Krishnagiri,Hosur(Uzhavar Sandhai ),Orange,2026-09-24,22000.0,24000.0,23000.0,0.0,2000.0
Punjab,Jalandhar,Jalandhar City(Jalandhar) Apmc,Orange,2026-09-24,2000.0,4600.0,3500.0,0.0,2600.0
Tamil Nadu,Chengalpattu,Jameenrayapettai(Uzhavar Sandhai ),Orange,2026-09-24,12000.0,13000.0,12500.0,0.0,1000.0
Haryana,Jhajar,Jhajjar Apmc,Orange,2026-09-24,6000.0,6000.0,6000.0,0.0,0.0
Tamil Nadu,Thiruchirappalli,Kknagar(Uzhavar Sandhai ),Orange,2026-09-24,7000.0,7000.0,7000.0,0.0,0.0
Tamil Nadu,Thiruvarur,Mannargudi I(Uzhavar Sandhai ),Orange,2026-09-24,9000.0,25000.0,17000.0,0.0,16000.0
Keralam,Kozhikode(Calicut),Mukkom Market,Orange,2026-09-24,9000.0,10000.0,9500.0,0.0,1000.0
Keralam,Idukki,Munnar Market,Orange,2026-09-24,9000.0,9000.0,9000.0,0.0,0.0
Tamil Nadu,Namakkal,Namakkal(Uzhavar Sandhai ),Orange,2026-09-24,7500.0,8000.0,7750.0,0.0,500.0
Tamil Nadu,Chengalpattu,Nanganallur(Uzhavar Sandhai ),Orange,2026-09-24,9000.0,10000.0,9500.0,0.0,1000.0
Tamil Nadu,Madurai,Palanganatham(Uzhavar Sandhai ),Orange,2026-09-24,14000.0,16000.0,15000.0,0.0,2000.0
Maharashtra,Pune,Pune,Orange,2026-09-24,7000.0,7000.0,7000.0,0.0,0.0
Tamil Nadu,Coimbatore,Rspuram(Uzhavar Sandhai ),Orange,2026-09-24,8000.0,9000.0,8500.0,0.0,1000.0
Tamil Nadu,Erode,Sampath Nagar(Uzhavar Sandhai ),Orange,2026-09-24,9000.0,10000.0,9500.0,0.0,1000.0
Tamil Nadu,Coimbatore,Singanallur(Uzhavar Sandhai ),Orange,2026-09-24,16000.0,17000.0,16500.0,0.0,1000.0
Tamil Nadu,Thanjavur,Thanjavur(Uzhavar Sandhai ),Orange,2026-09-24,20000.0,20000.0,20000.0,0.0,0.0
Tamil Nadu,Theni,Theni(Uzhavar Sandhai ),Orange,2026-09-24,12000.0,16000.0,14000.0,0.0,4000.0
Tamil Nadu,Thiruvannamalai,Tiruvannamalai(Uzhavar Sandhai ),Orange,2026-09-24,14000.0,16000.0,15000.0,0.0,2000.0
Tamil Nadu,Tuticorin,Tuticorin(Uzhavar Sandhai ),Orange,2026-09-24,14000.0,15000.0,14500.0,0.0,1000.0
Tamil Nadu,The Nilgiris,Udhagamandalam(Uzhavar Sandhai ),Orange,2026-09-24,10000.0,11000.0,10500.0,0.0,1000.0
Tamil Nadu,Coimbatore,Vadavalli(Uzhavar Sandhai ),Orange,2026-09-24,8000.0,9000.0,8500.0,0.0,1000.0
Telangana,Hyderabad,Rythu Bazar Mehdipatnam,Other Green And Fresh Vegetables,2026-09-24,2500.0,2500.0,2500.0,0.0,0.0
Haryana,Kurukshetra,Babain Apmc,Paddy(Basmati),2026-09-24,3900.0,3900.0,3900.0,0.0,0.0
Uttar Pradesh,Badaun,Babrala Apmc,Paddy(Basmati),2026-09-24,2480.0,2500.0,2490.0,0.0,20.0
Uttar Pradesh,Sambhal,Bhehjoi Apmc,Paddy(Basmati),2026-09-24,2500.0,3000.0,2800.0,0.0,500.0
Rajasthan,Kota,Kota Apmc,Paddy(Basmati),2026-09-24,4000.0,4000.0,4000.0,0.0,0.0
Haryana,Panipat,Panipat(Babarpur) Apmc,Paddy(Basmati),2026-09-24,3631.0,4031.0,3821.0,0.0,400.0
Punjab,Patiala,Rajpura Apmc,Paddy(Basmati),2026-09-24,3800.0,4175.0,3950.0,0.0,375.0
Andhra Pradesh,Prakasam,Addanki Apmc,Paddy(Common),2026-09-24,2400.0,2440.0,2420.0,0.0,40.0
Andhra Pradesh,Dr.B.R.A.Konaseema,Alamuru Apmc,Paddy(Common),2026-09-24,2369.0,2389.0,2369.0,0.0,20.0
Uttar Pradesh,Aligarh,Aligarh Apmc,Paddy(Common),2026-09-24,3200.0,3430.0,3283.62,0.0,230.0
Uttar Pradesh,Aligarh,Aligarh Apmc,Paddy(Common),2026-09-24,3200.0,3650.0,3538.16,0.0,450.0
Andhra Pradesh,Srikakulam,Amadalavalasa Apmc,Paddy(Common),2026-09-24,2369.0,2369.0,2369.0,0.0,0.0
Tamil Nadu,Vellore,Ammoor Apmc,Paddy(Common),2026-09-24,1774.0,3666.0,2720.0,0.0,1892.0
Uttar Pradesh,Bulandshahar,Anoop Shahar Apmc,Paddy(Common),2026-09-24,2900.0,2900.0,2900.0,0.0,0.0
Uttar Pradesh,Bareilly,Anwala Apmc,Paddy(Common),2026-09-24,3200.0,3200.0,3200.0,0.0,0.0
Andhra Pradesh,Nandyal,Atmakur (Nandyal District) Apmc,Paddy(Common),2026-09-24,2370.0,2441.0,2400.0,0.0,71.0
Andhra Pradesh,SPSR Nellore,Atmakur (Spsr Nellore District) Apmc,Paddy(Common),2026-09-24,2380.0,2500.0,2441.0,0.0,120.0
Uttar Pradesh,Aligarh,Atrauli Apmc,Paddy(Common),2026-09-24,3100.0,4100.0,3714.51,0.0,1000.0
Andhra Pradesh,West Godavari,Attili Apmc,Paddy(Common),2026-09-24,2369.0,2389.0,2369.0,0.0,20.0
Tamil Nadu,Villupuram,Avalurpet Apmc,Paddy(Common),2026-09-24,1733.0,3592.0,2662.5,0.0,1859.0
Andhra Pradesh,Tirupathi,B.N.Kandriga Apmc,Paddy(Common),2026-09-24,2200.0,2200.0,2200.0,0.0,0.0
Andhra Pradesh,YSR Kadapa,Badvel Apmc,Paddy(Common),2026-09-24,2380.0,2460.0,2420.0,0.0,80.0
Andhra Pradesh,Nandyal,Banaganapalli Apmc,Paddy(Common),2026-09-24,2200.0,2450.0,2350.0,0.0,250.0
Uttar Pradesh,Barabanki,Barabanki Apmc,Paddy(Common),2026-09-24,2400.0,2400.0,2400.0,0.0,0.0
Uttar Pradesh,Barabanki,Barabanki Apmc,Paddy(Common),2026-09-24,2000.0,2000.0,2000.0,0.0,0.0
Uttarakhand,Udhamsinghnagar,Bazpur Apmc,Paddy(Common),2026-09-24,2100.0,2100.0,2100.0,0.0,0.0
Telangana,Bhadradri Kothagudem,Bhadrachalam Apmc,Paddy(Common),2026-09-24,2389.0,2389.0,2389.0,0.0,0.0
Uttar Pradesh,Sambhal,Bhehjoi Apmc,Paddy(Common),2026-09-24,2500.0,3700.0,2946.57,0.0,1200.0
Andhra Pradesh,Eluru,Bhimadole Apmc,Paddy(Common),2026-09-24,2380.0,2380.0,2380.0,0.0,0.0
Uttar Pradesh,Rampur,Bilaspur Apmc,Paddy(Common),2026-09-24,2410.0,2490.0,2445.75,0.0,80.0
Uttar Pradesh,Rampur,Bilaspur Apmc,Paddy(Common),2026-09-24,2200.0,2200.0,2200.0,0.0,0.0
Uttar Pradesh,Badaun,Bisoli Apmc,Paddy(Common),2026-09-24,3450.0,3450.0,3450.0,0.0,0.0
Tamil Nadu,Thanjavur,Budalur Apmc,Paddy(Common),2026-09-24,2300.0,2500.0,2400.0,0.0,200.0
Uttar Pradesh,Bulandshahar,Buland Shahr Apmc,Paddy(Common),2026-09-24,3301.0,3501.0,3368.86,0.0,200.0
Uttar Pradesh,Aligarh,Charra Apmc,Paddy(Common),2026-09-24,3200.0,3200.0,3200.0,0.0,0.0
Andhra Pradesh,Bapatla,Chirala Apmc,Paddy(Common),2026-09-24,2400.0,2500.0,2450.0,0.0,100.0
Andhra Pradesh,Anakapally,Chodavaram Apmc,Paddy(Common),2026-09-24,2200.0,2400.0,2300.0,0.0,200.0
Uttar Pradesh,Gautam Budh Nagar,Dankaur Apmc,Paddy(Common),2026-09-24,3600.0,3600.0,3600.0,0.0,0.0
Andhra Pradesh,Prakasam,Darsi Apmc,Paddy(Common),2026-09-24,2500.0,2600.0,2600.0,0.0,100.0
Gujarat,Dahod,Davgadbaria(Piplod) Apmc,Paddy(Common),2026-09-24,1360.0,1480.0,1450.0,0.0,120.0
Gujarat,Dahod,Devgadhbaria Apmc,Paddy(Common),2026-09-24,1360.0,1480.0,1460.0,0.0,120.0
Andhra Pradesh,Sri Sathya Sai,Dharmavaram Apmc,Paddy(Common),2026-09-24,2100.0,2300.0,2200.0,0.0,200.0
Uttar Pradesh,Bulandshahar,Divai Apmc,Paddy(Common),2026-09-24,3700.0,3950.0,3825.75,0.0,250.0
Telangana,Siddipet,Dubbak Apmc,Paddy(Common),2026-09-24,2400.0,2400.0,2400.0,0.0,0.0
Uttar Pradesh,Etah,Etah Apmc,Paddy(Common),2026-09-24,3200.0,3200.0,3200.0,0.0,0.0
Uttar Pradesh,Etawah,Etawah Apmc,Paddy(Common),2026-09-24,3301.0,3466.0,3454.28,0.0,165.0
Andhra Pradesh,Srikakulam,Etcherla Apmc,Paddy(Common),2026-09-24,2369.0,2369.0,2369.0,0.0,0.0
Telangana,Siddipet,Gajwel Apmc,Paddy(Common),2026-09-24,2400.0,2400.0,2400.0,0.0,0.0
Telangana,Karimnagar,Gangadhara Apmc,Paddy(Common),2026-09-24,2441.0,2441.0,2441.0,0.0,0.0
Uttar Pradesh,Saharanpur,Gangoh Apmc,Paddy(Common),2026-09-24,3850.0,3850.0,3850.0,0.0,0.0
Andhra Pradesh,Krishna,Ghantsala (Hq-Kodali) Apmc,Paddy(Common),2026-09-24,2200.0,2400.0,2300.0,0.0,200.0
Uttar Pradesh,Lakhimpur,Golagokarnath Apmc,Paddy(Common),2026-09-24,2100.0,2100.0,2100.0,0.0,0.0
Andhra Pradesh,SPSR Nellore,Gudur Apmc,Paddy(Common),2026-09-24,2441.0,2490.0,2460.0,0.0,49.0
Uttar Pradesh,Hathras,Haathras Apmc,Paddy(Common),2026-09-24,4060.0,4060.0,4060.0,0.0,0.0
Uttar Pradesh,Hathras,Haathras Apmc,Paddy(Common),2026-09-24,3380.0,3511.0,3445.11,0.0,131.0
Uttar Pradesh,Ghaziabad,Hapur Apmc,Paddy(Common),2026-09-24,3600.0,3991.0,3754.12,0.0,391.0
Uttar Pradesh,Ghaziabad,Hapur Apmc,Paddy(Common),2026-09-24,3040.0,3160.0,3089.05,0.0,120.0
Uttar Pradesh,Hardoi,Hardoi Apmc,Paddy(Common),2026-09-24,1850.0,1850.0,1850.0,0.0,0.0
Uttar Pradesh,Hardoi,Hardoi Apmc,Paddy(Common),2026-09-24,1850.0,1850.0,1850.0,0.0,0.0
Andhra Pradesh,Srikakulam,Ichapuram Apmc,Paddy(Common),2026-09-24,2369.0,2369.0,2369.0,0.0,0.0
Andhra Pradesh,Kakinada,Jaggampet Apmc,Paddy(Common),2026-09-24,2369.0,2380.0,2369.0,0.0,11.0
Uttar Pradesh,Bulandshahar,Jahangirabad Apmc,Paddy(Common),2026-09-24,3551.0,3561.0,3558.73,0.0,10.0
Uttar Pradesh,Bulandshahar,Jahangirabad Apmc,Paddy(Common),2026-09-24,3200.0,3200.0,3200.0,0.0,0.0
Uttar Pradesh,Shahjahanpur,Jalalabad Apmc,Paddy(Common),2026-09-24,2200.0,2200.0,2200.0,0.0,0.0
Andhra Pradesh,Srikakulam,Jalumuru Apmc,Paddy(Common),2026-09-24,2369.0,2369.0,2369.0,0.0,0.0
Andhra Pradesh,Eluru,Kaikaluru Apmc,Paddy(Common),2026-09-24,2440.0,2440.0,2440.0,0.0,0.0
Andhra Pradesh,Kakinada,Kakinada (Urban) Apmc,Paddy(Common),2026-09-24,2369.0,2450.0,2440.0,0.0,81.0
Andhra Pradesh,Eluru,Kalidindi Apmc,Paddy(Common),2026-09-24,2440.0,2440.0,2440.0,0.0,0.0
Andhra Pradesh,YSR Kadapa,Kamalapuram Apmc,Paddy(Common),2026-09-24,2550.0,2550.0,2550.0,0.0,0.0
Andhra Pradesh,Srikakulam,Kanchili Apmc,Paddy(Common),2026-09-24,2400.0,2400.0,2400.0,0.0,0.0
Andhra Pradesh,Prakasam,Kandukur Apmc,Paddy(Common),2026-09-24,2450.0,2550.0,2500.0,0.0,100.0
Pondicherry,Karaikal,Karaikal Apmc,Paddy(Common),2026-09-24,2400.0,2400.0,2400.0,0.0,0.0
Pondicherry,Karaikal,Karaikal Apmc,Paddy(Common),2026-09-24,2800.0,2800.0,2800.0,0.0,0.0
Odisha,Mayurbhanja,Karanjia Apmc,Paddy(Common),2026-09-24,2441.0,2441.0,2441.0,0.0,0.0
Andhra Pradesh,Kakinada,Karapa Apmc,Paddy(Common),2026-09-24,2361.0,2369.0,2363.0,0.0,8.0
Uttar Pradesh,Kasganj,Kasganj Apmc,Paddy(Common),2026-09-24,3605.0,3950.0,3753.1,0.0,345.0
Andhra Pradesh,SPSR Nellore,Kavali Apmc,Paddy(Common),2026-09-24,2450.0,2550.0,2500.0,0.0,100.0
Uttar Pradesh,Aligarh,Khair Apmc,Paddy(Common),2026-09-24,3700.0,3800.0,3777.29,0.0,100.0
West Bengal,Bankura,Khatra Apmc,Paddy(Common),2026-09-24,2400.0,2500.0,2441.0,0.0,100.0
Uttar Pradesh,Mathura,Kosikalan Apmc,Paddy(Common),2026-09-24,3500.0,3680.0,3551.3,0.0,180.0
Andhra Pradesh,Srikakulam,Kothabommali Apmc,Paddy(Common),2026-09-24,3200.0,3200.0,3200.0,0.0,0.0
Andhra Pradesh,Vijayanagaram,Kothavalasa Apmc,Paddy(Common),2026-09-24,2369.0,2369.0,2369.0,0.0,0.0
Andhra Pradesh,East Godavari,Kovvur Apmc,Paddy(Common),2026-09-24,2441.0,2441.0,2441.0,0.0,0.0
Andhra Pradesh,Palnadu,Krosuru Apmc,Paddy(Common),2026-09-24,2200.0,2600.0,2400.0,0.0,400.0
Andhra Pradesh,Bapatla,Kuchinapudi Apmc,Paddy(Common),2026-09-24,3200.0,3400.0,3300.0,0.0,200.0
Uttar Pradesh,Raebarelli,Lalganj Apmc,Paddy(Common),2026-09-24,2875.0,2875.0,2875.0,0.0,0.0
Manipur,Imphal East,Lamlong Bazaar Apmc,Paddy(Common),2026-09-24,3000.0,3000.0,3000.0,0.0,0.0
Andhra Pradesh,Palnadu,Macharla Apmc,Paddy(Common),2026-09-24,3150.0,3150.0,3150.0,0.0,0.0
Andhra Pradesh,Krishna,Machilipatnam Apmc,Paddy(Common),2026-09-24,2693.33266,2975.999256,2859.999285,0.0,282.666596
Tamil Nadu,Coimbatore,Madathukulam Apmc,Paddy(Common),2026-09-24,2000.0,2400.0,2200.0,0.0,400.0
Andhra Pradesh,Prakasam,Maddipadu Apmc,Paddy(Common),2026-09-24,2800.0,2800.0,2800.0,0.0,0.0
Andhra Pradesh,Anakapally,Madugula Apmc,Paddy(Common),2026-09-24,2200.0,2400.0,2300.0,0.0,200.0
Uttar Pradesh,Mainpuri,Mainpuri Apmc,Paddy(Common),2026-09-24,3200.0,3204.0,3203.4,0.0,4.0
Andhra Pradesh,Krishna,Malleswaram (Hq-Bantumili) Apmc,Paddy(Common),2026-09-24,2625.0,2650.0,2640.0,0.0,25.0
Andhra Pradesh,East Godavari,Mandapeta Apmc,Paddy(Common),2026-09-24,2369.0,2400.0,2389.0,0.0,31.0
Chattisgarh,Manendragarh Chirmiri Bhartpur,Manendragarh Apmc,Paddy(Common),2026-09-24,2000.0,2000.0,2000.0,0.0,0.0
Chattisgarh,Manendragarh Chirmiri Bhartpur,Manendragarh Apmc,Paddy(Common),2026-09-24,1950.0,1950.0,1950.0,0.0,0.0
Uttar Pradesh,Mathura,Mathura Apmc,Paddy(Common),2026-09-24,3400.0,3400.0,3400.0,0.0,0.0
Uttar Pradesh,Shahjahanpur,Meeranpur Katra Apmc,Paddy(Common),2026-09-24,2010.0,2050.0,2025.98,0.0,40.0
Uttar Pradesh,Sitapur,Mehmoodabad Apmc,Paddy(Common),2026-09-24,2250.0,2300.0,2263.33,0.0,50.0
Uttar Pradesh,Rampur,Milak Apmc,Paddy(Common),2026-09-24,3050.0,3400.0,3242.0,0.0,350.0
Uttar Pradesh,Khiri (Lakhimpur),Mohammdi Apmc,Paddy(Common),2026-09-24,1800.0,1815.0,1805.65,0.0,15.0
Uttar Pradesh,Muzaffarnagar,Muzzafarnagar Apmc,Paddy(Common),2026-09-24,2600.0,2600.0,2600.0,0.0,0.0
Andhra Pradesh,YSR Kadapa,Mydukur Apmc,Paddy(Common),2026-09-24,3600.0,4000.0,3800.0,0.0,400.0
Andhra Pradesh,NTR,Mylavaram Apmc,Paddy(Common),2026-09-24,2369.0,2369.0,2369.0,0.0,0.0
Andhra Pradesh,Tirupathi,Nagalapuram Apmc,Paddy(Common),2026-09-24,2000.0,2000.0,2000.0,0.0,0.0
Andhra Pradesh,Chittor,Nagari Apmc,Paddy(Common),2026-09-24,1700.0,1800.0,1750.0,0.0,100.0
Andhra Pradesh,Tirupathi,Naidupet Apmc,Paddy(Common),2026-09-24,2350.0,2400.0,2370.0,0.0,50.0
Andhra Pradesh,NTR,Nandigama Apmc,Paddy(Common),2026-09-24,2350.0,2350.0,2350.0,0.0,0.0
Andhra Pradesh,Nandyal,Nandyal Apmc,Paddy(Common),2026-09-24,2468.0,2468.0,2468.0,0.0,0.0
Andhra Pradesh,Srikakulam,Narasannapet Apmc,Paddy(Common),2026-09-24,2369.0,2369.0,2369.0,0.0,0.0
Andhra Pradesh,Palnadu,Narasaraopet Apmc,Paddy(Common),2026-09-24,3000.0,3000.0,3000.0,0.0,0.0
Uttar Pradesh,Maharajganj,Nautnava Apmc,Paddy(Common),2026-09-24,2200.0,2200.0,2200.0,0.0,0.0
Andhra Pradesh,East Godavari,Nidadavolu Apmc,Paddy(Common),2026-09-24,2445.0,2445.0,2445.0,0.0,0.0
Andhra Pradesh,Prakasam,Ongole Apmc,Paddy(Common),2026-09-24,2500.0,2500.0,2500.0,0.0,0.0
Andhra Pradesh,West Godavari,Palakole Apmc,Paddy(Common),2026-09-24,2450.0,2450.0,2450.0,0.0,0.0
Andhra Pradesh,Parvathipuram Manyam,Palakonda Apmc,Paddy(Common),2026-09-24,2360.0,2360.0,2360.0,0.0,0.0
Andhra Pradesh,Srikakulam,Palasa Apmc,Paddy(Common),2026-09-24,2369.0,2369.0,2369.0,0.0,0.0
Uttar Pradesh,Lakhimpur,Paliakala Apmc,Paddy(Common),2026-09-24,1900.0,1900.0,1900.0,0.0,0.0
Andhra Pradesh,Krishna,Pamarru Apmc,Paddy(Common),2026-09-24,2441.0,2481.0,2471.0,0.0,40.0
Haryana,Panipat,Panipat Apmc,Paddy(Common),2026-09-24,3700.0,3950.0,3825.0,0.0,250.0
Tamil Nadu,Thanjavur,Papanadu Apmc,Paddy(Common),2026-09-24,2550.0,2750.0,2650.0,0.0,200.0
Andhra Pradesh,Krishna,Pedana Apmc,Paddy(Common),2026-09-24,2441.0,2600.0,2500.0,0.0,159.0
Andhra Pradesh,Kakinada,Peddapuram Apmc,Paddy(Common),2026-09-24,2369.0,2400.0,2390.0,0.0,31.0
Andhra Pradesh,Visakhapatnam,Pendurthi Apmc,Paddy(Common),2026-09-24,2350.0,2350.0,2350.0,0.0,0.0
Andhra Pradesh,West Godavari,Penugonda Apmc,Paddy(Common),2026-09-24,2369.0,2380.0,2370.0,0.0,11.0
Andhra Pradesh,Palnadu,Pidugurala Apmc,Paddy(Common),2026-09-24,2450.0,2450.0,2450.0,0.0,0.0
Uttar Pradesh,Pillibhit,Pilibhit Apmc,Paddy(Common),2026-09-24,1830.48,1830.48,1830.48,0.0,0.0
Uttar Pradesh,Pillibhit,Pilibhit Apmc,Paddy(Common),2026-09-24,2250.0,2250.0,2250.0,0.0,0.0
Andhra Pradesh,Kakinada,Pithapuram Apmc,Paddy(Common),2026-09-24,2369.0,2389.0,2379.0,0.0,20.0
Andhra Pradesh,Eluru,Polavaram Apmc,Paddy(Common),2026-09-24,2445.0,2445.0,2445.0,0.0,0.0
Uttar Pradesh,Shahjahanpur,Powayan Apmc,Paddy(Common),2026-09-24,1700.0,1841.0,1721.37,0.0,141.0
Uttar Pradesh,Shahjahanpur,Powayan Apmc,Paddy(Common),2026-09-24,1800.0,2100.0,1893.15,0.0,300.0
Uttar Pradesh,Pratapgarh,Pratapgarh Apmc,Paddy(Common),2026-09-24,2200.0,2200.0,2200.0,0.0,0.0
Andhra Pradesh,Kakinada,Prattipadu Apmc,Paddy(Common),2026-09-24,2369.0,2389.0,2379.0,0.0,20.0
Andhra Pradesh,YSR Kadapa,Proddatur Apmc,Paddy(Common),2026-09-24,3000.0,3000.0,3000.0,0.0,0.0
Keralam,Wayanad,Pulpally Market,Paddy(Common),2026-09-24,3120.0,3140.0,3130.0,0.0,20.0
Uttar Pradesh,Pillibhit,Puranpur Apmc,Paddy(Common),2026-09-24,1900.0,2500.0,2136.99,0.0,600.0
Uttar Pradesh,Pillibhit,Puranpur Apmc,Paddy(Common),2026-09-24,2500.0,3000.0,2837.37,0.0,500.0
Uttar Pradesh,Pillibhit,Puranpur Apmc,Paddy(Common),2026-09-24,4000.0,4200.0,4082.96,0.0,200.0
Uttar Pradesh,Raebarelli,Raibareilly Apmc,Paddy(Common),2026-09-24,2400.0,2400.0,2400.0,0.0,0.0
Andhra Pradesh,East Godavari,Rajahmundry Apmc,Paddy(Common),2026-09-24,2369.0,2369.0,2369.0,0.0,0.0
Andhra Pradesh,Palnadu,Rajupalem Apmc,Paddy(Common),2026-09-24,2100.0,2100.0,2100.0,0.0,0.0
Andhra Pradesh,Dr.B.R.A.Konaseema,Ramachandrapuram Apmc,Paddy(Common),2026-09-24,2441.0,2448.0,2441.0,0.0,7.0
Andhra Pradesh,SPSR Nellore,Rapur Apmc,Paddy(Common),2026-09-24,2390.0,2470.0,2420.0,0.0,80.0
Andhra Pradesh,Ananthapuramu,Rayadurg Apmc,Paddy(Common),2026-09-24,3000.0,3400.0,3200.0,0.0,400.0
Andhra Pradesh,Palnadu,Rompicherla Apmc,Paddy(Common),2026-09-24,2300.0,2500.0,2500.0,0.0,200.0
Andhra Pradesh,Chittor,Rompicherla Apmc,Paddy(Common),2026-09-24,1950.0,1950.0,1950.0,0.0,0.0
Uttar Pradesh,Barabanki,Safdarganj Apmc,Paddy(Common),2026-09-24,2400.0,2400.0,2400.0,0.0,0.0
Uttar Pradesh,Barabanki,Safdarganj Apmc,Paddy(Common),2026-09-24,2200.0,2200.0,2200.0,0.0,0.0
Andhra Pradesh,Kakinada,Samalkot Apmc,Paddy(Common),2026-09-24,2339.0,2345.0,2340.0,0.0,6.0
Uttar Pradesh,Sambhal,Sambhal Apmc,Paddy(Common),2026-09-24,2600.0,3400.0,3002.99,0.0,800.0
Uttar Pradesh,Sambhal,Sambhal Apmc,Paddy(Common),2026-09-24,3000.0,3000.0,3000.0,0.0,0.0
Andhra Pradesh,Kakinada,Sampara (Kakinada Rural) Apmc,Paddy(Common),2026-09-24,2369.0,2389.0,2379.0,0.0,20.0
Tamil Nadu,Villupuram,Sangarapuram Apmc,Paddy(Common),2026-09-24,2303.0,2945.0,2624.0,0.0,642.0
Andhra Pradesh,Prakasam,Santhamaguluru Apmc,Paddy(Common),2026-09-24,2500.0,2580.0,2550.0,0.0,80.0
Andhra Pradesh,Palnadu,Sattenapalli Apmc,Paddy(Common),2026-09-24,2350.0,2450.0,2400.0,0.0,100.0
Uttar Pradesh,Shahjahanpur,Shahjahanpur Apmc,Paddy(Common),2026-09-24,3450.0,3450.0,3450.0,0.0,0.0
Uttar Pradesh,Shahjahanpur,Shahjahanpur Apmc,Paddy(Common),2026-09-24,1900.0,1900.0,1900.0,0.0,0.0
Uttar Pradesh,Shahjahanpur,Shahjahanpur Apmc,Paddy(Common),2026-09-24,2200.0,2200.0,2200.0,0.0,0.0
Karnataka,Raichur,Sindhanur Apmc,Paddy(Common),2026-09-24,2920.0,4550.0,3900.0,0.0,1630.0
Karnataka,Raichur,Sindhanur Apmc,Paddy(Common),2026-09-24,2600.0,2700.0,2600.0,0.0,100.0
Andhra Pradesh,Srikakulam,Srikakulam Apmc,Paddy(Common),2026-09-24,2400.0,2400.0,2400.0,0.0,0.0
Andhra Pradesh,Tirupathi,Srikalahasti Apmc,Paddy(Common),2026-09-24,2300.0,2600.0,2450.0,0.0,300.0
Andhra Pradesh,Tirupathi,Sullurpet Apmc,Paddy(Common),2026-09-24,2420.0,2460.0,2440.0,0.0,40.0
Chattisgarh,Surajpur,Surajpur Apmc,Paddy(Common),2026-09-24,2390.0,2390.0,2390.0,0.0,0.0
Andhra Pradesh,West Godavari,Tadepalligudem Apmc,Paddy(Common),2026-09-24,2450.0,2450.0,2450.0,0.0,0.0
Tamil Nadu,Kallakuruchi,Thirunavalur Apmc,Paddy(Common),2026-09-24,1876.0,1878.0,1877.0,0.0,2.0
Andhra Pradesh,NTR,Tiruvuru Apmc,Paddy(Common),2026-09-24,2900.0,2900.0,2900.0,0.0,0.0
Telangana,Karimnagar,V.Saidapur Apmc,Paddy(Common),2026-09-24,2389.0,2389.0,2389.0,0.0,0.0
Telangana,Karimnagar,V.Saidapur Apmc,Paddy(Common),2026-09-24,2369.0,2369.0,2369.0,0.0,0.0
Andhra Pradesh,Tirupathi,Vakadu Apmc,Paddy(Common),2026-09-24,2389.0,2410.0,2400.0,0.0,21.0
Tamil Nadu,Vellore,Vaniyambadi Apmc,Paddy(Common),2026-09-24,1600.0,2000.0,1800.0,0.0,400.0
Tamil Nadu,Vellore,Vellore Apmc,Paddy(Common),2026-09-24,1600.0,3731.0,2665.5,0.0,2131.0
Andhra Pradesh,Tirupathi,Venkatagiri Apmc,Paddy(Common),2026-09-24,2320.0,2400.0,2380.0,0.0,80.0
Tamil Nadu,Villupuram,Villupuram Apmc,Paddy(Common),2026-09-24,2004.0,3000.0,2502.0,0.0,996.0
Andhra Pradesh,Palnadu,Vinukonda Apmc,Paddy(Common),2026-09-24,2300.0,2500.0,2400.0,0.0,200.0
Andhra Pradesh,Anakapally,Yellamanchili Apmc,Paddy(Common),2026-09-24,2390.0,2450.0,2400.0,0.0,60.0
Uttar Pradesh,Ghazipur,Yusufpur Apmc,Paddy(Common),2026-09-24,2900.0,2900.0,2900.0,0.0,0.0
Tamil Nadu,Dharmapuri,Ajattihalli(Uzhavar Sandhai ),Papaya,2026-09-24,3500.0,4000.0,3750.0,0.0,500.0
Tamil Nadu,Pudukkottai,Alangudi(Uzhavar Sandhai ),Papaya,2026-09-24,3000.0,4000.0,3500.0,0.0,1000.0
Tamil Nadu,Salem,Ammapet(Uzhavar Sandhai ),Papaya,2026-09-24,3500.0,4000.0,3750.0,0.0,500.0
Tamil Nadu,Madurai,Anaiyur(Uzhavar Sandhai ),Papaya,2026-09-24,4500.0,5000.0,4750.0,0.0,500.0
Tamil Nadu,Theni,Andipatti(Uzhavar Sandhai ),Papaya,2026-09-24,3000.0,3500.0,3250.0,0.0,500.0
Tamil Nadu,Madurai,Anna Nagar(Uzhavar Sandhai ),Papaya,2026-09-24,4500.0,4500.0,4500.0,0.0,0.0
Tamil Nadu,Thiruvannamalai,Arani(Uzhavar Sandhai ),Papaya,2026-09-24,3500.0,4000.0,3750.0,0.0,500.0
Tamil Nadu,Pudukkottai,Aranthangi(Uzhavar Sandhai ),Papaya,2026-09-24,2500.0,3000.0,2750.0,0.0,500.0
Tamil Nadu,Ranipet,Arcot(Uzhavar Sandhai ),Papaya,2026-09-24,5000.0,5000.0,5000.0,0.0,0.0
Tamil Nadu,Virudhunagar,Aruppukottai(Uzhavar Sandhai ),Papaya,2026-09-24,3000.0,3500.0,3250.0,0.0,500.0
Tamil Nadu,Salem,Athur(Uzhavar Sandhai ),Papaya,2026-09-24,3500.0,4000.0,3750.0,0.0,500.0
Tamil Nadu,Salem,Attayampatti(Uzhavar Sandhai ),Papaya,2026-09-24,3500.0,3500.0,3500.0,0.0,0.0
Tamil Nadu,Krishnagiri,Avallapalli(Uzhavar Sandhai ),Papaya,2026-09-24,3500.0,4000.0,3750.0,0.0,500.0
Tamil Nadu,Theni,Bodinayakanur(Uzhavar Sandhai ),Papaya,2026-09-24,3000.0,3000.0,3000.0,0.0,0.0
Tamil Nadu,Thiruvannamalai,Chengam(Uzhavar Sandhai ),Papaya,2026-09-24,3500.0,4000.0,3750.0,0.0,500.0
Tamil Nadu,Thiruvannamalai,Cheyyar(Uzhavar Sandhai ),Papaya,2026-09-24,3200.0,4000.0,3600.0,0.0,800.0
Tamil Nadu,Dindigul,Chinnalapatti(Uzhavar Sandhai ),Papaya,2026-09-24,4500.0,5000.0,4750.0,0.0,500.0
Tamil Nadu,Madurai,Chokkikulam(Uzhavar Sandhai ),Papaya,2026-09-24,4500.0,5000.0,4750.0,0.0,500.0
Tamil Nadu,Cuddalore,Cuddalore(Uzhavar Sandhai ),Papaya,2026-09-24,4000.0,5000.0,4500.0,0.0,1000.0
Tamil Nadu,Krishnagiri,Denkanikottai(Uzhavar Sandhai ),Papaya,2026-09-24,3000.0,4000.0,3500.0,0.0,1000.0
Tamil Nadu,Sivaganga,Devakottai (Uzhavar Sandhai ),Papaya,2026-09-24,5000.0,5400.0,5200.0,0.0,400.0
Tamil Nadu,Theni,Devaram(Uzhavar Sandhai ),Papaya,2026-09-24,3000.0,3000.0,3000.0,0.0,0.0
Tamil Nadu,Thirupur,Dharapuram(Uzhavar Sandhai ),Papaya,2026-09-24,2500.0,3000.0,2750.0,0.0,500.0
Tamil Nadu,Dharmapuri,Dharmapuri(Uzhavar Sandhai ),Papaya,2026-09-24,3600.0,3800.0,3700.0,0.0,200.0
Tamil Nadu,Dindigul,Dindigul(Uzhavar Sandhai ),Papaya,2026-09-24,4000.0,5000.0,4500.0,0.0,1000.0
Tamil Nadu,Salem,Edapadi (Uzhavar Sandhai ),Papaya,2026-09-24,3000.0,3500.0,3250.0,0.0,500.0
Tamil Nadu,Salem,Elampillai(Uzhavar Sandhai ),Papaya,2026-09-24,2500.0,3000.0,2750.0,0.0,500.0
Jammu and Kashmir,Udhampur,Fruit And Vegetable Market Udhampur,Papaya,2026-09-24,7000.0,7000.0,7000.0,0.0,0.0
Tamil Nadu,Pudukkottai,Gandarvakottai(Uzhavar Sandhai ),Papaya,2026-09-24,3000.0,3500.0,3250.0,0.0,500.0
Tamil Nadu,Karur,Gandhigramam(Uzhavar Sandhai),Papaya,2026-09-24,4500.0,5000.0,4750.0,0.0,500.0
Punjab,Hoshiarpur,Garh Shankar Apmc,Papaya,2026-09-24,3500.0,3500.0,3500.0,0.0,0.0
Tamil Nadu,Villupuram,Gingee(Uzhavar Sandhai ),Papaya,2026-09-24,5000.0,5000.0,5000.0,0.0,0.0
Tamil Nadu,Erode,Gobichettipalayam(Uzhavar Sandhai ),Papaya,2026-09-24,3000.0,3500.0,3250.0,0.0,500.0
Tamil Nadu,Vellore,Gudiyatham(Uzhavar Sandhai ),Papaya,2026-09-24,3500.0,3500.0,3500.0,0.0,0.0
Tamil Nadu,Chengalpattu,Guduvancheri(Uzhavar Sandhai ),Papaya,2026-09-24,4000.0,5000.0,4500.0,0.0,1000.0
Punjab,Gurdaspur,Gurdaspur Apmc,Papaya,2026-09-24,3300.0,3300.0,3300.0,0.0,0.0
Uttarakhand,Haridwar,Haridwar Union Apmc,Papaya,2026-09-24,1600.0,2200.0,1800.0,0.0,600.0
Tamil Nadu,Dharmapuri,Harur(Uzhavar Sandhai ),Papaya,2026-09-24,2500.0,3000.0,2750.0,0.0,500.0
Tamil Nadu,Salem,Hasthampatti(Uzhavar Sandhai ),Papaya,2026-09-24,3000.0,3500.0,3250.0,0.0,500.0
Tamil Nadu,Krishnagiri,Hosur(Uzhavar Sandhai ),Papaya,2026-09-24,3500.0,4000.0,3750.0,0.0,500.0
Tamil Nadu,Salem,Jalagandapuram(Uzhavar Sandhai ),Papaya,2026-09-24,3000.0,3500.0,3250.0,0.0,500.0
Punjab,Jalandhar,Jalandhar City(Jalandhar) Apmc,Papaya,2026-09-24,1200.0,1900.0,1600.0,0.0,700.0
Tamil Nadu,Chengalpattu,Jameenrayapettai(Uzhavar Sandhai ),Papaya,2026-09-24,4000.0,5000.0,4500.0,0.0,1000.0
Tamil Nadu,Vellore,Kahithapattarai(Uzhavar Sandhai ),Papaya,2026-09-24,4500.0,4500.0,4500.0,0.0,0.0
Tamil Nadu,Kallakuruchi,Kallakurichi(Uzhavar Sandhai ),Papaya,2026-09-24,3500.0,3500.0,3500.0,0.0,0.0
Tamil Nadu,Theni,Kambam(Uzhavar Sandhai ),Papaya,2026-09-24,3500.0,3500.0,3500.0,0.0,0.0
Tamil Nadu,Kancheepuram,Kancheepuram(Uzhavar Sandhai ),Papaya,2026-09-24,3000.0,3500.0,3250.0,0.0,500.0
Tamil Nadu,Thirupur,Kangayam(Uzhavar Sandhai ),Papaya,2026-09-24,2000.0,2500.0,2250.0,0.0,500.0
Tamil Nadu,Sivaganga,Karaikudi(Uzhavar Sandhai ),Papaya,2026-09-24,4800.0,5400.0,5100.0,0.0,600.0
Tamil Nadu,Pudukkottai,Karambakkudi(Uzhavar Sandhai ),Papaya,2026-09-24,3500.0,4000.0,3750.0,0.0,500.0
Tamil Nadu,Dharmapuri,Karimangalam(Uzhavar Sandhai),Papaya,2026-09-24,3300.0,3500.0,3400.0,0.0,200.0
Tamil Nadu,Virudhunagar,Kariyapatti(Uzhavar Sandhai ),Papaya,2026-09-24,3000.0,3500.0,3250.0,0.0,500.0
Tamil Nadu,Karur,Karur(Uzhavar Sandhai ),Papaya,2026-09-24,4500.0,5000.0,4750.0,0.0,500.0
Jammu and Kashmir,Kathua,Kathua (F&V),Papaya,2026-09-24,4500.0,5200.0,4850.0,0.0,700.0
Tamil Nadu,Vellore,Katpadi (Uzhavar Sandhai ),Papaya,2026-09-24,4000.0,4500.0,4250.0,0.0,500.0
Tamil Nadu,Thiruchirappalli,Kknagar(Uzhavar Sandhai ),Papaya,2026-09-24,6000.0,6000.0,6000.0,0.0,0.0
Tamil Nadu,Tuticorin,Kovilpatti(Uzhavar Sandhai ),Papaya,2026-09-24,3000.0,3500.0,3250.0,0.0,500.0
Tamil Nadu,Krishnagiri,Krishnagiri(Uzhavar Sandhai ),Papaya,2026-09-24,3200.0,3600.0,3400.0,0.0,400.0
Tamil Nadu,Karur,Kulithalai(Uzhavar Sandhai ),Papaya,2026-09-24,2500.0,3000.0,2750.0,0.0,500.0
Tamil Nadu,Namakkal,Kumarapalayam(Uzhavar Sandhai ),Papaya,2026-09-24,3000.0,3500.0,3250.0,0.0,500.0
Tamil Nadu,Thanjavur,Kumbakonam (Uzhavar Sandhai ),Papaya,2026-09-24,4000.0,4000.0,4000.0,0.0,0.0
Tamil Nadu,Coimbatore,Kurichi(Uzhavar Sandhai ),Papaya,2026-09-24,5000.0,5500.0,5250.0,0.0,500.0
Tamil Nadu,Thiruchirappalli,Lalgudi(Uzhavar Sandhai ),Papaya,2026-09-24,4000.0,4000.0,4000.0,0.0,0.0
Jammu and Kashmir,Jammu,Mac F&V Market Narwal Jammu,Papaya,2026-09-24,4000.0,5500.0,4750.0,0.0,1500.0
Punjab,Sangrur,Malerkotla Apmc,Papaya,2026-09-24,2000.0,2200.0,2200.0,0.0,200.0
Tamil Nadu,Thiruchirappalli,Manapparai(Uzhavar Sandhai ),Papaya,2026-09-24,5000.0,5000.0,5000.0,0.0,0.0
Tamil Nadu,Salem,Mecheri(Uzhavar Sandhai),Papaya,2026-09-24,2500.0,3000.0,2750.0,0.0,500.0
Tamil Nadu,Chengalpattu,Medavakkam(Uzhavar Sandhai ),Papaya,2026-09-24,4000.0,4000.0,4000.0,0.0,0.0
Tamil Nadu,Thirunelveli,Melapalayam(Uzhavar Sandhai ),Papaya,2026-09-24,3500.0,4000.0,3750.0,0.0,500.0
Tamil Nadu,Madurai,Melur(Uzhavar Sandhai ),Papaya,2026-09-24,4500.0,5000.0,4750.0,0.0,500.0
Tamil Nadu,Coimbatore,Mettupalayam(Uzhavar Sandhai ),Papaya,2026-09-24,4000.0,4500.0,4250.0,0.0,500.0
Tamil Nadu,Salem,Mettur(Uzhavar Sandhai ),Papaya,2026-09-24,3000.0,3500.0,3250.0,0.0,500.0
Tamil Nadu,Namakkal,Mohanur(Uzhavar Sandhai ),Papaya,2026-09-24,2400.0,3600.0,3000.0,0.0,1200.0
Punjab,Hoshiarpur,Mukerian Apmc,Papaya,2026-09-24,2000.0,3000.0,2500.0,0.0,1000.0
Keralam,Idukki,Munnar Market,Papaya,2026-09-24,4000.0,4000.0,4000.0,0.0,0.0
Tamil Nadu,Thiruchirappalli,Musiri(Uzhavar Sandhai ),Papaya,2026-09-24,3500.0,4000.0,3750.0,0.0,500.0
Tamil Nadu,Nagapattinam,Nagapattinam(Uzhavar Sandhai ),Papaya,2026-09-24,4400.0,4400.0,4400.0,0.0,0.0
Tamil Nadu,Namakkal,Namakkal(Uzhavar Sandhai ),Papaya,2026-09-24,3000.0,3500.0,3250.0,0.0,500.0
Tamil Nadu,Chengalpattu,Nanganallur(Uzhavar Sandhai ),Papaya,2026-09-24,5500.0,6000.0,5750.0,0.0,500.0
Tamil Nadu,Thirupathur,Natrampalli(Uzhavar Sandhai ),Papaya,2026-09-24,2500.0,3000.0,2750.0,0.0,500.0
Tamil Nadu,Kancheepuram,Padappai(Uzhavar Sandhai ),Papaya,2026-09-24,3000.0,3500.0,3250.0,0.0,500.0
Tamil Nadu,Dharmapuri,Palacode(Uzhavar Sandhai ),Papaya,2026-09-24,3600.0,4000.0,3800.0,0.0,400.0
Tamil Nadu,Madurai,Palanganatham(Uzhavar Sandhai ),Papaya,2026-09-24,4500.0,5000.0,4750.0,0.0,500.0
Tamil Nadu,Dindigul,Palani(Uzhavar Sandhai ),Papaya,2026-09-24,3000.0,3500.0,3250.0,0.0,500.0
Tamil Nadu,Thirunelveli,Palayamkottai(Uzhavar Sandhai ),Papaya,2026-09-24,3500.0,4000.0,3750.0,0.0,500.0
Tamil Nadu,Thirupur,Palladam(Uzhavar Sandhai ),Papaya,2026-09-24,2500.0,3000.0,2750.0,0.0,500.0
Tamil Nadu,Karur,Pallapatti (Uzhavar Sandhai ),Papaya,2026-09-24,3500.0,4000.0,3750.0,0.0,500.0
Tamil Nadu,Vellore,Pallikonda(Uzhavar Sandhai),Papaya,2026-09-24,3500.0,4000.0,3750.0,0.0,500.0
Tamil Nadu,Cuddalore,Panruti(Uzhavar Sandhai ),Papaya,2026-09-24,4000.0,4000.0,4000.0,0.0,0.0
Tamil Nadu,Namakkal,Paramathivelur(Uzhavar Sandhai ),Papaya,2026-09-24,3500.0,4000.0,3750.0,0.0,500.0
Tamil Nadu,Dharmapuri,Pennagaram(Uzhavar Sandhai ),Papaya,2026-09-24,3000.0,3500.0,3250.0,0.0,500.0
Tamil Nadu,Perambalur,Perambalur(Uzhavar Sandhai ),Papaya,2026-09-24,4500.0,5000.0,4750.0,0.0,500.0
Tamil Nadu,Vellore,Perampet(Uzhavar Sandhai),Papaya,2026-09-24,4000.0,4000.0,4000.0,0.0,0.0
Tamil Nadu,Theni,Periyakulam(Uzhavar Sandhai ),Papaya,2026-09-24,3000.0,3500.0,3250.0,0.0,500.0
Tamil Nadu,Erode,Periyar Nagar(Uzhavar Sandhai ),Papaya,2026-09-24,3200.0,3600.0,3400.0,0.0,400.0
Tamil Nadu,Erode,Perundurai(Uzhavar Sandhai ),Papaya,2026-09-24,2800.0,3200.0,3000.0,0.0,400.0
Himachal Pradesh,Chamba,Pmy Chamba,Papaya,2026-09-24,5000.0,5500.0,5250.0,0.0,500.0
Himachal Pradesh,Kangra,Pmy Kangra,Papaya,2026-09-24,4000.0,5000.0,4500.0,0.0,1000.0
Himachal Pradesh,Solan,Pmy Kather Solan,Papaya,2026-09-24,4500.0,5500.0,5000.0,0.0,1000.0
Tamil Nadu,Coimbatore,Pollachi(Uzhavar Sandhai ),Papaya,2026-09-24,4500.0,5000.0,4750.0,0.0,500.0
Tamil Nadu,Thiruvannamalai,Polur(Uzhavar Sandhai ),Papaya,2026-09-24,2500.0,3000.0,2750.0,0.0,500.0
Tamil Nadu,Pudukkottai,Ponnamaravathi(Uzhavar Sandhai),Papaya,2026-09-24,3000.0,3500.0,3250.0,0.0,500.0
Tamil Nadu,Pudukkottai,Pudukottai(Uzhavar Sandhai ),Papaya,2026-09-24,4500.0,5000.0,4750.0,0.0,500.0
Maharashtra,Pune,Pune,Papaya,2026-09-24,3000.0,3000.0,3000.0,0.0,0.0
Punjab,Gurdaspur,Quadian Apmc,Papaya,2026-09-24,3500.0,3700.0,3600.0,0.0,200.0
Punjab,Ludhiana,Raikot Apmc,Papaya,2026-09-24,3370.0,3370.0,3370.0,0.0,0.0
Andhra Pradesh,Tirupathi,Railway Koduru Apmc,Papaya,2026-09-24,1500.0,1600.0,1550.0,0.0,100.0
Andhra Pradesh,YSR Kadapa,Rajampet Apmc,Papaya,2026-09-24,1500.0,1700.0,1600.0,0.0,200.0
Tamil Nadu,Virudhunagar,Rajapalayam(Uzhavar Sandhai ),Papaya,2026-09-24,3000.0,3500.0,3250.0,0.0,500.0
Punjab,Bhatinda,Rampuraphul(Nabha Mandi) Apmc,Papaya,2026-09-24,2500.0,3500.0,3000.0,0.0,1000.0
Tamil Nadu,Ranipet,Ranipettai(Uzhavar Sandhai ),Papaya,2026-09-24,5000.0,5000.0,5000.0,0.0,0.0
Tamil Nadu,Namakkal,Rasipuram(Uzhavar Sandhai ),Papaya,2026-09-24,3000.0,3500.0,3250.0,0.0,500.0
Tamil Nadu,Coimbatore,Rspuram(Uzhavar Sandhai ),Papaya,2026-09-24,5000.0,5600.0,5300.0,0.0,600.0
Uttarakhand,Udhamsinghnagar,Rudrapur Apmc,Papaya,2026-09-24,3000.0,4000.0,3500.0,0.0,1000.0
Uttar Pradesh,Sambhal,Sambhal Apmc,Papaya,2026-09-24,1500.0,1520.0,1510.0,0.0,20.0
Tamil Nadu,Erode,Sampath Nagar(Uzhavar Sandhai ),Papaya,2026-09-24,3200.0,3600.0,3400.0,0.0,400.0
Tamil Nadu,Tenkasi,Sankarankoil(Uzhavar Sandhai ),Papaya,2026-09-24,3000.0,3500.0,3250.0,0.0,500.0
Tamil Nadu,Kallakuruchi,Sankarapuram(Uzhavar Sandhai ),Papaya,2026-09-24,3500.0,3500.0,3500.0,0.0,0.0
Tamil Nadu,Erode,Sathiyamagalam(Uzhavar Sandhai ),Papaya,2026-09-24,2000.0,2400.0,2200.0,0.0,400.0
Tamil Nadu,Virudhunagar,Sathur(Uzhavar Sandhai ),Papaya,2026-09-24,2500.0,3000.0,2750.0,0.0,500.0
Tamil Nadu,Sivaganga,Singampunari(Uzhavar Sandhai ),Papaya,2026-09-24,4600.0,5000.0,4800.0,0.0,400.0
Tamil Nadu,Coimbatore,Singanallur(Uzhavar Sandhai ),Papaya,2026-09-24,5000.0,5400.0,5200.0,0.0,400.0
Punjab,Fatehgarh,Sirhind Apmc,Papaya,2026-09-24,3000.0,4500.0,4000.0,0.0,1500.0
Tamil Nadu,Sivaganga,Sivagangai (Uzhavar Sandhai ),Papaya,2026-09-24,4600.0,5200.0,4900.0,0.0,600.0
Tamil Nadu,Virudhunagar,Sivakasi(Uzhavar Sandhai ),Papaya,2026-09-24,2500.0,3000.0,2750.0,0.0,500.0
Himachal Pradesh,Kangra,Smy Baijnath,Papaya,2026-09-24,4500.0,4800.0,4800.0,0.0,300.0
Himachal Pradesh,Kangra,Smy Dharamshala,Papaya,2026-09-24,5000.0,5500.0,5200.0,0.0,500.0
Himachal Pradesh,Kangra,Smy Nagrota Bagwan,Papaya,2026-09-24,4000.0,5000.0,4600.0,0.0,1000.0
Himachal Pradesh,Kangra,Smy Palampur,Papaya,2026-09-24,5000.0,5500.0,5200.0,0.0,500.0
Himachal Pradesh,Una,Smy Santoshgarh,Papaya,2026-09-24,3000.0,3000.0,3000.0,0.0,0.0
Tamil Nadu,Salem,Sooramangalam(Uzhavar Sandhai ),Papaya,2026-09-24,3500.0,4000.0,3750.0,0.0,500.0
Tamil Nadu,Virudhunagar,Srivilliputhur(Uzhavar Sandhai ),Papaya,2026-09-24,2500.0,3000.0,2750.0,0.0,500.0
Tamil Nadu,Coimbatore,Sulur(Uzhavar Sandhai ),Papaya,2026-09-24,5000.0,5400.0,5200.0,0.0,400.0
Tamil Nadu,Coimbatore,Sundarapuram(Uzhavar Sandhai ),Papaya,2026-09-24,5000.0,5500.0,5250.0,0.0,500.0
Tamil Nadu,Thiruvannamalai,Tamarainagar(Uzhavar Sandhai ),Papaya,2026-09-24,3500.0,4000.0,3750.0,0.0,500.0
Punjab,Hoshiarpur,Tanda Urmur Apmc,Papaya,2026-09-24,4000.0,5000.0,4500.0,0.0,1000.0
Tamil Nadu,Tenkasi,Tenkasi(Uzhavar Sandhai ),Papaya,2026-09-24,3000.0,3000.0,3000.0,0.0,0.0
Tamil Nadu,Erode,Thalavadi(Uzhavar Sandhai ),Papaya,2026-09-24,2000.0,2400.0,2200.0,0.0,400.0
Tamil Nadu,Virudhunagar,Thalavaipuram(Uzhavar Sandhai ),Papaya,2026-09-24,2800.0,3500.0,3150.0,0.0,700.0
Tamil Nadu,Salem,Thammampatti (Uzhavar Sandhai ),Papaya,2026-09-24,2500.0,3000.0,2750.0,0.0,500.0
Tamil Nadu,Thanjavur,Thanjavur(Uzhavar Sandhai ),Papaya,2026-09-24,6000.0,6000.0,6000.0,0.0,0.0
Tamil Nadu,Salem,Thathakapatti(Uzhavar Sandhai ),Papaya,2026-09-24,4000.0,4500.0,4250.0,0.0,500.0
Tamil Nadu,Theni,Theni(Uzhavar Sandhai ),Papaya,2026-09-24,3000.0,3500.0,3250.0,0.0,500.0
Tamil Nadu,Chengalpattu,Thirukalukundram(Uzhavar Sandhai ),Papaya,2026-09-24,4000.0,4000.0,4000.0,0.0,0.0
Tamil Nadu,Madurai,Thirumangalam(Uzhavar Sandhai ),Papaya,2026-09-24,4500.0,5000.0,4750.0,0.0,500.0
Tamil Nadu,Vellore,Thirupathur Apmc,Papaya,2026-09-24,4000.0,4000.0,4000.0,0.0,0.0
Tamil Nadu,Thiruchirappalli,Thuraiyur Apmc,Papaya,2026-09-24,3000.0,4000.0,3500.0,0.0,1000.0
Tamil Nadu,Villupuram,Tindivanam Apmc,Papaya,2026-09-24,4000.0,4000.0,4000.0,0.0,0.0
Tamil Nadu,Namakkal,Tiruchengode Apmc,Papaya,2026-09-24,3000.0,3500.0,3250.0,0.0,500.0
Tamil Nadu,Sivaganga,Tirupatthur(Uzhavar Sandhai ),Papaya,2026-09-24,4800.0,5400.0,5100.0,0.0,600.0
Tamil Nadu,Thirupur,Tiruppur (North) (Uzhavar Sandhai ),Papaya,2026-09-24,3000.0,3600.0,3300.0,0.0,600.0
Tamil Nadu,Thirupur,Tiruppur (South) (Uzhavar Sandhai ),Papaya,2026-09-24,2500.0,3000.0,2750.0,0.0,500.0
Tamil Nadu,Thiruvarur,Tiruthuraipoondi(Uzhavar Sandhai ),Papaya,2026-09-24,3500.0,3500.0,3500.0,0.0,0.0
Tamil Nadu,Thiruvannamalai,Tiruvannamalai(Uzhavar Sandhai ),Papaya,2026-09-24,4000.0,4500.0,4250.0,0.0,500.0
Tamil Nadu,Tuticorin,Tuticorin(Uzhavar Sandhai ),Papaya,2026-09-24,4500.0,5000.0,4750.0,0.0,500.0
Tamil Nadu,The Nilgiris,Udhagamandalam(Uzhavar Sandhai ),Papaya,2026-09-24,4500.0,5000.0,4750.0,0.0,500.0
Tamil Nadu,Coimbatore,Udumalpet Apmc,Papaya,2026-09-24,3000.0,3500.0,3250.0,0.0,500.0
Tamil Nadu,Villupuram,Ulundurpettai Apmc,Papaya,2026-09-24,3000.0,3000.0,3000.0,0.0,0.0
Tamil Nadu,Nagercoil (Kannyiakumari),Vadaseri Apmc,Papaya,2026-09-24,4000.0,4500.0,4250.0,0.0,500.0
Tamil Nadu,Coimbatore,Vadavalli(Uzhavar Sandhai ),Papaya,2026-09-24,5000.0,5600.0,5300.0,0.0,600.0
Tamil Nadu,Thiruvannamalai,Vandavasi(Uzhavar Sandhai ),Papaya,2026-09-24,3500.0,4000.0,3750.0,0.0,500.0
Tamil Nadu,Thirupathur,Vaniyampadi(Uzhavar Sandhai ),Papaya,2026-09-24,3000.0,3000.0,3000.0,0.0,0.0
Tamil Nadu,Salem,Vazhapadi(Uzhavar Sandhai),Papaya,2026-09-24,4000.0,4000.0,4000.0,0.0,0.0
Tamil Nadu,Vellore,Vellore Apmc,Papaya,2026-09-24,4000.0,4500.0,4250.0,0.0,500.0
Tamil Nadu,Villupuram,Villupuram(Uzhavar Sandhai ),Papaya,2026-09-24,5000.0,5000.0,5000.0,0.0,0.0
Tamil Nadu,Pudukkottai,Viralimalai(Uzhavar Sandhai ),Papaya,2026-09-24,2500.0,3000.0,2750.0,0.0,500.0
Tamil Nadu,Virudhunagar,Virudhunagar(Uzhavar Sandhai ),Papaya,2026-09-24,3500.0,4000.0,3750.0,0.0,500.0
Tamil Nadu,Cuddalore,Viruthachalam(Uzhavar Sandhai ),Papaya,2026-09-24,4000.0,4500.0,4250.0,0.0,500.0
Punjab,Ferozpur,Zira Apmc,Papaya,2026-09-24,3600.0,3600.0,3600.0,0.0,0.0
Odisha,Mayurbhanja,Betnoti Apmc,Papaya(Raw),2026-09-24,1800.0,2200.0,2000.0,0.0,400.0
Uttar Pradesh,Shamli,Kairana Apmc,Papaya(Raw),2026-09-24,2000.0,2100.0,2050.0,0.0,100.0
Gujarat,Surat,Surat Apmc,Papaya(Raw),2026-09-24,700.0,1800.0,1250.0,0.0,1100.0
Punjab,Ludhiana,Ludhiana Apmc,Pea Pod/Pea Cod/हरी मटर,2026-09-24,3000.0,9500.0,5000.0,0.0,6500.0
Himachal Pradesh,Kangra,Smy Jaisinghpur,Pea Pod/Pea Cod/हरी मटर,2026-09-24,15000.0,16000.0,15500.0,0.0,1000.0
Himachal Pradesh,Kangra,Smy Palampur,Pea Pod/Pea Cod/हरी मटर,2026-09-24,14500.0,15000.0,14800.0,0.0,500.0
Gujarat,Surat,Surat Apmc,Pea Pod/Pea Cod/हरी मटर,2026-09-24,5500.0,7500.0,6500.0,0.0,2000.0
Punjab,Hoshiarpur,Garh Shankar Apmc,Pear(Marasebu),2026-09-24,8000.0,8000.0,8000.0,0.0,0.0
Haryana,Hissar,Hansi Apmc,Pear(Marasebu),2026-09-24,8000.0,8000.0,8000.0,0.0,0.0
Tamil Nadu,Salem,Hasthampatti(Uzhavar Sandhai ),Pear(Marasebu),2026-09-24,11000.0,12000.0,11500.0,0.0,1000.0
Jammu and Kashmir,Kathua,Kathua (F&V),Pear(Marasebu),2026-09-24,10000.0,15000.0,12500.0,0.0,5000.0
Punjab,Ludhiana,Ludhiana Apmc,Pear(Marasebu),2026-09-24,2000.0,6000.0,3000.0,0.0,4000.0
Jammu and Kashmir,Jammu,Mac F&V Market Narwal Jammu,Pear(Marasebu),2026-09-24,20000.0,21500.0,20750.0,0.0,1500.0
Tamil Nadu,Coimbatore,Rspuram(Uzhavar Sandhai ),Pear(Marasebu),2026-09-24,14000.0,15000.0,14500.0,0.0,1000.0
Meghalaya,East Khasi Hills,Shillong Apmc,Pear(Marasebu),2026-09-24,2400.0,2600.0,2500.0,0.0,200.0
Himachal Pradesh,Kangra,Smy Jaisinghpur,Pear(Marasebu),2026-09-24,9000.0,12000.0,10000.0,0.0,3000.0
Himachal Pradesh,Kangra,Smy Palampur,Pear(Marasebu),2026-09-24,8000.0,10000.0,9000.0,0.0,2000.0
Chandigarh,Chandigarh,Chandigarh (Grain/F&V) Apmc,Peas Wet,2026-09-24,5000.0,10000.0,8000.0,0.0,5000.0
Haryana,Hissar,Hansi Apmc,Peas Wet,2026-09-24,12000.0,15000.0,13500.0,0.0,3000.0
Punjab,Mohali,Kharar Apmc,Peas Wet,2026-09-24,8000.0,12000.0,10000.0,0.0,4000.0
Jammu and Kashmir,Jammu,Mac F&V Market Narwal Jammu,Peas Wet,2026-09-24,12000.0,13000.0,12500.0,0.0,1000.0
Punjab,Sangrur,Malerkotla Apmc,Peas Wet,2026-09-24,8000.0,10000.0,9000.0,0.0,2000.0
Maharashtra,Pune,Pune,Peas Wet,2026-09-24,7000.0,8000.0,7500.0,0.0,1000.0
Himachal Pradesh,Kangra,Smy Baijnath,Peas Wet,2026-09-24,14500.0,15500.0,15000.0,0.0,1000.0
Gujarat,Surendranagar,Vadhvan Apmc,Peas Wet,2026-09-24,10500.0,13000.0,11750.0,0.0,2500.0
Uttar Pradesh,Jalaun (Orai),Jalaun Apmc,Peas(Dry),2026-09-24,3400.0,3400.0,3400.0,0.0,0.0
Uttar Pradesh,Lalitpur,Lalitpur Apmc,Peas(Dry),2026-09-24,3620.0,3700.0,3664.12,0.0,80.0
Uttar Pradesh,Jalaun (Orai),Orai Apmc,Peas(Dry),2026-09-24,2400.0,2400.0,2400.0,0.0,0.0
Uttar Pradesh,Hamirpur,Raath Apmc,Peas(Dry),2026-09-24,4200.0,4300.0,4236.27,0.0,100.0
Uttar Pradesh,Badaun,Badayoun Apmc,Pegeon Pea(Arhar Fali),2026-09-24,10000.0,11450.0,10805.56,0.0,1450.0
Uttar Pradesh,Sambhal,Chandausi Apmc,Pegeon Pea(Arhar Fali),2026-09-24,9800.0,9800.0,9800.0,0.0,0.0
Gujarat,Surat,Surat Apmc,Pegeon Pea(Arhar Fali),2026-09-24,3000.0,6000.0,4500.0,0.0,3000.0
Himachal Pradesh,Kangra,Pmy Kangra,Persimon(Japani Fal),2026-09-24,8000.0,9000.0,8500.0,0.0,1000.0
Himachal Pradesh,Kullu,Smy Bandrol,Persimon(Japani Fal),2026-09-24,3500.0,11800.0,8500.0,0.0,8300.0
Himachal Pradesh,Kangra,Smy Jaisinghpur,Persimon(Japani Fal),2026-09-24,8500.0,10000.0,9200.0,0.0,1500.0
Himachal Pradesh,Mandi,Smy Jogindernagar,Persimon(Japani Fal),2026-09-24,5000.0,8000.0,6500.0,0.0,3000.0
Himachal Pradesh,Kangra,Smy Palampur,Persimon(Japani Fal),2026-09-24,8000.0,10000.0,9000.0,0.0,2000.0
Tamil Nadu,Madurai,Anna Nagar(Uzhavar Sandhai ),Pineapple,2026-09-24,7500.0,7500.0,7500.0,0.0,0.0
Tamil Nadu,Madurai,Chokkikulam(Uzhavar Sandhai ),Pineapple,2026-09-24,6000.0,7000.0,6500.0,0.0,1000.0
Keralam,Ernakulam,Edackattuvayal  Vfpck Market,Pineapple,2026-09-24,4900.0,5150.0,5000.0,0.0,250.0
Haryana,Hissar,Hansi Apmc,Pineapple,2026-09-24,4000.0,6000.0,5000.0,0.0,2000.0
Tamil Nadu,Krishnagiri,Hosur(Uzhavar Sandhai ),Pineapple,2026-09-24,8000.0,10000.0,9000.0,0.0,2000.0
Punjab,Jalandhar,Jalandhar City(Jalandhar) Apmc,Pineapple,2026-09-24,2000.0,3500.0,2700.0,0.0,1500.0
Jammu and Kashmir,Kathua,Kathua (F&V),Pineapple,2026-09-24,4000.0,5000.0,4500.0,0.0,1000.0
Tamil Nadu,Thiruchirappalli,Kknagar(Uzhavar Sandhai ),Pineapple,2026-09-24,9000.0,9000.0,9000.0,0.0,0.0
Manipur,Imphal East,Lamlong Bazaar Apmc,Pineapple,2026-09-24,4000.0,5000.0,4500.0,0.0,1000.0
Jammu and Kashmir,Jammu,Mac F&V Market Narwal Jammu,Pineapple,2026-09-24,6000.0,6500.0,6250.0,0.0,500.0
Jammu and Kashmir,Jammu,Mac F&V Market Narwal Jammu,Pineapple,2026-09-24,4000.0,4500.0,4250.0,0.0,500.0
Tamil Nadu,Thiruvarur,Mannargudi I(Uzhavar Sandhai ),Pineapple,2026-09-24,8000.0,8000.0,8000.0,0.0,0.0
Keralam,Kozhikode(Calicut),Mukkom Market,Pineapple,2026-09-24,8000.0,8500.0,8200.0,0.0,500.0
Keralam,Idukki,Munnar Market,Pineapple,2026-09-24,6000.0,6000.0,6000.0,0.0,0.0
Tamil Nadu,Chengalpattu,Nanganallur(Uzhavar Sandhai ),Pineapple,2026-09-24,7500.0,8000.0,7750.0,0.0,500.0
Keralam,Ernakulam,North Paravur Market,Pineapple,2026-09-24,6000.0,6500.0,6200.0,0.0,500.0
Keralam,Ernakulam,Perumbavoor Market,Pineapple,2026-09-24,5000.0,6000.0,5500.0,0.0,1000.0
Himachal Pradesh,Solan,Pmy Kather Solan,Pineapple,2026-09-24,4000.0,11000.0,6000.0,0.0,7000.0
Maharashtra,Pune,Pune,Pineapple,2026-09-24,5000.0,5000.0,5000.0,0.0,0.0
Tamil Nadu,Namakkal,Rasipuram(Uzhavar Sandhai ),Pineapple,2026-09-24,5000.0,5500.0,5250.0,0.0,500.0
Haryana,Fatehabad,Ratia Apmc,Pineapple,2026-09-24,3200.0,3200.0,3200.0,0.0,0.0
Punjab,Ropar (Rupnagar),Ropar Apmc,Pineapple,2026-09-24,4000.0,4500.0,4200.0,0.0,500.0
Meghalaya,East Khasi Hills,Shillong Apmc,Pineapple,2026-09-24,5000.0,6000.0,5500.0,0.0,1000.0
Punjab,Fatehgarh,Sirhind Apmc,Pineapple,2026-09-24,4000.0,5400.0,5000.0,0.0,1400.0
Himachal Pradesh,Kangra,Smy Dharamshala,Pineapple,2026-09-24,5000.0,8000.0,6500.0,0.0,3000.0
Himachal Pradesh,Kangra,Smy Jaisinghpur,Pineapple,2026-09-24,6000.0,10000.0,8000.0,0.0,4000.0
Himachal Pradesh,Kangra,Smy Palampur,Pineapple,2026-09-24,5000.0,10000.0,7500.0,0.0,5000.0
Punjab,Hoshiarpur,Tanda Urmur Apmc,Pineapple,2026-09-24,4000.0,5000.0,4500.0,0.0,1000.0
Tamil Nadu,Theni,Theni(Uzhavar Sandhai ),Pineapple,2026-09-24,8000.0,8000.0,8000.0,0.0,0.0
Keralam,Ernakulam,Thrippunithura Market,Pineapple,2026-09-24,6400.0,8000.0,6600.0,0.0,1600.0
Tamil Nadu,Thiruvarur,Tiruthuraipoondi(Uzhavar Sandhai ),Pineapple,2026-09-24,6000.0,6000.0,6000.0,0.0,0.0
Tamil Nadu,The Nilgiris,Udhagamandalam(Uzhavar Sandhai ),Pineapple,2026-09-24,6500.0,7000.0,6750.0,0.0,500.0
Tamil Nadu,Nagercoil (Kannyiakumari),Vadaseri Apmc,Pineapple,2026-09-24,5000.0,5500.0,5250.0,0.0,500.0
Punjab,Jalandhar,Jalandhar City(Jalandhar) Apmc,Plum,2026-09-24,2100.0,7000.0,5200.0,0.0,4900.0
Punjab,Sangrur,Malerkotla Apmc,Plum,2026-09-24,8000.0,8000.0,8000.0,0.0,0.0
Tripura,South Tripura,Barpathari Apmc,Pointed Gourd(Parval),2026-09-24,4900.0,5100.0,5000.0,0.0,200.0
Odisha,Mayurbhanja,Betnoti Apmc,Pointed Gourd(Parval),2026-09-24,3800.0,4200.0,4000.0,0.0,400.0
West Bengal,Dakshin Dinajpur,Gangarampur(Dakshin Dinajpur) Apmc,Pointed Gourd(Parval),2026-09-24,3000.0,3500.0,3200.0,0.0,500.0
Odisha,Bargarh,Godbhaga Apmc,Pointed Gourd(Parval),2026-09-24,2650.0,3000.0,2800.0,0.0,350.0
West Bengal,Jhargram,Jhargram Apmc,Pointed Gourd(Parval),2026-09-24,4000.0,4500.0,4300.0,0.0,500.0
Odisha,Dhenkanal,Kamakhyanagar Apmc,Pointed Gourd(Parval),2026-09-24,6000.0,6000.0,6000.0,0.0,0.0
Jammu and Kashmir,Jammu,Mac F&V Market Narwal Jammu,Pointed Gourd(Parval),2026-09-24,5000.0,6000.0,5500.0,0.0,1000.0
Haryana,Mahendragarh-Narnaul,Narnaul Apmc,Pointed Gourd(Parval),2026-09-24,1500.0,2500.0,2000.0,0.0,1000.0
Gujarat,Vadodara(Baroda),Padra Apmc,Pointed Gourd(Parval),2026-09-24,1500.0,1750.0,1625.0,0.0,250.0
Maharashtra,Pune,Pune,Pointed Gourd(Parval),2026-09-24,5000.0,5000.0,5000.0,0.0,0.0
Bihar,East Champaran/ Motihari,Raxaul Apmc,Pointed Gourd(Parval),2026-09-24,2900.0,3100.0,3000.0,0.0,200.0
Odisha,Rayagada,Rayagada(Muniguda) Apmc,Pointed Gourd(Parval),2026-09-24,6400.0,7800.0,6900.0,0.0,1400.0
Uttarakhand,Udhamsinghnagar,Rudrapur Apmc,Pointed Gourd(Parval),2026-09-24,2000.0,3000.0,2500.0,0.0,1000.0
Gujarat,Surat,Surat Apmc,Pointed Gourd(Parval),2026-09-24,1000.0,2000.0,1500.0,0.0,1000.0
Tamil Nadu,Salem,Ammapet(Uzhavar Sandhai ),Pomegranate,2026-09-24,16000.0,18000.0,17000.0,0.0,2000.0
Tamil Nadu,Madurai,Anaiyur(Uzhavar Sandhai ),Pomegranate,2026-09-24,20000.0,24000.0,22000.0,0.0,4000.0
Tamil Nadu,Madurai,Anna Nagar(Uzhavar Sandhai ),Pomegranate,2026-09-24,14000.0,16500.0,15250.0,0.0,2500.0
Tamil Nadu,Ranipet,Arcot(Uzhavar Sandhai ),Pomegranate,2026-09-24,15000.0,15000.0,15000.0,0.0,0.0
Tamil Nadu,Virudhunagar,Aruppukottai(Uzhavar Sandhai ),Pomegranate,2026-09-24,22000.0,24000.0,23000.0,0.0,2000.0
Haryana,Hissar,Barwala(Hisar) Apmc,Pomegranate,2026-09-24,11000.0,14000.0,12000.0,0.0,3000.0
Chandigarh,Chandigarh,Chandigarh (Grain/F&V) Apmc,Pomegranate,2026-09-24,4000.0,15000.0,12000.0,0.0,11000.0
Tamil Nadu,Madurai,Chokkikulam(Uzhavar Sandhai ),Pomegranate,2026-09-24,20000.0,24000.0,22000.0,0.0,4000.0
Jammu and Kashmir,Udhampur,Fruit And Vegetable Market Udhampur,Pomegranate,2026-09-24,14000.0,14000.0,14000.0,0.0,0.0
Punjab,Hoshiarpur,Garh Shankar Apmc,Pomegranate,2026-09-24,7500.0,7500.0,7500.0,0.0,0.0
Tamil Nadu,Chengalpattu,Guduvancheri(Uzhavar Sandhai ),Pomegranate,2026-09-24,12000.0,13000.0,12500.0,0.0,1000.0
Punjab,Gurdaspur,Gurdaspur Apmc,Pomegranate,2026-09-24,9250.0,9250.0,9250.0,0.0,0.0
Haryana,Gurgaon,Gurgaon Apmc,Pomegranate,2026-09-24,5000.0,10000.0,7500.0,0.0,5000.0
Haryana,Hissar,Hansi Apmc,Pomegranate,2026-09-24,8000.0,15000.0,11000.0,0.0,7000.0
Tamil Nadu,Salem,Hasthampatti(Uzhavar Sandhai ),Pomegranate,2026-09-24,14000.0,15000.0,14500.0,0.0,1000.0
Tamil Nadu,Krishnagiri,Hosur(Uzhavar Sandhai ),Pomegranate,2026-09-24,18000.0,20000.0,19000.0,0.0,2000.0
Tamil Nadu,Chengalpattu,Jameenrayapettai(Uzhavar Sandhai ),Pomegranate,2026-09-24,12000.0,14000.0,13000.0,0.0,2000.0
Tamil Nadu,Vellore,Kahithapattarai(Uzhavar Sandhai ),Pomegranate,2026-09-24,18000.0,18000.0,18000.0,0.0,0.0
Tamil Nadu,Kancheepuram,Kancheepuram(Uzhavar Sandhai ),Pomegranate,2026-09-24,12000.0,18000.0,15000.0,0.0,6000.0
Jammu and Kashmir,Kathua,Kathua (F&V),Pomegranate,2026-09-24,12000.0,15000.0,13500.0,0.0,3000.0
Tamil Nadu,Vellore,Katpadi (Uzhavar Sandhai ),Pomegranate,2026-09-24,17000.0,17000.0,17000.0,0.0,0.0
Tamil Nadu,Thiruchirappalli,Kknagar(Uzhavar Sandhai ),Pomegranate,2026-09-24,17000.0,17000.0,17000.0,0.0,0.0
Punjab,Ludhiana,Ludhiana Apmc,Pomegranate,2026-09-24,2000.0,6000.0,4000.0,0.0,4000.0
Jammu and Kashmir,Jammu,Mac F&V Market Narwal Jammu,Pomegranate,2026-09-24,9000.0,20000.0,14500.0,0.0,11000.0
Jammu and Kashmir,Jammu,Mac F&V Market Narwal Jammu,Pomegranate,2026-09-24,7000.0,10000.0,8500.0,0.0,3000.0
Punjab,Sangrur,Malerkotla Apmc,Pomegranate,2026-09-24,5000.0,7500.0,6000.0,0.0,2500.0
Uttarakhand,Haridwar,Manglaur Apmc,Pomegranate,2026-09-24,4000.0,5200.0,5000.0,0.0,1200.0
Tamil Nadu,Thiruvarur,Mannargudi I(Uzhavar Sandhai ),Pomegranate,2026-09-24,15000.0,19000.0,17000.0,0.0,4000.0
Haryana,Rohtak,Meham,Pomegranate,2026-09-24,12000.0,12000.0,12000.0,0.0,0.0
Punjab,Hoshiarpur,Mukerian Apmc,Pomegranate,2026-09-24,11000.0,13000.0,12000.0,0.0,2000.0
Keralam,Idukki,Munnar Market,Pomegranate,2026-09-24,9000.0,9000.0,9000.0,0.0,0.0
Tamil Nadu,Chengalpattu,Nanganallur(Uzhavar Sandhai ),Pomegranate,2026-09-24,13000.0,14000.0,13500.0,0.0,1000.0
Haryana,Mahendragarh-Narnaul,Narnaul Apmc,Pomegranate,2026-09-24,1000.0,13000.0,12000.0,0.0,12000.0
Haryana,Jind,Narwana Apmc,Pomegranate,2026-09-24,10000.0,10000.0,10000.0,0.0,0.0
Tamil Nadu,Kancheepuram,Padappai(Uzhavar Sandhai ),Pomegranate,2026-09-24,12500.0,19000.0,15750.0,0.0,6500.0
Tamil Nadu,Madurai,Palanganatham(Uzhavar Sandhai ),Pomegranate,2026-09-24,18000.0,24000.0,21000.0,0.0,6000.0
Tamil Nadu,Thirunelveli,Palayamkottai(Uzhavar Sandhai ),Pomegranate,2026-09-24,16000.0,20000.0,18000.0,0.0,4000.0
Tamil Nadu,Thiruvellore,Paruthipattu(Uzhavar Sandhai ),Pomegranate,2026-09-24,15000.0,15000.0,15000.0,0.0,0.0
Haryana,Gurgaon,Pataudi Apmc,Pomegranate,2026-09-24,10000.0,12000.0,11000.0,0.0,2000.0
Tamil Nadu,Perambalur,Perambalur(Uzhavar Sandhai ),Pomegranate,2026-09-24,16000.0,18000.0,17000.0,0.0,2000.0
Himachal Pradesh,Chamba,Pmy Chamba,Pomegranate,2026-09-24,10000.0,12000.0,11000.0,0.0,2000.0
Himachal Pradesh,Kangra,Pmy Kangra,Pomegranate,2026-09-24,5000.0,12000.0,8500.0,0.0,7000.0
Himachal Pradesh,Solan,Pmy Kather Solan,Pomegranate,2026-09-24,8500.0,13500.0,11500.0,0.0,5000.0
Tamil Nadu,Pudukkottai,Pudukottai(Uzhavar Sandhai ),Pomegranate,2026-09-24,17500.0,18000.0,17750.0,0.0,500.0
Maharashtra,Pune,Pune,Pomegranate,2026-09-24,8000.0,10000.0,9000.0,0.0,2000.0
Haryana,Mewat,Punhana Apmc,Pomegranate,2026-09-24,6000.0,6000.0,6000.0,0.0,0.0
Haryana,Fatehabad,Ratia Apmc,Pomegranate,2026-09-24,9000.0,9000.0,9000.0,0.0,0.0
Tamil Nadu,Coimbatore,Rspuram(Uzhavar Sandhai ),Pomegranate,2026-09-24,18000.0,19000.0,18500.0,0.0,1000.0
Uttarakhand,Udhamsinghnagar,Rudrapur Apmc,Pomegranate,2026-09-24,8000.0,10000.0,9000.0,0.0,2000.0
Tamil Nadu,Erode,Sampath Nagar(Uzhavar Sandhai ),Pomegranate,2026-09-24,16000.0,17000.0,16500.0,0.0,1000.0
Tamil Nadu,Coimbatore,Singanallur(Uzhavar Sandhai ),Pomegranate,2026-09-24,16000.0,17000.0,16500.0,0.0,1000.0
Punjab,Fatehgarh,Sirhind Apmc,Pomegranate,2026-09-24,7000.0,17000.0,12000.0,0.0,10000.0
Himachal Pradesh,Kullu,Smy Bandrol,Pomegranate,2026-09-24,3000.0,12500.0,7000.0,0.0,9500.0
Himachal Pradesh,Kangra,Smy Dharamshala,Pomegranate,2026-09-24,12000.0,13000.0,12500.0,0.0,1000.0
Himachal Pradesh,Kangra,Smy Nagrota Bagwan,Pomegranate,2026-09-24,7000.0,11000.0,9000.0,0.0,4000.0
Himachal Pradesh,Kangra,Smy Palampur,Pomegranate,2026-09-24,8000.0,15000.0,12000.0,0.0,7000.0
Tamil Nadu,Thanjavur,Thanjavur(Uzhavar Sandhai ),Pomegranate,2026-09-24,20000.0,20000.0,20000.0,0.0,0.0
Tamil Nadu,Salem,Thathakapatti(Uzhavar Sandhai ),Pomegranate,2026-09-24,12000.0,16000.0,14000.0,0.0,4000.0
Tamil Nadu,Theni,Theni(Uzhavar Sandhai ),Pomegranate,2026-09-24,12000.0,22000.0,17000.0,0.0,10000.0
Tamil Nadu,Thiruvannamalai,Tiruvannamalai(Uzhavar Sandhai ),Pomegranate,2026-09-24,14000.0,16000.0,15000.0,0.0,2000.0
Tamil Nadu,Tuticorin,Tuticorin(Uzhavar Sandhai ),Pomegranate,2026-09-24,21000.0,22000.0,21500.0,0.0,1000.0
Tamil Nadu,The Nilgiris,Udhagamandalam(Uzhavar Sandhai ),Pomegranate,2026-09-24,10000.0,11000.0,10500.0,0.0,1000.0
Tamil Nadu,Coimbatore,Udumalpet Apmc,Pomegranate,2026-09-24,17000.0,18000.0,17500.0,0.0,1000.0
Tamil Nadu,Coimbatore,Vadavalli(Uzhavar Sandhai ),Pomegranate,2026-09-24,18000.0,19000.0,18500.0,0.0,1000.0
Tamil Nadu,Vellore,Vellore Apmc,Pomegranate,2026-09-24,18000.0,18000.0,18000.0,0.0,0.0
Punjab,Sangrur,Ahmedgarh Apmc,Potato,2026-09-24,370.0,385.0,385.0,0.0,15.0
Tamil Nadu,Dharmapuri,Ajattihalli(Uzhavar Sandhai ),Potato,2026-09-24,2500.0,3000.0,2750.0,0.0,500.0
Tamil Nadu,Pudukkottai,Alangudi(Uzhavar Sandhai ),Potato,2026-09-24,5000.0,6000.0,5500.0,0.0,1000.0
Tamil Nadu,Salem,Ammapet(Uzhavar Sandhai ),Potato,2026-09-24,4500.0,5000.0,4750.0,0.0,500.0
Tamil Nadu,Madurai,Anaiyur(Uzhavar Sandhai ),Potato,2026-09-24,5000.0,5500.0,5250.0,0.0,500.0
Tamil Nadu,Theni,Andipatti(Uzhavar Sandhai ),Potato,2026-09-24,2800.0,3000.0,2900.0,0.0,200.0
Tamil Nadu,Madurai,Anna Nagar(Uzhavar Sandhai ),Potato,2026-09-24,6400.0,6400.0,6400.0,0.0,0.0
Tamil Nadu,Thiruvannamalai,Arani(Uzhavar Sandhai ),Potato,2026-09-24,3000.0,3600.0,3300.0,0.0,600.0
Tamil Nadu,Ranipet,Arcot(Uzhavar Sandhai ),Potato,2026-09-24,3000.0,3000.0,3000.0,0.0,0.0
Tamil Nadu,Ariyalur,Ariyalur(Uzhavar Sandhai),Potato,2026-09-24,3000.0,3500.0,3250.0,0.0,500.0
Tamil Nadu,Virudhunagar,Aruppukottai(Uzhavar Sandhai ),Potato,2026-09-24,3000.0,3500.0,3250.0,0.0,500.0
Keralam,Kottayam,Athirampuzha Market,Potato,2026-09-24,3000.0,3400.0,3200.0,0.0,400.0
Tamil Nadu,Salem,Athur(Uzhavar Sandhai ),Potato,2026-09-24,5000.0,5500.0,5250.0,0.0,500.0
Tamil Nadu,Krishnagiri,Avallapalli(Uzhavar Sandhai ),Potato,2026-09-24,2000.0,2500.0,2250.0,0.0,500.0
Uttar Pradesh,Badaun,Babrala Apmc,Potato,2026-09-24,580.0,600.0,590.0,0.0,20.0
Uttar Pradesh,Badaun,Badayoun Apmc,Potato,2026-09-24,550.0,550.0,550.0,0.0,0.0
Punjab,Moga,Baghapurana Apmc,Potato,2026-09-24,600.0,800.0,700.0,0.0,200.0
Nagaland,Wokha,Baghty Apmc,Potato,2026-09-24,600.0,1000.0,800.0,0.0,400.0
Uttar Pradesh,Barabanki,Barabanki Apmc,Potato,2026-09-24,600.0,600.0,600.0,0.0,0.0
Haryana,Hissar,Barwala(Hisar) Apmc,Potato,2026-09-24,800.0,1000.0,900.0,0.0,200.0
Rajasthan,Jaipur,Bassi Apmc,Potato,2026-09-24,1500.0,1700.0,1600.0,0.0,200.0
Rajasthan,Bharatpur,Bayana Apmc,Potato,2026-09-24,1200.0,1200.0,1200.0,0.0,0.0
Madhya Pradesh,Betul,Betul(F&V) Apmc,Potato,2026-09-24,600.0,1200.0,900.0,0.0,600.0
Punjab,Bhatinda,Bhagta Bhai Ka Apmc,Potato,2026-09-24,700.0,700.0,700.0,0.0,0.0
Uttarakhand,Haridwar,Bhagwanpur(Naveen Mandi Sthal) Apmc,Potato,2026-09-24,450.0,700.0,600.0,0.0,250.0
Uttar Pradesh,Sambhal,Bhehjoi Apmc,Potato,2026-09-24,525.0,527.0,526.0,0.0,2.0
Punjab,Jalandhar,Bhogpur Apmc,Potato,2026-09-24,500.0,500.0,500.0,0.0,0.0
Punjab,Bhatinda,Bhucho Apmc,Potato,2026-09-24,700.0,700.0,700.0,0.0,0.0
West Bengal,Bankura,Bishnupur(Bankura) Apmc,Potato,2026-09-24,580.0,660.0,640.0,0.0,80.0
Tamil Nadu,Theni,Bodinayakanur(Uzhavar Sandhai ),Potato,2026-09-24,3000.0,3000.0,3000.0,0.0,0.0
Odisha,Boudh,Boudh Apmc,Potato,2026-09-24,1800.0,2200.0,2000.0,0.0,400.0
Uttar Pradesh,Bulandshahar,Buland Shahr Apmc,Potato,2026-09-24,600.0,600.0,600.0,0.0,0.0
Chandigarh,Chandigarh,Chandigarh (Grain/F&V) Apmc,Potato,2026-09-24,400.0,1400.0,1000.0,0.0,1000.0
Tamil Nadu,Thiruvannamalai,Chengam(Uzhavar Sandhai ),Potato,2026-09-24,2500.0,3000.0,2750.0,0.0,500.0
Keralam,Alappuzha,Chengannur Market,Potato,2026-09-24,2200.0,2600.0,2500.0,0.0,400.0
Tamil Nadu,Thiruvannamalai,Cheyyar(Uzhavar Sandhai ),Potato,2026-09-24,3000.0,3600.0,3300.0,0.0,600.0
Bihar,Chhapra,Chhapra Apmc,Potato,2026-09-24,1100.0,1300.0,1200.0,0.0,200.0
Uttar Pradesh,Kannuj,Chhibramau Apmc,Potato,2026-09-24,500.0,500.0,500.0,0.0,0.0
Tamil Nadu,Cuddalore,Chidambaram(Uzhavar Sandhai ),Potato,2026-09-24,4000.0,4000.0,4000.0,0.0,0.0
Tamil Nadu,Dindigul,Chinnalapatti(Uzhavar Sandhai ),Potato,2026-09-24,4000.0,5000.0,4500.0,0.0,1000.0
Tamil Nadu,Theni,Chinnamanur(Uzhavar Sandhai ),Potato,2026-09-24,4800.0,4800.0,4800.0,0.0,0.0
Tamil Nadu,Madurai,Chokkikulam(Uzhavar Sandhai ),Potato,2026-09-24,3000.0,5500.0,4250.0,0.0,2500.0
Rajasthan,Churu,Churu Apmc,Potato,2026-09-24,900.0,1000.0,950.0,0.0,100.0
Tamil Nadu,The Nilgiris,Coonoor(Uzhavar Sandhai ),Potato,2026-09-24,4500.0,5000.0,4750.0,0.0,500.0
Tamil Nadu,Cuddalore,Cuddalore(Uzhavar Sandhai ),Potato,2026-09-24,4000.0,4000.0,4000.0,0.0,0.0
West Bengal,Darjeeling,Darjeeling Apmc,Potato,2026-09-24,1350.0,1500.0,1400.0,0.0,150.0
Tripura,North Tripura,Dasda Apmc,Potato,2026-09-24,1500.0,1600.0,1550.0,0.0,100.0
Tamil Nadu,Krishnagiri,Denkanikottai(Uzhavar Sandhai ),Potato,2026-09-24,2000.0,2500.0,2250.0,0.0,500.0
Punjab,Mohali,Dera Bassi Apmc,Potato,2026-09-24,1500.0,1500.0,1500.0,0.0,0.0
Tamil Nadu,Sivaganga,Devakottai (Uzhavar Sandhai ),Potato,2026-09-24,3200.0,3400.0,3300.0,0.0,200.0
Tamil Nadu,Theni,Devaram(Uzhavar Sandhai ),Potato,2026-09-24,3000.0,3000.0,3000.0,0.0,0.0
Haryana,Kaithal,Dhand Apmc,Potato,2026-09-24,800.0,1000.0,950.0,0.0,200.0
Tamil Nadu,Thirupur,Dharapuram(Uzhavar Sandhai ),Potato,2026-09-24,6000.0,6500.0,6250.0,0.0,500.0
Tamil Nadu,Dharmapuri,Dharmapuri(Uzhavar Sandhai ),Potato,2026-09-24,2800.0,3000.0,2900.0,0.0,200.0
Tamil Nadu,Dindigul,Dindigul(Uzhavar Sandhai ),Potato,2026-09-24,4000.0,5000.0,4500.0,0.0,1000.0
Punjab,Ludhiana,Doraha Apmc,Potato,2026-09-24,250.0,800.0,600.0,0.0,550.0
Tamil Nadu,Salem,Edapadi (Uzhavar Sandhai ),Potato,2026-09-24,2500.0,3000.0,2750.0,0.0,500.0
Tamil Nadu,Salem,Elampillai(Uzhavar Sandhai ),Potato,2026-09-24,4000.0,5000.0,4500.0,0.0,1000.0
Uttar Pradesh,Etawah,Etawah Apmc,Potato,2026-09-24,500.0,500.0,500.0,0.0,0.0
Uttar Pradesh,Fatehpur,Fatehpur Apmc,Potato,2026-09-24,700.0,700.0,700.0,0.0,0.0
Tamil Nadu,Pudukkottai,Gandarvakottai(Uzhavar Sandhai ),Potato,2026-09-24,4500.0,5000.0,4750.0,0.0,500.0
Tamil Nadu,Karur,Gandhigramam(Uzhavar Sandhai),Potato,2026-09-24,4000.0,6000.0,5000.0,0.0,2000.0
West Bengal,Dakshin Dinajpur,Gangarampur(Dakshin Dinajpur) Apmc,Potato,2026-09-24,580.0,600.0,590.0,0.0,20.0
Punjab,Hoshiarpur,Garh Shankar Apmc,Potato,2026-09-24,800.0,800.0,800.0,0.0,0.0
Punjab,Hoshiarpur,Garhshankar (Kotfatuhi) Apmc,Potato,2026-09-24,900.0,900.0,900.0,0.0,0.0
Tamil Nadu,Villupuram,Gingee(Uzhavar Sandhai ),Potato,2026-09-24,4000.0,4000.0,4000.0,0.0,0.0
Tamil Nadu,Erode,Gobichettipalayam(Uzhavar Sandhai ),Potato,2026-09-24,3500.0,4000.0,3750.0,0.0,500.0
Gujarat,Rajkot,Gondal(Veg.Market Gondal) Apmc,Potato,2026-09-24,750.0,1300.0,1025.0,0.0,550.0
Tamil Nadu,The Nilgiris,Gudalur(Uzhavar Sandhai ),Potato,2026-09-24,4500.0,5000.0,4750.0,0.0,500.0
Tamil Nadu,Vellore,Gudiyatham(Uzhavar Sandhai ),Potato,2026-09-24,3600.0,3600.0,3600.0,0.0,0.0
Tamil Nadu,Chengalpattu,Guduvancheri(Uzhavar Sandhai ),Potato,2026-09-24,2500.0,3000.0,2750.0,0.0,500.0
Punjab,Gurdaspur,Gurdaspur Apmc,Potato,2026-09-24,800.0,800.0,800.0,0.0,0.0
Haryana,Gurgaon,Gurgaon Apmc,Potato,2026-09-24,600.0,1000.0,800.0,0.0,400.0
Uttar Pradesh,Hathras,Haathras Apmc,Potato,2026-09-24,520.0,520.0,520.0,0.0,0.0
Haryana,Hissar,Hansi Apmc,Potato,2026-09-24,1000.0,4000.0,1000.0,0.0,3000.0
Uttar Pradesh,Ghaziabad,Hapur Apmc,Potato,2026-09-24,600.0,600.0,600.0,0.0,0.0
Uttarakhand,Haridwar,Haridwar Union Apmc,Potato,2026-09-24,700.0,900.0,850.0,0.0,200.0
Tamil Nadu,Dharmapuri,Harur(Uzhavar Sandhai ),Potato,2026-09-24,2500.0,3000.0,2750.0,0.0,500.0
Tamil Nadu,Salem,Hasthampatti(Uzhavar Sandhai ),Potato,2026-09-24,4600.0,5000.0,4800.0,0.0,400.0
Tamil Nadu,Krishnagiri,Hosur(Uzhavar Sandhai ),Potato,2026-09-24,2000.0,2500.0,2250.0,0.0,500.0
Tamil Nadu,Salem,Jalagandapuram(Uzhavar Sandhai ),Potato,2026-09-24,2600.0,3000.0,2800.0,0.0,400.0
Tamil Nadu,Chengalpattu,Jameenrayapettai(Uzhavar Sandhai ),Potato,2026-09-24,2500.0,3000.0,2750.0,0.0,500.0
Uttar Pradesh,Ghazipur,Jangipura Apmc,Potato,2026-09-24,800.0,800.0,800.0,0.0,0.0
Uttar Pradesh,Etawah,Jasvantnagar Apmc,Potato,2026-09-24,500.0,500.0,500.0,0.0,0.0
Haryana,Jhajar,Jhajjar Apmc,Potato,2026-09-24,1100.0,1100.0,1100.0,0.0,0.0
West Bengal,Jhargram,Jhargram Apmc,Potato,2026-09-24,700.0,780.0,740.0,0.0,80.0
Tamil Nadu,Vellore,Kahithapattarai(Uzhavar Sandhai ),Potato,2026-09-24,2800.0,2800.0,2800.0,0.0,0.0
Uttar Pradesh,Shamli,Kairana Apmc,Potato,2026-09-24,700.0,700.0,700.0,0.0,0.0
Tamil Nadu,Kallakuruchi,Kallakurichi(Uzhavar Sandhai ),Potato,2026-09-24,4000.0,4000.0,4000.0,0.0,0.0
Odisha,Dhenkanal,Kamakhyanagar Apmc,Potato,2026-09-24,3000.0,3000.0,3000.0,0.0,0.0
Tamil Nadu,Theni,Kambam(Uzhavar Sandhai ),Potato,2026-09-24,3000.0,3000.0,3000.0,0.0,0.0
Uttar Pradesh,Farukhabad,Kamlaganj Apmc,Potato,2026-09-24,500.0,500.0,500.0,0.0,0.0
Tamil Nadu,Kancheepuram,Kancheepuram(Uzhavar Sandhai ),Potato,2026-09-24,2800.0,4000.0,3400.0,0.0,1200.0
Uttar Pradesh,Kanpur,Kanpur(Grain) Apmc,Potato,2026-09-24,550.0,550.0,550.0,0.0,0.0
Tamil Nadu,Sivaganga,Karaikudi(Uzhavar Sandhai ),Potato,2026-09-24,5400.0,5800.0,5600.0,0.0,400.0
Tamil Nadu,Pudukkottai,Karambakkudi(Uzhavar Sandhai ),Potato,2026-09-24,5000.0,6000.0,5500.0,0.0,1000.0
Tamil Nadu,Dharmapuri,Karimangalam(Uzhavar Sandhai),Potato,2026-09-24,2800.0,3000.0,2900.0,0.0,200.0
Tamil Nadu,Virudhunagar,Kariyapatti(Uzhavar Sandhai ),Potato,2026-09-24,3000.0,3500.0,3250.0,0.0,500.0
West Bengal,Darjeeling,Karsiyang(Matigara) Apmc,Potato,2026-09-24,1350.0,1500.0,1400.0,0.0,150.0
Tamil Nadu,Karur,Karur(Uzhavar Sandhai ),Potato,2026-09-24,5500.0,6000.0,5750.0,0.0,500.0
Tamil Nadu,Vellore,Katpadi (Uzhavar Sandhai ),Potato,2026-09-24,3200.0,3200.0,3200.0,0.0,0.0
Tamil Nadu,Krishnagiri,Kaveripattinam(Uzhavar Sandhai ),Potato,2026-09-24,4000.0,4000.0,4000.0,0.0,0.0
Uttar Pradesh,Agra,Khairagarh Apmc,Potato,2026-09-24,500.0,600.0,550.0,0.0,100.0
Madhya Pradesh,Khandwa,Khandwa(F&V) Apmc,Potato,2026-09-24,350.0,800.0,400.0,0.0,450.0
Punjab,Mohali,Kharar Apmc,Potato,2026-09-24,700.0,900.0,800.0,0.0,200.0
West Bengal,Bankura,Khatra Apmc,Potato,2026-09-24,600.0,700.0,660.0,0.0,100.0
Odisha,Boudh,Khunthabandha Apmc,Potato,2026-09-24,1800.0,2200.0,2000.0,0.0,400.0
Uttarakhand,Udhamsinghnagar,Kicchha Apmc,Potato,2026-09-24,500.0,700.0,600.0,0.0,200.0
Tamil Nadu,Thiruchirappalli,Kknagar(Uzhavar Sandhai ),Potato,2026-09-24,6400.0,6400.0,6400.0,0.0,0.0
Tamil Nadu,Dindigul,Kodaikkanal(Uzhavar Sandhai),Potato,2026-09-24,4500.0,5000.0,4750.0,0.0,500.0
West Bengal,Medinipur(E),Kolaghat Apmc,Potato,2026-09-24,780.0,820.0,800.0,0.0,40.0
Punjab,Faridkot,Kotkapura Apmc,Potato,2026-09-24,700.0,850.0,800.0,0.0,150.0
Tamil Nadu,Tuticorin,Kovilpatti(Uzhavar Sandhai ),Potato,2026-09-24,3000.0,3500.0,3250.0,0.0,500.0
Tamil Nadu,Krishnagiri,Krishnagiri(Uzhavar Sandhai ),Potato,2026-09-24,2200.0,2600.0,2400.0,0.0,400.0
Tamil Nadu,Karur,Kulithalai(Uzhavar Sandhai ),Potato,2026-09-24,4500.0,5000.0,4750.0,0.0,500.0
Tamil Nadu,Namakkal,Kumarapalayam(Uzhavar Sandhai ),Potato,2026-09-24,3000.0,3500.0,3250.0,0.0,500.0
Tamil Nadu,Thanjavur,Kumbakonam (Uzhavar Sandhai ),Potato,2026-09-24,3000.0,3600.0,3300.0,0.0,600.0
Tamil Nadu,Kancheepuram,Kundrathur(Uzhavar Sandhai ),Potato,2026-09-24,2800.0,2800.0,2800.0,0.0,0.0
Tamil Nadu,Thiruchirappalli,Lalgudi(Uzhavar Sandhai ),Potato,2026-09-24,2800.0,6400.0,4600.0,0.0,3600.0
Punjab,Mohali,Lalru Apmc,Potato,2026-09-24,800.0,800.0,800.0,0.0,0.0
Manipur,Imphal East,Lamlong Bazaar Apmc,Potato,2026-09-24,2500.0,3000.0,2750.0,0.0,500.0
Punjab,Jalandhar,Lohian Khas Apmc,Potato,2026-09-24,300.0,500.0,400.0,0.0,200.0
Punjab,Ludhiana,Ludhiana Apmc,Potato,2026-09-24,100.0,600.0,300.0,0.0,500.0
Jammu and Kashmir,Jammu,Mac F&V Market Narwal Jammu,Potato,2026-09-24,800.0,1400.0,1100.0,0.0,600.0
Bihar,Madhubani,Madhubani Apmc,Potato,2026-09-24,1050.0,1200.0,1100.0,0.0,150.0
Tamil Nadu,Chengalpattu,Madhuranthagam(Uzhavar Sandhai ),Potato,2026-09-24,4000.0,4000.0,4000.0,0.0,0.0
Punjab,Sangrur,Malerkotla Apmc,Potato,2026-09-24,280.0,500.0,400.0,0.0,220.0
Tamil Nadu,Thiruchirappalli,Manachanallur(Uzhavar Sandhai ),Potato,2026-09-24,3000.0,3000.0,3000.0,0.0,0.0
Tamil Nadu,Thiruchirappalli,Manapparai(Uzhavar Sandhai ),Potato,2026-09-24,3000.0,4000.0,3500.0,0.0,1000.0
Madhya Pradesh,Dhar,Manawar(F&V) Apmc,Potato,2026-09-24,1000.0,1150.0,1067.0,0.0,150.0
Madhya Pradesh,Mandsaur,Mandsaur(F&V) Apmc,Potato,2026-09-24,800.0,1200.0,1000.0,0.0,400.0
Uttarakhand,Haridwar,Manglaur Apmc,Potato,2026-09-24,600.0,800.0,700.0,0.0,200.0
Tamil Nadu,Thiruvarur,Mannargudi I(Uzhavar Sandhai ),Potato,2026-09-24,3200.0,3200.0,3200.0,0.0,0.0
Tamil Nadu,Thiruvarur,Mannargudi Ii(Uzhavar Sandhai ),Potato,2026-09-24,3200.0,3200.0,3200.0,0.0,0.0
Goa,North Goa,Mapusa Apmc,Potato,2026-09-24,1200.0,1600.0,1500.0,0.0,400.0
Uttar Pradesh,Mathura,Mathura Apmc,Potato,2026-09-24,600.0,700.0,652.63,0.0,100.0
Tamil Nadu,Nagapattinam,Mayiladuthurai(Uzhavar Sandhai ),Potato,2026-09-24,3000.0,3000.0,3000.0,0.0,0.0
Tamil Nadu,Thirunelveli,Melapalayam(Uzhavar Sandhai ),Potato,2026-09-24,2600.0,2800.0,2700.0,0.0,200.0
Tamil Nadu,Coimbatore,Mettupalayam(Uzhavar Sandhai ),Potato,2026-09-24,4000.0,5000.0,4500.0,0.0,1000.0
Tamil Nadu,Salem,Mettur(Uzhavar Sandhai ),Potato,2026-09-24,4200.0,4600.0,4400.0,0.0,400.0
Tamil Nadu,Namakkal,Mohanur(Uzhavar Sandhai ),Potato,2026-09-24,2800.0,3500.0,3150.0,0.0,700.0
Bihar,East Champaran/ Motihari,Motihari Apmc,Potato,2026-09-24,1100.0,1300.0,1200.0,0.0,200.0
Punjab,Hoshiarpur,Mukerian Apmc,Potato,2026-09-24,800.0,1000.0,900.0,0.0,200.0
Keralam,Kozhikode(Calicut),Mukkom Market,Potato,2026-09-24,2400.0,2600.0,2500.0,0.0,200.0
Uttar Pradesh,Ghaziabad,Muradnagar Apmc,Potato,2026-09-24,800.0,800.0,800.0,0.0,0.0
Tamil Nadu,Thiruchirappalli,Musiri(Uzhavar Sandhai ),Potato,2026-09-24,2800.0,3000.0,2900.0,0.0,200.0
Tamil Nadu,Thiruvarur,Muthupettai(Uzhavar Sandhai ),Potato,2026-09-24,3000.0,3000.0,3000.0,0.0,0.0
Tamil Nadu,Nagapattinam,Nagapattinam(Uzhavar Sandhai ),Potato,2026-09-24,4300.0,4300.0,4300.0,0.0,0.0
Tamil Nadu,Namakkal,Namakkal(Uzhavar Sandhai ),Potato,2026-09-24,2500.0,3000.0,2750.0,0.0,500.0
Tamil Nadu,Chengalpattu,Nanganallur(Uzhavar Sandhai ),Potato,2026-09-24,3500.0,4000.0,3750.0,0.0,500.0
Haryana,Mahendragarh-Narnaul,Narnaul Apmc,Potato,2026-09-24,800.0,1000.0,900.0,0.0,200.0
Haryana,Jind,Narwana Apmc,Potato,2026-09-24,600.0,600.0,600.0,0.0,0.0
Tamil Nadu,Thirupathur,Natrampalli(Uzhavar Sandhai ),Potato,2026-09-24,3000.0,3500.0,3250.0,0.0,500.0
Punjab,Moga,Nihal Singh Wala Apmc,Potato,2026-09-24,750.0,750.0,750.0,0.0,0.0
Tamil Nadu,Kancheepuram,Padappai(Uzhavar Sandhai ),Potato,2026-09-24,2800.0,4000.0,3400.0,0.0,1200.0
Gujarat,Vadodara(Baroda),Padra Apmc,Potato,2026-09-24,1500.0,2000.0,1750.0,0.0,500.0
Tamil Nadu,Dharmapuri,Palacode(Uzhavar Sandhai ),Potato,2026-09-24,2800.0,3000.0,2900.0,0.0,200.0
Andhra Pradesh,Chittor,Palamaner Apmc,Potato,2026-09-24,1200.0,2000.0,1600.0,0.0,800.0
Tamil Nadu,Madurai,Palanganatham(Uzhavar Sandhai ),Potato,2026-09-24,5000.0,5500.0,5250.0,0.0,500.0
Tamil Nadu,Dindigul,Palani(Uzhavar Sandhai ),Potato,2026-09-24,3400.0,4000.0,3700.0,0.0,600.0
Tamil Nadu,Thirunelveli,Palayamkottai(Uzhavar Sandhai ),Potato,2026-09-24,2600.0,2800.0,2700.0,0.0,200.0
Uttar Pradesh,Lakhimpur,Paliakala Apmc,Potato,2026-09-24,900.0,900.0,900.0,0.0,0.0
Tamil Nadu,Thirupur,Palladam(Uzhavar Sandhai ),Potato,2026-09-24,2500.0,3000.0,2750.0,0.0,500.0
Tamil Nadu,Chengalpattu,Pallavaram(Uzhavar Sandhai ),Potato,2026-09-24,2500.0,3000.0,2750.0,0.0,500.0
Tamil Nadu,Vellore,Pallikonda(Uzhavar Sandhai),Potato,2026-09-24,2500.0,3000.0,2750.0,0.0,500.0
Tamil Nadu,Cuddalore,Panruti(Uzhavar Sandhai ),Potato,2026-09-24,4000.0,4000.0,4000.0,0.0,0.0
Tamil Nadu,Thanjavur,Papanasam(Uzhavar Sandhai ),Potato,2026-09-24,3000.0,3600.0,3300.0,0.0,600.0
Tamil Nadu,Ramanathapuram,Paramakudi(Uzhavar Sandhai ),Potato,2026-09-24,5000.0,5400.0,5200.0,0.0,400.0
Tamil Nadu,Namakkal,Paramathivelur(Uzhavar Sandhai ),Potato,2026-09-24,2600.0,3000.0,2800.0,0.0,400.0
Tamil Nadu,Thiruvellore,Paruthipattu(Uzhavar Sandhai ),Potato,2026-09-24,4000.0,4000.0,4000.0,0.0,0.0
Haryana,Gurgaon,Pataudi Apmc,Potato,2026-09-24,700.0,800.0,750.0,0.0,100.0
Punjab,Pathankot,Pathankot Apmc,Potato,2026-09-24,400.0,400.0,400.0,0.0,0.0
Keralam,Palakad,Pattambi Market,Potato,2026-09-24,2600.0,3000.0,2800.0,0.0,400.0
Punjab,Tarntaran,Patti Apmc,Potato,2026-09-24,0.01,0.01,0.01,0.0,0.0
Tamil Nadu,Thanjavur,Pattukottai(Uzhavar Sandhai ),Potato,2026-09-24,3000.0,3000.0,3000.0,0.0,0.0
Tamil Nadu,Dharmapuri,Pennagaram(Uzhavar Sandhai ),Potato,2026-09-24,2800.0,3000.0,2900.0,0.0,200.0
Tamil Nadu,Perambalur,Perambalur(Uzhavar Sandhai ),Potato,2026-09-24,3400.0,4000.0,3700.0,0.0,600.0
Tamil Nadu,Vellore,Perampet(Uzhavar Sandhai),Potato,2026-09-24,3000.0,3000.0,3000.0,0.0,0.0
Tamil Nadu,Thanjavur,Peravurani(Uzhavar Sandhai),Potato,2026-09-24,3000.0,3000.0,3000.0,0.0,0.0
Tamil Nadu,Theni,Periyakulam(Uzhavar Sandhai ),Potato,2026-09-24,3000.0,3000.0,3000.0,0.0,0.0
Keralam,Ernakulam,Perumbavoor Market,Potato,2026-09-24,4000.0,5000.0,4500.0,0.0,1000.0
Tamil Nadu,Erode,Perundurai(Uzhavar Sandhai ),Potato,2026-09-24,3500.0,4000.0,3750.0,0.0,500.0
Himachal Pradesh,Chamba,Pmy Chamba,Potato,2026-09-24,1000.0,1200.0,1100.0,0.0,200.0
Himachal Pradesh,Kangra,Pmy Kangra,Potato,2026-09-24,1200.0,2200.0,1500.0,0.0,1000.0
Tamil Nadu,Coimbatore,Pollachi(Uzhavar Sandhai ),Potato,2026-09-24,4000.0,5000.0,4500.0,0.0,1000.0
Tamil Nadu,Thiruvannamalai,Polur(Uzhavar Sandhai ),Potato,2026-09-24,3300.0,4000.0,3650.0,0.0,700.0
Uttar Pradesh,Pratapgarh,Pratapgarh Apmc,Potato,2026-09-24,600.0,600.0,600.0,0.0,0.0
Uttar Pradesh,Prayagraj,Prayagraj Apmc,Potato,2026-09-24,700.0,700.0,700.0,0.0,0.0
Tamil Nadu,Pudukkottai,Pudukottai(Uzhavar Sandhai ),Potato,2026-09-24,5500.0,6000.0,5750.0,0.0,500.0
Maharashtra,Pune,Pune,Potato,2026-09-24,900.0,1200.0,1050.0,0.0,300.0
Punjab,Gurdaspur,Quadian Apmc,Potato,2026-09-24,400.0,600.0,500.0,0.0,200.0
Punjab,Ludhiana,Raikot Apmc,Potato,2026-09-24,690.0,690.0,690.0,0.0,0.0
Odisha,Sambalpur,Rairakhol Apmc,Potato,2026-09-24,1200.0,1600.0,1400.0,0.0,400.0
Tamil Nadu,Virudhunagar,Rajapalayam(Uzhavar Sandhai ),Potato,2026-09-24,3000.0,3500.0,3250.0,0.0,500.0
Punjab,Patiala,Rajpura Apmc,Potato,2026-09-24,790.0,890.0,850.0,0.0,100.0
Rajasthan,Rajsamand,Rajsamand Apmc,Potato,2026-09-24,800.0,1200.0,1000.0,0.0,400.0
Tamil Nadu,Ramanathapuram,Ramanathapuram(Uzhavar Sandhai ),Potato,2026-09-24,5000.0,5200.0,5100.0,0.0,200.0
Punjab,Bhatinda,Rampuraphul(Nabha Mandi) Apmc,Potato,2026-09-24,500.0,600.0,550.0,0.0,100.0
Haryana,Sirsa,Rania Apmc,Potato,2026-09-24,0.11,0.14,0.12,0.0,0.030000000000000013
Haryana,Sirsa,Rania(Jiwan Nagar) Apmc,Potato,2026-09-24,50.0,80.0,70.0,0.0,30.0
Tamil Nadu,Ranipet,Ranipettai(Uzhavar Sandhai ),Potato,2026-09-24,3300.0,3300.0,3300.0,0.0,0.0
Tamil Nadu,Namakkal,Rasipuram(Uzhavar Sandhai ),Potato,2026-09-24,3200.0,3500.0,3350.0,0.0,300.0
Haryana,Fatehabad,Ratia Apmc,Potato,2026-09-24,550.0,600.0,570.0,0.0,50.0
Rajasthan,Hanumangarh,Rawatsar Apmc,Potato,2026-09-24,500.0,800.0,600.0,0.0,300.0
Bihar,East Champaran/ Motihari,Raxaul Apmc,Potato,2026-09-24,1400.0,1600.0,1500.0,0.0,200.0
Punjab,Amritsar,Rayya Apmc,Potato,2026-09-24,582.0,582.0,582.0,0.0,0.0
Haryana,Rewari,Rewari Apmc,Potato,2026-09-24,800.0,1600.0,1200.0,0.0,800.0
Uttarakhand,Haridwar,Roorkee Apmc,Potato,2026-09-24,800.0,1200.0,1000.0,0.0,400.0
Punjab,Ropar (Rupnagar),Ropar Apmc,Potato,2026-09-24,700.0,900.0,800.0,0.0,200.0
Tamil Nadu,Coimbatore,Rspuram(Uzhavar Sandhai ),Potato,2026-09-24,4600.0,5000.0,4800.0,0.0,400.0
Uttarakhand,Udhamsinghnagar,Rudrapur Apmc,Potato,2026-09-24,500.0,800.0,700.0,0.0,300.0
Uttar Pradesh,Bahraich,Rupaidiha Apmc,Potato,2026-09-24,948.0,1020.0,986.77,0.0,72.0
Telangana,Hyderabad,Rythu Bazar Mehdipatnam,Potato,2026-09-24,1700.0,1700.0,1700.0,0.0,0.0
Haryana,Yamuna Nagar,Sadhaura Apmc,Potato,2026-09-24,700.0,900.0,800.0,0.0,200.0
Tamil Nadu,Erode,Sampath Nagar(Uzhavar Sandhai ),Potato,2026-09-24,4500.0,4800.0,4650.0,0.0,300.0
Punjab,Ludhiana,Samrala Apmc,Potato,2026-09-24,400.0,500.0,450.0,0.0,100.0
Rajasthan,Jalore,Sanchore Apmc,Potato,2026-09-24,850.0,1000.0,950.0,0.0,150.0
Rajasthan,Hanumangarh,Sangriya Apmc,Potato,2026-09-24,1200.0,2400.0,1800.0,0.0,1200.0
Tamil Nadu,Kallakuruchi,Sankarapuram(Uzhavar Sandhai ),Potato,2026-09-24,3500.0,3500.0,3500.0,0.0,0.0
Telangana,Ranga Reddy,"Saroornagar,Rbz",Potato,2026-09-24,1700.0,1700.0,1700.0,0.0,0.0
Tamil Nadu,Erode,Sathiyamagalam(Uzhavar Sandhai ),Potato,2026-09-24,3500.0,4000.0,3750.0,0.0,500.0
Tamil Nadu,Virudhunagar,Sathur(Uzhavar Sandhai ),Potato,2026-09-24,3500.0,4000.0,3750.0,0.0,500.0
Uttar Pradesh,Hathras,Shadabad Apmc,Potato,2026-09-24,500.0,500.0,500.0,0.0,0.0
Uttar Pradesh,Shamli,Shamli Apmc,Potato,2026-09-24,1000.0,1200.0,1056.0,0.0,200.0
Telangana,Ranga Reddy,Shankarapally Apmc,Potato,2026-09-24,2000.0,2000.0,2000.0,0.0,0.0
Uttar Pradesh,Firozabad,Shikohabad Apmc,Potato,2026-09-24,500.0,500.0,500.0,0.0,0.0
Meghalaya,East Khasi Hills,Shillong Apmc,Potato,2026-09-24,1600.0,1800.0,1700.0,0.0,200.0
Uttar Pradesh,Bulandshahar,Sikanderabad Apmc,Potato,2026-09-24,700.0,700.0,700.0,0.0,0.0
Tamil Nadu,Sivaganga,Singampunari(Uzhavar Sandhai ),Potato,2026-09-24,5200.0,5600.0,5400.0,0.0,400.0
Tamil Nadu,Coimbatore,Singanallur(Uzhavar Sandhai ),Potato,2026-09-24,4800.0,5200.0,5000.0,0.0,400.0
Punjab,Fatehgarh,Sirhind Apmc,Potato,2026-09-24,486.0,800.0,700.0,0.0,314.0
Tamil Nadu,Nagapattinam,Sirkali(Uzhavar Sandhai ),Potato,2026-09-24,3600.0,4000.0,3800.0,0.0,400.0
Tamil Nadu,Sivaganga,Sivagangai (Uzhavar Sandhai ),Potato,2026-09-24,5200.0,5600.0,5400.0,0.0,400.0
Tamil Nadu,Virudhunagar,Sivakasi(Uzhavar Sandhai ),Potato,2026-09-24,2500.0,3000.0,2750.0,0.0,500.0
Himachal Pradesh,Kangra,Smy Baijnath,Potato,2026-09-24,1400.0,2400.0,2000.0,0.0,1000.0
Himachal Pradesh,Kangra,Smy Dharamshala,Potato,2026-09-24,1000.0,2000.0,1500.0,0.0,1000.0
Himachal Pradesh,Kangra,Smy Jaisinghpur,Potato,2026-09-24,1400.0,2600.0,2000.0,0.0,1200.0
Himachal Pradesh,Mandi,Smy Jogindernagar,Potato,2026-09-24,1300.0,2300.0,1800.0,0.0,1000.0
Himachal Pradesh,Kangra,Smy Jwalaji,Potato,2026-09-24,1200.0,2200.0,1600.0,0.0,1000.0
Himachal Pradesh,Kangra,Smy Nagrota Bagwan,Potato,2026-09-24,1000.0,2000.0,1400.0,0.0,1000.0
Himachal Pradesh,Kangra,Smy Palampur,Potato,2026-09-24,1200.0,2400.0,1800.0,0.0,1200.0
Himachal Pradesh,Una,Smy Santoshgarh,Potato,2026-09-24,700.0,1000.0,850.0,0.0,300.0
Tamil Nadu,Salem,Sooramangalam(Uzhavar Sandhai ),Potato,2026-09-24,5000.0,6000.0,5500.0,0.0,1000.0
Tamil Nadu,Virudhunagar,Srivilliputhur(Uzhavar Sandhai ),Potato,2026-09-24,3000.0,3500.0,3250.0,0.0,500.0
Tamil Nadu,Coimbatore,Sulur(Uzhavar Sandhai ),Potato,2026-09-24,4500.0,5200.0,4850.0,0.0,700.0
Tamil Nadu,Coimbatore,Sundarapuram(Uzhavar Sandhai ),Potato,2026-09-24,5000.0,5500.0,5250.0,0.0,500.0
Tamil Nadu,Kancheepuram,Sunguvarchatram(Uzhavar Sandhai ),Potato,2026-09-24,2800.0,2800.0,2800.0,0.0,0.0
Gujarat,Surat,Surat Apmc,Potato,2026-09-24,500.0,1900.0,1200.0,0.0,1400.0
West Bengal,Medinipur(E),Tamluk (Medinipur E) Apmc,Potato,2026-09-24,780.0,820.0,800.0,0.0,40.0
Punjab,Hoshiarpur,Tanda Urmur Apmc,Potato,2026-09-24,1000.0,1200.0,1100.0,0.0,200.0
Haryana,Mewat,Tauru Apmc,Potato,2026-09-24,1000.0,1000.0,1000.0,0.0,0.0
Tamil Nadu,Erode,Thalavadi(Uzhavar Sandhai ),Potato,2026-09-24,3500.0,4000.0,3750.0,0.0,500.0
Tamil Nadu,Virudhunagar,Thalavaipuram(Uzhavar Sandhai ),Potato,2026-09-24,2800.0,3500.0,3150.0,0.0,700.0
Tamil Nadu,Salem,Thammampatti (Uzhavar Sandhai ),Potato,2026-09-24,3000.0,3200.0,3100.0,0.0,200.0
Uttar Pradesh,Shamli,Thanabhawan Apmc,Potato,2026-09-24,900.0,900.0,900.0,0.0,0.0
Tamil Nadu,Thanjavur,Thanjavur(Uzhavar Sandhai ),Potato,2026-09-24,4000.0,4000.0,4000.0,0.0,0.0
Tamil Nadu,Salem,Thathakapatti(Uzhavar Sandhai ),Potato,2026-09-24,2800.0,6000.0,4400.0,0.0,3200.0
Tamil Nadu,Theni,Theni(Uzhavar Sandhai ),Potato,2026-09-24,3000.0,3000.0,3000.0,0.0,0.0
Tamil Nadu,Vellore,Thirupathur Apmc,Potato,2026-09-24,3000.0,3000.0,3000.0,0.0,0.0
Tamil Nadu,Thiruchirappalli,Thiruverumbur(Uzhavar Sandhai ),Potato,2026-09-24,3000.0,3000.0,3000.0,0.0,0.0
Keralam,Ernakulam,Thrippunithura Market,Potato,2026-09-24,4000.0,5000.0,4200.0,0.0,1000.0
Tamil Nadu,Thiruchirappalli,Thuraiyur Apmc,Potato,2026-09-24,2500.0,3000.0,2750.0,0.0,500.0
Tamil Nadu,Villupuram,Tindivanam Apmc,Potato,2026-09-24,3800.0,3800.0,3800.0,0.0,0.0
Tamil Nadu,Namakkal,Tiruchengode Apmc,Potato,2026-09-24,2800.0,3000.0,2900.0,0.0,200.0
Tamil Nadu,Thanjavur,Tirukattupalli(Uzhavar Sandhai ),Potato,2026-09-24,4000.0,4000.0,4000.0,0.0,0.0
Tamil Nadu,Sivaganga,Tirupatthur(Uzhavar Sandhai ),Potato,2026-09-24,5400.0,5800.0,5600.0,0.0,400.0
Tamil Nadu,Thirupur,Tiruppur (North) (Uzhavar Sandhai ),Potato,2026-09-24,5000.0,6000.0,5500.0,0.0,1000.0
Tamil Nadu,Thirupur,Tiruppur (South) (Uzhavar Sandhai ),Potato,2026-09-24,4000.0,5000.0,4500.0,0.0,1000.0
Tamil Nadu,Thiruvellore,Tiruthani(Uzhavar Sandhai ),Potato,2026-09-24,4000.0,4000.0,4000.0,0.0,0.0
Tamil Nadu,Thiruvannamalai,Tiruvannamalai(Uzhavar Sandhai ),Potato,2026-09-24,3500.0,4000.0,3750.0,0.0,500.0
Uttar Pradesh,Firozabad,Tundla Apmc,Potato,2026-09-24,500.0,500.0,500.0,0.0,0.0
Tamil Nadu,Tuticorin,Tuticorin(Uzhavar Sandhai ),Potato,2026-09-24,2500.0,3000.0,2750.0,0.0,500.0
Tamil Nadu,The Nilgiris,Udhagamandalam(Uzhavar Sandhai ),Potato,2026-09-24,4500.0,5000.0,4750.0,0.0,500.0
Tamil Nadu,Coimbatore,Udumalpet Apmc,Potato,2026-09-24,4000.0,5000.0,4500.0,0.0,1000.0
Tamil Nadu,Villupuram,Ulundurpettai Apmc,Potato,2026-09-24,4000.0,4000.0,4000.0,0.0,0.0
Tamil Nadu,Cuddalore,Vadalur(Uzhavar Sandhai ),Potato,2026-09-24,3000.0,4000.0,3500.0,0.0,1000.0
Tamil Nadu,Nagercoil (Kannyiakumari),Vadaseri Apmc,Potato,2026-09-24,3800.0,4300.0,4050.0,0.0,500.0
Tamil Nadu,Coimbatore,Vadavalli(Uzhavar Sandhai ),Potato,2026-09-24,4800.0,5200.0,5000.0,0.0,400.0
Gujarat,Surendranagar,Vadhvan Apmc,Potato,2026-09-24,1500.0,2000.0,1750.0,0.0,500.0
Tamil Nadu,Thiruvannamalai,Vandavasi(Uzhavar Sandhai ),Potato,2026-09-24,3000.0,3600.0,3300.0,0.0,600.0
Tamil Nadu,Thirupathur,Vaniyampadi(Uzhavar Sandhai ),Potato,2026-09-24,3000.0,3000.0,3000.0,0.0,0.0
Tamil Nadu,Salem,Vazhapadi(Uzhavar Sandhai),Potato,2026-09-24,3000.0,3000.0,3000.0,0.0,0.0
Tamil Nadu,Nagapattinam,Vedaranyam(Uzhavar Sandhai),Potato,2026-09-24,3500.0,4000.0,3750.0,0.0,500.0
Tamil Nadu,Vellore,Vellore Apmc,Potato,2026-09-24,2200.0,2500.0,2350.0,0.0,300.0
Uttarakhand,Dehradoon,Vikasnagar Apmc,Potato,2026-09-24,500.0,1000.0,1000.0,0.0,500.0
Tamil Nadu,Villupuram,Villupuram(Uzhavar Sandhai ),Potato,2026-09-24,4000.0,4000.0,4000.0,0.0,0.0
Tamil Nadu,Virudhunagar,Virudhunagar(Uzhavar Sandhai ),Potato,2026-09-24,3500.0,4000.0,3750.0,0.0,500.0
Tamil Nadu,Cuddalore,Viruthachalam(Uzhavar Sandhai ),Potato,2026-09-24,4000.0,4000.0,4000.0,0.0,0.0
Punjab,Ferozpur,Zira Apmc,Potato,2026-09-24,600.0,600.0,600.0,0.0,0.0
Andhra Pradesh,Dr.B.R.A.Konaseema,Mummidivaram Apmc,Prawn,2026-09-24,20000.0,21000.0,20000.0,0.0,1000.0
Punjab,Sangrur,Ahmedgarh Apmc,Pumpkin,2026-09-24,1500.0,2000.0,2000.0,0.0,500.0
Tamil Nadu,Dharmapuri,Ajattihalli(Uzhavar Sandhai ),Pumpkin,2026-09-24,1500.0,1500.0,1500.0,0.0,0.0
Tamil Nadu,Pudukkottai,Alangudi(Uzhavar Sandhai ),Pumpkin,2026-09-24,1000.0,1500.0,1250.0,0.0,500.0
Tamil Nadu,Thirunelveli,Ambasamudram(Uzhavar Sandhai ),Pumpkin,2026-09-24,1000.0,1500.0,1250.0,0.0,500.0
Tamil Nadu,Salem,Ammapet(Uzhavar Sandhai ),Pumpkin,2026-09-24,1800.0,2000.0,1900.0,0.0,200.0
Tamil Nadu,Madurai,Anaiyur(Uzhavar Sandhai ),Pumpkin,2026-09-24,1600.0,2000.0,1800.0,0.0,400.0
Tamil Nadu,Theni,Andipatti(Uzhavar Sandhai ),Pumpkin,2026-09-24,1600.0,1800.0,1700.0,0.0,200.0
Tamil Nadu,Madurai,Anna Nagar(Uzhavar Sandhai ),Pumpkin,2026-09-24,1600.0,1800.0,1700.0,0.0,200.0
Tamil Nadu,Pudukkottai,Aranthangi(Uzhavar Sandhai ),Pumpkin,2026-09-24,1000.0,1500.0,1250.0,0.0,500.0
Tamil Nadu,Ranipet,Arcot(Uzhavar Sandhai ),Pumpkin,2026-09-24,2000.0,2000.0,2000.0,0.0,0.0
Tamil Nadu,Virudhunagar,Aruppukottai(Uzhavar Sandhai ),Pumpkin,2026-09-24,1500.0,2000.0,1750.0,0.0,500.0
Tamil Nadu,Salem,Athur(Uzhavar Sandhai ),Pumpkin,2026-09-24,2000.0,2200.0,2100.0,0.0,200.0
Odisha,Bargarh,Attabira Apmc,Pumpkin,2026-09-24,1200.0,1500.0,1300.0,0.0,300.0
Tamil Nadu,Salem,Attayampatti(Uzhavar Sandhai ),Pumpkin,2026-09-24,2000.0,2400.0,2200.0,0.0,400.0
Nagaland,Wokha,Baghty Apmc,Pumpkin,2026-09-24,3000.0,3600.0,3400.0,0.0,600.0
Odisha,Cuttack,Banki Apmc,Pumpkin,2026-09-24,1200.0,2000.0,1500.0,0.0,800.0
Odisha,Mayurbhanja,Betnoti Apmc,Pumpkin,2026-09-24,1800.0,2200.0,2000.0,0.0,400.0
Punjab,Bhatinda,Bhagta Bhai Ka Apmc,Pumpkin,2026-09-24,2400.0,2400.0,2400.0,0.0,0.0
Uttarakhand,Haridwar,Bhagwanpur(Naveen Mandi Sthal) Apmc,Pumpkin,2026-09-24,400.0,600.0,450.0,0.0,200.0
Odisha,Kalahandi,Bhawanipatna Apmc,Pumpkin,2026-09-24,2200.0,2200.0,2200.0,0.0,0.0
Tamil Nadu,Theni,Bodinayakanur(Uzhavar Sandhai ),Pumpkin,2026-09-24,1500.0,1500.0,1500.0,0.0,0.0
Odisha,Boudh,Boudh Apmc,Pumpkin,2026-09-24,1000.0,1500.0,1200.0,0.0,500.0
Chandigarh,Chandigarh,Chandigarh (Grain/F&V) Apmc,Pumpkin,2026-09-24,800.0,1500.0,1300.0,0.0,700.0
Tamil Nadu,Thiruvannamalai,Chengam(Uzhavar Sandhai ),Pumpkin,2026-09-24,2000.0,2500.0,2250.0,0.0,500.0
Keralam,Alappuzha,Chengannur Market,Pumpkin,2026-09-24,1900.0,2200.0,2000.0,0.0,300.0
Tamil Nadu,Thiruvannamalai,Cheyyar(Uzhavar Sandhai ),Pumpkin,2026-09-24,2500.0,3000.0,2750.0,0.0,500.0
Tamil Nadu,Dindigul,Chinnalapatti(Uzhavar Sandhai ),Pumpkin,2026-09-24,1600.0,2000.0,1800.0,0.0,400.0
Tamil Nadu,Theni,Chinnamanur(Uzhavar Sandhai ),Pumpkin,2026-09-24,1500.0,2000.0,1750.0,0.0,500.0
Tamil Nadu,Madurai,Chokkikulam(Uzhavar Sandhai ),Pumpkin,2026-09-24,1800.0,2000.0,1900.0,0.0,200.0
Tamil Nadu,The Nilgiris,Coonoor(Uzhavar Sandhai ),Pumpkin,2026-09-24,2000.0,2200.0,2100.0,0.0,200.0
Tamil Nadu,Cuddalore,Cuddalore(Uzhavar Sandhai ),Pumpkin,2026-09-24,2000.0,2500.0,2250.0,0.0,500.0
Tamil Nadu,Sivaganga,Devakottai (Uzhavar Sandhai ),Pumpkin,2026-09-24,2200.0,2400.0,2300.0,0.0,200.0
Tamil Nadu,Theni,Devaram(Uzhavar Sandhai ),Pumpkin,2026-09-24,1800.0,1800.0,1800.0,0.0,0.0
Tamil Nadu,Thirupur,Dharapuram(Uzhavar Sandhai ),Pumpkin,2026-09-24,2000.0,2400.0,2200.0,0.0,400.0
Tamil Nadu,Dharmapuri,Dharmapuri(Uzhavar Sandhai ),Pumpkin,2026-09-24,1400.0,1500.0,1450.0,0.0,100.0
Tamil Nadu,Dindigul,Dindigul(Uzhavar Sandhai ),Pumpkin,2026-09-24,1500.0,2000.0,1750.0,0.0,500.0
Tamil Nadu,Salem,Edapadi (Uzhavar Sandhai ),Pumpkin,2026-09-24,1800.0,2000.0,1900.0,0.0,200.0
Tamil Nadu,Salem,Elampillai(Uzhavar Sandhai ),Pumpkin,2026-09-24,1800.0,2000.0,1900.0,0.0,200.0
Tamil Nadu,Pudukkottai,Gandarvakottai(Uzhavar Sandhai ),Pumpkin,2026-09-24,1000.0,1500.0,1250.0,0.0,500.0
Tamil Nadu,Karur,Gandhigramam(Uzhavar Sandhai),Pumpkin,2026-09-24,1700.0,2000.0,1850.0,0.0,300.0
Tamil Nadu,Villupuram,Gingee(Uzhavar Sandhai ),Pumpkin,2026-09-24,2000.0,2000.0,2000.0,0.0,0.0
Tamil Nadu,Erode,Gobichettipalayam(Uzhavar Sandhai ),Pumpkin,2026-09-24,2200.0,2600.0,2400.0,0.0,400.0
Tamil Nadu,The Nilgiris,Gudalur(Uzhavar Sandhai ),Pumpkin,2026-09-24,1500.0,2000.0,1750.0,0.0,500.0
Tamil Nadu,Vellore,Gudiyatham(Uzhavar Sandhai ),Pumpkin,2026-09-24,2500.0,2500.0,2500.0,0.0,0.0
Tamil Nadu,Chengalpattu,Guduvancheri(Uzhavar Sandhai ),Pumpkin,2026-09-24,2500.0,3000.0,2750.0,0.0,500.0
Uttar Pradesh,Bulandshahar,Gulavati Apmc,Pumpkin,2026-09-24,1100.0,1300.0,1200.0,0.0,200.0
Haryana,Hissar,Hansi Apmc,Pumpkin,2026-09-24,1000.0,1500.0,1250.0,0.0,500.0
Punjab,Tarntaran,Harike Apmc,Pumpkin,2026-09-24,200.0,300.0,250.0,0.0,100.0
Tamil Nadu,Dharmapuri,Harur(Uzhavar Sandhai ),Pumpkin,2026-09-24,1500.0,2000.0,1750.0,0.0,500.0
Tamil Nadu,Salem,Hasthampatti(Uzhavar Sandhai ),Pumpkin,2026-09-24,1800.0,2000.0,1900.0,0.0,200.0
Tamil Nadu,Krishnagiri,Hosur(Uzhavar Sandhai ),Pumpkin,2026-09-24,1000.0,1500.0,1250.0,0.0,500.0
Tamil Nadu,Salem,Jalagandapuram(Uzhavar Sandhai ),Pumpkin,2026-09-24,1800.0,2000.0,1900.0,0.0,200.0
Uttar Pradesh,Shahjahanpur,Jalalabad Apmc,Pumpkin,2026-09-24,500.0,600.0,560.0,0.0,100.0
Tamil Nadu,Chengalpattu,Jameenrayapettai(Uzhavar Sandhai ),Pumpkin,2026-09-24,2500.0,3000.0,2750.0,0.0,500.0
Odisha,Kalahandi,Junagarh Apmc,Pumpkin,2026-09-24,1000.0,1400.0,1200.0,0.0,400.0
Tamil Nadu,Vellore,Kahithapattarai(Uzhavar Sandhai ),Pumpkin,2026-09-24,1500.0,1500.0,1500.0,0.0,0.0
Uttar Pradesh,Shamli,Kairana Apmc,Pumpkin,2026-09-24,1100.0,1200.0,1150.0,0.0,100.0
Tamil Nadu,Kallakuruchi,Kallakurichi(Uzhavar Sandhai ),Pumpkin,2026-09-24,2000.0,2000.0,2000.0,0.0,0.0
Odisha,Dhenkanal,Kamakhyanagar Apmc,Pumpkin,2026-09-24,3000.0,3000.0,3000.0,0.0,0.0
Tamil Nadu,Theni,Kambam(Uzhavar Sandhai ),Pumpkin,2026-09-24,1600.0,1600.0,1600.0,0.0,0.0
Tamil Nadu,Kancheepuram,Kancheepuram(Uzhavar Sandhai ),Pumpkin,2026-09-24,2000.0,2500.0,2250.0,0.0,500.0
Tamil Nadu,Thirunelveli,Kandiyaperi(Uzhavar Sandhai ),Pumpkin,2026-09-24,1000.0,1200.0,1100.0,0.0,200.0
Tamil Nadu,Thirupur,Kangayam(Uzhavar Sandhai ),Pumpkin,2026-09-24,1800.0,2200.0,2000.0,0.0,400.0
Tamil Nadu,Sivaganga,Karaikudi(Uzhavar Sandhai ),Pumpkin,2026-09-24,2000.0,2400.0,2200.0,0.0,400.0
Tamil Nadu,Pudukkottai,Karambakkudi(Uzhavar Sandhai ),Pumpkin,2026-09-24,1000.0,1500.0,1250.0,0.0,500.0
Odisha,Mayurbhanja,Karanjia Apmc,Pumpkin,2026-09-24,700.0,900.0,800.0,0.0,200.0
Tamil Nadu,Dharmapuri,Karimangalam(Uzhavar Sandhai),Pumpkin,2026-09-24,1800.0,2000.0,1900.0,0.0,200.0
Tamil Nadu,Virudhunagar,Kariyapatti(Uzhavar Sandhai ),Pumpkin,2026-09-24,1800.0,2000.0,1900.0,0.0,200.0
Tamil Nadu,Karur,Karur(Uzhavar Sandhai ),Pumpkin,2026-09-24,1500.0,2000.0,1750.0,0.0,500.0
Tamil Nadu,Vellore,Katpadi (Uzhavar Sandhai ),Pumpkin,2026-09-24,2500.0,2500.0,2500.0,0.0,0.0
Tamil Nadu,Krishnagiri,Kaveripattinam(Uzhavar Sandhai ),Pumpkin,2026-09-24,2000.0,2000.0,2000.0,0.0,0.0
Madhya Pradesh,Khandwa,Khandwa(F&V) Apmc,Pumpkin,2026-09-24,300.0,500.0,400.0,0.0,200.0
Odisha,Boudh,Khunthabandha Apmc,Pumpkin,2026-09-24,1000.0,1500.0,1200.0,0.0,500.0
Uttarakhand,Udhamsinghnagar,Kicchha Apmc,Pumpkin,2026-09-24,500.0,700.0,600.0,0.0,200.0
Tamil Nadu,Thiruchirappalli,Kknagar(Uzhavar Sandhai ),Pumpkin,2026-09-24,1800.0,1800.0,1800.0,0.0,0.0
Tamil Nadu,Tuticorin,Kovilpatti(Uzhavar Sandhai ),Pumpkin,2026-09-24,2000.0,2500.0,2250.0,0.0,500.0
Tamil Nadu,Krishnagiri,Krishnagiri(Uzhavar Sandhai ),Pumpkin,2026-09-24,1400.0,1800.0,1600.0,0.0,400.0
Tamil Nadu,Karur,Kulithalai(Uzhavar Sandhai ),Pumpkin,2026-09-24,2500.0,3000.0,2750.0,0.0,500.0
Tamil Nadu,Namakkal,Kumarapalayam(Uzhavar Sandhai ),Pumpkin,2026-09-24,1800.0,2000.0,1900.0,0.0,200.0
Tamil Nadu,Thanjavur,Kumbakonam (Uzhavar Sandhai ),Pumpkin,2026-09-24,2400.0,2400.0,2400.0,0.0,0.0
Tamil Nadu,Kancheepuram,Kundrathur(Uzhavar Sandhai ),Pumpkin,2026-09-24,2000.0,2000.0,2000.0,0.0,0.0
Tamil Nadu,Coimbatore,Kurichi(Uzhavar Sandhai ),Pumpkin,2026-09-24,1800.0,2000.0,1900.0,0.0,200.0
Tamil Nadu,Thiruchirappalli,Lalgudi(Uzhavar Sandhai ),Pumpkin,2026-09-24,1800.0,1800.0,1800.0,0.0,0.0
Punjab,Ludhiana,Ludhiana Apmc,Pumpkin,2026-09-24,500.0,2000.0,1500.0,0.0,1500.0
Jammu and Kashmir,Jammu,Mac F&V Market Narwal Jammu,Pumpkin,2026-09-24,800.0,1000.0,900.0,0.0,200.0
Tamil Nadu,Chengalpattu,Madhuranthagam(Uzhavar Sandhai ),Pumpkin,2026-09-24,2000.0,2000.0,2000.0,0.0,0.0
Uttar Pradesh,Khiri (Lakhimpur),Maigalganj Apmc,Pumpkin,2026-09-24,580.0,615.0,600.0,0.0,35.0
Punjab,Sangrur,Malerkotla Apmc,Pumpkin,2026-09-24,1500.0,2500.0,2000.0,0.0,1000.0
Tamil Nadu,Thiruchirappalli,Manachanallur(Uzhavar Sandhai ),Pumpkin,2026-09-24,1800.0,1800.0,1800.0,0.0,0.0
Tamil Nadu,Thiruchirappalli,Manapparai(Uzhavar Sandhai ),Pumpkin,2026-09-24,2000.0,2000.0,2000.0,0.0,0.0
Madhya Pradesh,Dhar,Manawar(F&V) Apmc,Pumpkin,2026-09-24,1000.0,1200.0,1100.0,0.0,200.0
Uttarakhand,Haridwar,Manglaur Apmc,Pumpkin,2026-09-24,500.0,750.0,600.0,0.0,250.0
Tamil Nadu,Thiruvarur,Mannargudi I(Uzhavar Sandhai ),Pumpkin,2026-09-24,3000.0,3000.0,3000.0,0.0,0.0
Tamil Nadu,Thiruvarur,Mannargudi Ii(Uzhavar Sandhai ),Pumpkin,2026-09-24,3000.0,3000.0,3000.0,0.0,0.0
Tamil Nadu,Nagapattinam,Mayiladuthurai(Uzhavar Sandhai ),Pumpkin,2026-09-24,1500.0,2000.0,1750.0,0.0,500.0
Tamil Nadu,Thirunelveli,Melapalayam(Uzhavar Sandhai ),Pumpkin,2026-09-24,1000.0,1200.0,1100.0,0.0,200.0
Tamil Nadu,Madurai,Melur(Uzhavar Sandhai ),Pumpkin,2026-09-24,1600.0,2000.0,1800.0,0.0,400.0
Tamil Nadu,Coimbatore,Mettupalayam(Uzhavar Sandhai ),Pumpkin,2026-09-24,1500.0,1800.0,1650.0,0.0,300.0
Tamil Nadu,Salem,Mettur(Uzhavar Sandhai ),Pumpkin,2026-09-24,1800.0,2000.0,1900.0,0.0,200.0
Tamil Nadu,Namakkal,Mohanur(Uzhavar Sandhai ),Pumpkin,2026-09-24,2400.0,2800.0,2600.0,0.0,400.0
Nagaland,Mon,Mon Apmc,Pumpkin,2026-09-24,2520.0,2540.0,2530.0,0.0,20.0
Maharashtra,Mumbai,Mumbai,Pumpkin,2026-09-24,800.0,1200.0,1000.0,0.0,400.0
Tamil Nadu,Thiruchirappalli,Musiri(Uzhavar Sandhai ),Pumpkin,2026-09-24,1500.0,1800.0,1650.0,0.0,300.0
Tamil Nadu,Thiruvarur,Muthupettai(Uzhavar Sandhai ),Pumpkin,2026-09-24,2600.0,2600.0,2600.0,0.0,0.0
Tamil Nadu,Nagapattinam,Nagapattinam(Uzhavar Sandhai ),Pumpkin,2026-09-24,2700.0,2700.0,2700.0,0.0,0.0
Tamil Nadu,Namakkal,Namakkal(Uzhavar Sandhai ),Pumpkin,2026-09-24,1000.0,1400.0,1200.0,0.0,400.0
Tamil Nadu,Chengalpattu,Nanganallur(Uzhavar Sandhai ),Pumpkin,2026-09-24,3500.0,4000.0,3750.0,0.0,500.0
Haryana,Mahendragarh-Narnaul,Narnaul Apmc,Pumpkin,2026-09-24,600.0,1200.0,1000.0,0.0,600.0
Tamil Nadu,Thiruvarur,Needamangalam(Uzhavar Sandhai ),Pumpkin,2026-09-24,3000.0,3000.0,3000.0,0.0,0.0
Keralam,Thiruvananthapuram,Neyyatinkara Market,Pumpkin,2026-09-24,2300.0,3000.0,2600.0,0.0,700.0
Odisha,Balasore,Nilagiri Apmc,Pumpkin,2026-09-24,2000.0,2100.0,2100.0,0.0,100.0
Tamil Nadu,Kancheepuram,Padappai(Uzhavar Sandhai ),Pumpkin,2026-09-24,2000.0,2500.0,2250.0,0.0,500.0
Tamil Nadu,Dharmapuri,Palacode(Uzhavar Sandhai ),Pumpkin,2026-09-24,1800.0,2000.0,1900.0,0.0,200.0
Tamil Nadu,Madurai,Palanganatham(Uzhavar Sandhai ),Pumpkin,2026-09-24,1600.0,2000.0,1800.0,0.0,400.0
Tamil Nadu,Dindigul,Palani(Uzhavar Sandhai ),Pumpkin,2026-09-24,1000.0,1400.0,1200.0,0.0,400.0
Tamil Nadu,Thirunelveli,Palayamkottai(Uzhavar Sandhai ),Pumpkin,2026-09-24,1000.0,1200.0,1100.0,0.0,200.0
Tamil Nadu,Thirupur,Palladam(Uzhavar Sandhai ),Pumpkin,2026-09-24,1500.0,2000.0,1750.0,0.0,500.0
Tamil Nadu,Karur,Pallapatti (Uzhavar Sandhai ),Pumpkin,2026-09-24,2000.0,2500.0,2250.0,0.0,500.0
Tamil Nadu,Chengalpattu,Pallavaram(Uzhavar Sandhai ),Pumpkin,2026-09-24,2500.0,3000.0,2750.0,0.0,500.0
Tamil Nadu,Vellore,Pallikonda(Uzhavar Sandhai),Pumpkin,2026-09-24,3000.0,3000.0,3000.0,0.0,0.0
Odisha,Sundergarh,Panposh Apmc,Pumpkin,2026-09-24,1000.0,1400.0,1200.0,0.0,400.0
Tamil Nadu,Cuddalore,Panruti(Uzhavar Sandhai ),Pumpkin,2026-09-24,2000.0,2000.0,2000.0,0.0,0.0
Tamil Nadu,Thanjavur,Papanasam(Uzhavar Sandhai ),Pumpkin,2026-09-24,2400.0,2400.0,2400.0,0.0,0.0
Tamil Nadu,Ramanathapuram,Paramakudi(Uzhavar Sandhai ),Pumpkin,2026-09-24,2500.0,2800.0,2650.0,0.0,300.0
Tamil Nadu,Namakkal,Paramathivelur(Uzhavar Sandhai ),Pumpkin,2026-09-24,1700.0,2000.0,1850.0,0.0,300.0
Punjab,Pathankot,Pathankot Apmc,Pumpkin,2026-09-24,1500.0,1500.0,1500.0,0.0,0.0
Keralam,Palakad,Pattambi Market,Pumpkin,2026-09-24,1200.0,1500.0,1300.0,0.0,300.0
Tamil Nadu,Thanjavur,Pattukottai(Uzhavar Sandhai ),Pumpkin,2026-09-24,2600.0,2600.0,2600.0,0.0,0.0
Keralam,Kannur,Payyannur Market,Pumpkin,2026-09-24,2100.0,2300.0,2200.0,0.0,200.0
Tamil Nadu,Dharmapuri,Pennagaram(Uzhavar Sandhai ),Pumpkin,2026-09-24,1800.0,2000.0,1900.0,0.0,200.0
Tamil Nadu,Perambalur,Perambalur(Uzhavar Sandhai ),Pumpkin,2026-09-24,1600.0,2000.0,1800.0,0.0,400.0
Tamil Nadu,Vellore,Perampet(Uzhavar Sandhai),Pumpkin,2026-09-24,2500.0,2500.0,2500.0,0.0,0.0
Tamil Nadu,Thanjavur,Peravurani(Uzhavar Sandhai),Pumpkin,2026-09-24,2600.0,2600.0,2600.0,0.0,0.0
Tamil Nadu,Theni,Periyakulam(Uzhavar Sandhai ),Pumpkin,2026-09-24,1800.0,1800.0,1800.0,0.0,0.0
Tamil Nadu,Erode,Periyar Nagar(Uzhavar Sandhai ),Pumpkin,2026-09-24,1800.0,2000.0,1900.0,0.0,200.0
Keralam,Ernakulam,Perumbavoor Market,Pumpkin,2026-09-24,1600.0,2500.0,2000.0,0.0,900.0
Tamil Nadu,Erode,Perundurai(Uzhavar Sandhai ),Pumpkin,2026-09-24,2200.0,2500.0,2350.0,0.0,300.0
Himachal Pradesh,Kangra,Pmy Kangra,Pumpkin,2026-09-24,1500.0,2500.0,2000.0,0.0,1000.0
Tamil Nadu,Coimbatore,Pollachi(Uzhavar Sandhai ),Pumpkin,2026-09-24,2000.0,2500.0,2250.0,0.0,500.0
Tamil Nadu,Thiruvannamalai,Polur(Uzhavar Sandhai ),Pumpkin,2026-09-24,1600.0,2000.0,1800.0,0.0,400.0
Tamil Nadu,Pudukkottai,Ponnamaravathi(Uzhavar Sandhai),Pumpkin,2026-09-24,1000.0,1500.0,1250.0,0.0,500.0
Tamil Nadu,Pudukkottai,Pudukottai(Uzhavar Sandhai ),Pumpkin,2026-09-24,1000.0,1500.0,1250.0,0.0,500.0
Maharashtra,Pune,Pune,Pumpkin,2026-09-24,3000.0,3000.0,3000.0,0.0,0.0
Keralam,Kozhikode(Calicut),Quilandy Market,Pumpkin,2026-09-24,1900.0,2000.0,2000.0,0.0,100.0
Tamil Nadu,Virudhunagar,Rajapalayam(Uzhavar Sandhai ),Pumpkin,2026-09-24,2500.0,3000.0,2750.0,0.0,500.0
Tamil Nadu,Ramanathapuram,Ramanathapuram(Uzhavar Sandhai ),Pumpkin,2026-09-24,2000.0,2400.0,2200.0,0.0,400.0
Punjab,Bhatinda,Rampuraphul(Nabha Mandi) Apmc,Pumpkin,2026-09-24,1000.0,1500.0,1200.0,0.0,500.0
Tamil Nadu,Ranipet,Ranipettai(Uzhavar Sandhai ),Pumpkin,2026-09-24,2000.0,2000.0,2000.0,0.0,0.0
Tamil Nadu,Namakkal,Rasipuram(Uzhavar Sandhai ),Pumpkin,2026-09-24,2000.0,2200.0,2100.0,0.0,200.0
Odisha,Rayagada,Rayagada(Muniguda) Apmc,Pumpkin,2026-09-24,2250.0,2450.0,2300.0,0.0,200.0
Tamil Nadu,Coimbatore,Rspuram(Uzhavar Sandhai ),Pumpkin,2026-09-24,1600.0,1800.0,1700.0,0.0,200.0
Uttarakhand,Udhamsinghnagar,Rudrapur Apmc,Pumpkin,2026-09-24,1000.0,1800.0,1500.0,0.0,800.0
Haryana,Yamuna Nagar,Sadhaura Apmc,Pumpkin,2026-09-24,1400.0,1600.0,1500.0,0.0,200.0
Tamil Nadu,Erode,Sampath Nagar(Uzhavar Sandhai ),Pumpkin,2026-09-24,1800.0,2000.0,1900.0,0.0,200.0
Tamil Nadu,Tenkasi,Sankarankoil(Uzhavar Sandhai ),Pumpkin,2026-09-24,1500.0,1500.0,1500.0,0.0,0.0
Tamil Nadu,Kallakuruchi,Sankarapuram(Uzhavar Sandhai ),Pumpkin,2026-09-24,2000.0,2000.0,2000.0,0.0,0.0
Tamil Nadu,Erode,Sathiyamagalam(Uzhavar Sandhai ),Pumpkin,2026-09-24,2400.0,2800.0,2600.0,0.0,400.0
Tamil Nadu,Virudhunagar,Sathur(Uzhavar Sandhai ),Pumpkin,2026-09-24,2000.0,2500.0,2250.0,0.0,500.0
Madhya Pradesh,Badwani,Sendhwa(F&V) Apmc,Pumpkin,2026-09-24,800.0,1100.0,900.0,0.0,300.0
Uttar Pradesh,Hathras,Shadabad Apmc,Pumpkin,2026-09-24,600.0,700.0,650.0,0.0,100.0
Meghalaya,East Khasi Hills,Shillong Apmc,Pumpkin,2026-09-24,2800.0,3000.0,2900.0,0.0,200.0
Tamil Nadu,Sivaganga,Singampunari(Uzhavar Sandhai ),Pumpkin,2026-09-24,1800.0,2200.0,2000.0,0.0,400.0
Tamil Nadu,Coimbatore,Singanallur(Uzhavar Sandhai ),Pumpkin,2026-09-24,1800.0,2000.0,1900.0,0.0,200.0
Punjab,Fatehgarh,Sirhind Apmc,Pumpkin,2026-09-24,1000.0,1700.0,1400.0,0.0,700.0
Tamil Nadu,Nagapattinam,Sirkali(Uzhavar Sandhai ),Pumpkin,2026-09-24,2500.0,3000.0,2750.0,0.0,500.0
Tamil Nadu,Sivaganga,Sivagangai (Uzhavar Sandhai ),Pumpkin,2026-09-24,1800.0,2200.0,2000.0,0.0,400.0
Tamil Nadu,Virudhunagar,Sivakasi(Uzhavar Sandhai ),Pumpkin,2026-09-24,1500.0,2000.0,1750.0,0.0,500.0
Himachal Pradesh,Kangra,Smy Dharamshala,Pumpkin,2026-09-24,2000.0,2500.0,2250.0,0.0,500.0
Himachal Pradesh,Kangra,Smy Jaisinghpur,Pumpkin,2026-09-24,2200.0,2500.0,2400.0,0.0,300.0
Himachal Pradesh,Kangra,Smy Nagrota Bagwan,Pumpkin,2026-09-24,1500.0,2200.0,1800.0,0.0,700.0
Himachal Pradesh,Kangra,Smy Palampur,Pumpkin,2026-09-24,2000.0,2200.0,2100.0,0.0,200.0
Himachal Pradesh,Una,Smy Santoshgarh,Pumpkin,2026-09-24,800.0,1000.0,900.0,0.0,200.0
Tamil Nadu,Salem,Sooramangalam(Uzhavar Sandhai ),Pumpkin,2026-09-24,1500.0,1800.0,1650.0,0.0,300.0
Tamil Nadu,Virudhunagar,Srivilliputhur(Uzhavar Sandhai ),Pumpkin,2026-09-24,1700.0,2000.0,1850.0,0.0,300.0
Tamil Nadu,Coimbatore,Sulur(Uzhavar Sandhai ),Pumpkin,2026-09-24,1500.0,2000.0,1750.0,0.0,500.0
Tamil Nadu,Coimbatore,Sundarapuram(Uzhavar Sandhai ),Pumpkin,2026-09-24,1600.0,1800.0,1700.0,0.0,200.0
Tamil Nadu,Kancheepuram,Sunguvarchatram(Uzhavar Sandhai ),Pumpkin,2026-09-24,2000.0,2000.0,2000.0,0.0,0.0
Gujarat,Surat,Surat Apmc,Pumpkin,2026-09-24,700.0,1800.0,1250.0,0.0,1100.0
Tamil Nadu,Thiruvannamalai,Tamarainagar(Uzhavar Sandhai ),Pumpkin,2026-09-24,2000.0,2500.0,2250.0,0.0,500.0
Punjab,Hoshiarpur,Tanda Urmur Apmc,Pumpkin,2026-09-24,1000.0,1500.0,1200.0,0.0,500.0
Tamil Nadu,Tenkasi,Tenkasi(Uzhavar Sandhai ),Pumpkin,2026-09-24,1400.0,1400.0,1400.0,0.0,0.0
Tamil Nadu,Erode,Thalavadi(Uzhavar Sandhai ),Pumpkin,2026-09-24,1000.0,1400.0,1200.0,0.0,400.0
Tamil Nadu,Virudhunagar,Thalavaipuram(Uzhavar Sandhai ),Pumpkin,2026-09-24,1600.0,2000.0,1800.0,0.0,400.0
Tamil Nadu,Salem,Thammampatti (Uzhavar Sandhai ),Pumpkin,2026-09-24,2000.0,2000.0,2000.0,0.0,0.0
Tamil Nadu,Thanjavur,Thanjavur(Uzhavar Sandhai ),Pumpkin,2026-09-24,2000.0,2000.0,2000.0,0.0,0.0
Tamil Nadu,Salem,Thathakapatti(Uzhavar Sandhai ),Pumpkin,2026-09-24,1600.0,1800.0,1700.0,0.0,200.0
Tamil Nadu,Theni,Theni(Uzhavar Sandhai ),Pumpkin,2026-09-24,1500.0,1800.0,1650.0,0.0,300.0
Tamil Nadu,Madurai,Thirumangalam(Uzhavar Sandhai ),Pumpkin,2026-09-24,1500.0,2000.0,1750.0,0.0,500.0
Tamil Nadu,Vellore,Thirupathur Apmc,Pumpkin,2026-09-24,2000.0,2000.0,2000.0,0.0,0.0
Tamil Nadu,Thiruchirappalli,Thiruverumbur(Uzhavar Sandhai ),Pumpkin,2026-09-24,1800.0,1800.0,1800.0,0.0,0.0
Keralam,Ernakulam,Thrippunithura Market,Pumpkin,2026-09-24,3000.0,4000.0,3200.0,0.0,1000.0
Tamil Nadu,Thiruchirappalli,Thuraiyur Apmc,Pumpkin,2026-09-24,1400.0,1800.0,1600.0,0.0,400.0
Tamil Nadu,Villupuram,Tindivanam Apmc,Pumpkin,2026-09-24,2000.0,2000.0,2000.0,0.0,0.0
Tamil Nadu,Namakkal,Tiruchengode Apmc,Pumpkin,2026-09-24,1800.0,2000.0,1900.0,0.0,200.0
Tamil Nadu,Thanjavur,Tirukattupalli(Uzhavar Sandhai ),Pumpkin,2026-09-24,2000.0,2000.0,2000.0,0.0,0.0
Tamil Nadu,Sivaganga,Tirupatthur(Uzhavar Sandhai ),Pumpkin,2026-09-24,2000.0,2400.0,2200.0,0.0,400.0
Tamil Nadu,Thirupur,Tiruppur (North) (Uzhavar Sandhai ),Pumpkin,2026-09-24,1200.0,1500.0,1350.0,0.0,300.0
Tamil Nadu,Thirupur,Tiruppur (South) (Uzhavar Sandhai ),Pumpkin,2026-09-24,1000.0,1500.0,1250.0,0.0,500.0
Tamil Nadu,Thiruvarur,Tiruthuraipoondi(Uzhavar Sandhai ),Pumpkin,2026-09-24,3000.0,3000.0,3000.0,0.0,0.0
Tamil Nadu,Thiruvannamalai,Tiruvannamalai(Uzhavar Sandhai ),Pumpkin,2026-09-24,2000.0,2500.0,2250.0,0.0,500.0
Tamil Nadu,Thiruvarur,Tiruvarur(Uzhavar Sandhai ),Pumpkin,2026-09-24,3000.0,3000.0,3000.0,0.0,0.0
Tamil Nadu,Tuticorin,Tuticorin(Uzhavar Sandhai ),Pumpkin,2026-09-24,1500.0,2000.0,1750.0,0.0,500.0
Tamil Nadu,The Nilgiris,Udhagamandalam(Uzhavar Sandhai ),Pumpkin,2026-09-24,1500.0,2000.0,1750.0,0.0,500.0
Tamil Nadu,Coimbatore,Udumalpet Apmc,Pumpkin,2026-09-24,1500.0,2000.0,1750.0,0.0,500.0
Tamil Nadu,Villupuram,Ulundurpettai Apmc,Pumpkin,2026-09-24,2500.0,2500.0,2500.0,0.0,0.0
Tamil Nadu,Cuddalore,Vadalur(Uzhavar Sandhai ),Pumpkin,2026-09-24,2500.0,2500.0,2500.0,0.0,0.0
Tamil Nadu,Nagercoil (Kannyiakumari),Vadaseri Apmc,Pumpkin,2026-09-24,1500.0,2000.0,1750.0,0.0,500.0
Tamil Nadu,Coimbatore,Vadavalli(Uzhavar Sandhai ),Pumpkin,2026-09-24,2500.0,3000.0,2750.0,0.0,500.0
Tamil Nadu,Thiruvarur,Valangaiman Apmc,Pumpkin,2026-09-24,3000.0,3000.0,3000.0,0.0,0.0
Tamil Nadu,Thiruvannamalai,Vandavasi(Uzhavar Sandhai ),Pumpkin,2026-09-24,2500.0,3000.0,2750.0,0.0,500.0
Tamil Nadu,Thirupathur,Vaniyampadi(Uzhavar Sandhai ),Pumpkin,2026-09-24,3000.0,3000.0,3000.0,0.0,0.0
Telangana,Siddipet,Vantamamidi Apmc,Pumpkin,2026-09-24,700.0,700.0,700.0,0.0,0.0
Tamil Nadu,Salem,Vazhapadi(Uzhavar Sandhai),Pumpkin,2026-09-24,3000.0,3000.0,3000.0,0.0,0.0
Tamil Nadu,Nagapattinam,Vedaranyam(Uzhavar Sandhai),Pumpkin,2026-09-24,2500.0,3000.0,2750.0,0.0,500.0
Tamil Nadu,Dindigul,Vedasanthur(Uzhavar Sandhai ),Pumpkin,2026-09-24,1500.0,2000.0,1750.0,0.0,500.0
Tamil Nadu,Karur,Velayuthampalayam(Uzhavar Sandhai ),Pumpkin,2026-09-24,1500.0,2000.0,1750.0,0.0,500.0
Tamil Nadu,Vellore,Vellore Apmc,Pumpkin,2026-09-24,2500.0,2500.0,2500.0,0.0,0.0
Uttarakhand,Dehradoon,Vikasnagar Apmc,Pumpkin,2026-09-24,800.0,1200.0,1200.0,0.0,400.0
Tamil Nadu,Villupuram,Villupuram(Uzhavar Sandhai ),Pumpkin,2026-09-24,2000.0,2000.0,2000.0,0.0,0.0
Tamil Nadu,Pudukkottai,Viralimalai(Uzhavar Sandhai ),Pumpkin,2026-09-24,1200.0,1500.0,1350.0,0.0,300.0
Tamil Nadu,Virudhunagar,Virudhunagar(Uzhavar Sandhai ),Pumpkin,2026-09-24,2000.0,2500.0,2250.0,0.0,500.0
Tamil Nadu,Cuddalore,Viruthachalam(Uzhavar Sandhai ),Pumpkin,2026-09-24,2000.0,2500.0,2250.0,0.0,500.0
Tamil Nadu,Dharmapuri,Ajattihalli(Uzhavar Sandhai ),Raddish,2026-09-24,1800.0,2000.0,1900.0,0.0,200.0
Tamil Nadu,Pudukkottai,Alangudi(Uzhavar Sandhai ),Raddish,2026-09-24,3000.0,4000.0,3500.0,0.0,1000.0
Tamil Nadu,Salem,Ammapet(Uzhavar Sandhai ),Raddish,2026-09-24,2400.0,2600.0,2500.0,0.0,200.0
Tamil Nadu,Madurai,Anaiyur(Uzhavar Sandhai ),Raddish,2026-09-24,2400.0,2800.0,2600.0,0.0,400.0
Tamil Nadu,Theni,Andipatti(Uzhavar Sandhai ),Raddish,2026-09-24,1800.0,2000.0,1900.0,0.0,200.0
Tamil Nadu,Madurai,Anna Nagar(Uzhavar Sandhai ),Raddish,2026-09-24,3000.0,3400.0,3200.0,0.0,400.0
Tamil Nadu,Thiruvannamalai,Arani(Uzhavar Sandhai ),Raddish,2026-09-24,2500.0,3000.0,2750.0,0.0,500.0
Tamil Nadu,Pudukkottai,Aranthangi(Uzhavar Sandhai ),Raddish,2026-09-24,3500.0,4000.0,3750.0,0.0,500.0
Tamil Nadu,Ranipet,Arcot(Uzhavar Sandhai ),Raddish,2026-09-24,2500.0,2500.0,2500.0,0.0,0.0
Tamil Nadu,Ariyalur,Ariyalur(Uzhavar Sandhai),Raddish,2026-09-24,3500.0,4000.0,3750.0,0.0,500.0
Tamil Nadu,Virudhunagar,Aruppukottai(Uzhavar Sandhai ),Raddish,2026-09-24,2500.0,3000.0,2750.0,0.0,500.0
Tamil Nadu,Salem,Athur(Uzhavar Sandhai ),Raddish,2026-09-24,2000.0,2500.0,2250.0,0.0,500.0
Tamil Nadu,Salem,Attayampatti(Uzhavar Sandhai ),Raddish,2026-09-24,2600.0,3000.0,2800.0,0.0,400.0
Tamil Nadu,Krishnagiri,Avallapalli(Uzhavar Sandhai ),Raddish,2026-09-24,1000.0,1500.0,1250.0,0.0,500.0
Karnataka,Chikkaballapur,Bagepalli Apmc,Raddish,2026-09-24,1000.0,1500.0,1300.0,0.0,500.0
Punjab,Moga,Baghapurana Apmc,Raddish,2026-09-24,1500.0,2500.0,2000.0,0.0,1000.0
Haryana,Hissar,Barwala(Hisar) Apmc,Raddish,2026-09-24,1200.0,1500.0,1400.0,0.0,300.0
Punjab,Jalandhar,Bhogpur Apmc,Raddish,2026-09-24,2100.0,2100.0,2100.0,0.0,0.0
Tamil Nadu,Theni,Bodinayakanur(Uzhavar Sandhai ),Raddish,2026-09-24,2000.0,2000.0,2000.0,0.0,0.0
Tamil Nadu,Thiruvannamalai,Chengam(Uzhavar Sandhai ),Raddish,2026-09-24,2500.0,3000.0,2750.0,0.0,500.0
Tamil Nadu,Thiruvannamalai,Cheyyar(Uzhavar Sandhai ),Raddish,2026-09-24,2500.0,3000.0,2750.0,0.0,500.0
Tamil Nadu,Cuddalore,Chidambaram(Uzhavar Sandhai ),Raddish,2026-09-24,3000.0,3000.0,3000.0,0.0,0.0
Tamil Nadu,Dindigul,Chinnalapatti(Uzhavar Sandhai ),Raddish,2026-09-24,3600.0,4000.0,3800.0,0.0,400.0
Tamil Nadu,Theni,Chinnamanur(Uzhavar Sandhai ),Raddish,2026-09-24,2000.0,2000.0,2000.0,0.0,0.0
Tamil Nadu,Madurai,Chokkikulam(Uzhavar Sandhai ),Raddish,2026-09-24,2400.0,2800.0,2600.0,0.0,400.0
Tamil Nadu,The Nilgiris,Coonoor(Uzhavar Sandhai ),Raddish,2026-09-24,2600.0,3000.0,2800.0,0.0,400.0
Tamil Nadu,Cuddalore,Cuddalore(Uzhavar Sandhai ),Raddish,2026-09-24,3000.0,3500.0,3250.0,0.0,500.0
West Bengal,Darjeeling,Darjeeling Apmc,Raddish,2026-09-24,3200.0,3400.0,3300.0,0.0,200.0
Tamil Nadu,Krishnagiri,Denkanikottai(Uzhavar Sandhai ),Raddish,2026-09-24,1000.0,1500.0,1250.0,0.0,500.0
Tamil Nadu,Sivaganga,Devakottai (Uzhavar Sandhai ),Raddish,2026-09-24,2800.0,3000.0,2900.0,0.0,200.0
Tamil Nadu,Theni,Devaram(Uzhavar Sandhai ),Raddish,2026-09-24,2000.0,2000.0,2000.0,0.0,0.0
Tamil Nadu,Thirupur,Dharapuram(Uzhavar Sandhai ),Raddish,2026-09-24,2500.0,3000.0,2750.0,0.0,500.0
Tamil Nadu,Dharmapuri,Dharmapuri(Uzhavar Sandhai ),Raddish,2026-09-24,1700.0,1800.0,1750.0,0.0,100.0
Tamil Nadu,Dindigul,Dindigul(Uzhavar Sandhai ),Raddish,2026-09-24,3000.0,4000.0,3500.0,0.0,1000.0
Tamil Nadu,Salem,Edapadi (Uzhavar Sandhai ),Raddish,2026-09-24,2000.0,2500.0,2250.0,0.0,500.0
Tamil Nadu,Salem,Elampillai(Uzhavar Sandhai ),Raddish,2026-09-24,2000.0,2500.0,2250.0,0.0,500.0
Jammu and Kashmir,Udhampur,Fruit And Vegetable Market Udhampur,Raddish,2026-09-24,2250.0,2250.0,2250.0,0.0,0.0
Tamil Nadu,Pudukkottai,Gandarvakottai(Uzhavar Sandhai ),Raddish,2026-09-24,2500.0,3000.0,2750.0,0.0,500.0
Tamil Nadu,Karur,Gandhigramam(Uzhavar Sandhai),Raddish,2026-09-24,2500.0,3000.0,2750.0,0.0,500.0
Tamil Nadu,Villupuram,Gingee(Uzhavar Sandhai ),Raddish,2026-09-24,4000.0,4000.0,4000.0,0.0,0.0
Tamil Nadu,Erode,Gobichettipalayam(Uzhavar Sandhai ),Raddish,2026-09-24,2200.0,2600.0,2400.0,0.0,400.0
Gujarat,Rajkot,Gondal(Veg.Market Gondal) Apmc,Raddish,2026-09-24,1000.0,1500.0,1250.0,0.0,500.0
Tamil Nadu,The Nilgiris,Gudalur(Uzhavar Sandhai ),Raddish,2026-09-24,2500.0,3000.0,2750.0,0.0,500.0
Tamil Nadu,Vellore,Gudiyatham(Uzhavar Sandhai ),Raddish,2026-09-24,3000.0,3000.0,3000.0,0.0,0.0
Tamil Nadu,Chengalpattu,Guduvancheri(Uzhavar Sandhai ),Raddish,2026-09-24,3500.0,4000.0,3750.0,0.0,500.0
Punjab,Gurdaspur,Gurdaspur Apmc,Raddish,2026-09-24,1800.0,1800.0,1800.0,0.0,0.0
Haryana,Hissar,Hansi Apmc,Raddish,2026-09-24,1500.0,2000.0,1750.0,0.0,500.0
Tamil Nadu,Dharmapuri,Harur(Uzhavar Sandhai ),Raddish,2026-09-24,2000.0,2500.0,2250.0,0.0,500.0
Tamil Nadu,Salem,Hasthampatti(Uzhavar Sandhai ),Raddish,2026-09-24,2400.0,2600.0,2500.0,0.0,200.0
Tamil Nadu,Krishnagiri,Hosur(Uzhavar Sandhai ),Raddish,2026-09-24,1000.0,1500.0,1250.0,0.0,500.0
Tamil Nadu,Salem,Jalagandapuram(Uzhavar Sandhai ),Raddish,2026-09-24,2000.0,2400.0,2200.0,0.0,400.0
Tamil Nadu,Chengalpattu,Jameenrayapettai(Uzhavar Sandhai ),Raddish,2026-09-24,3500.0,4000.0,3750.0,0.0,500.0
Tamil Nadu,Ariyalur,Jeyankondam (Uzhavar Sandhai ),Raddish,2026-09-24,3400.0,3800.0,3600.0,0.0,400.0
Tamil Nadu,Vellore,Kahithapattarai(Uzhavar Sandhai ),Raddish,2026-09-24,2500.0,2500.0,2500.0,0.0,0.0
Uttar Pradesh,Shamli,Kairana Apmc,Raddish,2026-09-24,1000.0,1100.0,1050.0,0.0,100.0
Tamil Nadu,Kallakuruchi,Kallakurichi(Uzhavar Sandhai ),Raddish,2026-09-24,4000.0,4000.0,4000.0,0.0,0.0
Tamil Nadu,Theni,Kambam(Uzhavar Sandhai ),Raddish,2026-09-24,2000.0,2000.0,2000.0,0.0,0.0
Tamil Nadu,Kancheepuram,Kancheepuram(Uzhavar Sandhai ),Raddish,2026-09-24,3000.0,4000.0,3500.0,0.0,1000.0
Tamil Nadu,Thirupur,Kangayam(Uzhavar Sandhai ),Raddish,2026-09-24,2500.0,3000.0,2750.0,0.0,500.0
Tamil Nadu,Sivaganga,Karaikudi(Uzhavar Sandhai ),Raddish,2026-09-24,2800.0,3200.0,3000.0,0.0,400.0
Tamil Nadu,Pudukkottai,Karambakkudi(Uzhavar Sandhai ),Raddish,2026-09-24,3500.0,4000.0,3750.0,0.0,500.0
Tamil Nadu,Dharmapuri,Karimangalam(Uzhavar Sandhai),Raddish,2026-09-24,1600.0,1800.0,1700.0,0.0,200.0
Tamil Nadu,Virudhunagar,Kariyapatti(Uzhavar Sandhai ),Raddish,2026-09-24,3000.0,3500.0,3250.0,0.0,500.0
Tamil Nadu,Karur,Karur(Uzhavar Sandhai ),Raddish,2026-09-24,2500.0,3000.0,2750.0,0.0,500.0
Tamil Nadu,Vellore,Katpadi (Uzhavar Sandhai ),Raddish,2026-09-24,2500.0,2500.0,2500.0,0.0,0.0
Tamil Nadu,Krishnagiri,Kaveripattinam(Uzhavar Sandhai ),Raddish,2026-09-24,3000.0,3000.0,3000.0,0.0,0.0
Tamil Nadu,Thiruchirappalli,Kknagar(Uzhavar Sandhai ),Raddish,2026-09-24,3600.0,3600.0,3600.0,0.0,0.0
Tamil Nadu,Tuticorin,Kovilpatti(Uzhavar Sandhai ),Raddish,2026-09-24,3000.0,3500.0,3250.0,0.0,500.0
Tamil Nadu,Krishnagiri,Krishnagiri(Uzhavar Sandhai ),Raddish,2026-09-24,1400.0,1800.0,1600.0,0.0,400.0
Tamil Nadu,Karur,Kulithalai(Uzhavar Sandhai ),Raddish,2026-09-24,2800.0,3000.0,2900.0,0.0,200.0
Tamil Nadu,Namakkal,Kumarapalayam(Uzhavar Sandhai ),Raddish,2026-09-24,3000.0,3500.0,3250.0,0.0,500.0
Tamil Nadu,Thanjavur,Kumbakonam (Uzhavar Sandhai ),Raddish,2026-09-24,3600.0,3600.0,3600.0,0.0,0.0
Tamil Nadu,Kancheepuram,Kundrathur(Uzhavar Sandhai ),Raddish,2026-09-24,3000.0,3000.0,3000.0,0.0,0.0
Tamil Nadu,Coimbatore,Kurichi(Uzhavar Sandhai ),Raddish,2026-09-24,3000.0,3400.0,3200.0,0.0,400.0
Tamil Nadu,Thiruchirappalli,Lalgudi(Uzhavar Sandhai ),Raddish,2026-09-24,3400.0,3400.0,3400.0,0.0,0.0
Punjab,Jalandhar,Lohian Khas Apmc,Raddish,2026-09-24,1600.0,2000.0,1800.0,0.0,400.0
Punjab,Ludhiana,Ludhiana Apmc,Raddish,2026-09-24,300.0,1200.0,800.0,0.0,900.0
Jammu and Kashmir,Jammu,Mac F&V Market Narwal Jammu,Raddish,2026-09-24,1500.0,2000.0,1750.0,0.0,500.0
Uttar Pradesh,Khiri (Lakhimpur),Maigalganj Apmc,Raddish,2026-09-24,1120.0,1160.0,1140.0,0.0,40.0
Punjab,Sangrur,Malerkotla Apmc,Raddish,2026-09-24,1500.0,2000.0,2000.0,0.0,500.0
Tamil Nadu,Thiruchirappalli,Manachanallur(Uzhavar Sandhai ),Raddish,2026-09-24,3600.0,3600.0,3600.0,0.0,0.0
Tamil Nadu,Thiruchirappalli,Manapparai(Uzhavar Sandhai ),Raddish,2026-09-24,3000.0,3000.0,3000.0,0.0,0.0
Tamil Nadu,Thiruvarur,Mannargudi I(Uzhavar Sandhai ),Raddish,2026-09-24,3400.0,3400.0,3400.0,0.0,0.0
Tamil Nadu,Thiruvarur,Mannargudi Ii(Uzhavar Sandhai ),Raddish,2026-09-24,3400.0,3400.0,3400.0,0.0,0.0
Tamil Nadu,Nagapattinam,Mayiladuthurai(Uzhavar Sandhai ),Raddish,2026-09-24,2500.0,3000.0,2750.0,0.0,500.0
Tamil Nadu,Salem,Mecheri(Uzhavar Sandhai),Raddish,2026-09-24,2000.0,2500.0,2250.0,0.0,500.0
Haryana,Rohtak,Meham,Raddish,2026-09-24,1500.0,1500.0,1500.0,0.0,0.0
Punjab,Jalandhar,Mehatpur Apmc,Raddish,2026-09-24,1300.0,1500.0,1400.0,0.0,200.0
Tamil Nadu,Thirunelveli,Melapalayam(Uzhavar Sandhai ),Raddish,2026-09-24,3000.0,3500.0,3250.0,0.0,500.0
Tamil Nadu,Madurai,Melur(Uzhavar Sandhai ),Raddish,2026-09-24,2400.0,2800.0,2600.0,0.0,400.0
Tamil Nadu,Coimbatore,Mettupalayam(Uzhavar Sandhai ),Raddish,2026-09-24,2500.0,3000.0,2750.0,0.0,500.0
Tamil Nadu,Salem,Mettur(Uzhavar Sandhai ),Raddish,2026-09-24,2200.0,2500.0,2350.0,0.0,300.0
Tamil Nadu,Namakkal,Mohanur(Uzhavar Sandhai ),Raddish,2026-09-24,3200.0,4000.0,3600.0,0.0,800.0
Maharashtra,Mumbai,Mumbai,Raddish,2026-09-24,3000.0,4000.0,3500.0,0.0,1000.0
Tamil Nadu,Thiruchirappalli,Musiri(Uzhavar Sandhai ),Raddish,2026-09-24,3000.0,3600.0,3300.0,0.0,600.0
Tamil Nadu,Nagapattinam,Nagapattinam(Uzhavar Sandhai ),Raddish,2026-09-24,3400.0,3400.0,3400.0,0.0,0.0
Tamil Nadu,Namakkal,Namakkal(Uzhavar Sandhai ),Raddish,2026-09-24,2500.0,3000.0,2750.0,0.0,500.0
Tamil Nadu,Chengalpattu,Nanganallur(Uzhavar Sandhai ),Raddish,2026-09-24,3500.0,4000.0,3750.0,0.0,500.0
Haryana,Mahendragarh-Narnaul,Narnaul Apmc,Raddish,2026-09-24,1500.0,2500.0,2000.0,0.0,1000.0
Tamil Nadu,Thirupathur,Natrampalli(Uzhavar Sandhai ),Raddish,2026-09-24,2000.0,3000.0,2500.0,0.0,1000.0
Tamil Nadu,Thiruvarur,Needamangalam(Uzhavar Sandhai ),Raddish,2026-09-24,3200.0,3200.0,3200.0,0.0,0.0
Punjab,Jalandhar,Noor Mehal Apmc,Raddish,2026-09-24,1800.0,1800.0,1800.0,0.0,0.0
Tamil Nadu,Kancheepuram,Padappai(Uzhavar Sandhai ),Raddish,2026-09-24,3000.0,4000.0,3500.0,0.0,1000.0
Tamil Nadu,Dharmapuri,Palacode(Uzhavar Sandhai ),Raddish,2026-09-24,1200.0,1500.0,1350.0,0.0,300.0
Tamil Nadu,Madurai,Palanganatham(Uzhavar Sandhai ),Raddish,2026-09-24,2400.0,2800.0,2600.0,0.0,400.0
Tamil Nadu,Dindigul,Palani(Uzhavar Sandhai ),Raddish,2026-09-24,2000.0,3000.0,2500.0,0.0,1000.0
Tamil Nadu,Thirunelveli,Palayamkottai(Uzhavar Sandhai ),Raddish,2026-09-24,3000.0,3500.0,3250.0,0.0,500.0
Tamil Nadu,Thirupur,Palladam(Uzhavar Sandhai ),Raddish,2026-09-24,2500.0,3000.0,2750.0,0.0,500.0
Tamil Nadu,Karur,Pallapatti (Uzhavar Sandhai ),Raddish,2026-09-24,3500.0,4000.0,3750.0,0.0,500.0
Tamil Nadu,Chengalpattu,Pallavaram(Uzhavar Sandhai ),Raddish,2026-09-24,3500.0,7000.0,5250.0,0.0,3500.0
Tamil Nadu,Vellore,Pallikonda(Uzhavar Sandhai),Raddish,2026-09-24,2500.0,3000.0,2750.0,0.0,500.0
Tamil Nadu,Cuddalore,Panruti(Uzhavar Sandhai ),Raddish,2026-09-24,3000.0,3000.0,3000.0,0.0,0.0
Tamil Nadu,Thanjavur,Papanasam(Uzhavar Sandhai ),Raddish,2026-09-24,3600.0,3600.0,3600.0,0.0,0.0
Tamil Nadu,Ramanathapuram,Paramakudi(Uzhavar Sandhai ),Raddish,2026-09-24,4000.0,4200.0,4100.0,0.0,200.0
Tamil Nadu,Namakkal,Paramathivelur(Uzhavar Sandhai ),Raddish,2026-09-24,3500.0,4000.0,3750.0,0.0,500.0
Tamil Nadu,Thiruvellore,Paruthipattu(Uzhavar Sandhai ),Raddish,2026-09-24,4000.0,4000.0,4000.0,0.0,0.0
Punjab,Pathankot,Pathankot Apmc,Raddish,2026-09-24,1400.0,1400.0,1400.0,0.0,0.0
Punjab,Tarntaran,Patti Apmc,Raddish,2026-09-24,3.0,3.0,3.0,0.0,0.0
Tamil Nadu,Thanjavur,Pattukottai(Uzhavar Sandhai ),Raddish,2026-09-24,4400.0,4400.0,4400.0,0.0,0.0
Tamil Nadu,Dharmapuri,Pennagaram(Uzhavar Sandhai ),Raddish,2026-09-24,2200.0,2400.0,2300.0,0.0,200.0
Tamil Nadu,Perambalur,Perambalur(Uzhavar Sandhai ),Raddish,2026-09-24,2800.0,3200.0,3000.0,0.0,400.0
Tamil Nadu,Vellore,Perampet(Uzhavar Sandhai),Raddish,2026-09-24,3000.0,3000.0,3000.0,0.0,0.0
Tamil Nadu,Thanjavur,Peravurani(Uzhavar Sandhai),Raddish,2026-09-24,4400.0,4400.0,4400.0,0.0,0.0
Tamil Nadu,Theni,Periyakulam(Uzhavar Sandhai ),Raddish,2026-09-24,2000.0,2000.0,2000.0,0.0,0.0
Tamil Nadu,Erode,Periyar Nagar(Uzhavar Sandhai ),Raddish,2026-09-24,2000.0,2200.0,2100.0,0.0,200.0
Tamil Nadu,Erode,Perundurai(Uzhavar Sandhai ),Raddish,2026-09-24,2500.0,2800.0,2650.0,0.0,300.0
Himachal Pradesh,Chamba,Pmy Chamba,Raddish,2026-09-24,2000.0,2500.0,2250.0,0.0,500.0
Himachal Pradesh,Kangra,Pmy Kangra,Raddish,2026-09-24,3000.0,4000.0,3500.0,0.0,1000.0
Tamil Nadu,Coimbatore,Pollachi(Uzhavar Sandhai ),Raddish,2026-09-24,3000.0,3500.0,3250.0,0.0,500.0
Tamil Nadu,Thiruvannamalai,Polur(Uzhavar Sandhai ),Raddish,2026-09-24,2500.0,3000.0,2750.0,0.0,500.0
Tamil Nadu,Pudukkottai,Ponnamaravathi(Uzhavar Sandhai),Raddish,2026-09-24,2500.0,3000.0,2750.0,0.0,500.0
Tamil Nadu,Pudukkottai,Pudukottai(Uzhavar Sandhai ),Raddish,2026-09-24,3500.0,4000.0,3750.0,0.0,500.0
Maharashtra,Pune,Pune,Raddish,2026-09-24,10.0,10.0,10.0,0.0,0.0
Maharashtra,Pune,Pune,Raddish,2026-09-24,7.0,9.0,8.0,0.0,2.0
Tamil Nadu,Virudhunagar,Rajapalayam(Uzhavar Sandhai ),Raddish,2026-09-24,3000.0,3500.0,3250.0,0.0,500.0
Karnataka,Bengaluru South,Ramanagara Apmc,Raddish,2026-09-24,1600.0,2400.0,2000.0,0.0,800.0
Tamil Nadu,Ramanathapuram,Ramanathapuram(Uzhavar Sandhai ),Raddish,2026-09-24,4000.0,4200.0,4100.0,0.0,200.0
Punjab,Bhatinda,Rampuraphul(Nabha Mandi) Apmc,Raddish,2026-09-24,1000.0,2000.0,1500.0,0.0,1000.0
Tamil Nadu,Ranipet,Ranipettai(Uzhavar Sandhai ),Raddish,2026-09-24,2000.0,2500.0,2250.0,0.0,500.0
Tamil Nadu,Namakkal,Rasipuram(Uzhavar Sandhai ),Raddish,2026-09-24,3000.0,3200.0,3100.0,0.0,200.0
Haryana,Fatehabad,Ratia Apmc,Raddish,2026-09-24,1800.0,1800.0,1800.0,0.0,0.0
Punjab,Amritsar,Rayya Apmc,Raddish,2026-09-24,2050.0,2050.0,2050.0,0.0,0.0
Punjab,Ropar (Rupnagar),Ropar Apmc,Raddish,2026-09-24,3000.0,3500.0,3200.0,0.0,500.0
Tamil Nadu,Coimbatore,Rspuram(Uzhavar Sandhai ),Raddish,2026-09-24,2500.0,3000.0,2750.0,0.0,500.0
Uttarakhand,Udhamsinghnagar,Rudrapur Apmc,Raddish,2026-09-24,1000.0,2000.0,1500.0,0.0,1000.0
Haryana,Yamuna Nagar,Sadhaura Apmc,Raddish,2026-09-24,1670.0,1800.0,1700.0,0.0,130.0
Tamil Nadu,Erode,Sampath Nagar(Uzhavar Sandhai ),Raddish,2026-09-24,2000.0,2200.0,2100.0,0.0,200.0
Punjab,Ludhiana,Samrala Apmc,Raddish,2026-09-24,800.0,1000.0,900.0,0.0,200.0
Tamil Nadu,Kallakuruchi,Sankarapuram(Uzhavar Sandhai ),Raddish,2026-09-24,4000.0,4000.0,4000.0,0.0,0.0
Tamil Nadu,Erode,Sathiyamagalam(Uzhavar Sandhai ),Raddish,2026-09-24,2400.0,2800.0,2600.0,0.0,400.0
Tamil Nadu,Virudhunagar,Sathur(Uzhavar Sandhai ),Raddish,2026-09-24,3000.0,3500.0,3250.0,0.0,500.0
Meghalaya,East Khasi Hills,Shillong Apmc,Raddish,2026-09-24,1500.0,1600.0,1550.0,0.0,100.0
Tamil Nadu,Sivaganga,Singampunari(Uzhavar Sandhai ),Raddish,2026-09-24,2600.0,3000.0,2800.0,0.0,400.0
Tamil Nadu,Coimbatore,Singanallur(Uzhavar Sandhai ),Raddish,2026-09-24,2800.0,3200.0,3000.0,0.0,400.0
Punjab,Fatehgarh,Sirhind Apmc,Raddish,2026-09-24,1400.0,2500.0,2000.0,0.0,1100.0
Tamil Nadu,Nagapattinam,Sirkali(Uzhavar Sandhai ),Raddish,2026-09-24,3600.0,4000.0,3800.0,0.0,400.0
Tamil Nadu,Sivaganga,Sivagangai (Uzhavar Sandhai ),Raddish,2026-09-24,2600.0,3000.0,2800.0,0.0,400.0
Tamil Nadu,Virudhunagar,Sivakasi(Uzhavar Sandhai ),Raddish,2026-09-24,3000.0,3500.0,3250.0,0.0,500.0
Himachal Pradesh,Kangra,Smy Baijnath,Raddish,2026-09-24,2200.0,2600.0,2400.0,0.0,400.0
Himachal Pradesh,Mandi,Smy Jogindernagar,Raddish,2026-09-24,2000.0,2500.0,2250.0,0.0,500.0
Himachal Pradesh,Kangra,Smy Palampur,Raddish,2026-09-24,2200.0,2500.0,2400.0,0.0,300.0
Tamil Nadu,Salem,Sooramangalam(Uzhavar Sandhai ),Raddish,2026-09-24,2600.0,2800.0,2700.0,0.0,200.0
Tamil Nadu,Virudhunagar,Srivilliputhur(Uzhavar Sandhai ),Raddish,2026-09-24,3000.0,3500.0,3250.0,0.0,500.0
Tamil Nadu,Coimbatore,Sulur(Uzhavar Sandhai ),Raddish,2026-09-24,2800.0,3200.0,3000.0,0.0,400.0
Tamil Nadu,Coimbatore,Sundarapuram(Uzhavar Sandhai ),Raddish,2026-09-24,3000.0,3500.0,3250.0,0.0,500.0
Tamil Nadu,Kancheepuram,Sunguvarchatram(Uzhavar Sandhai ),Raddish,2026-09-24,3000.0,3000.0,3000.0,0.0,0.0
Tamil Nadu,Thiruvannamalai,Tamarainagar(Uzhavar Sandhai ),Raddish,2026-09-24,2000.0,2500.0,2250.0,0.0,500.0
Punjab,Hoshiarpur,Tanda Urmur Apmc,Raddish,2026-09-24,2000.0,3000.0,2500.0,0.0,1000.0
Tamil Nadu,Tenkasi,Tenkasi(Uzhavar Sandhai ),Raddish,2026-09-24,3000.0,3000.0,3000.0,0.0,0.0
Tamil Nadu,Erode,Thalavadi(Uzhavar Sandhai ),Raddish,2026-09-24,2400.0,2800.0,2600.0,0.0,400.0
Tamil Nadu,Virudhunagar,Thalavaipuram(Uzhavar Sandhai ),Raddish,2026-09-24,2800.0,3500.0,3150.0,0.0,700.0
Tamil Nadu,Salem,Thammampatti (Uzhavar Sandhai ),Raddish,2026-09-24,2000.0,2400.0,2200.0,0.0,400.0
Tamil Nadu,Thanjavur,Thanjavur(Uzhavar Sandhai ),Raddish,2026-09-24,2800.0,2800.0,2800.0,0.0,0.0
Tamil Nadu,Salem,Thathakapatti(Uzhavar Sandhai ),Raddish,2026-09-24,2600.0,2800.0,2700.0,0.0,200.0
Tamil Nadu,Theni,Theni(Uzhavar Sandhai ),Raddish,2026-09-24,2000.0,2000.0,2000.0,0.0,0.0
Tamil Nadu,Chengalpattu,Thirukalukundram(Uzhavar Sandhai ),Raddish,2026-09-24,4000.0,5000.0,4500.0,0.0,1000.0
Tamil Nadu,Madurai,Thirumangalam(Uzhavar Sandhai ),Raddish,2026-09-24,2500.0,2800.0,2650.0,0.0,300.0
Tamil Nadu,Vellore,Thirupathur Apmc,Raddish,2026-09-24,2800.0,2800.0,2800.0,0.0,0.0
Tamil Nadu,Thiruchirappalli,Thiruverumbur(Uzhavar Sandhai ),Raddish,2026-09-24,3600.0,3600.0,3600.0,0.0,0.0
Tamil Nadu,Thiruchirappalli,Thuraiyur Apmc,Raddish,2026-09-24,3000.0,3500.0,3250.0,0.0,500.0
Tamil Nadu,Villupuram,Tindivanam Apmc,Raddish,2026-09-24,3800.0,3800.0,3800.0,0.0,0.0
Tamil Nadu,Namakkal,Tiruchengode Apmc,Raddish,2026-09-24,2800.0,3000.0,2900.0,0.0,200.0
Tamil Nadu,Thanjavur,Tirukattupalli(Uzhavar Sandhai ),Raddish,2026-09-24,2800.0,2800.0,2800.0,0.0,0.0
Tamil Nadu,Sivaganga,Tirupatthur(Uzhavar Sandhai ),Raddish,2026-09-24,2800.0,3200.0,3000.0,0.0,400.0
Tamil Nadu,Thirupur,Tiruppur (North) (Uzhavar Sandhai ),Raddish,2026-09-24,2500.0,3000.0,2750.0,0.0,500.0
Tamil Nadu,Thirupur,Tiruppur (South) (Uzhavar Sandhai ),Raddish,2026-09-24,1500.0,2000.0,1750.0,0.0,500.0
Tamil Nadu,Thiruvellore,Tiruthani(Uzhavar Sandhai ),Raddish,2026-09-24,4000.0,4000.0,4000.0,0.0,0.0
Tamil Nadu,Thiruvannamalai,Tiruvannamalai(Uzhavar Sandhai ),Raddish,2026-09-24,2000.0,2400.0,2200.0,0.0,400.0
Tamil Nadu,Thiruvarur,Tiruvarur(Uzhavar Sandhai ),Raddish,2026-09-24,3600.0,3600.0,3600.0,0.0,0.0
Tamil Nadu,Tuticorin,Tuticorin(Uzhavar Sandhai ),Raddish,2026-09-24,2500.0,3000.0,2750.0,0.0,500.0
Tamil Nadu,The Nilgiris,Udhagamandalam(Uzhavar Sandhai ),Raddish,2026-09-24,2500.0,3000.0,2750.0,0.0,500.0
Tamil Nadu,Coimbatore,Udumalpet Apmc,Raddish,2026-09-24,3000.0,3500.0,3250.0,0.0,500.0
Tamil Nadu,Villupuram,Ulundurpettai Apmc,Raddish,2026-09-24,5000.0,5000.0,5000.0,0.0,0.0
Tamil Nadu,Cuddalore,Vadalur(Uzhavar Sandhai ),Raddish,2026-09-24,4000.0,4000.0,4000.0,0.0,0.0
Tamil Nadu,Nagercoil (Kannyiakumari),Vadaseri Apmc,Raddish,2026-09-24,4500.0,5000.0,4750.0,0.0,500.0
Tamil Nadu,Coimbatore,Vadavalli(Uzhavar Sandhai ),Raddish,2026-09-24,2500.0,3000.0,2750.0,0.0,500.0
Gujarat,Surendranagar,Vadhvan Apmc,Raddish,2026-09-24,1000.0,1500.0,1250.0,0.0,500.0
Tamil Nadu,Thiruvarur,Valangaiman Apmc,Raddish,2026-09-24,3000.0,3000.0,3000.0,0.0,0.0
Tamil Nadu,Thiruvannamalai,Vandavasi(Uzhavar Sandhai ),Raddish,2026-09-24,2500.0,3000.0,2750.0,0.0,500.0
Tamil Nadu,Thirupathur,Vaniyampadi(Uzhavar Sandhai ),Raddish,2026-09-24,3000.0,3000.0,3000.0,0.0,0.0
Tamil Nadu,Salem,Vazhapadi(Uzhavar Sandhai),Raddish,2026-09-24,2500.0,2500.0,2500.0,0.0,0.0
Tamil Nadu,Dindigul,Vedasanthur(Uzhavar Sandhai ),Raddish,2026-09-24,2500.0,3000.0,2750.0,0.0,500.0
Tamil Nadu,Karur,Velayuthampalayam(Uzhavar Sandhai ),Raddish,2026-09-24,2400.0,3000.0,2700.0,0.0,600.0
Tamil Nadu,Vellore,Vellore Apmc,Raddish,2026-09-24,2000.0,2500.0,2250.0,0.0,500.0
Tamil Nadu,Karur,Vengamedu(Uzhavar Sandhai ),Raddish,2026-09-24,2500.0,3000.0,2750.0,0.0,500.0
Tamil Nadu,Villupuram,Villupuram(Uzhavar Sandhai ),Raddish,2026-09-24,4000.0,4000.0,4000.0,0.0,0.0
Tamil Nadu,Pudukkottai,Viralimalai(Uzhavar Sandhai ),Raddish,2026-09-24,3500.0,4000.0,3750.0,0.0,500.0
Tamil Nadu,Virudhunagar,Virudhunagar(Uzhavar Sandhai ),Raddish,2026-09-24,3500.0,4000.0,3750.0,0.0,500.0
Tamil Nadu,Cuddalore,Viruthachalam(Uzhavar Sandhai ),Raddish,2026-09-24,3000.0,3000.0,3000.0,0.0,0.0
Andhra Pradesh,Visakhapatnam,Bhimunipatnam Apmc,Ragi(Finger Millet),2026-09-24,5000.0,5000.0,5000.0,0.0,0.0
Karnataka,Chitradurga,Hosadurga Apmc,Ragi(Finger Millet),2026-09-24,3500.0,3500.0,3500.0,0.0,0.0
Andhra Pradesh,Sri Sathya Sai,Madakasira Apmc,Ragi(Finger Millet),2026-09-24,5250.0,5250.0,5250.0,0.0,0.0
Tamil Nadu,Coimbatore,Thiruppur Apmc,Ragi(Finger Millet),2026-09-24,4450.0,4850.0,4650.0,0.0,400.0
Tamil Nadu,Vellore,Vellore Apmc,Ragi(Finger Millet),2026-09-24,4026.0,4026.0,4026.0,0.0,0.0
Tamil Nadu,Villupuram,Vikkiravandi Apmc,Ragi(Finger Millet),2026-09-24,3771.0,3873.0,3822.0,0.0,102.0
Tamil Nadu,Villupuram,Villupuram Apmc,Ragi(Finger Millet),2026-09-24,3699.0,3724.0,3711.5,0.0,25.0
Manipur,Imphal East,Lamlong Bazaar Apmc,Red Gram Split/Arhar Dal/Tur Dal,2026-09-24,14000.0,15000.0,14500.0,0.0,1000.0
Gujarat,Rajkot,Dhoraji Apmc,Red Gram/Arhar/Tur(Whole),2026-09-24,6855.0,8355.0,8280.0,0.0,1500.0
Andhra Pradesh,Ananthapuramu,Gooti Apmc,Red Gram/Arhar/Tur(Whole),2026-09-24,5500.0,7400.0,6700.0,0.0,1900.0
Andhra Pradesh,Ananthapuramu,Guntakal Apmc,Red Gram/Arhar/Tur(Whole),2026-09-24,7200.0,8200.0,7600.0,0.0,1000.0
Gujarat,Jamnagar,Jam Jodhpur Apmc,Red Gram/Arhar/Tur(Whole),2026-09-24,6000.0,8750.0,7250.0,0.0,2750.0
Andhra Pradesh,Markapuram,Kanigiri Apmc,Red Gram/Arhar/Tur(Whole),2026-09-24,8600.0,8800.0,8700.0,0.0,200.0
Karnataka,Koppal,Kustagi Apmc,Red Gram/Arhar/Tur(Whole),2026-09-24,8500.0,8500.0,8500.0,0.0,0.0
Andhra Pradesh,Palnadu,Macharla Apmc,Red Gram/Arhar/Tur(Whole),2026-09-24,8250.0,8250.0,8250.0,0.0,0.0
Andhra Pradesh,Palnadu,Narasaraopet Apmc,Red Gram/Arhar/Tur(Whole),2026-09-24,9000.0,9000.0,9000.0,0.0,0.0
Andhra Pradesh,Markapuram,Podili Apmc,Red Gram/Arhar/Tur(Whole),2026-09-24,8200.0,8400.0,8300.0,0.0,200.0
Gujarat,Ahmedabad,Viramgam Apmc,Red Gram/Arhar/Tur(Whole),2026-09-24,6025.0,8175.0,7100.0,0.0,2150.0
Gujarat,Surat,Vyra Apmc,Red Gram/Arhar/Tur(Whole),2026-09-24,5000.0,8000.0,6500.0,0.0,3000.0
Uttar Pradesh,Mirzapur,Ahirora Apmc,Rice,2026-09-24,4900.0,4900.0,4900.0,0.0,0.0
Uttar Pradesh,Ambedkarnagar,Akbarpur Apmc,Rice,2026-09-24,2550.0,2550.0,2550.0,0.0,0.0
Maharashtra,Palghar,Apmc  Vasai,Rice,2026-09-24,2790.0,4750.0,3590.0,0.0,1960.0
Maharashtra,Raigad,Apmc Alibagh ,Rice,2026-09-24,4000.0,4500.0,4250.0,0.0,500.0
Maharashtra,Raigad,Apmc Mangaon ,Rice,2026-09-24,1900.0,4800.0,3800.0,0.0,2900.0
Maharashtra,Raigad,Apmc Murud ,Rice,2026-09-24,4000.0,4500.0,4250.0,0.0,500.0
Maharashtra,Palghar,Apmc Palghar ,Rice,2026-09-24,4575.0,4575.0,4575.0,0.0,0.0
Uttar Pradesh,Ayodhya,Ayodhya Apmc,Rice,2026-09-24,2000.0,2400.0,2288.84,0.0,400.0
Uttar Pradesh,Azamgarh,Azamgarh Apmc,Rice,2026-09-24,2400.0,3000.0,2651.52,0.0,600.0
Uttar Pradesh,Ballia,Ballia Apmc,Rice,2026-09-24,2400.0,2400.0,2400.0,0.0,0.0
Uttarakhand,Udhamsinghnagar,Bazpur Apmc,Rice,2026-09-24,2554.0,3561.0,2610.0,0.0,1007.0
West Bengal,Bankura,Bishnupur(Bankura) Apmc,Rice,2026-09-24,4600.0,4800.0,4700.0,0.0,200.0
West Bengal,Bankura,Bishnupur(Bankura) Apmc,Rice,2026-09-24,3600.0,3700.0,3650.0,0.0,100.0
Tripura,North Tripura,Dasda Apmc,Rice,2026-09-24,3250.0,3350.0,3300.0,0.0,100.0
Uttarakhand,Udhamsinghnagar,Gadarpur Apmc,Rice,2026-09-24,2800.0,2800.0,2800.0,0.0,0.0
Karnataka,Davangere,Honnali Apmc,Rice,2026-09-24,2600.0,2600.0,2600.0,0.0,0.0
Odisha,Mayurbhanja,Karanjia Apmc,Rice,2026-09-24,3600.0,3700.0,3700.0,0.0,100.0
Odisha,Mayurbhanja,Karanjia Apmc,Rice,2026-09-24,3500.0,3600.0,3600.0,0.0,100.0
West Bengal,Bankura,Khatra Apmc,Rice,2026-09-24,3550.0,3700.0,3600.0,0.0,150.0
West Bengal,Medinipur(E),Kolaghat Apmc,Rice,2026-09-24,3200.0,3400.0,3300.0,0.0,200.0
West Bengal,Medinipur(E),Kolaghat Apmc,Rice,2026-09-24,4200.0,4400.0,4300.0,0.0,200.0
Manipur,Imphal East,Lamlong Bazaar Apmc,Rice,2026-09-24,5100.0,5100.0,5100.0,0.0,0.0
Andhra Pradesh,Palnadu,Narasaraopet Apmc,Rice,2026-09-24,6000.0,6000.0,6000.0,0.0,0.0
Uttar Pradesh,Prayagraj,Prayagraj Apmc,Rice,2026-09-24,2300.0,2300.0,2300.0,0.0,0.0
Uttar Pradesh,Raebarelli,Raibareilly Apmc,Rice,2026-09-24,2550.0,2550.0,2550.0,0.0,0.0
Uttar Pradesh,Kanpur Dehat,Rura Apmc,Rice,2026-09-24,2750.0,2750.0,2750.0,0.0,0.0
Meghalaya,East Khasi Hills,Shillong Apmc,Rice,2026-09-24,5600.0,5800.0,5700.0,0.0,200.0
West Bengal,Medinipur(E),Tamluk (Medinipur E) Apmc,Rice,2026-09-24,4200.0,4400.0,4300.0,0.0,200.0
West Bengal,Medinipur(E),Tamluk (Medinipur E) Apmc,Rice,2026-09-24,3200.0,3400.0,3300.0,0.0,200.0
Andhra Pradesh,NTR,Tiruvuru Apmc,Rice,2026-09-24,4900.0,4900.0,4900.0,0.0,0.0
Uttar Pradesh,Balrampur,Utraula Apmc,Rice,2026-09-24,2400.0,2400.0,2400.0,0.0,0.0
Andhra Pradesh,Visakhapatnam,Visakhapatnam Apmc,Rice,2026-09-24,6200.0,6200.0,6200.0,0.0,0.0
Odisha,Bargarh,Godbhaga Apmc,Ridge Gourd(Permal/Hybrid Gourd),2026-09-24,2250.0,2600.0,2400.0,0.0,350.0
Tamil Nadu,Dharmapuri,Ajattihalli(Uzhavar Sandhai ),Ridgeguard(Tori),2026-09-24,3000.0,3000.0,3000.0,0.0,0.0
Tamil Nadu,Pudukkottai,Alangudi(Uzhavar Sandhai ),Ridgeguard(Tori),2026-09-24,5000.0,6000.0,5500.0,0.0,1000.0
Tamil Nadu,Salem,Ammapet(Uzhavar Sandhai ),Ridgeguard(Tori),2026-09-24,3600.0,4000.0,3800.0,0.0,400.0
Tamil Nadu,Madurai,Anaiyur(Uzhavar Sandhai ),Ridgeguard(Tori),2026-09-24,4000.0,4500.0,4250.0,0.0,500.0
Tamil Nadu,Theni,Andipatti(Uzhavar Sandhai ),Ridgeguard(Tori),2026-09-24,3400.0,4000.0,3700.0,0.0,600.0
Tamil Nadu,Madurai,Anna Nagar(Uzhavar Sandhai ),Ridgeguard(Tori),2026-09-24,3600.0,4600.0,4100.0,0.0,1000.0
Tamil Nadu,Thiruvannamalai,Arani(Uzhavar Sandhai ),Ridgeguard(Tori),2026-09-24,3500.0,4200.0,3850.0,0.0,700.0
Tamil Nadu,Pudukkottai,Aranthangi(Uzhavar Sandhai ),Ridgeguard(Tori),2026-09-24,5000.0,6000.0,5500.0,0.0,1000.0
Tamil Nadu,Ranipet,Arcot(Uzhavar Sandhai ),Ridgeguard(Tori),2026-09-24,4000.0,4000.0,4000.0,0.0,0.0
Tamil Nadu,Virudhunagar,Aruppukottai(Uzhavar Sandhai ),Ridgeguard(Tori),2026-09-24,4000.0,5000.0,4500.0,0.0,1000.0
Tamil Nadu,Salem,Athur(Uzhavar Sandhai ),Ridgeguard(Tori),2026-09-24,4500.0,5000.0,4750.0,0.0,500.0
Tamil Nadu,Salem,Attayampatti(Uzhavar Sandhai ),Ridgeguard(Tori),2026-09-24,4000.0,4500.0,4250.0,0.0,500.0
Tamil Nadu,Krishnagiri,Avallapalli(Uzhavar Sandhai ),Ridgeguard(Tori),2026-09-24,3000.0,3500.0,3250.0,0.0,500.0
Karnataka,Chikkaballapur,Bagepalli Apmc,Ridgeguard(Tori),2026-09-24,1000.0,1500.0,1300.0,0.0,500.0
Tripura,South Tripura,Barpathari Apmc,Ridgeguard(Tori),2026-09-24,7900.0,8100.0,8000.0,0.0,200.0
Tamil Nadu,Theni,Bodinayakanur(Uzhavar Sandhai ),Ridgeguard(Tori),2026-09-24,4800.0,4800.0,4800.0,0.0,0.0
Tamil Nadu,Thiruvannamalai,Chengam(Uzhavar Sandhai ),Ridgeguard(Tori),2026-09-24,3500.0,4000.0,3750.0,0.0,500.0
Tamil Nadu,Thiruvannamalai,Cheyyar(Uzhavar Sandhai ),Ridgeguard(Tori),2026-09-24,3500.0,4200.0,3850.0,0.0,700.0
Tamil Nadu,Dindigul,Chinnalapatti(Uzhavar Sandhai ),Ridgeguard(Tori),2026-09-24,6000.0,6600.0,6300.0,0.0,600.0
Tamil Nadu,Theni,Chinnamanur(Uzhavar Sandhai ),Ridgeguard(Tori),2026-09-24,4800.0,4800.0,4800.0,0.0,0.0
Tamil Nadu,Madurai,Chokkikulam(Uzhavar Sandhai ),Ridgeguard(Tori),2026-09-24,3600.0,4500.0,4050.0,0.0,900.0
Tamil Nadu,The Nilgiris,Coonoor(Uzhavar Sandhai ),Ridgeguard(Tori),2026-09-24,4500.0,4800.0,4650.0,0.0,300.0
Tamil Nadu,Cuddalore,Cuddalore(Uzhavar Sandhai ),Ridgeguard(Tori),2026-09-24,6000.0,6000.0,6000.0,0.0,0.0
Tamil Nadu,Krishnagiri,Denkanikottai(Uzhavar Sandhai ),Ridgeguard(Tori),2026-09-24,3000.0,3500.0,3250.0,0.0,500.0
Tamil Nadu,Sivaganga,Devakottai (Uzhavar Sandhai ),Ridgeguard(Tori),2026-09-24,3600.0,4200.0,3900.0,0.0,600.0
Tamil Nadu,Theni,Devaram(Uzhavar Sandhai ),Ridgeguard(Tori),2026-09-24,4200.0,4200.0,4200.0,0.0,0.0
Tamil Nadu,Thirupur,Dharapuram(Uzhavar Sandhai ),Ridgeguard(Tori),2026-09-24,5000.0,5500.0,5250.0,0.0,500.0
Tamil Nadu,Dharmapuri,Dharmapuri(Uzhavar Sandhai ),Ridgeguard(Tori),2026-09-24,2800.0,3000.0,2900.0,0.0,200.0
Tamil Nadu,Dindigul,Dindigul(Uzhavar Sandhai ),Ridgeguard(Tori),2026-09-24,6000.0,6600.0,6300.0,0.0,600.0
Punjab,Ludhiana,Doraha Apmc,Ridgeguard(Tori),2026-09-24,1600.0,2000.0,1800.0,0.0,400.0
Tamil Nadu,Salem,Edapadi (Uzhavar Sandhai ),Ridgeguard(Tori),2026-09-24,3500.0,4000.0,3750.0,0.0,500.0
Tamil Nadu,Salem,Elampillai(Uzhavar Sandhai ),Ridgeguard(Tori),2026-09-24,3000.0,3500.0,3250.0,0.0,500.0
Tamil Nadu,Pudukkottai,Gandarvakottai(Uzhavar Sandhai ),Ridgeguard(Tori),2026-09-24,5000.0,6000.0,5500.0,0.0,1000.0
Tamil Nadu,Karur,Gandhigramam(Uzhavar Sandhai),Ridgeguard(Tori),2026-09-24,3500.0,4000.0,3750.0,0.0,500.0
West Bengal,Dakshin Dinajpur,Gangarampur(Dakshin Dinajpur) Apmc,Ridgeguard(Tori),2026-09-24,3500.0,4000.0,3800.0,0.0,500.0
Tamil Nadu,Villupuram,Gingee(Uzhavar Sandhai ),Ridgeguard(Tori),2026-09-24,4000.0,4000.0,4000.0,0.0,0.0
Tamil Nadu,Erode,Gobichettipalayam(Uzhavar Sandhai ),Ridgeguard(Tori),2026-09-24,4200.0,4600.0,4400.0,0.0,400.0
Tamil Nadu,The Nilgiris,Gudalur(Uzhavar Sandhai ),Ridgeguard(Tori),2026-09-24,4500.0,4800.0,4650.0,0.0,300.0
Tamil Nadu,Vellore,Gudiyatham(Uzhavar Sandhai ),Ridgeguard(Tori),2026-09-24,3000.0,3000.0,3000.0,0.0,0.0
Tamil Nadu,Chengalpattu,Guduvancheri(Uzhavar Sandhai ),Ridgeguard(Tori),2026-09-24,6000.0,7000.0,6500.0,0.0,1000.0
Haryana,Hissar,Hansi Apmc,Ridgeguard(Tori),2026-09-24,3000.0,3500.0,3250.0,0.0,500.0
Punjab,Tarntaran,Harike Apmc,Ridgeguard(Tori),2026-09-24,1100.0,1200.0,1150.0,0.0,100.0
Tamil Nadu,Dharmapuri,Harur(Uzhavar Sandhai ),Ridgeguard(Tori),2026-09-24,4000.0,4500.0,4250.0,0.0,500.0
Tamil Nadu,Salem,Hasthampatti(Uzhavar Sandhai ),Ridgeguard(Tori),2026-09-24,3600.0,4000.0,3800.0,0.0,400.0
Karnataka,Davangere,Honnali Apmc,Ridgeguard(Tori),2026-09-24,1000.0,1500.0,1350.0,0.0,500.0
Tamil Nadu,Krishnagiri,Hosur(Uzhavar Sandhai ),Ridgeguard(Tori),2026-09-24,3000.0,3500.0,3250.0,0.0,500.0
Tamil Nadu,Salem,Jalagandapuram(Uzhavar Sandhai ),Ridgeguard(Tori),2026-09-24,4000.0,4500.0,4250.0,0.0,500.0
Tamil Nadu,Chengalpattu,Jameenrayapettai(Uzhavar Sandhai ),Ridgeguard(Tori),2026-09-24,6000.0,7000.0,6500.0,0.0,1000.0
Tamil Nadu,Vellore,Kahithapattarai(Uzhavar Sandhai ),Ridgeguard(Tori),2026-09-24,4000.0,4000.0,4000.0,0.0,0.0
Tamil Nadu,Kallakuruchi,Kallakurichi(Uzhavar Sandhai ),Ridgeguard(Tori),2026-09-24,5000.0,5000.0,5000.0,0.0,0.0
Tamil Nadu,Theni,Kambam(Uzhavar Sandhai ),Ridgeguard(Tori),2026-09-24,4000.0,4000.0,4000.0,0.0,0.0
Tamil Nadu,Thirupur,Kangayam(Uzhavar Sandhai ),Ridgeguard(Tori),2026-09-24,5000.0,5500.0,5250.0,0.0,500.0
Tamil Nadu,Sivaganga,Karaikudi(Uzhavar Sandhai ),Ridgeguard(Tori),2026-09-24,3500.0,4000.0,3750.0,0.0,500.0
Tamil Nadu,Pudukkottai,Karambakkudi(Uzhavar Sandhai ),Ridgeguard(Tori),2026-09-24,5000.0,6000.0,5500.0,0.0,1000.0
Tamil Nadu,Dharmapuri,Karimangalam(Uzhavar Sandhai),Ridgeguard(Tori),2026-09-24,3300.0,3500.0,3400.0,0.0,200.0
Tamil Nadu,Virudhunagar,Kariyapatti(Uzhavar Sandhai ),Ridgeguard(Tori),2026-09-24,4500.0,5000.0,4750.0,0.0,500.0
Tamil Nadu,Karur,Karur(Uzhavar Sandhai ),Ridgeguard(Tori),2026-09-24,3500.0,4000.0,3750.0,0.0,500.0
Tamil Nadu,Vellore,Katpadi (Uzhavar Sandhai ),Ridgeguard(Tori),2026-09-24,4500.0,4500.0,4500.0,0.0,0.0
Tamil Nadu,Krishnagiri,Kaveripattinam(Uzhavar Sandhai ),Ridgeguard(Tori),2026-09-24,5000.0,5000.0,5000.0,0.0,0.0
Tamil Nadu,Thiruchirappalli,Kknagar(Uzhavar Sandhai ),Ridgeguard(Tori),2026-09-24,4600.0,4600.0,4600.0,0.0,0.0
Tamil Nadu,Tuticorin,Kovilpatti(Uzhavar Sandhai ),Ridgeguard(Tori),2026-09-24,4000.0,4500.0,4250.0,0.0,500.0
Tamil Nadu,Krishnagiri,Krishnagiri(Uzhavar Sandhai ),Ridgeguard(Tori),2026-09-24,2400.0,2800.0,2600.0,0.0,400.0
Tamil Nadu,Karur,Kulithalai(Uzhavar Sandhai ),Ridgeguard(Tori),2026-09-24,3600.0,4000.0,3800.0,0.0,400.0
Tamil Nadu,Namakkal,Kumarapalayam(Uzhavar Sandhai ),Ridgeguard(Tori),2026-09-24,5000.0,5500.0,5250.0,0.0,500.0
Tamil Nadu,Thanjavur,Kumbakonam (Uzhavar Sandhai ),Ridgeguard(Tori),2026-09-24,7200.0,7200.0,7200.0,0.0,0.0
Tamil Nadu,Coimbatore,Kurichi(Uzhavar Sandhai ),Ridgeguard(Tori),2026-09-24,4000.0,4500.0,4250.0,0.0,500.0
Tamil Nadu,Thiruchirappalli,Lalgudi(Uzhavar Sandhai ),Ridgeguard(Tori),2026-09-24,4000.0,4000.0,4000.0,0.0,0.0
Punjab,Ludhiana,Ludhiana Apmc,Ridgeguard(Tori),2026-09-24,800.0,1200.0,1000.0,0.0,400.0
Jammu and Kashmir,Jammu,Mac F&V Market Narwal Jammu,Ridgeguard(Tori),2026-09-24,2000.0,2500.0,2250.0,0.0,500.0
Tamil Nadu,Chengalpattu,Madhuranthagam(Uzhavar Sandhai ),Ridgeguard(Tori),2026-09-24,4000.0,4000.0,4000.0,0.0,0.0
Uttar Pradesh,Khiri (Lakhimpur),Maigalganj Apmc,Ridgeguard(Tori),2026-09-24,1500.0,1530.0,1515.0,0.0,30.0
Tamil Nadu,Thiruchirappalli,Manachanallur(Uzhavar Sandhai ),Ridgeguard(Tori),2026-09-24,4500.0,4500.0,4500.0,0.0,0.0
Tamil Nadu,Thiruchirappalli,Manapparai(Uzhavar Sandhai ),Ridgeguard(Tori),2026-09-24,4000.0,4600.0,4300.0,0.0,600.0
Tamil Nadu,Thiruvarur,Mannargudi I(Uzhavar Sandhai ),Ridgeguard(Tori),2026-09-24,4400.0,4400.0,4400.0,0.0,0.0
Tamil Nadu,Thiruvarur,Mannargudi Ii(Uzhavar Sandhai ),Ridgeguard(Tori),2026-09-24,4400.0,4400.0,4400.0,0.0,0.0
Gujarat,Gandhinagar,Mansa(Manas Veg Yard) Apmc,Ridgeguard(Tori),2026-09-24,2000.0,2500.0,2500.0,0.0,500.0
Tamil Nadu,Nagapattinam,Mayiladuthurai(Uzhavar Sandhai ),Ridgeguard(Tori),2026-09-24,6000.0,7000.0,6500.0,0.0,1000.0
Tamil Nadu,Salem,Mecheri(Uzhavar Sandhai),Ridgeguard(Tori),2026-09-24,4000.0,4500.0,4250.0,0.0,500.0
Tamil Nadu,Madurai,Melur(Uzhavar Sandhai ),Ridgeguard(Tori),2026-09-24,3000.0,3600.0,3300.0,0.0,600.0
Tamil Nadu,Coimbatore,Mettupalayam(Uzhavar Sandhai ),Ridgeguard(Tori),2026-09-24,4000.0,5000.0,4500.0,0.0,1000.0
Tamil Nadu,Salem,Mettur(Uzhavar Sandhai ),Ridgeguard(Tori),2026-09-24,3600.0,4000.0,3800.0,0.0,400.0
Tamil Nadu,Namakkal,Mohanur(Uzhavar Sandhai ),Ridgeguard(Tori),2026-09-24,5600.0,6400.0,6000.0,0.0,800.0
Tamil Nadu,Thiruchirappalli,Musiri(Uzhavar Sandhai ),Ridgeguard(Tori),2026-09-24,4000.0,4600.0,4300.0,0.0,600.0
Tamil Nadu,Nagapattinam,Nagapattinam(Uzhavar Sandhai ),Ridgeguard(Tori),2026-09-24,4900.0,5500.0,5200.0,0.0,600.0
Tamil Nadu,Namakkal,Namakkal(Uzhavar Sandhai ),Ridgeguard(Tori),2026-09-24,5000.0,6000.0,5500.0,0.0,1000.0
Tamil Nadu,Chengalpattu,Nanganallur(Uzhavar Sandhai ),Ridgeguard(Tori),2026-09-24,4500.0,5000.0,4750.0,0.0,500.0
Tamil Nadu,Thirupathur,Natrampalli(Uzhavar Sandhai ),Ridgeguard(Tori),2026-09-24,2500.0,3000.0,2750.0,0.0,500.0
Punjab,Jalandhar,Noor Mehal Apmc,Ridgeguard(Tori),2026-09-24,1500.0,1500.0,1500.0,0.0,0.0
Gujarat,Vadodara(Baroda),Padra Apmc,Ridgeguard(Tori),2026-09-24,1750.0,2250.0,2000.0,0.0,500.0
Tamil Nadu,Dharmapuri,Palacode(Uzhavar Sandhai ),Ridgeguard(Tori),2026-09-24,3400.0,3600.0,3500.0,0.0,200.0
Andhra Pradesh,Chittor,Palamaner Apmc,Ridgeguard(Tori),2026-09-24,1200.0,2000.0,1600.0,0.0,800.0
Tamil Nadu,Madurai,Palanganatham(Uzhavar Sandhai ),Ridgeguard(Tori),2026-09-24,3000.0,4500.0,3750.0,0.0,1500.0
Tamil Nadu,Dindigul,Palani(Uzhavar Sandhai ),Ridgeguard(Tori),2026-09-24,3000.0,6000.0,4500.0,0.0,3000.0
Tamil Nadu,Thirunelveli,Palayamkottai(Uzhavar Sandhai ),Ridgeguard(Tori),2026-09-24,3500.0,4000.0,3750.0,0.0,500.0
Tamil Nadu,Thirupur,Palladam(Uzhavar Sandhai ),Ridgeguard(Tori),2026-09-24,4000.0,5000.0,4500.0,0.0,1000.0
Tamil Nadu,Karur,Pallapatti (Uzhavar Sandhai ),Ridgeguard(Tori),2026-09-24,5500.0,6000.0,5750.0,0.0,500.0
Tamil Nadu,Chengalpattu,Pallavaram(Uzhavar Sandhai ),Ridgeguard(Tori),2026-09-24,6000.0,7000.0,6500.0,0.0,1000.0
Tamil Nadu,Vellore,Pallikonda(Uzhavar Sandhai),Ridgeguard(Tori),2026-09-24,3000.0,3500.0,3250.0,0.0,500.0
Tamil Nadu,Cuddalore,Panruti(Uzhavar Sandhai ),Ridgeguard(Tori),2026-09-24,6000.0,6000.0,6000.0,0.0,0.0
Tamil Nadu,Thanjavur,Papanasam(Uzhavar Sandhai ),Ridgeguard(Tori),2026-09-24,7200.0,7200.0,7200.0,0.0,0.0
Tamil Nadu,Ramanathapuram,Paramakudi(Uzhavar Sandhai ),Ridgeguard(Tori),2026-09-24,5500.0,6000.0,5750.0,0.0,500.0
Tamil Nadu,Namakkal,Paramathivelur(Uzhavar Sandhai ),Ridgeguard(Tori),2026-09-24,5400.0,6000.0,5700.0,0.0,600.0
Tamil Nadu,Thiruvellore,Paruthipattu(Uzhavar Sandhai ),Ridgeguard(Tori),2026-09-24,5000.0,5000.0,5000.0,0.0,0.0
Tamil Nadu,Thanjavur,Pattukottai(Uzhavar Sandhai ),Ridgeguard(Tori),2026-09-24,5600.0,5600.0,5600.0,0.0,0.0
Tamil Nadu,Dharmapuri,Pennagaram(Uzhavar Sandhai ),Ridgeguard(Tori),2026-09-24,3500.0,4000.0,3750.0,0.0,500.0
Tamil Nadu,Thiruvellore,Perambakkam(Uzhavar Sandhai ),Ridgeguard(Tori),2026-09-24,4000.0,4000.0,4000.0,0.0,0.0
Tamil Nadu,Perambalur,Perambalur(Uzhavar Sandhai ),Ridgeguard(Tori),2026-09-24,6000.0,6000.0,6000.0,0.0,0.0
Tamil Nadu,Vellore,Perampet(Uzhavar Sandhai),Ridgeguard(Tori),2026-09-24,3000.0,3000.0,3000.0,0.0,0.0
Tamil Nadu,Theni,Periyakulam(Uzhavar Sandhai ),Ridgeguard(Tori),2026-09-24,3800.0,4000.0,3900.0,0.0,200.0
Tamil Nadu,Erode,Periyar Nagar(Uzhavar Sandhai ),Ridgeguard(Tori),2026-09-24,3600.0,4000.0,3800.0,0.0,400.0
Tamil Nadu,Erode,Perundurai(Uzhavar Sandhai ),Ridgeguard(Tori),2026-09-24,4500.0,5000.0,4750.0,0.0,500.0
Tamil Nadu,Coimbatore,Pollachi(Uzhavar Sandhai ),Ridgeguard(Tori),2026-09-24,5500.0,6000.0,5750.0,0.0,500.0
Tamil Nadu,Thiruvannamalai,Polur(Uzhavar Sandhai ),Ridgeguard(Tori),2026-09-24,4000.0,4800.0,4400.0,0.0,800.0
Tamil Nadu,Pudukkottai,Ponnamaravathi(Uzhavar Sandhai),Ridgeguard(Tori),2026-09-24,5500.0,6000.0,5750.0,0.0,500.0
Tamil Nadu,Pudukkottai,Pudukottai(Uzhavar Sandhai ),Ridgeguard(Tori),2026-09-24,6500.0,7000.0,6750.0,0.0,500.0
Maharashtra,Pune,Pune,Ridgeguard(Tori),2026-09-24,4000.0,4500.0,4250.0,0.0,500.0
Maharashtra,Pune,Pune,Ridgeguard(Tori),2026-09-24,2500.0,3000.0,2750.0,0.0,500.0
Tamil Nadu,Virudhunagar,Rajapalayam(Uzhavar Sandhai ),Ridgeguard(Tori),2026-09-24,3500.0,4000.0,3750.0,0.0,500.0
Karnataka,Bengaluru South,Ramanagara Apmc,Ridgeguard(Tori),2026-09-24,2000.0,3200.0,2400.0,0.0,1200.0
Tamil Nadu,Ramanathapuram,Ramanathapuram(Uzhavar Sandhai ),Ridgeguard(Tori),2026-09-24,5500.0,6000.0,5750.0,0.0,500.0
Punjab,Bhatinda,Rampuraphul(Nabha Mandi) Apmc,Ridgeguard(Tori),2026-09-24,2000.0,2700.0,2500.0,0.0,700.0
Tamil Nadu,Ranipet,Ranipettai(Uzhavar Sandhai ),Ridgeguard(Tori),2026-09-24,3600.0,4000.0,3800.0,0.0,400.0
Tamil Nadu,Namakkal,Rasipuram(Uzhavar Sandhai ),Ridgeguard(Tori),2026-09-24,5000.0,5500.0,5250.0,0.0,500.0
Odisha,Rayagada,Rayagada(Muniguda) Apmc,Ridgeguard(Tori),2026-09-24,8100.0,9440.0,9000.0,0.0,1340.0
Punjab,Amritsar,Rayya Apmc,Ridgeguard(Tori),2026-09-24,2040.0,2040.0,2040.0,0.0,0.0
Tamil Nadu,Coimbatore,Rspuram(Uzhavar Sandhai ),Ridgeguard(Tori),2026-09-24,3800.0,4600.0,4200.0,0.0,800.0
Telangana,Hyderabad,Rythu Bazar Mehdipatnam,Ridgeguard(Tori),2026-09-24,2800.0,2800.0,2800.0,0.0,0.0
Tamil Nadu,Erode,Sampath Nagar(Uzhavar Sandhai ),Ridgeguard(Tori),2026-09-24,3600.0,4000.0,3800.0,0.0,400.0
Tamil Nadu,Tenkasi,Sankarankoil(Uzhavar Sandhai ),Ridgeguard(Tori),2026-09-24,4000.0,5000.0,4500.0,0.0,1000.0
Tamil Nadu,Kallakuruchi,Sankarapuram(Uzhavar Sandhai ),Ridgeguard(Tori),2026-09-24,5000.0,5000.0,5000.0,0.0,0.0
Telangana,Ranga Reddy,"Saroornagar,Rbz",Ridgeguard(Tori),2026-09-24,2800.0,2800.0,2800.0,0.0,0.0
Tamil Nadu,Erode,Sathiyamagalam(Uzhavar Sandhai ),Ridgeguard(Tori),2026-09-24,4000.0,4500.0,4250.0,0.0,500.0
Tamil Nadu,Virudhunagar,Sathur(Uzhavar Sandhai ),Ridgeguard(Tori),2026-09-24,4500.0,5000.0,4750.0,0.0,500.0
Tamil Nadu,Sivaganga,Singampunari(Uzhavar Sandhai ),Ridgeguard(Tori),2026-09-24,3200.0,3800.0,3500.0,0.0,600.0
Tamil Nadu,Coimbatore,Singanallur(Uzhavar Sandhai ),Ridgeguard(Tori),2026-09-24,4000.0,4500.0,4250.0,0.0,500.0
Punjab,Fatehgarh,Sirhind Apmc,Ridgeguard(Tori),2026-09-24,2000.0,2500.0,2300.0,0.0,500.0
Tamil Nadu,Nagapattinam,Sirkali(Uzhavar Sandhai ),Ridgeguard(Tori),2026-09-24,5500.0,6000.0,5750.0,0.0,500.0
Tamil Nadu,Sivaganga,Sivagangai (Uzhavar Sandhai ),Ridgeguard(Tori),2026-09-24,3800.0,4600.0,4200.0,0.0,800.0
Tamil Nadu,Virudhunagar,Sivakasi(Uzhavar Sandhai ),Ridgeguard(Tori),2026-09-24,4000.0,5000.0,4500.0,0.0,1000.0
Himachal Pradesh,Una,Smy Santoshgarh,Ridgeguard(Tori),2026-09-24,1000.0,1000.0,1000.0,0.0,0.0
Tamil Nadu,Salem,Sooramangalam(Uzhavar Sandhai ),Ridgeguard(Tori),2026-09-24,3000.0,4000.0,3500.0,0.0,1000.0
Tamil Nadu,Virudhunagar,Srivilliputhur(Uzhavar Sandhai ),Ridgeguard(Tori),2026-09-24,4500.0,5000.0,4750.0,0.0,500.0
Tamil Nadu,Coimbatore,Sulur(Uzhavar Sandhai ),Ridgeguard(Tori),2026-09-24,4000.0,4500.0,4250.0,0.0,500.0
Tamil Nadu,Coimbatore,Sundarapuram(Uzhavar Sandhai ),Ridgeguard(Tori),2026-09-24,4200.0,4800.0,4500.0,0.0,600.0
Gujarat,Surat,Surat Apmc,Ridgeguard(Tori),2026-09-24,1500.0,3500.0,2500.0,0.0,2000.0
Tamil Nadu,Thiruvannamalai,Tamarainagar(Uzhavar Sandhai ),Ridgeguard(Tori),2026-09-24,4000.0,5000.0,4500.0,0.0,1000.0
Tamil Nadu,Tenkasi,Tenkasi(Uzhavar Sandhai ),Ridgeguard(Tori),2026-09-24,4000.0,4000.0,4000.0,0.0,0.0
Tamil Nadu,Erode,Thalavadi(Uzhavar Sandhai ),Ridgeguard(Tori),2026-09-24,3000.0,3600.0,3300.0,0.0,600.0
Tamil Nadu,Virudhunagar,Thalavaipuram(Uzhavar Sandhai ),Ridgeguard(Tori),2026-09-24,3200.0,4000.0,3600.0,0.0,800.0
Tamil Nadu,Salem,Thammampatti (Uzhavar Sandhai ),Ridgeguard(Tori),2026-09-24,4000.0,4500.0,4250.0,0.0,500.0
Tamil Nadu,Thanjavur,Thanjavur(Uzhavar Sandhai ),Ridgeguard(Tori),2026-09-24,5000.0,5000.0,5000.0,0.0,0.0
Tamil Nadu,Salem,Thathakapatti(Uzhavar Sandhai ),Ridgeguard(Tori),2026-09-24,4000.0,4400.0,4200.0,0.0,400.0
Tamil Nadu,Theni,Theni(Uzhavar Sandhai ),Ridgeguard(Tori),2026-09-24,3500.0,4000.0,3750.0,0.0,500.0
Tamil Nadu,Chengalpattu,Thirukalukundram(Uzhavar Sandhai ),Ridgeguard(Tori),2026-09-24,5000.0,5000.0,5000.0,0.0,0.0
Tamil Nadu,Madurai,Thirumangalam(Uzhavar Sandhai ),Ridgeguard(Tori),2026-09-24,4000.0,4500.0,4250.0,0.0,500.0
Tamil Nadu,Vellore,Thirupathur Apmc,Ridgeguard(Tori),2026-09-24,4000.0,4000.0,4000.0,0.0,0.0
Tamil Nadu,Thiruchirappalli,Thuraiyur Apmc,Ridgeguard(Tori),2026-09-24,5000.0,5500.0,5250.0,0.0,500.0
Tamil Nadu,Villupuram,Tindivanam Apmc,Ridgeguard(Tori),2026-09-24,4000.0,4000.0,4000.0,0.0,0.0
Tamil Nadu,Namakkal,Tiruchengode Apmc,Ridgeguard(Tori),2026-09-24,5000.0,6000.0,5500.0,0.0,1000.0
Tamil Nadu,Sivaganga,Tirupatthur(Uzhavar Sandhai ),Ridgeguard(Tori),2026-09-24,3500.0,4000.0,3750.0,0.0,500.0
Tamil Nadu,Thirupur,Tiruppur (North) (Uzhavar Sandhai ),Ridgeguard(Tori),2026-09-24,5000.0,5500.0,5250.0,0.0,500.0
Tamil Nadu,Thirupur,Tiruppur (South) (Uzhavar Sandhai ),Ridgeguard(Tori),2026-09-24,5000.0,6000.0,5500.0,0.0,1000.0
Tamil Nadu,Thiruvellore,Tiruthani(Uzhavar Sandhai ),Ridgeguard(Tori),2026-09-24,6000.0,6000.0,6000.0,0.0,0.0
Tamil Nadu,Thiruvarur,Tiruthuraipoondi(Uzhavar Sandhai ),Ridgeguard(Tori),2026-09-24,4400.0,4400.0,4400.0,0.0,0.0
Tamil Nadu,Thiruvannamalai,Tiruvannamalai(Uzhavar Sandhai ),Ridgeguard(Tori),2026-09-24,4000.0,5000.0,4500.0,0.0,1000.0
Tamil Nadu,Thiruvarur,Tiruvarur(Uzhavar Sandhai ),Ridgeguard(Tori),2026-09-24,4000.0,4000.0,4000.0,0.0,0.0
Tamil Nadu,Tuticorin,Tuticorin(Uzhavar Sandhai ),Ridgeguard(Tori),2026-09-24,3500.0,4000.0,3750.0,0.0,500.0
Tamil Nadu,The Nilgiris,Udhagamandalam(Uzhavar Sandhai ),Ridgeguard(Tori),2026-09-24,4500.0,4800.0,4650.0,0.0,300.0
Tamil Nadu,Coimbatore,Udumalpet Apmc,Ridgeguard(Tori),2026-09-24,5500.0,6000.0,5750.0,0.0,500.0
Tamil Nadu,Villupuram,Ulundurpettai Apmc,Ridgeguard(Tori),2026-09-24,6000.0,6000.0,6000.0,0.0,0.0
Tamil Nadu,Madurai,Usilampatti(Uzhavar Sandhai ),Ridgeguard(Tori),2026-09-24,4000.0,4500.0,4250.0,0.0,500.0
Tamil Nadu,Cuddalore,Vadalur(Uzhavar Sandhai ),Ridgeguard(Tori),2026-09-24,6000.0,6000.0,6000.0,0.0,0.0
Tamil Nadu,Coimbatore,Vadavalli(Uzhavar Sandhai ),Ridgeguard(Tori),2026-09-24,3800.0,4500.0,4150.0,0.0,700.0
Gujarat,Surendranagar,Vadhvan Apmc,Ridgeguard(Tori),2026-09-24,1500.0,2000.0,1750.0,0.0,500.0
Tamil Nadu,Thiruvarur,Valangaiman Apmc,Ridgeguard(Tori),2026-09-24,4000.0,4000.0,4000.0,0.0,0.0
Tamil Nadu,Thiruvannamalai,Vandavasi(Uzhavar Sandhai ),Ridgeguard(Tori),2026-09-24,3500.0,4200.0,3850.0,0.0,700.0
Tamil Nadu,Thirupathur,Vaniyampadi(Uzhavar Sandhai ),Ridgeguard(Tori),2026-09-24,3000.0,3000.0,3000.0,0.0,0.0
Telangana,Siddipet,Vantamamidi Apmc,Ridgeguard(Tori),2026-09-24,2000.0,2500.0,2250.0,0.0,500.0
Tamil Nadu,Salem,Vazhapadi(Uzhavar Sandhai),Ridgeguard(Tori),2026-09-24,4000.0,4000.0,4000.0,0.0,0.0
Tamil Nadu,Nagapattinam,Vedaranyam(Uzhavar Sandhai),Ridgeguard(Tori),2026-09-24,4500.0,5000.0,4750.0,0.0,500.0
Tamil Nadu,Karur,Velayuthampalayam(Uzhavar Sandhai ),Ridgeguard(Tori),2026-09-24,3200.0,4000.0,3600.0,0.0,800.0
Tamil Nadu,Vellore,Vellore Apmc,Ridgeguard(Tori),2026-09-24,3500.0,4000.0,3750.0,0.0,500.0
Tamil Nadu,Karur,Vengamedu(Uzhavar Sandhai ),Ridgeguard(Tori),2026-09-24,3500.0,4000.0,3750.0,0.0,500.0
Tamil Nadu,Villupuram,Villupuram(Uzhavar Sandhai ),Ridgeguard(Tori),2026-09-24,6000.0,6000.0,6000.0,0.0,0.0
Tamil Nadu,Pudukkottai,Viralimalai(Uzhavar Sandhai ),Ridgeguard(Tori),2026-09-24,5500.0,6000.0,5750.0,0.0,500.0
Tamil Nadu,Virudhunagar,Virudhunagar(Uzhavar Sandhai ),Ridgeguard(Tori),2026-09-24,4500.0,5000.0,4750.0,0.0,500.0
Tamil Nadu,Cuddalore,Viruthachalam(Uzhavar Sandhai ),Ridgeguard(Tori),2026-09-24,5000.0,5000.0,5000.0,0.0,0.0
Tamil Nadu,Salem,Ammapet(Uzhavar Sandhai ),Rose(Local),2026-09-24,7000.0,8000.0,7500.0,0.0,1000.0
Tamil Nadu,Madurai,Anna Nagar(Uzhavar Sandhai ),Rose(Local),2026-09-24,10000.0,10000.0,10000.0,0.0,0.0
Tamil Nadu,Salem,Athur(Uzhavar Sandhai ),Rose(Local),2026-09-24,12000.0,14000.0,13000.0,0.0,2000.0
Tamil Nadu,Salem,Elampillai(Uzhavar Sandhai ),Rose(Local),2026-09-24,8000.0,9000.0,8500.0,0.0,1000.0
Tamil Nadu,Chengalpattu,Guduvancheri(Uzhavar Sandhai ),Rose(Local),2026-09-24,7000.0,8000.0,7500.0,0.0,1000.0
Tamil Nadu,Chengalpattu,Jameenrayapettai(Uzhavar Sandhai ),Rose(Local),2026-09-24,8000.0,9000.0,8500.0,0.0,1000.0
Tamil Nadu,Kallakuruchi,Kallakurichi(Uzhavar Sandhai ),Rose(Local),2026-09-24,30000.0,30000.0,30000.0,0.0,0.0
Tamil Nadu,Vellore,Katpadi (Uzhavar Sandhai ),Rose(Local),2026-09-24,11000.0,11000.0,11000.0,0.0,0.0
Tamil Nadu,Thiruvannamalai,Keelpennathur(Uzhavar Sandhai ),Rose(Local),2026-09-24,20000.0,23000.0,21500.0,0.0,3000.0
West Bengal,Medinipur(E),Kolaghat Apmc,Rose(Local),2026-09-24,40000.0,42000.0,41000.0,0.0,2000.0
Tamil Nadu,Krishnagiri,Krishnagiri(Uzhavar Sandhai ),Rose(Local),2026-09-24,10000.0,12000.0,11000.0,0.0,2000.0
Tamil Nadu,Chengalpattu,Medavakkam(Uzhavar Sandhai ),Rose(Local),2026-09-24,10000.0,20000.0,15000.0,0.0,10000.0
Tamil Nadu,Salem,Mettur(Uzhavar Sandhai ),Rose(Local),2026-09-24,17500.0,18000.0,17750.0,0.0,500.0
Tamil Nadu,Chengalpattu,Nanganallur(Uzhavar Sandhai ),Rose(Local),2026-09-24,28000.0,30000.0,29000.0,0.0,2000.0
Tamil Nadu,Thiruvellore,Perambakkam(Uzhavar Sandhai ),Rose(Local),2026-09-24,12000.0,12000.0,12000.0,0.0,0.0
Tamil Nadu,Ranipet,Ranipettai(Uzhavar Sandhai ),Rose(Local),2026-09-24,12000.0,24000.0,18000.0,0.0,12000.0
Tamil Nadu,Namakkal,Rasipuram(Uzhavar Sandhai ),Rose(Local),2026-09-24,15000.0,16000.0,15500.0,0.0,1000.0
Tamil Nadu,Salem,Sooramangalam(Uzhavar Sandhai ),Rose(Local),2026-09-24,5000.0,6000.0,5500.0,0.0,1000.0
Tamil Nadu,Thiruvannamalai,Tamarainagar(Uzhavar Sandhai ),Rose(Local),2026-09-24,20000.0,25000.0,22500.0,0.0,5000.0
Tamil Nadu,Thanjavur,Thanjavur(Uzhavar Sandhai ),Rose(Local),2026-09-24,16000.0,16000.0,16000.0,0.0,0.0
Tamil Nadu,Salem,Thathakapatti(Uzhavar Sandhai ),Rose(Local),2026-09-24,9000.0,10000.0,9500.0,0.0,1000.0
Tamil Nadu,Villupuram,Tindivanam Apmc,Rose(Local),2026-09-24,20000.0,20000.0,20000.0,0.0,0.0
Tamil Nadu,Thiruvannamalai,Tiruvannamalai(Uzhavar Sandhai ),Rose(Local),2026-09-24,14000.0,16000.0,15000.0,0.0,2000.0
Tamil Nadu,Vellore,Vellore Apmc,Rose(Local),2026-09-24,10000.0,11000.0,10500.0,0.0,1000.0
Haryana,Hissar,Barwala(Hisar) Apmc,Round Gourd,2026-09-24,1000.0,1000.0,1000.0,0.0,0.0
Punjab,Tarntaran,Harike Apmc,Round Gourd,2026-09-24,700.0,800.0,750.0,0.0,100.0
Jammu and Kashmir,Jammu,Mac F&V Market Narwal Jammu,Round Gourd,2026-09-24,2500.0,3000.0,2750.0,0.0,500.0
Keralam,Pathanamthitta,Kuttoor Market,Rubber,2026-09-24,34600.0,35000.0,34800.0,0.0,400.0
Keralam,Wayanad,Pulpally Market,Rubber,2026-09-24,25700.0,25900.0,25800.0,0.0,200.0
Karnataka,Chitradurga,Hosadurga Apmc,Same/Savi,2026-09-24,8200.0,8300.0,8250.0,0.0,100.0
Madhya Pradesh,Singroli,Singroli Apmc,Same/Savi,2026-09-24,3000.0,3000.0,3000.0,0.0,0.0
Karnataka,Bengaluru South,Ramanagara Apmc,Seemebadnekai,2026-09-24,2400.0,2800.0,2600.0,0.0,400.0
Odisha,Rayagada,Gunpur Apmc,Seetapal,2026-09-24,6840.0,8900.0,7500.0,0.0,2060.0
Maharashtra,Pune,Pune,Seetapal,2026-09-24,6000.0,6000.0,6000.0,0.0,0.0
Gujarat,Surendranagar,Dhragradhra Apmc,"Sesamum(Sesame,Gingelly,Til)",2026-09-24,6025.0,6025.0,6025.0,0.0,0.0
Gujarat,Jamnagar,Dhrol Apmc,"Sesamum(Sesame,Gingelly,Til)",2026-09-24,9100.0,11350.0,10225.0,0.0,2250.0
Gujarat,Jamnagar,Jam Jodhpur Apmc,"Sesamum(Sesame,Gingelly,Til)",2026-09-24,11000.0,16600.0,13500.0,0.0,5600.0
Gujarat,Jamnagar,Jam Jodhpur Apmc,"Sesamum(Sesame,Gingelly,Til)",2026-09-24,9500.0,11750.0,10750.0,0.0,2250.0
Karnataka,Koppal,Kustagi Apmc,"Sesamum(Sesame,Gingelly,Til)",2026-09-24,12300.0,12300.0,12300.0,0.0,0.0
Andhra Pradesh,Parvathipuram Manyam,Palakonda Apmc,"Sesamum(Sesame,Gingelly,Til)",2026-09-24,9550.0,9550.0,9550.0,0.0,0.0
Gujarat,Surat,Vyra Apmc,"Sesamum(Sesame,Gingelly,Til)",2026-09-24,15250.0,17000.0,16125.0,0.0,1750.0
Tamil Nadu,Pudukkottai,Alangudi(Uzhavar Sandhai ),Snakeguard,2026-09-24,2000.0,2500.0,2250.0,0.0,500.0
Tamil Nadu,Salem,Ammapet(Uzhavar Sandhai ),Snakeguard,2026-09-24,3200.0,3400.0,3300.0,0.0,200.0
Tamil Nadu,Madurai,Anaiyur(Uzhavar Sandhai ),Snakeguard,2026-09-24,3600.0,4000.0,3800.0,0.0,400.0
Tamil Nadu,Theni,Andipatti(Uzhavar Sandhai ),Snakeguard,2026-09-24,3000.0,3500.0,3250.0,0.0,500.0
Tamil Nadu,Madurai,Anna Nagar(Uzhavar Sandhai ),Snakeguard,2026-09-24,4000.0,4600.0,4300.0,0.0,600.0
Tamil Nadu,Thiruvannamalai,Arani(Uzhavar Sandhai ),Snakeguard,2026-09-24,2500.0,3000.0,2750.0,0.0,500.0
Tamil Nadu,Pudukkottai,Aranthangi(Uzhavar Sandhai ),Snakeguard,2026-09-24,2500.0,3000.0,2750.0,0.0,500.0
Tamil Nadu,Ranipet,Arcot(Uzhavar Sandhai ),Snakeguard,2026-09-24,2000.0,2000.0,2000.0,0.0,0.0
Tamil Nadu,Ariyalur,Ariyalur(Uzhavar Sandhai),Snakeguard,2026-09-24,3000.0,3500.0,3250.0,0.0,500.0
Tamil Nadu,Virudhunagar,Aruppukottai(Uzhavar Sandhai ),Snakeguard,2026-09-24,3000.0,4000.0,3500.0,0.0,1000.0
Tamil Nadu,Salem,Athur(Uzhavar Sandhai ),Snakeguard,2026-09-24,2500.0,3000.0,2750.0,0.0,500.0
Tamil Nadu,Salem,Attayampatti(Uzhavar Sandhai ),Snakeguard,2026-09-24,3400.0,3800.0,3600.0,0.0,400.0
Tamil Nadu,Krishnagiri,Avallapalli(Uzhavar Sandhai ),Snakeguard,2026-09-24,3000.0,3500.0,3250.0,0.0,500.0
Karnataka,Chikkaballapur,Bagepalli Apmc,Snakeguard,2026-09-24,1000.0,1500.0,1400.0,0.0,500.0
Tamil Nadu,Theni,Bodinayakanur(Uzhavar Sandhai ),Snakeguard,2026-09-24,3600.0,3600.0,3600.0,0.0,0.0
Tamil Nadu,Thiruvannamalai,Chengam(Uzhavar Sandhai ),Snakeguard,2026-09-24,2500.0,3000.0,2750.0,0.0,500.0
Keralam,Alappuzha,Chengannur Market,Snakeguard,2026-09-24,3800.0,4100.0,4000.0,0.0,300.0
Tamil Nadu,Thiruvannamalai,Cheyyar(Uzhavar Sandhai ),Snakeguard,2026-09-24,2500.0,3000.0,2750.0,0.0,500.0
Tamil Nadu,Dindigul,Chinnalapatti(Uzhavar Sandhai ),Snakeguard,2026-09-24,4000.0,6000.0,5000.0,0.0,2000.0
Tamil Nadu,Theni,Chinnamanur(Uzhavar Sandhai ),Snakeguard,2026-09-24,3600.0,3600.0,3600.0,0.0,0.0
Tamil Nadu,Madurai,Chokkikulam(Uzhavar Sandhai ),Snakeguard,2026-09-24,3600.0,4000.0,3800.0,0.0,400.0
Tamil Nadu,The Nilgiris,Coonoor(Uzhavar Sandhai ),Snakeguard,2026-09-24,3500.0,3700.0,3600.0,0.0,200.0
Tamil Nadu,Cuddalore,Cuddalore(Uzhavar Sandhai ),Snakeguard,2026-09-24,3000.0,3000.0,3000.0,0.0,0.0
Tamil Nadu,Krishnagiri,Denkanikottai(Uzhavar Sandhai ),Snakeguard,2026-09-24,3000.0,3500.0,3250.0,0.0,500.0
Tamil Nadu,Sivaganga,Devakottai (Uzhavar Sandhai ),Snakeguard,2026-09-24,3600.0,4000.0,3800.0,0.0,400.0
Tamil Nadu,Theni,Devaram(Uzhavar Sandhai ),Snakeguard,2026-09-24,3000.0,3000.0,3000.0,0.0,0.0
Tamil Nadu,Thirupur,Dharapuram(Uzhavar Sandhai ),Snakeguard,2026-09-24,3200.0,3800.0,3500.0,0.0,600.0
Tamil Nadu,Dharmapuri,Dharmapuri(Uzhavar Sandhai ),Snakeguard,2026-09-24,1800.0,2000.0,1900.0,0.0,200.0
Tamil Nadu,Dindigul,Dindigul(Uzhavar Sandhai ),Snakeguard,2026-09-24,5000.0,6000.0,5500.0,0.0,1000.0
Tamil Nadu,Salem,Edapadi (Uzhavar Sandhai ),Snakeguard,2026-09-24,3500.0,4000.0,3750.0,0.0,500.0
Tamil Nadu,Pudukkottai,Gandarvakottai(Uzhavar Sandhai ),Snakeguard,2026-09-24,3000.0,3500.0,3250.0,0.0,500.0
Tamil Nadu,Karur,Gandhigramam(Uzhavar Sandhai),Snakeguard,2026-09-24,3000.0,3500.0,3250.0,0.0,500.0
Tamil Nadu,Villupuram,Gingee(Uzhavar Sandhai ),Snakeguard,2026-09-24,3500.0,3500.0,3500.0,0.0,0.0
Tamil Nadu,Erode,Gobichettipalayam(Uzhavar Sandhai ),Snakeguard,2026-09-24,3500.0,3800.0,3650.0,0.0,300.0
Tamil Nadu,The Nilgiris,Gudalur(Uzhavar Sandhai ),Snakeguard,2026-09-24,3500.0,3800.0,3650.0,0.0,300.0
Tamil Nadu,Vellore,Gudiyatham(Uzhavar Sandhai ),Snakeguard,2026-09-24,3000.0,3000.0,3000.0,0.0,0.0
Tamil Nadu,Chengalpattu,Guduvancheri(Uzhavar Sandhai ),Snakeguard,2026-09-24,4000.0,5000.0,4500.0,0.0,1000.0
Tamil Nadu,Dharmapuri,Harur(Uzhavar Sandhai ),Snakeguard,2026-09-24,3000.0,3500.0,3250.0,0.0,500.0
Tamil Nadu,Salem,Hasthampatti(Uzhavar Sandhai ),Snakeguard,2026-09-24,3000.0,3500.0,3250.0,0.0,500.0
Tamil Nadu,Krishnagiri,Hosur(Uzhavar Sandhai ),Snakeguard,2026-09-24,3000.0,3500.0,3250.0,0.0,500.0
Tamil Nadu,Salem,Jalagandapuram(Uzhavar Sandhai ),Snakeguard,2026-09-24,3500.0,3800.0,3650.0,0.0,300.0
Tamil Nadu,Chengalpattu,Jameenrayapettai(Uzhavar Sandhai ),Snakeguard,2026-09-24,4000.0,5000.0,4500.0,0.0,1000.0
Tamil Nadu,Vellore,Kahithapattarai(Uzhavar Sandhai ),Snakeguard,2026-09-24,2000.0,2000.0,2000.0,0.0,0.0
Tamil Nadu,Kallakuruchi,Kallakurichi(Uzhavar Sandhai ),Snakeguard,2026-09-24,5000.0,5000.0,5000.0,0.0,0.0
Tamil Nadu,Theni,Kambam(Uzhavar Sandhai ),Snakeguard,2026-09-24,3000.0,3200.0,3100.0,0.0,200.0
Tamil Nadu,Kancheepuram,Kancheepuram(Uzhavar Sandhai ),Snakeguard,2026-09-24,3000.0,3500.0,3250.0,0.0,500.0
Tamil Nadu,Thirupur,Kangayam(Uzhavar Sandhai ),Snakeguard,2026-09-24,3000.0,3500.0,3250.0,0.0,500.0
Tamil Nadu,Sivaganga,Karaikudi(Uzhavar Sandhai ),Snakeguard,2026-09-24,3500.0,4000.0,3750.0,0.0,500.0
Tamil Nadu,Pudukkottai,Karambakkudi(Uzhavar Sandhai ),Snakeguard,2026-09-24,2500.0,3000.0,2750.0,0.0,500.0
Tamil Nadu,Dharmapuri,Karimangalam(Uzhavar Sandhai),Snakeguard,2026-09-24,2800.0,3000.0,2900.0,0.0,200.0
Tamil Nadu,Virudhunagar,Kariyapatti(Uzhavar Sandhai ),Snakeguard,2026-09-24,3500.0,4000.0,3750.0,0.0,500.0
Tamil Nadu,Karur,Karur(Uzhavar Sandhai ),Snakeguard,2026-09-24,3000.0,3500.0,3250.0,0.0,500.0
Tamil Nadu,Vellore,Katpadi (Uzhavar Sandhai ),Snakeguard,2026-09-24,2500.0,2500.0,2500.0,0.0,0.0
Tamil Nadu,Krishnagiri,Kaveripattinam(Uzhavar Sandhai ),Snakeguard,2026-09-24,2500.0,2500.0,2500.0,0.0,0.0
Tamil Nadu,Thiruchirappalli,Kknagar(Uzhavar Sandhai ),Snakeguard,2026-09-24,4000.0,4000.0,4000.0,0.0,0.0
Tamil Nadu,Tuticorin,Kovilpatti(Uzhavar Sandhai ),Snakeguard,2026-09-24,3500.0,4000.0,3750.0,0.0,500.0
Tamil Nadu,Krishnagiri,Krishnagiri(Uzhavar Sandhai ),Snakeguard,2026-09-24,2500.0,3000.0,2750.0,0.0,500.0
Tamil Nadu,Karur,Kulithalai(Uzhavar Sandhai ),Snakeguard,2026-09-24,3000.0,3600.0,3300.0,0.0,600.0
Tamil Nadu,Namakkal,Kumarapalayam(Uzhavar Sandhai ),Snakeguard,2026-09-24,4400.0,4800.0,4600.0,0.0,400.0
Tamil Nadu,Thanjavur,Kumbakonam (Uzhavar Sandhai ),Snakeguard,2026-09-24,4200.0,4200.0,4200.0,0.0,0.0
Tamil Nadu,Kancheepuram,Kundrathur(Uzhavar Sandhai ),Snakeguard,2026-09-24,3000.0,3000.0,3000.0,0.0,0.0
Tamil Nadu,Coimbatore,Kurichi(Uzhavar Sandhai ),Snakeguard,2026-09-24,3200.0,3800.0,3500.0,0.0,600.0
Keralam,Pathanamthitta,Kuttoor Market,Snakeguard,2026-09-24,4600.0,5000.0,4800.0,0.0,400.0
Tamil Nadu,Thiruchirappalli,Lalgudi(Uzhavar Sandhai ),Snakeguard,2026-09-24,4000.0,4600.0,4300.0,0.0,600.0
Tamil Nadu,Chengalpattu,Madhuranthagam(Uzhavar Sandhai ),Snakeguard,2026-09-24,4000.0,4000.0,4000.0,0.0,0.0
Tamil Nadu,Thiruchirappalli,Manachanallur(Uzhavar Sandhai ),Snakeguard,2026-09-24,4000.0,4000.0,4000.0,0.0,0.0
Tamil Nadu,Thiruchirappalli,Manapparai(Uzhavar Sandhai ),Snakeguard,2026-09-24,3600.0,4000.0,3800.0,0.0,400.0
Tamil Nadu,Thiruvarur,Mannargudi I(Uzhavar Sandhai ),Snakeguard,2026-09-24,3400.0,3800.0,3600.0,0.0,400.0
Tamil Nadu,Thiruvarur,Mannargudi Ii(Uzhavar Sandhai ),Snakeguard,2026-09-24,3400.0,3800.0,3600.0,0.0,400.0
Tamil Nadu,Nagapattinam,Mayiladuthurai(Uzhavar Sandhai ),Snakeguard,2026-09-24,3600.0,4000.0,3800.0,0.0,400.0
Tamil Nadu,Salem,Mecheri(Uzhavar Sandhai),Snakeguard,2026-09-24,3500.0,4000.0,3750.0,0.0,500.0
Tamil Nadu,Thirunelveli,Melapalayam(Uzhavar Sandhai ),Snakeguard,2026-09-24,2800.0,3000.0,2900.0,0.0,200.0
Tamil Nadu,Madurai,Melur(Uzhavar Sandhai ),Snakeguard,2026-09-24,3000.0,3600.0,3300.0,0.0,600.0
Tamil Nadu,Coimbatore,Mettupalayam(Uzhavar Sandhai ),Snakeguard,2026-09-24,3000.0,3500.0,3250.0,0.0,500.0
Tamil Nadu,Salem,Mettur(Uzhavar Sandhai ),Snakeguard,2026-09-24,3000.0,3500.0,3250.0,0.0,500.0
Tamil Nadu,Namakkal,Mohanur(Uzhavar Sandhai ),Snakeguard,2026-09-24,5600.0,6000.0,5800.0,0.0,400.0
Keralam,Kozhikode(Calicut),Mukkom Market,Snakeguard,2026-09-24,3400.0,3600.0,3500.0,0.0,200.0
Maharashtra,Mumbai,Mumbai,Snakeguard,2026-09-24,800.0,1000.0,900.0,0.0,200.0
Tamil Nadu,Thiruchirappalli,Musiri(Uzhavar Sandhai ),Snakeguard,2026-09-24,4000.0,4600.0,4300.0,0.0,600.0
Tamil Nadu,Thiruvarur,Muthupettai(Uzhavar Sandhai ),Snakeguard,2026-09-24,3400.0,3400.0,3400.0,0.0,0.0
Tamil Nadu,Nagapattinam,Nagapattinam(Uzhavar Sandhai ),Snakeguard,2026-09-24,3000.0,3900.0,3450.0,0.0,900.0
Tamil Nadu,Namakkal,Namakkal(Uzhavar Sandhai ),Snakeguard,2026-09-24,5500.0,6000.0,5750.0,0.0,500.0
Tamil Nadu,Chengalpattu,Nanganallur(Uzhavar Sandhai ),Snakeguard,2026-09-24,3500.0,4000.0,3750.0,0.0,500.0
Tamil Nadu,Thirupathur,Natrampalli(Uzhavar Sandhai ),Snakeguard,2026-09-24,2500.0,3000.0,2750.0,0.0,500.0
Tamil Nadu,Thiruvarur,Needamangalam(Uzhavar Sandhai ),Snakeguard,2026-09-24,3200.0,3200.0,3200.0,0.0,0.0
Tamil Nadu,Dharmapuri,Palacode(Uzhavar Sandhai ),Snakeguard,2026-09-24,2600.0,2800.0,2700.0,0.0,200.0
Tamil Nadu,Madurai,Palanganatham(Uzhavar Sandhai ),Snakeguard,2026-09-24,3000.0,4000.0,3500.0,0.0,1000.0
Tamil Nadu,Dindigul,Palani(Uzhavar Sandhai ),Snakeguard,2026-09-24,2000.0,3000.0,2500.0,0.0,1000.0
Tamil Nadu,Thirunelveli,Palayamkottai(Uzhavar Sandhai ),Snakeguard,2026-09-24,2800.0,3000.0,2900.0,0.0,200.0
Tamil Nadu,Thirupur,Palladam(Uzhavar Sandhai ),Snakeguard,2026-09-24,3500.0,4000.0,3750.0,0.0,500.0
Tamil Nadu,Karur,Pallapatti (Uzhavar Sandhai ),Snakeguard,2026-09-24,3500.0,4000.0,3750.0,0.0,500.0
Tamil Nadu,Chengalpattu,Pallavaram(Uzhavar Sandhai ),Snakeguard,2026-09-24,4000.0,5000.0,4500.0,0.0,1000.0
Tamil Nadu,Vellore,Pallikonda(Uzhavar Sandhai),Snakeguard,2026-09-24,3000.0,3000.0,3000.0,0.0,0.0
Tamil Nadu,Cuddalore,Panruti(Uzhavar Sandhai ),Snakeguard,2026-09-24,2500.0,2500.0,2500.0,0.0,0.0
Tamil Nadu,Thanjavur,Papanasam(Uzhavar Sandhai ),Snakeguard,2026-09-24,4200.0,4200.0,4200.0,0.0,0.0
Tamil Nadu,Ramanathapuram,Paramakudi(Uzhavar Sandhai ),Snakeguard,2026-09-24,4500.0,5000.0,4750.0,0.0,500.0
Tamil Nadu,Namakkal,Paramathivelur(Uzhavar Sandhai ),Snakeguard,2026-09-24,5400.0,6000.0,5700.0,0.0,600.0
Keralam,Thiruvananthapuram,Parassala Market,Snakeguard,2026-09-24,3000.0,3400.0,3200.0,0.0,400.0
Tamil Nadu,Thiruvellore,Paruthipattu(Uzhavar Sandhai ),Snakeguard,2026-09-24,4000.0,4000.0,4000.0,0.0,0.0
Keralam,Palakad,Pattambi Market,Snakeguard,2026-09-24,3000.0,3500.0,3200.0,0.0,500.0
Tamil Nadu,Thanjavur,Pattukottai(Uzhavar Sandhai ),Snakeguard,2026-09-24,4400.0,4400.0,4400.0,0.0,0.0
Tamil Nadu,Dharmapuri,Pennagaram(Uzhavar Sandhai ),Snakeguard,2026-09-24,2800.0,3000.0,2900.0,0.0,200.0
Tamil Nadu,Thiruvellore,Perambakkam(Uzhavar Sandhai ),Snakeguard,2026-09-24,4000.0,4000.0,4000.0,0.0,0.0
Tamil Nadu,Perambalur,Perambalur(Uzhavar Sandhai ),Snakeguard,2026-09-24,3600.0,4000.0,3800.0,0.0,400.0
Tamil Nadu,Vellore,Perampet(Uzhavar Sandhai),Snakeguard,2026-09-24,3000.0,3000.0,3000.0,0.0,0.0
Tamil Nadu,Thanjavur,Peravurani(Uzhavar Sandhai),Snakeguard,2026-09-24,4400.0,4400.0,4400.0,0.0,0.0
Tamil Nadu,Theni,Periyakulam(Uzhavar Sandhai ),Snakeguard,2026-09-24,3500.0,3500.0,3500.0,0.0,0.0
Tamil Nadu,Erode,Periyar Nagar(Uzhavar Sandhai ),Snakeguard,2026-09-24,3500.0,4000.0,3750.0,0.0,500.0
Keralam,Ernakulam,Perumbavoor Market,Snakeguard,2026-09-24,4000.0,5000.0,4500.0,0.0,1000.0
Tamil Nadu,Erode,Perundurai(Uzhavar Sandhai ),Snakeguard,2026-09-24,3600.0,4000.0,3800.0,0.0,400.0
Tamil Nadu,Coimbatore,Pollachi(Uzhavar Sandhai ),Snakeguard,2026-09-24,4500.0,5000.0,4750.0,0.0,500.0
Tamil Nadu,Thiruvannamalai,Polur(Uzhavar Sandhai ),Snakeguard,2026-09-24,2500.0,3000.0,2750.0,0.0,500.0
Tamil Nadu,Pudukkottai,Ponnamaravathi(Uzhavar Sandhai),Snakeguard,2026-09-24,2500.0,3000.0,2750.0,0.0,500.0
Tamil Nadu,Pudukkottai,Pudukottai(Uzhavar Sandhai ),Snakeguard,2026-09-24,2500.0,3000.0,2750.0,0.0,500.0
Keralam,Kozhikode(Calicut),Quilandy Market,Snakeguard,2026-09-24,3700.0,4000.0,3800.0,0.0,300.0
Tamil Nadu,Virudhunagar,Rajapalayam(Uzhavar Sandhai ),Snakeguard,2026-09-24,3500.0,4000.0,3750.0,0.0,500.0
Karnataka,Bengaluru South,Ramanagara Apmc,Snakeguard,2026-09-24,1800.0,2400.0,2000.0,0.0,600.0
Tamil Nadu,Ramanathapuram,Ramanathapuram(Uzhavar Sandhai ),Snakeguard,2026-09-24,4000.0,5000.0,4500.0,0.0,1000.0
Tamil Nadu,Ranipet,Ranipettai(Uzhavar Sandhai ),Snakeguard,2026-09-24,2000.0,2000.0,2000.0,0.0,0.0
Tamil Nadu,Namakkal,Rasipuram(Uzhavar Sandhai ),Snakeguard,2026-09-24,4500.0,5000.0,4750.0,0.0,500.0
Tamil Nadu,Coimbatore,Rspuram(Uzhavar Sandhai ),Snakeguard,2026-09-24,3600.0,4000.0,3800.0,0.0,400.0
Telangana,Hyderabad,Rythu Bazar Mehdipatnam,Snakeguard,2026-09-24,1800.0,1800.0,1800.0,0.0,0.0
Tamil Nadu,Erode,Sampath Nagar(Uzhavar Sandhai ),Snakeguard,2026-09-24,3600.0,4000.0,3800.0,0.0,400.0
Tamil Nadu,Tenkasi,Sankarankoil(Uzhavar Sandhai ),Snakeguard,2026-09-24,3600.0,3600.0,3600.0,0.0,0.0
Tamil Nadu,Kallakuruchi,Sankarapuram(Uzhavar Sandhai ),Snakeguard,2026-09-24,5000.0,5000.0,5000.0,0.0,0.0
Telangana,Ranga Reddy,"Saroornagar,Rbz",Snakeguard,2026-09-24,1800.0,1800.0,1800.0,0.0,0.0
Tamil Nadu,Erode,Sathiyamagalam(Uzhavar Sandhai ),Snakeguard,2026-09-24,3500.0,4000.0,3750.0,0.0,500.0
Tamil Nadu,Virudhunagar,Sathur(Uzhavar Sandhai ),Snakeguard,2026-09-24,2500.0,3000.0,2750.0,0.0,500.0
Tamil Nadu,Sivaganga,Singampunari(Uzhavar Sandhai ),Snakeguard,2026-09-24,3200.0,3800.0,3500.0,0.0,600.0
Tamil Nadu,Coimbatore,Singanallur(Uzhavar Sandhai ),Snakeguard,2026-09-24,3500.0,4000.0,3750.0,0.0,500.0
Tamil Nadu,Nagapattinam,Sirkali(Uzhavar Sandhai ),Snakeguard,2026-09-24,4500.0,5000.0,4750.0,0.0,500.0
Tamil Nadu,Sivaganga,Sivagangai (Uzhavar Sandhai ),Snakeguard,2026-09-24,3800.0,4200.0,4000.0,0.0,400.0
Tamil Nadu,Virudhunagar,Sivakasi(Uzhavar Sandhai ),Snakeguard,2026-09-24,3500.0,4000.0,3750.0,0.0,500.0
Tamil Nadu,Salem,Sooramangalam(Uzhavar Sandhai ),Snakeguard,2026-09-24,3800.0,4000.0,3900.0,0.0,200.0
Tamil Nadu,Virudhunagar,Srivilliputhur(Uzhavar Sandhai ),Snakeguard,2026-09-24,3500.0,4000.0,3750.0,0.0,500.0
Tamil Nadu,Coimbatore,Sulur(Uzhavar Sandhai ),Snakeguard,2026-09-24,3200.0,3600.0,3400.0,0.0,400.0
Tamil Nadu,Coimbatore,Sundarapuram(Uzhavar Sandhai ),Snakeguard,2026-09-24,3000.0,3600.0,3300.0,0.0,600.0
Tamil Nadu,Kancheepuram,Sunguvarchatram(Uzhavar Sandhai ),Snakeguard,2026-09-24,3000.0,3000.0,3000.0,0.0,0.0
Gujarat,Surat,Surat Apmc,Snakeguard,2026-09-24,500.0,1100.0,800.0,0.0,600.0
Tamil Nadu,Thiruvannamalai,Tamarainagar(Uzhavar Sandhai ),Snakeguard,2026-09-24,2500.0,3000.0,2750.0,0.0,500.0
Tamil Nadu,Tenkasi,Tenkasi(Uzhavar Sandhai ),Snakeguard,2026-09-24,4000.0,4000.0,4000.0,0.0,0.0
Tamil Nadu,Erode,Thalavadi(Uzhavar Sandhai ),Snakeguard,2026-09-24,2800.0,3200.0,3000.0,0.0,400.0
Tamil Nadu,Virudhunagar,Thalavaipuram(Uzhavar Sandhai ),Snakeguard,2026-09-24,3200.0,4000.0,3600.0,0.0,800.0
Tamil Nadu,Salem,Thammampatti (Uzhavar Sandhai ),Snakeguard,2026-09-24,3000.0,3400.0,3200.0,0.0,400.0
Tamil Nadu,Thanjavur,Thanjavur(Uzhavar Sandhai ),Snakeguard,2026-09-24,4400.0,5400.0,4900.0,0.0,1000.0
Tamil Nadu,Salem,Thathakapatti(Uzhavar Sandhai ),Snakeguard,2026-09-24,3400.0,3600.0,3500.0,0.0,200.0
Tamil Nadu,Theni,Theni(Uzhavar Sandhai ),Snakeguard,2026-09-24,3500.0,3500.0,3500.0,0.0,0.0
Tamil Nadu,Chengalpattu,Thirukalukundram(Uzhavar Sandhai ),Snakeguard,2026-09-24,4000.0,4500.0,4250.0,0.0,500.0
Tamil Nadu,Madurai,Thirumangalam(Uzhavar Sandhai ),Snakeguard,2026-09-24,3500.0,4000.0,3750.0,0.0,500.0
Tamil Nadu,Vellore,Thirupathur Apmc,Snakeguard,2026-09-24,3000.0,3000.0,3000.0,0.0,0.0
Tamil Nadu,Thiruchirappalli,Thiruverumbur(Uzhavar Sandhai ),Snakeguard,2026-09-24,4000.0,4000.0,4000.0,0.0,0.0
Keralam,Ernakulam,Thrippunithura Market,Snakeguard,2026-09-24,5000.0,6000.0,5200.0,0.0,1000.0
Tamil Nadu,Thiruchirappalli,Thuraiyur Apmc,Snakeguard,2026-09-24,3500.0,4000.0,3750.0,0.0,500.0
Tamil Nadu,Villupuram,Tindivanam Apmc,Snakeguard,2026-09-24,3500.0,3500.0,3500.0,0.0,0.0
Tamil Nadu,Namakkal,Tiruchengode Apmc,Snakeguard,2026-09-24,4000.0,5000.0,4500.0,0.0,1000.0
Tamil Nadu,Thanjavur,Tirukattupalli(Uzhavar Sandhai ),Snakeguard,2026-09-24,4000.0,5000.0,4500.0,0.0,1000.0
Tamil Nadu,Sivaganga,Tirupatthur(Uzhavar Sandhai ),Snakeguard,2026-09-24,3500.0,4000.0,3750.0,0.0,500.0
Tamil Nadu,Thirupur,Tiruppur (North) (Uzhavar Sandhai ),Snakeguard,2026-09-24,4000.0,4500.0,4250.0,0.0,500.0
Tamil Nadu,Thirupur,Tiruppur (South) (Uzhavar Sandhai ),Snakeguard,2026-09-24,2500.0,3000.0,2750.0,0.0,500.0
Tamil Nadu,Thiruvellore,Tiruthani(Uzhavar Sandhai ),Snakeguard,2026-09-24,4000.0,4000.0,4000.0,0.0,0.0
Tamil Nadu,Thiruvarur,Tiruthuraipoondi(Uzhavar Sandhai ),Snakeguard,2026-09-24,3500.0,3500.0,3500.0,0.0,0.0
Tamil Nadu,Thiruvannamalai,Tiruvannamalai(Uzhavar Sandhai ),Snakeguard,2026-09-24,2400.0,3000.0,2700.0,0.0,600.0
Tamil Nadu,Thiruvarur,Tiruvarur(Uzhavar Sandhai ),Snakeguard,2026-09-24,3000.0,3000.0,3000.0,0.0,0.0
Tamil Nadu,Tuticorin,Tuticorin(Uzhavar Sandhai ),Snakeguard,2026-09-24,4500.0,5000.0,4750.0,0.0,500.0
Tamil Nadu,The Nilgiris,Udhagamandalam(Uzhavar Sandhai ),Snakeguard,2026-09-24,2500.0,2800.0,2650.0,0.0,300.0
Tamil Nadu,Coimbatore,Udumalpet Apmc,Snakeguard,2026-09-24,3500.0,4500.0,4000.0,0.0,1000.0
Tamil Nadu,Villupuram,Ulundurpettai Apmc,Snakeguard,2026-09-24,4000.0,4000.0,4000.0,0.0,0.0
Tamil Nadu,Madurai,Usilampatti(Uzhavar Sandhai ),Snakeguard,2026-09-24,3600.0,4000.0,3800.0,0.0,400.0
Tamil Nadu,Cuddalore,Vadalur(Uzhavar Sandhai ),Snakeguard,2026-09-24,3000.0,3000.0,3000.0,0.0,0.0
Tamil Nadu,Nagercoil (Kannyiakumari),Vadaseri Apmc,Snakeguard,2026-09-24,5500.0,6000.0,5750.0,0.0,500.0
Tamil Nadu,Coimbatore,Vadavalli(Uzhavar Sandhai ),Snakeguard,2026-09-24,3000.0,3600.0,3300.0,0.0,600.0
Tamil Nadu,Thiruvarur,Valangaiman Apmc,Snakeguard,2026-09-24,4000.0,4000.0,4000.0,0.0,0.0
Tamil Nadu,Thiruvannamalai,Vandavasi(Uzhavar Sandhai ),Snakeguard,2026-09-24,2500.0,3000.0,2750.0,0.0,500.0
Tamil Nadu,Thirupathur,Vaniyampadi(Uzhavar Sandhai ),Snakeguard,2026-09-24,4000.0,4000.0,4000.0,0.0,0.0
Tamil Nadu,Salem,Vazhapadi(Uzhavar Sandhai),Snakeguard,2026-09-24,3000.0,3400.0,3200.0,0.0,400.0
Tamil Nadu,Nagapattinam,Vedaranyam(Uzhavar Sandhai),Snakeguard,2026-09-24,4000.0,4500.0,4250.0,0.0,500.0
Tamil Nadu,Dindigul,Vedasanthur(Uzhavar Sandhai ),Snakeguard,2026-09-24,2500.0,3000.0,2750.0,0.0,500.0
Tamil Nadu,Karur,Velayuthampalayam(Uzhavar Sandhai ),Snakeguard,2026-09-24,2800.0,3500.0,3150.0,0.0,700.0
Tamil Nadu,Vellore,Vellore Apmc,Snakeguard,2026-09-24,2000.0,2500.0,2250.0,0.0,500.0
Tamil Nadu,Karur,Vengamedu(Uzhavar Sandhai ),Snakeguard,2026-09-24,3000.0,3500.0,3250.0,0.0,500.0
Tamil Nadu,Villupuram,Villupuram(Uzhavar Sandhai ),Snakeguard,2026-09-24,4000.0,4000.0,4000.0,0.0,0.0
Tamil Nadu,Pudukkottai,Viralimalai(Uzhavar Sandhai ),Snakeguard,2026-09-24,2000.0,2500.0,2250.0,0.0,500.0
Tamil Nadu,Virudhunagar,Virudhunagar(Uzhavar Sandhai ),Snakeguard,2026-09-24,2500.0,3000.0,2750.0,0.0,500.0
Tamil Nadu,Cuddalore,Viruthachalam(Uzhavar Sandhai ),Snakeguard,2026-09-24,2500.0,2500.0,2500.0,0.0,0.0
Gujarat,Surendranagar,Dhragradhra Apmc,Soanf,2026-09-24,10525.0,10525.0,10525.0,0.0,0.0
Uttar Pradesh,Varanasi,Varanasi Apmc,Soanf,2026-09-24,9250.0,9250.0,9250.0,0.0,0.0
Tamil Nadu,Madurai,Anaiyur(Uzhavar Sandhai ),Soyabean,2026-09-24,9000.0,10000.0,9500.0,0.0,1000.0
Tamil Nadu,Theni,Andipatti(Uzhavar Sandhai ),Soyabean,2026-09-24,9000.0,9500.0,9250.0,0.0,500.0
Tamil Nadu,Virudhunagar,Aruppukottai(Uzhavar Sandhai ),Soyabean,2026-09-24,10000.0,12000.0,11000.0,0.0,2000.0
Madhya Pradesh,Sehore,Bherunda (Nasrullaganj) Apmc,Soyabean,2026-09-24,5081.0,5081.0,5081.0,0.0,0.0
Tamil Nadu,Theni,Chinnamanur(Uzhavar Sandhai ),Soyabean,2026-09-24,9000.0,9000.0,9000.0,0.0,0.0
Tamil Nadu,Madurai,Chokkikulam(Uzhavar Sandhai ),Soyabean,2026-09-24,9000.0,10000.0,9500.0,0.0,1000.0
Madhya Pradesh,Dhar,Dhar Apmc,Soyabean,2026-09-24,5011.0,5592.0,5592.0,0.0,581.0
Gujarat,Rajkot,Dhoraji Apmc,Soyabean,2026-09-24,5230.0,5255.0,5240.0,0.0,25.0
Tamil Nadu,Dindigul,Dindigul(Uzhavar Sandhai ),Soyabean,2026-09-24,10000.0,12000.0,11000.0,0.0,2000.0
Tamil Nadu,Theni,Kambam(Uzhavar Sandhai ),Soyabean,2026-09-24,9000.0,9000.0,9000.0,0.0,0.0
Tamil Nadu,Virudhunagar,Kariyapatti(Uzhavar Sandhai ),Soyabean,2026-09-24,9000.0,10000.0,9500.0,0.0,1000.0
Rajasthan,Kota,Kota Apmc,Soyabean,2026-09-24,5500.0,5500.0,5500.0,0.0,0.0
Tamil Nadu,Madurai,Palanganatham(Uzhavar Sandhai ),Soyabean,2026-09-24,9000.0,10000.0,9500.0,0.0,1000.0
Tamil Nadu,Dindigul,Palani(Uzhavar Sandhai ),Soyabean,2026-09-24,10000.0,12000.0,11000.0,0.0,2000.0
Tamil Nadu,Thirunelveli,Palayamkottai(Uzhavar Sandhai ),Soyabean,2026-09-24,10000.0,12000.0,11000.0,0.0,2000.0
Tamil Nadu,Ramanathapuram,Paramakudi(Uzhavar Sandhai ),Soyabean,2026-09-24,8000.0,9000.0,8500.0,0.0,1000.0
Tamil Nadu,Ramanathapuram,Ramanathapuram(Uzhavar Sandhai ),Soyabean,2026-09-24,7000.0,9000.0,8000.0,0.0,2000.0
Madhya Pradesh,Indore,Sanwer Apmc,Soyabean,2026-09-24,4750.0,5211.0,5051.0,0.0,461.0
Tamil Nadu,Sivaganga,Sivagangai (Uzhavar Sandhai ),Soyabean,2026-09-24,9500.0,10500.0,10000.0,0.0,1000.0
Tamil Nadu,Virudhunagar,Thalavaipuram(Uzhavar Sandhai ),Soyabean,2026-09-24,8000.0,10000.0,9000.0,0.0,2000.0
Tamil Nadu,Theni,Theni(Uzhavar Sandhai ),Soyabean,2026-09-24,9000.0,9000.0,9000.0,0.0,0.0
Punjab,Sangrur,Ahmedgarh Apmc,Spinach,2026-09-24,2000.0,2200.0,2200.0,0.0,200.0
Punjab,Ludhiana,Doraha Apmc,Spinach,2026-09-24,1500.0,3000.0,2500.0,0.0,1500.0
Punjab,Hoshiarpur,Garh Shankar Apmc,Spinach,2026-09-24,2500.0,2500.0,2500.0,0.0,0.0
Haryana,Hissar,Hansi Apmc,Spinach,2026-09-24,2000.0,2500.0,2250.0,0.0,500.0
Madhya Pradesh,Khandwa,Khandwa(F&V) Apmc,Spinach,2026-09-24,500.0,1000.0,800.0,0.0,500.0
Punjab,Mohali,Lalru Apmc,Spinach,2026-09-24,3200.0,3200.0,3200.0,0.0,0.0
Punjab,Jalandhar,Lohian Khas Apmc,Spinach,2026-09-24,1400.0,1800.0,1600.0,0.0,400.0
Jammu and Kashmir,Jammu,Mac F&V Market Narwal Jammu,Spinach,2026-09-24,4000.0,5000.0,4500.0,0.0,1000.0
Punjab,Sangrur,Malerkotla Apmc,Spinach,2026-09-24,2000.0,2000.0,2000.0,0.0,0.0
Gujarat,Gandhinagar,Mansa(Manas Veg Yard) Apmc,Spinach,2026-09-24,2000.0,2000.0,2000.0,0.0,0.0
Punjab,Jalandhar,Mehatpur Apmc,Spinach,2026-09-24,2300.0,2500.0,2400.0,0.0,200.0
Maharashtra,Mumbai,Mumbai,Spinach,2026-09-24,600.0,1000.0,800.0,0.0,400.0
Haryana,Mahendragarh-Narnaul,Narnaul Apmc,Spinach,2026-09-24,1500.0,2000.0,2000.0,0.0,500.0
Gujarat,Vadodara(Baroda),Padra Apmc,Spinach,2026-09-24,1500.0,2000.0,1750.0,0.0,500.0
Maharashtra,Pune,Pune,Spinach,2026-09-24,10.0,10.0,10.0,0.0,0.0
Himachal Pradesh,Kangra,Smy Baijnath,Spinach,2026-09-24,4500.0,4500.0,4500.0,0.0,0.0
Himachal Pradesh,Kangra,Smy Jaisinghpur,Spinach,2026-09-24,4800.0,5200.0,5000.0,0.0,400.0
Himachal Pradesh,Una,Smy Santoshgarh,Spinach,2026-09-24,3000.0,3000.0,3000.0,0.0,0.0
Gujarat,Surendranagar,Vadhvan Apmc,Spinach,2026-09-24,500.0,1000.0,750.0,0.0,500.0
Tripura,South Tripura,Barpathari Apmc,"Spiny Gourd / Kartali(Kantola)
",2026-09-24,5900.0,6100.0,6000.0,0.0,200.0
Gujarat,Surat,Surat Apmc,"Spiny Gourd / Kartali(Kantola)
",2026-09-24,5000.0,11000.0,8000.0,0.0,6000.0
Uttar Pradesh,Bulandshahar,Gulavati Apmc,Sponge Gourd,2026-09-24,2100.0,2300.0,2200.0,0.0,200.0
Uttar Pradesh,Shamli,Kairana Apmc,Sponge Gourd,2026-09-24,1900.0,2000.0,1950.0,0.0,100.0
Madhya Pradesh,Khandwa,Khandwa(F&V) Apmc,Sponge Gourd,2026-09-24,800.0,1500.0,1000.0,0.0,700.0
Uttarakhand,Udhamsinghnagar,Kicchha Apmc,Sponge Gourd,2026-09-24,800.0,1000.0,900.0,0.0,200.0
Punjab,Sangrur,Malerkotla Apmc,Sponge Gourd,2026-09-24,1200.0,1800.0,1500.0,0.0,600.0
Madhya Pradesh,Dhar,Manawar(F&V) Apmc,Sponge Gourd,2026-09-24,1900.0,2500.0,2000.0,0.0,600.0
Uttarakhand,Haridwar,Manglaur Apmc,Sponge Gourd,2026-09-24,700.0,900.0,750.0,0.0,200.0
Haryana,Mahendragarh-Narnaul,Narnaul Apmc,Sponge Gourd,2026-09-24,3000.0,4000.0,4000.0,0.0,1000.0
Gujarat,Vadodara(Baroda),Padra Apmc,Sponge Gourd,2026-09-24,1500.0,2250.0,1900.0,0.0,750.0
Uttarakhand,Udhamsinghnagar,Rudrapur Apmc,Sponge Gourd,2026-09-24,1500.0,2500.0,2000.0,0.0,1000.0
Madhya Pradesh,Badwani,Sendhwa(F&V) Apmc,Sponge Gourd,2026-09-24,1000.0,1400.0,1200.0,0.0,400.0
Himachal Pradesh,Kangra,Smy Palampur,Sponge Gourd,2026-09-24,2500.0,3000.0,2800.0,0.0,500.0
Gujarat,Surat,Surat Apmc,Sponge Gourd,2026-09-24,1000.0,2500.0,1750.0,0.0,1500.0
West Bengal,Darjeeling,Darjeeling Apmc,Squash(Chappal Kadoo),2026-09-24,1400.0,1600.0,1500.0,0.0,200.0
West Bengal,Dakshin Dinajpur,Gangarampur(Dakshin Dinajpur) Apmc,Squash(Chappal Kadoo),2026-09-24,1000.0,1500.0,1400.0,0.0,500.0
West Bengal,Darjeeling,Karsiyang(Matigara) Apmc,Squash(Chappal Kadoo),2026-09-24,1400.0,1600.0,1500.0,0.0,200.0
Punjab,Sangrur,Malerkotla Apmc,Squash(Chappal Kadoo),2026-09-24,800.0,1200.0,1000.0,0.0,400.0
Meghalaya,East Khasi Hills,Shillong Apmc,Squash(Chappal Kadoo),2026-09-24,650.0,700.0,680.0,0.0,50.0
Karnataka,Koppal,Kustagi Apmc,Sunflower/Sunflower Seed,2026-09-24,7350.0,7400.0,7373.0,0.0,50.0
Karnataka,Raichur,Lingasugur Apmc,Sunflower/Sunflower Seed,2026-09-24,7550.0,7550.0,7550.0,0.0,0.0
Gujarat,Surat,Surat Apmc,Surat Beans(Papadi),2026-09-24,2000.0,7000.0,4500.0,0.0,5000.0
Tamil Nadu,Salem,Ammapet(Uzhavar Sandhai ),Sweet Corn ,2026-09-24,3500.0,4000.0,3750.0,0.0,500.0
Tamil Nadu,Madurai,Anna Nagar(Uzhavar Sandhai ),Sweet Corn ,2026-09-24,3000.0,3000.0,3000.0,0.0,0.0
Tamil Nadu,Ranipet,Arcot(Uzhavar Sandhai ),Sweet Corn ,2026-09-24,4000.0,4000.0,4000.0,0.0,0.0
Tamil Nadu,Thiruvannamalai,Chengam(Uzhavar Sandhai ),Sweet Corn ,2026-09-24,2500.0,3000.0,2750.0,0.0,500.0
Tamil Nadu,Dharmapuri,Dharmapuri(Uzhavar Sandhai ),Sweet Corn ,2026-09-24,2800.0,3000.0,2900.0,0.0,200.0
Tamil Nadu,Dindigul,Dindigul(Uzhavar Sandhai ),Sweet Corn ,2026-09-24,4000.0,5000.0,4500.0,0.0,1000.0
Tamil Nadu,Vellore,Gudiyatham(Uzhavar Sandhai ),Sweet Corn ,2026-09-24,2500.0,2500.0,2500.0,0.0,0.0
Tamil Nadu,Chengalpattu,Guduvancheri(Uzhavar Sandhai ),Sweet Corn ,2026-09-24,4000.0,5000.0,4500.0,0.0,1000.0
Tamil Nadu,Salem,Hasthampatti(Uzhavar Sandhai ),Sweet Corn ,2026-09-24,3600.0,4000.0,3800.0,0.0,400.0
Tamil Nadu,Krishnagiri,Hosur(Uzhavar Sandhai ),Sweet Corn ,2026-09-24,2500.0,3000.0,2750.0,0.0,500.0
Tamil Nadu,Chengalpattu,Jameenrayapettai(Uzhavar Sandhai ),Sweet Corn ,2026-09-24,4000.0,5000.0,4500.0,0.0,1000.0
Tamil Nadu,Vellore,Kahithapattarai(Uzhavar Sandhai ),Sweet Corn ,2026-09-24,3500.0,3500.0,3500.0,0.0,0.0
Tamil Nadu,Kancheepuram,Kancheepuram(Uzhavar Sandhai ),Sweet Corn ,2026-09-24,2500.0,3500.0,3000.0,0.0,1000.0
Tamil Nadu,Dharmapuri,Karimangalam(Uzhavar Sandhai),Sweet Corn ,2026-09-24,2800.0,3000.0,2900.0,0.0,200.0
Tamil Nadu,Karur,Karur(Uzhavar Sandhai ),Sweet Corn ,2026-09-24,3500.0,4000.0,3750.0,0.0,500.0
Tamil Nadu,Vellore,Katpadi (Uzhavar Sandhai ),Sweet Corn ,2026-09-24,3000.0,3000.0,3000.0,0.0,0.0
Tamil Nadu,Thiruchirappalli,Kknagar(Uzhavar Sandhai ),Sweet Corn ,2026-09-24,3000.0,3000.0,3000.0,0.0,0.0
Tamil Nadu,Krishnagiri,Krishnagiri(Uzhavar Sandhai ),Sweet Corn ,2026-09-24,2500.0,3000.0,2750.0,0.0,500.0
Tamil Nadu,Karur,Kulithalai(Uzhavar Sandhai ),Sweet Corn ,2026-09-24,4500.0,5000.0,4750.0,0.0,500.0
Tamil Nadu,Coimbatore,Mettupalayam(Uzhavar Sandhai ),Sweet Corn ,2026-09-24,3500.0,4000.0,3750.0,0.0,500.0
Tamil Nadu,Salem,Mettur(Uzhavar Sandhai ),Sweet Corn ,2026-09-24,3800.0,4000.0,3900.0,0.0,200.0
Tamil Nadu,Chengalpattu,Nanganallur(Uzhavar Sandhai ),Sweet Corn ,2026-09-24,4500.0,5000.0,4750.0,0.0,500.0
Tamil Nadu,Dharmapuri,Palacode(Uzhavar Sandhai ),Sweet Corn ,2026-09-24,2800.0,3000.0,2900.0,0.0,200.0
Tamil Nadu,Dindigul,Palani(Uzhavar Sandhai ),Sweet Corn ,2026-09-24,4000.0,5000.0,4500.0,0.0,1000.0
Tamil Nadu,Chengalpattu,Pallavaram(Uzhavar Sandhai ),Sweet Corn ,2026-09-24,4000.0,5000.0,4500.0,0.0,1000.0
Tamil Nadu,Vellore,Pallikonda(Uzhavar Sandhai),Sweet Corn ,2026-09-24,2500.0,3000.0,2750.0,0.0,500.0
Tamil Nadu,Dharmapuri,Pennagaram(Uzhavar Sandhai ),Sweet Corn ,2026-09-24,1800.0,2000.0,1900.0,0.0,200.0
Tamil Nadu,Perambalur,Perambalur(Uzhavar Sandhai ),Sweet Corn ,2026-09-24,4000.0,5000.0,4500.0,0.0,1000.0
Tamil Nadu,Vellore,Perampet(Uzhavar Sandhai),Sweet Corn ,2026-09-24,2500.0,2500.0,2500.0,0.0,0.0
Tamil Nadu,Ranipet,Ranipettai(Uzhavar Sandhai ),Sweet Corn ,2026-09-24,3000.0,3600.0,3300.0,0.0,600.0
Tamil Nadu,Coimbatore,Rspuram(Uzhavar Sandhai ),Sweet Corn ,2026-09-24,3500.0,4000.0,3750.0,0.0,500.0
Tamil Nadu,Kallakuruchi,Sankarapuram(Uzhavar Sandhai ),Sweet Corn ,2026-09-24,3000.0,3000.0,3000.0,0.0,0.0
Tamil Nadu,Erode,Sathiyamagalam(Uzhavar Sandhai ),Sweet Corn ,2026-09-24,2500.0,3000.0,2750.0,0.0,500.0
Tamil Nadu,Salem,Sooramangalam(Uzhavar Sandhai ),Sweet Corn ,2026-09-24,3000.0,3500.0,3250.0,0.0,500.0
Tamil Nadu,Coimbatore,Sundarapuram(Uzhavar Sandhai ),Sweet Corn ,2026-09-24,3500.0,4000.0,3750.0,0.0,500.0
Tamil Nadu,Thiruvannamalai,Tamarainagar(Uzhavar Sandhai ),Sweet Corn ,2026-09-24,3500.0,4000.0,3750.0,0.0,500.0
Tamil Nadu,Salem,Thathakapatti(Uzhavar Sandhai ),Sweet Corn ,2026-09-24,3500.0,4000.0,3750.0,0.0,500.0
Tamil Nadu,Theni,Theni(Uzhavar Sandhai ),Sweet Corn ,2026-09-24,5000.0,5000.0,5000.0,0.0,0.0
Tamil Nadu,Vellore,Thirupathur Apmc,Sweet Corn ,2026-09-24,3000.0,3000.0,3000.0,0.0,0.0
Tamil Nadu,Villupuram,Tindivanam Apmc,Sweet Corn ,2026-09-24,4000.0,4000.0,4000.0,0.0,0.0
Tamil Nadu,Namakkal,Tiruchengode Apmc,Sweet Corn ,2026-09-24,5000.0,5500.0,5250.0,0.0,500.0
Tamil Nadu,Thirupur,Tiruppur (North) (Uzhavar Sandhai ),Sweet Corn ,2026-09-24,1500.0,2000.0,1750.0,0.0,500.0
Tamil Nadu,Thiruvannamalai,Tiruvannamalai(Uzhavar Sandhai ),Sweet Corn ,2026-09-24,3500.0,4000.0,3750.0,0.0,500.0
Tamil Nadu,Tuticorin,Tuticorin(Uzhavar Sandhai ),Sweet Corn ,2026-09-24,5000.0,6000.0,5500.0,0.0,1000.0
Tamil Nadu,Coimbatore,Udumalpet Apmc,Sweet Corn ,2026-09-24,3500.0,4000.0,3750.0,0.0,500.0
Tamil Nadu,Coimbatore,Vadavalli(Uzhavar Sandhai ),Sweet Corn ,2026-09-24,3500.0,4000.0,3750.0,0.0,500.0
Tamil Nadu,Thirupathur,Vaniyampadi(Uzhavar Sandhai ),Sweet Corn ,2026-09-24,3000.0,3000.0,3000.0,0.0,0.0
Tamil Nadu,Vellore,Vellore Apmc,Sweet Corn ,2026-09-24,2000.0,2500.0,2250.0,0.0,500.0
Tamil Nadu,Salem,Ammapet(Uzhavar Sandhai ),Sweet Potato,2026-09-24,4500.0,5000.0,4750.0,0.0,500.0
Tamil Nadu,Madurai,Anaiyur(Uzhavar Sandhai ),Sweet Potato,2026-09-24,5500.0,6000.0,5750.0,0.0,500.0
Tamil Nadu,Madurai,Anna Nagar(Uzhavar Sandhai ),Sweet Potato,2026-09-24,4500.0,5000.0,4750.0,0.0,500.0
Tamil Nadu,Thiruvannamalai,Arani(Uzhavar Sandhai ),Sweet Potato,2026-09-24,3500.0,4000.0,3750.0,0.0,500.0
Tamil Nadu,Ranipet,Arcot(Uzhavar Sandhai ),Sweet Potato,2026-09-24,5000.0,5000.0,5000.0,0.0,0.0
Tamil Nadu,Salem,Attayampatti(Uzhavar Sandhai ),Sweet Potato,2026-09-24,5000.0,5000.0,5000.0,0.0,0.0
Tamil Nadu,Krishnagiri,Avallapalli(Uzhavar Sandhai ),Sweet Potato,2026-09-24,6000.0,7000.0,6500.0,0.0,1000.0
Tamil Nadu,Thiruvannamalai,Chengam(Uzhavar Sandhai ),Sweet Potato,2026-09-24,4000.0,5000.0,4500.0,0.0,1000.0
Tamil Nadu,Madurai,Chokkikulam(Uzhavar Sandhai ),Sweet Potato,2026-09-24,5500.0,6000.0,5750.0,0.0,500.0
Tamil Nadu,Cuddalore,Cuddalore(Uzhavar Sandhai ),Sweet Potato,2026-09-24,8000.0,10000.0,9000.0,0.0,2000.0
Tamil Nadu,Krishnagiri,Denkanikottai(Uzhavar Sandhai ),Sweet Potato,2026-09-24,5000.0,6000.0,5500.0,0.0,1000.0
Tamil Nadu,Karur,Gandhigramam(Uzhavar Sandhai),Sweet Potato,2026-09-24,4500.0,5000.0,4750.0,0.0,500.0
Tamil Nadu,Vellore,Gudiyatham(Uzhavar Sandhai ),Sweet Potato,2026-09-24,3600.0,3600.0,3600.0,0.0,0.0
Tamil Nadu,Salem,Hasthampatti(Uzhavar Sandhai ),Sweet Potato,2026-09-24,4000.0,4500.0,4250.0,0.0,500.0
Tamil Nadu,Krishnagiri,Hosur(Uzhavar Sandhai ),Sweet Potato,2026-09-24,6000.0,7000.0,6500.0,0.0,1000.0
Tamil Nadu,Salem,Jalagandapuram(Uzhavar Sandhai ),Sweet Potato,2026-09-24,4000.0,4500.0,4250.0,0.0,500.0
Tamil Nadu,Chengalpattu,Jameenrayapettai(Uzhavar Sandhai ),Sweet Potato,2026-09-24,6000.0,7000.0,6500.0,0.0,1000.0
Tamil Nadu,Vellore,Kahithapattarai(Uzhavar Sandhai ),Sweet Potato,2026-09-24,4500.0,4500.0,4500.0,0.0,0.0
Tamil Nadu,Kancheepuram,Kancheepuram(Uzhavar Sandhai ),Sweet Potato,2026-09-24,4000.0,5000.0,4500.0,0.0,1000.0
Tamil Nadu,Dharmapuri,Karimangalam(Uzhavar Sandhai),Sweet Potato,2026-09-24,3500.0,4000.0,3750.0,0.0,500.0
Tamil Nadu,Karur,Karur(Uzhavar Sandhai ),Sweet Potato,2026-09-24,4500.0,5000.0,4750.0,0.0,500.0
Tamil Nadu,Thiruchirappalli,Kknagar(Uzhavar Sandhai ),Sweet Potato,2026-09-24,7000.0,7000.0,7000.0,0.0,0.0
Tamil Nadu,Krishnagiri,Krishnagiri(Uzhavar Sandhai ),Sweet Potato,2026-09-24,2500.0,3000.0,2750.0,0.0,500.0
Tamil Nadu,Karur,Kulithalai(Uzhavar Sandhai ),Sweet Potato,2026-09-24,2500.0,3000.0,2750.0,0.0,500.0
Tamil Nadu,Coimbatore,Kurichi(Uzhavar Sandhai ),Sweet Potato,2026-09-24,5500.0,6000.0,5750.0,0.0,500.0
Tamil Nadu,Thiruchirappalli,Lalgudi(Uzhavar Sandhai ),Sweet Potato,2026-09-24,5000.0,5000.0,5000.0,0.0,0.0
Tamil Nadu,Thirunelveli,Melapalayam(Uzhavar Sandhai ),Sweet Potato,2026-09-24,5500.0,6000.0,5750.0,0.0,500.0
Tamil Nadu,Madurai,Melur(Uzhavar Sandhai ),Sweet Potato,2026-09-24,5500.0,6000.0,5750.0,0.0,500.0
Tamil Nadu,Coimbatore,Mettupalayam(Uzhavar Sandhai ),Sweet Potato,2026-09-24,4500.0,5000.0,4750.0,0.0,500.0
Tamil Nadu,Salem,Mettur(Uzhavar Sandhai ),Sweet Potato,2026-09-24,4000.0,4500.0,4250.0,0.0,500.0
Tamil Nadu,Thiruchirappalli,Musiri(Uzhavar Sandhai ),Sweet Potato,2026-09-24,4500.0,5000.0,4750.0,0.0,500.0
Tamil Nadu,Chengalpattu,Nanganallur(Uzhavar Sandhai ),Sweet Potato,2026-09-24,7500.0,8000.0,7750.0,0.0,500.0
Tamil Nadu,Dindigul,Palani(Uzhavar Sandhai ),Sweet Potato,2026-09-24,4000.0,5000.0,4500.0,0.0,1000.0
Tamil Nadu,Thirunelveli,Palayamkottai(Uzhavar Sandhai ),Sweet Potato,2026-09-24,5500.0,6000.0,5750.0,0.0,500.0
Tamil Nadu,Karur,Pallapatti (Uzhavar Sandhai ),Sweet Potato,2026-09-24,4500.0,5000.0,4750.0,0.0,500.0
Tamil Nadu,Chengalpattu,Pallavaram(Uzhavar Sandhai ),Sweet Potato,2026-09-24,6000.0,7000.0,6500.0,0.0,1000.0
Tamil Nadu,Namakkal,Paramathivelur(Uzhavar Sandhai ),Sweet Potato,2026-09-24,6300.0,7000.0,6650.0,0.0,700.0
Keralam,Palakad,Pattambi Market,Sweet Potato,2026-09-24,5000.0,5500.0,5200.0,0.0,500.0
Tamil Nadu,Dharmapuri,Pennagaram(Uzhavar Sandhai ),Sweet Potato,2026-09-24,2800.0,3000.0,2900.0,0.0,200.0
Tamil Nadu,Perambalur,Perambalur(Uzhavar Sandhai ),Sweet Potato,2026-09-24,6000.0,6400.0,6200.0,0.0,400.0
Tamil Nadu,Thiruvannamalai,Polur(Uzhavar Sandhai ),Sweet Potato,2026-09-24,3300.0,4000.0,3650.0,0.0,700.0
Maharashtra,Pune,Pune,Sweet Potato,2026-09-24,3000.0,3000.0,3000.0,0.0,0.0
Tamil Nadu,Ranipet,Ranipettai(Uzhavar Sandhai ),Sweet Potato,2026-09-24,5000.0,5000.0,5000.0,0.0,0.0
Tamil Nadu,Coimbatore,Rspuram(Uzhavar Sandhai ),Sweet Potato,2026-09-24,5500.0,6000.0,5750.0,0.0,500.0
Tamil Nadu,Kallakuruchi,Sankarapuram(Uzhavar Sandhai ),Sweet Potato,2026-09-24,5000.0,6000.0,5500.0,0.0,1000.0
Tamil Nadu,Coimbatore,Singanallur(Uzhavar Sandhai ),Sweet Potato,2026-09-24,5500.0,6000.0,5750.0,0.0,500.0
Tamil Nadu,Nagapattinam,Sirkali(Uzhavar Sandhai ),Sweet Potato,2026-09-24,5500.0,6000.0,5750.0,0.0,500.0
Tamil Nadu,Salem,Sooramangalam(Uzhavar Sandhai ),Sweet Potato,2026-09-24,5000.0,5000.0,5000.0,0.0,0.0
Tamil Nadu,Coimbatore,Sulur(Uzhavar Sandhai ),Sweet Potato,2026-09-24,5500.0,6000.0,5750.0,0.0,500.0
Tamil Nadu,Coimbatore,Sundarapuram(Uzhavar Sandhai ),Sweet Potato,2026-09-24,5500.0,6000.0,5750.0,0.0,500.0
Gujarat,Surat,Surat Apmc,Sweet Potato,2026-09-24,3500.0,4750.0,4125.0,0.0,1250.0
Tamil Nadu,Thiruvannamalai,Tamarainagar(Uzhavar Sandhai ),Sweet Potato,2026-09-24,5000.0,6000.0,5500.0,0.0,1000.0
Tamil Nadu,Tenkasi,Tenkasi(Uzhavar Sandhai ),Sweet Potato,2026-09-24,5000.0,5000.0,5000.0,0.0,0.0
Tamil Nadu,Salem,Thathakapatti(Uzhavar Sandhai ),Sweet Potato,2026-09-24,4000.0,5000.0,4500.0,0.0,1000.0
Tamil Nadu,Theni,Theni(Uzhavar Sandhai ),Sweet Potato,2026-09-24,5500.0,5500.0,5500.0,0.0,0.0
Tamil Nadu,Vellore,Thirupathur Apmc,Sweet Potato,2026-09-24,4000.0,4000.0,4000.0,0.0,0.0
Tamil Nadu,Thiruchirappalli,Thiruverumbur(Uzhavar Sandhai ),Sweet Potato,2026-09-24,5000.0,5000.0,5000.0,0.0,0.0
Tamil Nadu,Thiruchirappalli,Thuraiyur Apmc,Sweet Potato,2026-09-24,4500.0,5000.0,4750.0,0.0,500.0
Tamil Nadu,Villupuram,Tindivanam Apmc,Sweet Potato,2026-09-24,4500.0,4500.0,4500.0,0.0,0.0
Tamil Nadu,Namakkal,Tiruchengode Apmc,Sweet Potato,2026-09-24,5000.0,6000.0,5500.0,0.0,1000.0
Tamil Nadu,Thirupur,Tiruppur (North) (Uzhavar Sandhai ),Sweet Potato,2026-09-24,3500.0,4000.0,3750.0,0.0,500.0
Tamil Nadu,Thiruvarur,Tiruthuraipoondi(Uzhavar Sandhai ),Sweet Potato,2026-09-24,6000.0,6000.0,6000.0,0.0,0.0
Tamil Nadu,Thiruvannamalai,Tiruvannamalai(Uzhavar Sandhai ),Sweet Potato,2026-09-24,4000.0,5000.0,4500.0,0.0,1000.0
Tamil Nadu,Tuticorin,Tuticorin(Uzhavar Sandhai ),Sweet Potato,2026-09-24,5000.0,6000.0,5500.0,0.0,1000.0
Tamil Nadu,The Nilgiris,Udhagamandalam(Uzhavar Sandhai ),Sweet Potato,2026-09-24,4000.0,4500.0,4250.0,0.0,500.0
Tamil Nadu,Coimbatore,Udumalpet Apmc,Sweet Potato,2026-09-24,6000.0,6500.0,6250.0,0.0,500.0
Tamil Nadu,Nagercoil (Kannyiakumari),Vadaseri Apmc,Sweet Potato,2026-09-24,4000.0,4500.0,4250.0,0.0,500.0
Tamil Nadu,Coimbatore,Vadavalli(Uzhavar Sandhai ),Sweet Potato,2026-09-24,5500.0,6000.0,5750.0,0.0,500.0
Tamil Nadu,Thirupathur,Vaniyampadi(Uzhavar Sandhai ),Sweet Potato,2026-09-24,4000.0,4000.0,4000.0,0.0,0.0
Tamil Nadu,Salem,Vazhapadi(Uzhavar Sandhai),Sweet Potato,2026-09-24,4000.0,4000.0,4000.0,0.0,0.0
Tamil Nadu,Vellore,Vellore Apmc,Sweet Potato,2026-09-24,2500.0,3000.0,2750.0,0.0,500.0
Tamil Nadu,Villupuram,Villupuram(Uzhavar Sandhai ),Sweet Potato,2026-09-24,6000.0,6000.0,6000.0,0.0,0.0
West Bengal,Dakshin Dinajpur,Gangarampur(Dakshin Dinajpur) Apmc,Sweet Pumpkin,2026-09-24,1600.0,2000.0,1800.0,0.0,400.0
West Bengal,Jhargram,Jhargram Apmc,Sweet Pumpkin,2026-09-24,1800.0,2200.0,2000.0,0.0,400.0
West Bengal,Bankura,Khatra Apmc,Sweet Pumpkin,2026-09-24,1200.0,1400.0,1200.0,0.0,200.0
Maharashtra,Mumbai,Mumbai,Sweet Pumpkin,2026-09-24,600.0,1000.0,800.0,0.0,400.0
West Bengal,Medinipur(E),Tamluk (Medinipur E) Apmc,Sweet Pumpkin,2026-09-24,1800.0,2200.0,2000.0,0.0,400.0
Uttar Pradesh,Gorakhpur,Gorakhpur Apmc,Sweet Saag,2026-09-24,15000.0,15000.0,15000.0,0.0,0.0
Himachal Pradesh,Una,Smy Santoshgarh,Sweet Saag,2026-09-24,3000.0,3000.0,3000.0,0.0,0.0
Uttar Pradesh,Varanasi,Varanasi Apmc,Sweet Saag,2026-09-24,17350.0,17350.0,17350.0,0.0,0.0
Tamil Nadu,Madurai,Anna Nagar(Uzhavar Sandhai ),Tamarind Fruit,2026-09-24,14000.0,14000.0,14000.0,0.0,0.0
Tamil Nadu,Salem,Athur(Uzhavar Sandhai ),Tamarind Fruit,2026-09-24,12000.0,16000.0,14000.0,0.0,4000.0
Tamil Nadu,Krishnagiri,Avallapalli(Uzhavar Sandhai ),Tamarind Fruit,2026-09-24,9000.0,10000.0,9500.0,0.0,1000.0
Tamil Nadu,Thiruvannamalai,Chengam(Uzhavar Sandhai ),Tamarind Fruit,2026-09-24,8000.0,10000.0,9000.0,0.0,2000.0
Tamil Nadu,Dharmapuri,Dharmapuri(Uzhavar Sandhai ),Tamarind Fruit,2026-09-24,11000.0,11600.0,11300.0,0.0,600.0
Tamil Nadu,Dindigul,Dindigul(Uzhavar Sandhai ),Tamarind Fruit,2026-09-24,13000.0,15000.0,14000.0,0.0,2000.0
Tamil Nadu,Vellore,Gudiyatham(Uzhavar Sandhai ),Tamarind Fruit,2026-09-24,15000.0,15000.0,15000.0,0.0,0.0
Tamil Nadu,Salem,Hasthampatti(Uzhavar Sandhai ),Tamarind Fruit,2026-09-24,15000.0,16000.0,15500.0,0.0,1000.0
Tamil Nadu,Krishnagiri,Hosur(Uzhavar Sandhai ),Tamarind Fruit,2026-09-24,13000.0,15000.0,14000.0,0.0,2000.0
Tamil Nadu,Vellore,Kahithapattarai(Uzhavar Sandhai ),Tamarind Fruit,2026-09-24,14000.0,14000.0,14000.0,0.0,0.0
Tamil Nadu,Thiruchirappalli,Kknagar(Uzhavar Sandhai ),Tamarind Fruit,2026-09-24,18000.0,18000.0,18000.0,0.0,0.0
Tamil Nadu,Nagapattinam,Nagapattinam(Uzhavar Sandhai ),Tamarind Fruit,2026-09-24,12600.0,14000.0,13300.0,0.0,1400.0
Tamil Nadu,Dharmapuri,Palacode(Uzhavar Sandhai ),Tamarind Fruit,2026-09-24,11000.0,11500.0,11250.0,0.0,500.0
Tamil Nadu,Pudukkottai,Pudukottai(Uzhavar Sandhai ),Tamarind Fruit,2026-09-24,6500.0,7000.0,6750.0,0.0,500.0
Tamil Nadu,Namakkal,Rasipuram(Uzhavar Sandhai ),Tamarind Fruit,2026-09-24,13000.0,15000.0,14000.0,0.0,2000.0
Tamil Nadu,Nagapattinam,Sirkali(Uzhavar Sandhai ),Tamarind Fruit,2026-09-24,15000.0,15000.0,15000.0,0.0,0.0
Tamil Nadu,Thiruvannamalai,Tamarainagar(Uzhavar Sandhai ),Tamarind Fruit,2026-09-24,12000.0,14000.0,13000.0,0.0,2000.0
Tamil Nadu,Salem,Thathakapatti(Uzhavar Sandhai ),Tamarind Fruit,2026-09-24,14000.0,15000.0,14500.0,0.0,1000.0
Tamil Nadu,Thiruvarur,Tiruthuraipoondi(Uzhavar Sandhai ),Tamarind Fruit,2026-09-24,16000.0,16000.0,16000.0,0.0,0.0
Tamil Nadu,Thiruvannamalai,Tiruvannamalai(Uzhavar Sandhai ),Tamarind Fruit,2026-09-24,12000.0,15000.0,13500.0,0.0,3000.0
Tamil Nadu,Nagercoil (Kannyiakumari),Vadaseri Apmc,Tamarind Fruit,2026-09-24,14000.0,14500.0,14250.0,0.0,500.0
Tamil Nadu,Dharmapuri,Ajattihalli(Uzhavar Sandhai ),Tapioca,2026-09-24,3000.0,3400.0,3200.0,0.0,400.0
Tamil Nadu,Salem,Ammapet(Uzhavar Sandhai ),Tapioca,2026-09-24,3000.0,3500.0,3250.0,0.0,500.0
Tamil Nadu,Madurai,Anaiyur(Uzhavar Sandhai ),Tapioca,2026-09-24,3600.0,4000.0,3800.0,0.0,400.0
Tamil Nadu,Madurai,Anna Nagar(Uzhavar Sandhai ),Tapioca,2026-09-24,3600.0,4000.0,3800.0,0.0,400.0
Tamil Nadu,Ranipet,Arcot(Uzhavar Sandhai ),Tapioca,2026-09-24,3000.0,3000.0,3000.0,0.0,0.0
Tamil Nadu,Salem,Athur(Uzhavar Sandhai ),Tapioca,2026-09-24,2500.0,3000.0,2750.0,0.0,500.0
Tamil Nadu,Salem,Attayampatti(Uzhavar Sandhai ),Tapioca,2026-09-24,3500.0,3500.0,3500.0,0.0,0.0
Tamil Nadu,Krishnagiri,Avallapalli(Uzhavar Sandhai ),Tapioca,2026-09-24,4500.0,5000.0,4750.0,0.0,500.0
Tamil Nadu,Madurai,Chokkikulam(Uzhavar Sandhai ),Tapioca,2026-09-24,3600.0,4000.0,3800.0,0.0,400.0
Tamil Nadu,The Nilgiris,Coonoor(Uzhavar Sandhai ),Tapioca,2026-09-24,3200.0,3400.0,3300.0,0.0,200.0
Tamil Nadu,Cuddalore,Cuddalore(Uzhavar Sandhai ),Tapioca,2026-09-24,5000.0,6000.0,5500.0,0.0,1000.0
Tamil Nadu,Theni,Devaram(Uzhavar Sandhai ),Tapioca,2026-09-24,2800.0,2800.0,2800.0,0.0,0.0
Tamil Nadu,Dharmapuri,Dharmapuri(Uzhavar Sandhai ),Tapioca,2026-09-24,2800.0,3000.0,2900.0,0.0,200.0
Tamil Nadu,Dindigul,Dindigul(Uzhavar Sandhai ),Tapioca,2026-09-24,3000.0,4000.0,3500.0,0.0,1000.0
Tamil Nadu,Karur,Gandhigramam(Uzhavar Sandhai),Tapioca,2026-09-24,3000.0,3500.0,3250.0,0.0,500.0
Tamil Nadu,The Nilgiris,Gudalur(Uzhavar Sandhai ),Tapioca,2026-09-24,3000.0,3500.0,3250.0,0.0,500.0
Tamil Nadu,Vellore,Gudiyatham(Uzhavar Sandhai ),Tapioca,2026-09-24,3000.0,3000.0,3000.0,0.0,0.0
Tamil Nadu,Salem,Hasthampatti(Uzhavar Sandhai ),Tapioca,2026-09-24,3000.0,3500.0,3250.0,0.0,500.0
Tamil Nadu,Krishnagiri,Hosur(Uzhavar Sandhai ),Tapioca,2026-09-24,4000.0,5000.0,4500.0,0.0,1000.0
Tamil Nadu,Chengalpattu,Jameenrayapettai(Uzhavar Sandhai ),Tapioca,2026-09-24,3500.0,4000.0,3750.0,0.0,500.0
Tamil Nadu,Vellore,Kahithapattarai(Uzhavar Sandhai ),Tapioca,2026-09-24,4500.0,4500.0,4500.0,0.0,0.0
Tamil Nadu,Kallakuruchi,Kallakurichi(Uzhavar Sandhai ),Tapioca,2026-09-24,3000.0,3000.0,3000.0,0.0,0.0
Tamil Nadu,Theni,Kambam(Uzhavar Sandhai ),Tapioca,2026-09-24,3500.0,3500.0,3500.0,0.0,0.0
Tamil Nadu,Dharmapuri,Karimangalam(Uzhavar Sandhai),Tapioca,2026-09-24,3300.0,3500.0,3400.0,0.0,200.0
Tamil Nadu,Vellore,Katpadi (Uzhavar Sandhai ),Tapioca,2026-09-24,3500.0,3500.0,3500.0,0.0,0.0
Tamil Nadu,Thiruchirappalli,Kknagar(Uzhavar Sandhai ),Tapioca,2026-09-24,4800.0,4800.0,4800.0,0.0,0.0
Tamil Nadu,Krishnagiri,Krishnagiri(Uzhavar Sandhai ),Tapioca,2026-09-24,2500.0,3000.0,2750.0,0.0,500.0
Tamil Nadu,Namakkal,Kumarapalayam(Uzhavar Sandhai ),Tapioca,2026-09-24,3000.0,3500.0,3250.0,0.0,500.0
Tamil Nadu,Coimbatore,Kurichi(Uzhavar Sandhai ),Tapioca,2026-09-24,3000.0,3500.0,3250.0,0.0,500.0
Keralam,Pathanamthitta,Kuttoor Market,Tapioca,2026-09-24,3600.0,4000.0,3800.0,0.0,400.0
Tamil Nadu,Thiruchirappalli,Lalgudi(Uzhavar Sandhai ),Tapioca,2026-09-24,4000.0,4000.0,4000.0,0.0,0.0
Tamil Nadu,Thiruvarur,Mannargudi I(Uzhavar Sandhai ),Tapioca,2026-09-24,4000.0,4000.0,4000.0,0.0,0.0
Tamil Nadu,Thiruvarur,Mannargudi Ii(Uzhavar Sandhai ),Tapioca,2026-09-24,4000.0,4000.0,4000.0,0.0,0.0
Tamil Nadu,Thirunelveli,Melapalayam(Uzhavar Sandhai ),Tapioca,2026-09-24,3000.0,3500.0,3250.0,0.0,500.0
Tamil Nadu,Madurai,Melur(Uzhavar Sandhai ),Tapioca,2026-09-24,3600.0,4000.0,3800.0,0.0,400.0
Tamil Nadu,Coimbatore,Mettupalayam(Uzhavar Sandhai ),Tapioca,2026-09-24,3000.0,3500.0,3250.0,0.0,500.0
Tamil Nadu,Salem,Mettur(Uzhavar Sandhai ),Tapioca,2026-09-24,3000.0,3500.0,3250.0,0.0,500.0
Tamil Nadu,Namakkal,Mohanur(Uzhavar Sandhai ),Tapioca,2026-09-24,3200.0,4000.0,3600.0,0.0,800.0
Tamil Nadu,Thiruchirappalli,Musiri(Uzhavar Sandhai ),Tapioca,2026-09-24,3500.0,4000.0,3750.0,0.0,500.0
Tamil Nadu,Namakkal,Namakkal(Uzhavar Sandhai ),Tapioca,2026-09-24,3000.0,3500.0,3250.0,0.0,500.0
Tamil Nadu,Chengalpattu,Nanganallur(Uzhavar Sandhai ),Tapioca,2026-09-24,4500.0,5000.0,4750.0,0.0,500.0
Keralam,Thiruvananthapuram,Neyyatinkara Market,Tapioca,2026-09-24,4500.0,5000.0,4700.0,0.0,500.0
Tamil Nadu,Karur,Pallapatti (Uzhavar Sandhai ),Tapioca,2026-09-24,2500.0,3000.0,2750.0,0.0,500.0
Tamil Nadu,Chengalpattu,Pallavaram(Uzhavar Sandhai ),Tapioca,2026-09-24,4000.0,5000.0,4500.0,0.0,1000.0
Tamil Nadu,Namakkal,Paramathivelur(Uzhavar Sandhai ),Tapioca,2026-09-24,3500.0,4000.0,3750.0,0.0,500.0
Keralam,Palakad,Pattambi Market,Tapioca,2026-09-24,2500.0,3000.0,2800.0,0.0,500.0
Keralam,Kannur,Payyannur Market,Tapioca,2026-09-24,4200.0,4400.0,4300.0,0.0,200.0
Tamil Nadu,Dharmapuri,Pennagaram(Uzhavar Sandhai ),Tapioca,2026-09-24,2800.0,3000.0,2900.0,0.0,200.0
Tamil Nadu,Erode,Periyar Nagar(Uzhavar Sandhai ),Tapioca,2026-09-24,2000.0,2500.0,2250.0,0.0,500.0
Keralam,Ernakulam,Perumbavoor Market,Tapioca,2026-09-24,3000.0,4000.0,3500.0,0.0,1000.0
Tamil Nadu,Erode,Perundurai(Uzhavar Sandhai ),Tapioca,2026-09-24,2000.0,2500.0,2250.0,0.0,500.0
Tamil Nadu,Pudukkottai,Pudukottai(Uzhavar Sandhai ),Tapioca,2026-09-24,3500.0,4000.0,3750.0,0.0,500.0
Tamil Nadu,Ranipet,Ranipettai(Uzhavar Sandhai ),Tapioca,2026-09-24,4000.0,4000.0,4000.0,0.0,0.0
Tamil Nadu,Namakkal,Rasipuram(Uzhavar Sandhai ),Tapioca,2026-09-24,3500.0,3800.0,3650.0,0.0,300.0
Tamil Nadu,Coimbatore,Rspuram(Uzhavar Sandhai ),Tapioca,2026-09-24,3000.0,3500.0,3250.0,0.0,500.0
Tamil Nadu,Erode,Sampath Nagar(Uzhavar Sandhai ),Tapioca,2026-09-24,2000.0,2500.0,2250.0,0.0,500.0
Tamil Nadu,Tenkasi,Sankarankoil(Uzhavar Sandhai ),Tapioca,2026-09-24,3500.0,4000.0,3750.0,0.0,500.0
Tamil Nadu,Kallakuruchi,Sankarapuram(Uzhavar Sandhai ),Tapioca,2026-09-24,3000.0,3000.0,3000.0,0.0,0.0
Tamil Nadu,Erode,Sathiyamagalam(Uzhavar Sandhai ),Tapioca,2026-09-24,2500.0,3000.0,2750.0,0.0,500.0
Tamil Nadu,Coimbatore,Singanallur(Uzhavar Sandhai ),Tapioca,2026-09-24,3200.0,3600.0,3400.0,0.0,400.0
Tamil Nadu,Nagapattinam,Sirkali(Uzhavar Sandhai ),Tapioca,2026-09-24,4500.0,5000.0,4750.0,0.0,500.0
Tamil Nadu,Salem,Sooramangalam(Uzhavar Sandhai ),Tapioca,2026-09-24,3000.0,3500.0,3250.0,0.0,500.0
Tamil Nadu,Coimbatore,Sulur(Uzhavar Sandhai ),Tapioca,2026-09-24,3200.0,3600.0,3400.0,0.0,400.0
Tamil Nadu,Coimbatore,Sundarapuram(Uzhavar Sandhai ),Tapioca,2026-09-24,3000.0,3500.0,3250.0,0.0,500.0
Tamil Nadu,Thiruvannamalai,Tamarainagar(Uzhavar Sandhai ),Tapioca,2026-09-24,2500.0,3000.0,2750.0,0.0,500.0
Tamil Nadu,Tenkasi,Tenkasi(Uzhavar Sandhai ),Tapioca,2026-09-24,4000.0,4000.0,4000.0,0.0,0.0
Tamil Nadu,Erode,Thalavadi(Uzhavar Sandhai ),Tapioca,2026-09-24,2500.0,3000.0,2750.0,0.0,500.0
Tamil Nadu,Salem,Thammampatti (Uzhavar Sandhai ),Tapioca,2026-09-24,4000.0,4000.0,4000.0,0.0,0.0
Tamil Nadu,Salem,Thathakapatti(Uzhavar Sandhai ),Tapioca,2026-09-24,3000.0,4000.0,3500.0,0.0,1000.0
Tamil Nadu,Vellore,Thirupathur Apmc,Tapioca,2026-09-24,3000.0,3000.0,3000.0,0.0,0.0
Keralam,Ernakulam,Thrippunithura Market,Tapioca,2026-09-24,3600.0,4500.0,3800.0,0.0,900.0
Tamil Nadu,Thiruchirappalli,Thuraiyur Apmc,Tapioca,2026-09-24,3500.0,4000.0,3750.0,0.0,500.0
Tamil Nadu,Villupuram,Tindivanam Apmc,Tapioca,2026-09-24,4500.0,4500.0,4500.0,0.0,0.0
Tamil Nadu,Namakkal,Tiruchengode Apmc,Tapioca,2026-09-24,3000.0,3500.0,3250.0,0.0,500.0
Tamil Nadu,Thirupur,Tiruppur (North) (Uzhavar Sandhai ),Tapioca,2026-09-24,2500.0,3000.0,2750.0,0.0,500.0
Tamil Nadu,Thirupur,Tiruppur (South) (Uzhavar Sandhai ),Tapioca,2026-09-24,2500.0,3000.0,2750.0,0.0,500.0
Tamil Nadu,Thiruvarur,Tiruthuraipoondi(Uzhavar Sandhai ),Tapioca,2026-09-24,4400.0,4400.0,4400.0,0.0,0.0
Tamil Nadu,Thiruvannamalai,Tiruvannamalai(Uzhavar Sandhai ),Tapioca,2026-09-24,2500.0,3000.0,2750.0,0.0,500.0
Tamil Nadu,Tuticorin,Tuticorin(Uzhavar Sandhai ),Tapioca,2026-09-24,3000.0,3500.0,3250.0,0.0,500.0
Tamil Nadu,The Nilgiris,Udhagamandalam(Uzhavar Sandhai ),Tapioca,2026-09-24,3000.0,3500.0,3250.0,0.0,500.0
Tamil Nadu,Coimbatore,Udumalpet Apmc,Tapioca,2026-09-24,4000.0,4500.0,4250.0,0.0,500.0
Tamil Nadu,Madurai,Usilampatti(Uzhavar Sandhai ),Tapioca,2026-09-24,3600.0,4000.0,3800.0,0.0,400.0
Tamil Nadu,Nagercoil (Kannyiakumari),Vadaseri Apmc,Tapioca,2026-09-24,4000.0,4500.0,4250.0,0.0,500.0
Tamil Nadu,Coimbatore,Vadavalli(Uzhavar Sandhai ),Tapioca,2026-09-24,3000.0,3500.0,3250.0,0.0,500.0
Keralam,Thiruvananthapuram,Vamanapuram Market,Tapioca,2026-09-24,4500.0,5000.0,4500.0,0.0,500.0
Tamil Nadu,Thirupathur,Vaniyampadi(Uzhavar Sandhai ),Tapioca,2026-09-24,3000.0,3000.0,3000.0,0.0,0.0
Tamil Nadu,Vellore,Vellore Apmc,Tapioca,2026-09-24,3000.0,3500.0,3250.0,0.0,500.0
Tamil Nadu,Villupuram,Villupuram(Uzhavar Sandhai ),Tapioca,2026-09-24,5000.0,5000.0,5000.0,0.0,0.0
Tamil Nadu,Dharmapuri,Ajattihalli(Uzhavar Sandhai ),Tender Coconut,2026-09-24,3000.0,3500.0,3250.0,0.0,500.0
Tamil Nadu,Salem,Ammapet(Uzhavar Sandhai ),Tender Coconut,2026-09-24,3000.0,4000.0,3500.0,0.0,1000.0
Tamil Nadu,Madurai,Anna Nagar(Uzhavar Sandhai ),Tender Coconut,2026-09-24,4000.0,4500.0,4250.0,0.0,500.0
Tamil Nadu,Thiruvannamalai,Arani(Uzhavar Sandhai ),Tender Coconut,2026-09-24,1500.0,2000.0,1750.0,0.0,500.0
Tamil Nadu,Ranipet,Arcot(Uzhavar Sandhai ),Tender Coconut,2026-09-24,2500.0,3000.0,2750.0,0.0,500.0
Tamil Nadu,Virudhunagar,Aruppukottai(Uzhavar Sandhai ),Tender Coconut,2026-09-24,4000.0,5000.0,4500.0,0.0,1000.0
Tamil Nadu,Salem,Athur(Uzhavar Sandhai ),Tender Coconut,2026-09-24,3000.0,3500.0,3250.0,0.0,500.0
Tamil Nadu,Thiruvannamalai,Cheyyar(Uzhavar Sandhai ),Tender Coconut,2026-09-24,2000.0,2500.0,2250.0,0.0,500.0
Tamil Nadu,Villupuram,Gingee(Uzhavar Sandhai ),Tender Coconut,2026-09-24,3500.0,4000.0,3750.0,0.0,500.0
Tamil Nadu,Vellore,Gudiyatham(Uzhavar Sandhai ),Tender Coconut,2026-09-24,3500.0,3500.0,3500.0,0.0,0.0
Tamil Nadu,Chengalpattu,Guduvancheri(Uzhavar Sandhai ),Tender Coconut,2026-09-24,2500.0,3000.0,2750.0,0.0,500.0
Tamil Nadu,Krishnagiri,Hosur(Uzhavar Sandhai ),Tender Coconut,2026-09-24,4000.0,5000.0,4500.0,0.0,1000.0
Tamil Nadu,Salem,Jalagandapuram(Uzhavar Sandhai ),Tender Coconut,2026-09-24,3000.0,3500.0,3250.0,0.0,500.0
Punjab,Jalandhar,Jalandhar City(Jalandhar) Apmc,Tender Coconut,2026-09-24,1900.0,4200.0,3000.0,0.0,2300.0
Tamil Nadu,Vellore,Kahithapattarai(Uzhavar Sandhai ),Tender Coconut,2026-09-24,3000.0,3000.0,3000.0,0.0,0.0
Tamil Nadu,Kallakuruchi,Kallakurichi(Uzhavar Sandhai ),Tender Coconut,2026-09-24,3000.0,3000.0,3000.0,0.0,0.0
Tamil Nadu,Kancheepuram,Kancheepuram(Uzhavar Sandhai ),Tender Coconut,2026-09-24,2200.0,2800.0,2500.0,0.0,600.0
Tamil Nadu,Thirupur,Kangayam(Uzhavar Sandhai ),Tender Coconut,2026-09-24,3000.0,3500.0,3250.0,0.0,500.0
Tamil Nadu,Vellore,Katpadi (Uzhavar Sandhai ),Tender Coconut,2026-09-24,3000.0,3500.0,3250.0,0.0,500.0
Tamil Nadu,Thiruvannamalai,Keelpennathur(Uzhavar Sandhai ),Tender Coconut,2026-09-24,5000.0,6000.0,5500.0,0.0,1000.0
Tamil Nadu,Thiruchirappalli,Kknagar(Uzhavar Sandhai ),Tender Coconut,2026-09-24,4000.0,4500.0,4250.0,0.0,500.0
Tamil Nadu,Krishnagiri,Krishnagiri(Uzhavar Sandhai ),Tender Coconut,2026-09-24,3500.0,4000.0,3750.0,0.0,500.0
Tamil Nadu,Namakkal,Kumarapalayam(Uzhavar Sandhai ),Tender Coconut,2026-09-24,3000.0,3500.0,3250.0,0.0,500.0
Jammu and Kashmir,Jammu,Mac F&V Market Narwal Jammu,Tender Coconut,2026-09-24,6600.0,7300.0,6950.0,0.0,700.0
Tamil Nadu,Chengalpattu,Madhuranthagam(Uzhavar Sandhai ),Tender Coconut,2026-09-24,3000.0,4000.0,3500.0,0.0,1000.0
Tamil Nadu,Thiruchirappalli,Manachanallur(Uzhavar Sandhai ),Tender Coconut,2026-09-24,4000.0,4500.0,4250.0,0.0,500.0
Tamil Nadu,Nagapattinam,Mayiladuthurai(Uzhavar Sandhai ),Tender Coconut,2026-09-24,2000.0,2500.0,2250.0,0.0,500.0
Tamil Nadu,Chengalpattu,Medavakkam(Uzhavar Sandhai ),Tender Coconut,2026-09-24,5000.0,5000.0,5000.0,0.0,0.0
Tamil Nadu,Coimbatore,Mettupalayam(Uzhavar Sandhai ),Tender Coconut,2026-09-24,4500.0,5000.0,4750.0,0.0,500.0
Tamil Nadu,Salem,Mettur(Uzhavar Sandhai ),Tender Coconut,2026-09-24,3500.0,4000.0,3750.0,0.0,500.0
Tamil Nadu,Namakkal,Mohanur(Uzhavar Sandhai ),Tender Coconut,2026-09-24,2800.0,3600.0,3200.0,0.0,800.0
Keralam,Idukki,Munnar Market,Tender Coconut,2026-09-24,5000.0,5000.0,5000.0,0.0,0.0
Tamil Nadu,Thiruchirappalli,Musiri(Uzhavar Sandhai ),Tender Coconut,2026-09-24,3000.0,4000.0,3500.0,0.0,1000.0
Tamil Nadu,Namakkal,Namakkal(Uzhavar Sandhai ),Tender Coconut,2026-09-24,2000.0,3500.0,2750.0,0.0,1500.0
Tamil Nadu,Chengalpattu,Nanganallur(Uzhavar Sandhai ),Tender Coconut,2026-09-24,5500.0,6000.0,5750.0,0.0,500.0
Haryana,Mahendragarh-Narnaul,Narnaul Apmc,Tender Coconut,2026-09-24,6000.0,6500.0,6500.0,0.0,500.0
Tamil Nadu,Kancheepuram,Padappai(Uzhavar Sandhai ),Tender Coconut,2026-09-24,2400.0,3200.0,2800.0,0.0,800.0
Tamil Nadu,Chengalpattu,Pallavaram(Uzhavar Sandhai ),Tender Coconut,2026-09-24,2500.0,3000.0,2750.0,0.0,500.0
Tamil Nadu,Vellore,Pallikonda(Uzhavar Sandhai),Tender Coconut,2026-09-24,3500.0,4000.0,3750.0,0.0,500.0
Tamil Nadu,Namakkal,Paramathivelur(Uzhavar Sandhai ),Tender Coconut,2026-09-24,3000.0,3500.0,3250.0,0.0,500.0
Tamil Nadu,Perambalur,Perambalur(Uzhavar Sandhai ),Tender Coconut,2026-09-24,3000.0,4000.0,3500.0,0.0,1000.0
Tamil Nadu,Vellore,Perampet(Uzhavar Sandhai),Tender Coconut,2026-09-24,3500.0,3500.0,3500.0,0.0,0.0
Tamil Nadu,Erode,Periyar Nagar(Uzhavar Sandhai ),Tender Coconut,2026-09-24,3000.0,4500.0,3750.0,0.0,1500.0
Tamil Nadu,Coimbatore,Pollachi(Uzhavar Sandhai ),Tender Coconut,2026-09-24,3500.0,4000.0,3750.0,0.0,500.0
Tamil Nadu,Thiruvannamalai,Polur(Uzhavar Sandhai ),Tender Coconut,2026-09-24,1500.0,2000.0,1750.0,0.0,500.0
Tamil Nadu,Pudukkottai,Pudukottai(Uzhavar Sandhai ),Tender Coconut,2026-09-24,5000.0,6000.0,5500.0,0.0,1000.0
Tamil Nadu,Ramanathapuram,Ramanathapuram(Uzhavar Sandhai ),Tender Coconut,2026-09-24,5000.0,6000.0,5500.0,0.0,1000.0
Tamil Nadu,Ranipet,Ranipettai(Uzhavar Sandhai ),Tender Coconut,2026-09-24,2500.0,2500.0,2500.0,0.0,0.0
Tamil Nadu,Namakkal,Rasipuram(Uzhavar Sandhai ),Tender Coconut,2026-09-24,3500.0,4000.0,3750.0,0.0,500.0
Tamil Nadu,Coimbatore,Rspuram(Uzhavar Sandhai ),Tender Coconut,2026-09-24,4000.0,4500.0,4250.0,0.0,500.0
Tamil Nadu,Erode,Sampath Nagar(Uzhavar Sandhai ),Tender Coconut,2026-09-24,3000.0,4500.0,3750.0,0.0,1500.0
Tamil Nadu,Tenkasi,Sankarankoil(Uzhavar Sandhai ),Tender Coconut,2026-09-24,2500.0,3000.0,2750.0,0.0,500.0
Tamil Nadu,Kallakuruchi,Sankarapuram(Uzhavar Sandhai ),Tender Coconut,2026-09-24,3000.0,3000.0,3000.0,0.0,0.0
Punjab,Fatehgarh,Sirhind Apmc,Tender Coconut,2026-09-24,6000.0,7300.0,6500.0,0.0,1300.0
Tamil Nadu,Nagapattinam,Sirkali(Uzhavar Sandhai ),Tender Coconut,2026-09-24,2000.0,2500.0,2250.0,0.0,500.0
Tamil Nadu,Salem,Sooramangalam(Uzhavar Sandhai ),Tender Coconut,2026-09-24,3500.0,4000.0,3750.0,0.0,500.0
Tamil Nadu,Virudhunagar,Srivilliputhur(Uzhavar Sandhai ),Tender Coconut,2026-09-24,2000.0,2500.0,2250.0,0.0,500.0
Tamil Nadu,Tenkasi,Tenkasi(Uzhavar Sandhai ),Tender Coconut,2026-09-24,4000.0,4000.0,4000.0,0.0,0.0
Tamil Nadu,Salem,Thammampatti (Uzhavar Sandhai ),Tender Coconut,2026-09-24,3500.0,4000.0,3750.0,0.0,500.0
Tamil Nadu,Salem,Thathakapatti(Uzhavar Sandhai ),Tender Coconut,2026-09-24,3000.0,5000.0,4000.0,0.0,2000.0
Tamil Nadu,Vellore,Thirupathur Apmc,Tender Coconut,2026-09-24,3000.0,3000.0,3000.0,0.0,0.0
Tamil Nadu,Thiruchirappalli,Thuraiyur Apmc,Tender Coconut,2026-09-24,4000.0,5000.0,4500.0,0.0,1000.0
Tamil Nadu,Villupuram,Tindivanam Apmc,Tender Coconut,2026-09-24,3500.0,4000.0,3750.0,0.0,500.0
Tamil Nadu,Namakkal,Tiruchengode Apmc,Tender Coconut,2026-09-24,3500.0,4000.0,3750.0,0.0,500.0
Tamil Nadu,Thirupur,Tiruppur (North) (Uzhavar Sandhai ),Tender Coconut,2026-09-24,3000.0,4000.0,3500.0,0.0,1000.0
Tamil Nadu,Thiruvannamalai,Tiruvannamalai(Uzhavar Sandhai ),Tender Coconut,2026-09-24,2500.0,3000.0,2750.0,0.0,500.0
Tamil Nadu,Villupuram,Ulundurpettai Apmc,Tender Coconut,2026-09-24,3000.0,3000.0,3000.0,0.0,0.0
Tamil Nadu,Cuddalore,Vadalur(Uzhavar Sandhai ),Tender Coconut,2026-09-24,2500.0,3000.0,2750.0,0.0,500.0
Tamil Nadu,Nagercoil (Kannyiakumari),Vadaseri Apmc,Tender Coconut,2026-09-24,5000.0,5500.0,5250.0,0.0,500.0
Tamil Nadu,Thirupathur,Vaniyampadi(Uzhavar Sandhai ),Tender Coconut,2026-09-24,3000.0,3000.0,3000.0,0.0,0.0
Tamil Nadu,Vellore,Vellore Apmc,Tender Coconut,2026-09-24,2000.0,3000.0,2500.0,0.0,1000.0
Tamil Nadu,Villupuram,Villupuram(Uzhavar Sandhai ),Tender Coconut,2026-09-24,4000.0,4000.0,4000.0,0.0,0.0
Tamil Nadu,Dharmapuri,Ajattihalli(Uzhavar Sandhai ),Thondekai,2026-09-24,4400.0,4400.0,4400.0,0.0,0.0
Tamil Nadu,Salem,Ammapet(Uzhavar Sandhai ),Thondekai,2026-09-24,4000.0,4500.0,4250.0,0.0,500.0
Tamil Nadu,Madurai,Anna Nagar(Uzhavar Sandhai ),Thondekai,2026-09-24,5600.0,6600.0,6100.0,0.0,1000.0
Tamil Nadu,Thiruvannamalai,Arani(Uzhavar Sandhai ),Thondekai,2026-09-24,3500.0,4000.0,3750.0,0.0,500.0
Tamil Nadu,Ranipet,Arcot(Uzhavar Sandhai ),Thondekai,2026-09-24,3000.0,3000.0,3000.0,0.0,0.0
Tamil Nadu,Virudhunagar,Aruppukottai(Uzhavar Sandhai ),Thondekai,2026-09-24,4000.0,4500.0,4250.0,0.0,500.0
Tamil Nadu,Salem,Athur(Uzhavar Sandhai ),Thondekai,2026-09-24,4000.0,4500.0,4250.0,0.0,500.0
Tamil Nadu,Krishnagiri,Avallapalli(Uzhavar Sandhai ),Thondekai,2026-09-24,2500.0,3000.0,2750.0,0.0,500.0
Tamil Nadu,Theni,Bodinayakanur(Uzhavar Sandhai ),Thondekai,2026-09-24,5000.0,5000.0,5000.0,0.0,0.0
Tamil Nadu,Thiruvannamalai,Chengam(Uzhavar Sandhai ),Thondekai,2026-09-24,5000.0,6000.0,5500.0,0.0,1000.0
Tamil Nadu,Thiruvannamalai,Cheyyar(Uzhavar Sandhai ),Thondekai,2026-09-24,3200.0,4000.0,3600.0,0.0,800.0
Tamil Nadu,Dindigul,Chinnalapatti(Uzhavar Sandhai ),Thondekai,2026-09-24,5600.0,6000.0,5800.0,0.0,400.0
Tamil Nadu,Theni,Chinnamanur(Uzhavar Sandhai ),Thondekai,2026-09-24,5000.0,5000.0,5000.0,0.0,0.0
Tamil Nadu,Madurai,Chokkikulam(Uzhavar Sandhai ),Thondekai,2026-09-24,5500.0,6000.0,5750.0,0.0,500.0
Tamil Nadu,The Nilgiris,Coonoor(Uzhavar Sandhai ),Thondekai,2026-09-24,4500.0,4800.0,4650.0,0.0,300.0
Tamil Nadu,Krishnagiri,Denkanikottai(Uzhavar Sandhai ),Thondekai,2026-09-24,2500.0,3000.0,2750.0,0.0,500.0
Tamil Nadu,Theni,Devaram(Uzhavar Sandhai ),Thondekai,2026-09-24,5000.0,5000.0,5000.0,0.0,0.0
Tamil Nadu,Dharmapuri,Dharmapuri(Uzhavar Sandhai ),Thondekai,2026-09-24,4200.0,4400.0,4300.0,0.0,200.0
Tamil Nadu,Dindigul,Dindigul(Uzhavar Sandhai ),Thondekai,2026-09-24,5000.0,6000.0,5500.0,0.0,1000.0
Tamil Nadu,Salem,Elampillai(Uzhavar Sandhai ),Thondekai,2026-09-24,3500.0,4000.0,3750.0,0.0,500.0
Tamil Nadu,Karur,Gandhigramam(Uzhavar Sandhai),Thondekai,2026-09-24,5500.0,6000.0,5750.0,0.0,500.0
Tamil Nadu,Villupuram,Gingee(Uzhavar Sandhai ),Thondekai,2026-09-24,3500.0,3500.0,3500.0,0.0,0.0
Tamil Nadu,Vellore,Gudiyatham(Uzhavar Sandhai ),Thondekai,2026-09-24,4600.0,4600.0,4600.0,0.0,0.0
Tamil Nadu,Chengalpattu,Guduvancheri(Uzhavar Sandhai ),Thondekai,2026-09-24,5000.0,6000.0,5500.0,0.0,1000.0
Tamil Nadu,Dharmapuri,Harur(Uzhavar Sandhai ),Thondekai,2026-09-24,4500.0,5000.0,4750.0,0.0,500.0
Tamil Nadu,Salem,Hasthampatti(Uzhavar Sandhai ),Thondekai,2026-09-24,4000.0,4500.0,4250.0,0.0,500.0
Tamil Nadu,Krishnagiri,Hosur(Uzhavar Sandhai ),Thondekai,2026-09-24,2500.0,3000.0,2750.0,0.0,500.0
Tamil Nadu,Chengalpattu,Jameenrayapettai(Uzhavar Sandhai ),Thondekai,2026-09-24,5000.0,6000.0,5500.0,0.0,1000.0
Tamil Nadu,Vellore,Kahithapattarai(Uzhavar Sandhai ),Thondekai,2026-09-24,3500.0,3500.0,3500.0,0.0,0.0
Tamil Nadu,Kallakuruchi,Kallakurichi(Uzhavar Sandhai ),Thondekai,2026-09-24,5000.0,5000.0,5000.0,0.0,0.0
Tamil Nadu,Theni,Kambam(Uzhavar Sandhai ),Thondekai,2026-09-24,5400.0,5400.0,5400.0,0.0,0.0
Tamil Nadu,Kancheepuram,Kancheepuram(Uzhavar Sandhai ),Thondekai,2026-09-24,3000.0,4000.0,3500.0,0.0,1000.0
Tamil Nadu,Dharmapuri,Karimangalam(Uzhavar Sandhai),Thondekai,2026-09-24,4500.0,5000.0,4750.0,0.0,500.0
Tamil Nadu,Karur,Karur(Uzhavar Sandhai ),Thondekai,2026-09-24,5500.0,6000.0,5750.0,0.0,500.0
Tamil Nadu,Vellore,Katpadi (Uzhavar Sandhai ),Thondekai,2026-09-24,3000.0,3000.0,3000.0,0.0,0.0
Tamil Nadu,Thiruchirappalli,Kknagar(Uzhavar Sandhai ),Thondekai,2026-09-24,7000.0,7000.0,7000.0,0.0,0.0
Tamil Nadu,Tuticorin,Kovilpatti(Uzhavar Sandhai ),Thondekai,2026-09-24,5500.0,6000.0,5750.0,0.0,500.0
Tamil Nadu,Krishnagiri,Krishnagiri(Uzhavar Sandhai ),Thondekai,2026-09-24,3500.0,4000.0,3750.0,0.0,500.0
Tamil Nadu,Karur,Kulithalai(Uzhavar Sandhai ),Thondekai,2026-09-24,4500.0,5000.0,4750.0,0.0,500.0
Tamil Nadu,Coimbatore,Kurichi(Uzhavar Sandhai ),Thondekai,2026-09-24,3500.0,4000.0,3750.0,0.0,500.0
Tamil Nadu,Thiruchirappalli,Lalgudi(Uzhavar Sandhai ),Thondekai,2026-09-24,6600.0,6600.0,6600.0,0.0,0.0
Tamil Nadu,Thirunelveli,Melapalayam(Uzhavar Sandhai ),Thondekai,2026-09-24,6500.0,7000.0,6750.0,0.0,500.0
Tamil Nadu,Madurai,Melur(Uzhavar Sandhai ),Thondekai,2026-09-24,5500.0,6000.0,5750.0,0.0,500.0
Tamil Nadu,Coimbatore,Mettupalayam(Uzhavar Sandhai ),Thondekai,2026-09-24,4500.0,5000.0,4750.0,0.0,500.0
Tamil Nadu,Salem,Mettur(Uzhavar Sandhai ),Thondekai,2026-09-24,4600.0,5000.0,4800.0,0.0,400.0
Tamil Nadu,Thiruchirappalli,Musiri(Uzhavar Sandhai ),Thondekai,2026-09-24,6500.0,7000.0,6750.0,0.0,500.0
Tamil Nadu,Namakkal,Namakkal(Uzhavar Sandhai ),Thondekai,2026-09-24,4500.0,5000.0,4750.0,0.0,500.0
Tamil Nadu,Chengalpattu,Nanganallur(Uzhavar Sandhai ),Thondekai,2026-09-24,4500.0,5000.0,4750.0,0.0,500.0
Tamil Nadu,Kancheepuram,Padappai(Uzhavar Sandhai ),Thondekai,2026-09-24,3500.0,4500.0,4000.0,0.0,1000.0
Tamil Nadu,Dharmapuri,Palacode(Uzhavar Sandhai ),Thondekai,2026-09-24,4200.0,4500.0,4350.0,0.0,300.0
Tamil Nadu,Madurai,Palanganatham(Uzhavar Sandhai ),Thondekai,2026-09-24,5500.0,6000.0,5750.0,0.0,500.0
Tamil Nadu,Dindigul,Palani(Uzhavar Sandhai ),Thondekai,2026-09-24,4000.0,4500.0,4250.0,0.0,500.0
Tamil Nadu,Thirunelveli,Palayamkottai(Uzhavar Sandhai ),Thondekai,2026-09-24,6500.0,7000.0,6750.0,0.0,500.0
Tamil Nadu,Thirupur,Palladam(Uzhavar Sandhai ),Thondekai,2026-09-24,3500.0,4000.0,3750.0,0.0,500.0
Tamil Nadu,Chengalpattu,Pallavaram(Uzhavar Sandhai ),Thondekai,2026-09-24,5000.0,6000.0,5500.0,0.0,1000.0
Tamil Nadu,Vellore,Pallikonda(Uzhavar Sandhai),Thondekai,2026-09-24,3000.0,3000.0,3000.0,0.0,0.0
Tamil Nadu,Thiruvellore,Paruthipattu(Uzhavar Sandhai ),Thondekai,2026-09-24,5000.0,5000.0,5000.0,0.0,0.0
Tamil Nadu,Dharmapuri,Pennagaram(Uzhavar Sandhai ),Thondekai,2026-09-24,5500.0,6000.0,5750.0,0.0,500.0
Tamil Nadu,Perambalur,Perambalur(Uzhavar Sandhai ),Thondekai,2026-09-24,6800.0,6800.0,6800.0,0.0,0.0
Tamil Nadu,Coimbatore,Pollachi(Uzhavar Sandhai ),Thondekai,2026-09-24,4000.0,4500.0,4250.0,0.0,500.0
Tamil Nadu,Thiruvannamalai,Polur(Uzhavar Sandhai ),Thondekai,2026-09-24,3300.0,4000.0,3650.0,0.0,700.0
Tamil Nadu,Pudukkottai,Pudukottai(Uzhavar Sandhai ),Thondekai,2026-09-24,4500.0,5000.0,4750.0,0.0,500.0
Tamil Nadu,Ranipet,Ranipettai(Uzhavar Sandhai ),Thondekai,2026-09-24,3000.0,3000.0,3000.0,0.0,0.0
Tamil Nadu,Namakkal,Rasipuram(Uzhavar Sandhai ),Thondekai,2026-09-24,4500.0,5000.0,4750.0,0.0,500.0
Tamil Nadu,Kallakuruchi,Sankarapuram(Uzhavar Sandhai ),Thondekai,2026-09-24,6000.0,6000.0,6000.0,0.0,0.0
Telangana,Ranga Reddy,Shankarapally Apmc,Thondekai,2026-09-24,5000.0,5000.0,5000.0,0.0,0.0
Tamil Nadu,Coimbatore,Singanallur(Uzhavar Sandhai ),Thondekai,2026-09-24,4400.0,4700.0,4550.0,0.0,300.0
Tamil Nadu,Salem,Sooramangalam(Uzhavar Sandhai ),Thondekai,2026-09-24,4000.0,4500.0,4250.0,0.0,500.0
Tamil Nadu,Virudhunagar,Srivilliputhur(Uzhavar Sandhai ),Thondekai,2026-09-24,5000.0,6000.0,5500.0,0.0,1000.0
Tamil Nadu,Coimbatore,Sulur(Uzhavar Sandhai ),Thondekai,2026-09-24,4000.0,4500.0,4250.0,0.0,500.0
Tamil Nadu,Coimbatore,Sundarapuram(Uzhavar Sandhai ),Thondekai,2026-09-24,3500.0,4000.0,3750.0,0.0,500.0
Tamil Nadu,Thiruvannamalai,Tamarainagar(Uzhavar Sandhai ),Thondekai,2026-09-24,3000.0,3600.0,3300.0,0.0,600.0
Tamil Nadu,Erode,Thalavadi(Uzhavar Sandhai ),Thondekai,2026-09-24,2800.0,3200.0,3000.0,0.0,400.0
Tamil Nadu,Salem,Thathakapatti(Uzhavar Sandhai ),Thondekai,2026-09-24,3500.0,4000.0,3750.0,0.0,500.0
Tamil Nadu,Chengalpattu,Thirukalukundram(Uzhavar Sandhai ),Thondekai,2026-09-24,4000.0,5000.0,4500.0,0.0,1000.0
Tamil Nadu,Vellore,Thirupathur Apmc,Thondekai,2026-09-24,4000.0,4000.0,4000.0,0.0,0.0
Tamil Nadu,Thiruchirappalli,Thiruverumbur(Uzhavar Sandhai ),Thondekai,2026-09-24,6000.0,6000.0,6000.0,0.0,0.0
Tamil Nadu,Thiruchirappalli,Thuraiyur Apmc,Thondekai,2026-09-24,5000.0,6000.0,5500.0,0.0,1000.0
Tamil Nadu,Villupuram,Tindivanam Apmc,Thondekai,2026-09-24,3000.0,3000.0,3000.0,0.0,0.0
Tamil Nadu,Namakkal,Tiruchengode Apmc,Thondekai,2026-09-24,6000.0,7000.0,6500.0,0.0,1000.0
Tamil Nadu,Thirupur,Tiruppur (South) (Uzhavar Sandhai ),Thondekai,2026-09-24,3000.0,4000.0,3500.0,0.0,1000.0
Tamil Nadu,Thiruvellore,Tiruthani(Uzhavar Sandhai ),Thondekai,2026-09-24,5000.0,5000.0,5000.0,0.0,0.0
Tamil Nadu,Thiruvannamalai,Tiruvannamalai(Uzhavar Sandhai ),Thondekai,2026-09-24,3000.0,3600.0,3300.0,0.0,600.0
Tamil Nadu,Tuticorin,Tuticorin(Uzhavar Sandhai ),Thondekai,2026-09-24,3500.0,4000.0,3750.0,0.0,500.0
Tamil Nadu,The Nilgiris,Udhagamandalam(Uzhavar Sandhai ),Thondekai,2026-09-24,3000.0,3500.0,3250.0,0.0,500.0
Tamil Nadu,Coimbatore,Udumalpet Apmc,Thondekai,2026-09-24,4000.0,4500.0,4250.0,0.0,500.0
Tamil Nadu,Villupuram,Ulundurpettai Apmc,Thondekai,2026-09-24,5000.0,5000.0,5000.0,0.0,0.0
Tamil Nadu,Cuddalore,Vadalur(Uzhavar Sandhai ),Thondekai,2026-09-24,4000.0,4000.0,4000.0,0.0,0.0
Tamil Nadu,Coimbatore,Vadavalli(Uzhavar Sandhai ),Thondekai,2026-09-24,3600.0,4200.0,3900.0,0.0,600.0
Tamil Nadu,Thiruvannamalai,Vandavasi(Uzhavar Sandhai ),Thondekai,2026-09-24,3500.0,4000.0,3750.0,0.0,500.0
Tamil Nadu,Salem,Vazhapadi(Uzhavar Sandhai),Thondekai,2026-09-24,5000.0,5000.0,5000.0,0.0,0.0
Tamil Nadu,Vellore,Vellore Apmc,Thondekai,2026-09-24,3000.0,3000.0,3000.0,0.0,0.0
Tamil Nadu,Villupuram,Villupuram(Uzhavar Sandhai ),Thondekai,2026-09-24,5000.0,5000.0,5000.0,0.0,0.0
Haryana,Hissar,Hansi Apmc,Tinda,2026-09-24,3500.0,4000.0,3750.0,0.0,500.0
Jammu and Kashmir,Jammu,Mac F&V Market Narwal Jammu,Tinda,2026-09-24,3500.0,4000.0,3750.0,0.0,500.0
Haryana,Mahendragarh-Narnaul,Narnaul Apmc,Tinda,2026-09-24,3000.0,4000.0,4000.0,0.0,1000.0
Telangana,Hyderabad,Rythu Bazar Mehdipatnam,Tinda,2026-09-24,3500.0,3500.0,3500.0,0.0,0.0
Gujarat,Surendranagar,Vadhvan Apmc,Tinda,2026-09-24,2500.0,3000.0,2750.0,0.0,500.0
Uttar Pradesh,Etah,Aliganj Apmc,Tobacco,2026-09-24,400.0,500.0,470.45,0.0,100.0
Uttar Pradesh,Farukhabad,Kayamganj Apmc,Tobacco,2026-09-24,7000.0,9000.0,8149.72,0.0,2000.0
Uttar Pradesh,Agra,Agra Apmc,Tomato,2026-09-24,1400.0,1400.0,1400.0,0.0,0.0
Punjab,Sangrur,Ahmedgarh Apmc,Tomato,2026-09-24,2800.0,3000.0,3000.0,0.0,200.0
Tamil Nadu,Dharmapuri,Ajattihalli(Uzhavar Sandhai ),Tomato,2026-09-24,2000.0,2700.0,2350.0,0.0,700.0
Tamil Nadu,Pudukkottai,Alangudi(Uzhavar Sandhai ),Tomato,2026-09-24,3000.0,3500.0,3250.0,0.0,500.0
Tamil Nadu,Thirunelveli,Ambasamudram(Uzhavar Sandhai ),Tomato,2026-09-24,2400.0,2700.0,2550.0,0.0,300.0
Tamil Nadu,Salem,Ammapet(Uzhavar Sandhai ),Tomato,2026-09-24,2000.0,2400.0,2200.0,0.0,400.0
Uttar Pradesh,Amroha,Amroha Apmc,Tomato,2026-09-24,1300.0,1300.0,1300.0,0.0,0.0
Tamil Nadu,Madurai,Anaiyur(Uzhavar Sandhai ),Tomato,2026-09-24,3000.0,3400.0,3200.0,0.0,400.0
Tamil Nadu,Theni,Andipatti(Uzhavar Sandhai ),Tomato,2026-09-24,3200.0,3400.0,3300.0,0.0,200.0
Tamil Nadu,Madurai,Anna Nagar(Uzhavar Sandhai ),Tomato,2026-09-24,3000.0,3200.0,3100.0,0.0,200.0
Maharashtra,Ratnagiri,Apmc Ratnagiri (Nachane) ,Tomato,2026-09-24,1000.0,1400.0,1200.0,0.0,400.0
Tamil Nadu,Thiruvannamalai,Arani(Uzhavar Sandhai ),Tomato,2026-09-24,2000.0,2500.0,2250.0,0.0,500.0
Tamil Nadu,Pudukkottai,Aranthangi(Uzhavar Sandhai ),Tomato,2026-09-24,3000.0,3500.0,3250.0,0.0,500.0
Tamil Nadu,Ranipet,Arcot(Uzhavar Sandhai ),Tomato,2026-09-24,2400.0,2400.0,2400.0,0.0,0.0
Tamil Nadu,Ariyalur,Ariyalur(Uzhavar Sandhai),Tomato,2026-09-24,3000.0,3600.0,3300.0,0.0,600.0
Tamil Nadu,Virudhunagar,Aruppukottai(Uzhavar Sandhai ),Tomato,2026-09-24,2000.0,2500.0,2250.0,0.0,500.0
Keralam,Kottayam,Athirampuzha Market,Tomato,2026-09-24,3600.0,3800.0,3700.0,0.0,200.0
Tamil Nadu,Salem,Athur(Uzhavar Sandhai ),Tomato,2026-09-24,2500.0,3000.0,2750.0,0.0,500.0
Odisha,Bargarh,Attabira Apmc,Tomato,2026-09-24,1600.0,2000.0,1800.0,0.0,400.0
Tamil Nadu,Salem,Attayampatti(Uzhavar Sandhai ),Tomato,2026-09-24,2400.0,3000.0,2700.0,0.0,600.0
Tamil Nadu,Krishnagiri,Avallapalli(Uzhavar Sandhai ),Tomato,2026-09-24,2500.0,3000.0,2750.0,0.0,500.0
Uttar Pradesh,Etah,Awagarh Apmc,Tomato,2026-09-24,1200.0,1200.0,1200.0,0.0,0.0
Andhra Pradesh,Annamayya,B.Kothakota H/Q Angallu,Tomato,2026-09-24,1300.0,2200.0,1800.0,0.0,900.0
Karnataka,Chikkaballapur,Bagepalli Apmc,Tomato,2026-09-24,230.0,2000.0,1380.0,0.0,1770.0
Punjab,Moga,Baghapurana Apmc,Tomato,2026-09-24,2700.0,3500.0,3000.0,0.0,800.0
Uttar Pradesh,Bareilly,Bareilly Apmc,Tomato,2026-09-24,1700.0,1700.0,1700.0,0.0,0.0
Haryana,Hissar,Barwala(Hisar) Apmc,Tomato,2026-09-24,2200.0,3000.0,2500.0,0.0,800.0
Rajasthan,Jaipur,Bassi Apmc,Tomato,2026-09-24,3000.0,3600.0,3300.0,0.0,600.0
Rajasthan,Bharatpur,Bayana Apmc,Tomato,2026-09-24,3000.0,3000.0,3000.0,0.0,0.0
Odisha,Mayurbhanja,Betnoti Apmc,Tomato,2026-09-24,3800.0,4200.0,4000.0,0.0,400.0
Madhya Pradesh,Betul,Betul(F&V) Apmc,Tomato,2026-09-24,1200.0,2000.0,1600.0,0.0,800.0
Punjab,Bhatinda,Bhagta Bhai Ka Apmc,Tomato,2026-09-24,3200.0,3200.0,3200.0,0.0,0.0
Uttarakhand,Haridwar,Bhagwanpur(Naveen Mandi Sthal) Apmc,Tomato,2026-09-24,1600.0,1800.0,1700.0,0.0,200.0
Odisha,Kalahandi,Bhawanipatna Apmc,Tomato,2026-09-24,3500.0,3500.0,3500.0,0.0,0.0
Tamil Nadu,Theni,Bodinayakanur(Uzhavar Sandhai ),Tomato,2026-09-24,3000.0,3000.0,3000.0,0.0,0.0
Odisha,Boudh,Boudh Apmc,Tomato,2026-09-24,3000.0,4000.0,3500.0,0.0,1000.0
Uttar Pradesh,Sambhal,Chandausi Apmc,Tomato,2026-09-24,1500.0,1500.0,1500.0,0.0,0.0
Chandigarh,Chandigarh,Chandigarh (Grain/F&V) Apmc,Tomato,2026-09-24,600.0,2000.0,1600.0,0.0,1400.0
Tamil Nadu,Thiruvannamalai,Chengam(Uzhavar Sandhai ),Tomato,2026-09-24,2000.0,2500.0,2250.0,0.0,500.0
Keralam,Alappuzha,Chengannur Market,Tomato,2026-09-24,3500.0,4000.0,3800.0,0.0,500.0
Tamil Nadu,Thiruvannamalai,Cheyyar(Uzhavar Sandhai ),Tomato,2026-09-24,2000.0,2500.0,2250.0,0.0,500.0
Tamil Nadu,Cuddalore,Chidambaram(Uzhavar Sandhai ),Tomato,2026-09-24,3000.0,3000.0,3000.0,0.0,0.0
Tamil Nadu,Dindigul,Chinnalapatti(Uzhavar Sandhai ),Tomato,2026-09-24,2500.0,3000.0,2750.0,0.0,500.0
Tamil Nadu,Theni,Chinnamanur(Uzhavar Sandhai ),Tomato,2026-09-24,3000.0,3000.0,3000.0,0.0,0.0
Tamil Nadu,Madurai,Chokkikulam(Uzhavar Sandhai ),Tomato,2026-09-24,3000.0,3400.0,3200.0,0.0,400.0
Rajasthan,Churu,Churu Apmc,Tomato,2026-09-24,2300.0,2500.0,2400.0,0.0,200.0
Tamil Nadu,The Nilgiris,Coonoor(Uzhavar Sandhai ),Tomato,2026-09-24,3400.0,3700.0,3550.0,0.0,300.0
Tamil Nadu,Cuddalore,Cuddalore(Uzhavar Sandhai ),Tomato,2026-09-24,3200.0,3200.0,3200.0,0.0,0.0
Gujarat,Amreli,Damnagar Apmc,Tomato,2026-09-24,5000.0,5000.0,5000.0,0.0,0.0
West Bengal,Darjeeling,Darjeeling Apmc,Tomato,2026-09-24,3900.0,4100.0,4000.0,0.0,200.0
Tamil Nadu,Krishnagiri,Denkanikottai(Uzhavar Sandhai ),Tomato,2026-09-24,2500.0,3000.0,2750.0,0.0,500.0
Punjab,Mohali,Dera Bassi Apmc,Tomato,2026-09-24,2700.0,2700.0,2700.0,0.0,0.0
Tamil Nadu,Sivaganga,Devakottai (Uzhavar Sandhai ),Tomato,2026-09-24,3200.0,3400.0,3300.0,0.0,200.0
Tamil Nadu,Theni,Devaram(Uzhavar Sandhai ),Tomato,2026-09-24,3000.0,3000.0,3000.0,0.0,0.0
Haryana,Kaithal,Dhand Apmc,Tomato,2026-09-24,1500.0,2500.0,2200.0,0.0,1000.0
Tamil Nadu,Thirupur,Dharapuram(Uzhavar Sandhai ),Tomato,2026-09-24,2000.0,2200.0,2100.0,0.0,200.0
Tamil Nadu,Dharmapuri,Dharmapuri(Uzhavar Sandhai ),Tomato,2026-09-24,2500.0,2700.0,2600.0,0.0,200.0
Tamil Nadu,Dindigul,Dindigul(Uzhavar Sandhai ),Tomato,2026-09-24,2500.0,3000.0,2750.0,0.0,500.0
Punjab,Ludhiana,Doraha Apmc,Tomato,2026-09-24,2000.0,2500.0,2300.0,0.0,500.0
Uttar Pradesh,Sonbhadra,Dudhi Apmc,Tomato,2026-09-24,3000.0,3000.0,3000.0,0.0,0.0
Tamil Nadu,Salem,Edapadi (Uzhavar Sandhai ),Tomato,2026-09-24,2500.0,3000.0,2750.0,0.0,500.0
Tamil Nadu,Salem,Elampillai(Uzhavar Sandhai ),Tomato,2026-09-24,2400.0,3000.0,2700.0,0.0,600.0
Uttar Pradesh,Fatehpur,Fatehpur Apmc,Tomato,2026-09-24,2200.0,2200.0,2200.0,0.0,0.0
Uttar Pradesh,Agra,Fatehpur Sikri Apmc,Tomato,2026-09-24,1800.0,1800.0,1800.0,0.0,0.0
Haryana,Mewat,Ferozpurzirkha(Nagina) Apmc,Tomato,2026-09-24,2200.0,2600.0,2400.0,0.0,400.0
Jammu and Kashmir,Udhampur,Fruit And Vegetable Market Udhampur,Tomato,2026-09-24,2750.0,2750.0,2750.0,0.0,0.0
Tamil Nadu,Pudukkottai,Gandarvakottai(Uzhavar Sandhai ),Tomato,2026-09-24,2500.0,3000.0,2750.0,0.0,500.0
Tamil Nadu,Karur,Gandhigramam(Uzhavar Sandhai),Tomato,2026-09-24,3000.0,3200.0,3100.0,0.0,200.0
West Bengal,Dakshin Dinajpur,Gangarampur(Dakshin Dinajpur) Apmc,Tomato,2026-09-24,2800.0,3200.0,3000.0,0.0,400.0
Punjab,Hoshiarpur,Garh Shankar Apmc,Tomato,2026-09-24,2400.0,2400.0,2400.0,0.0,0.0
Punjab,Hoshiarpur,Garhshankar (Kotfatuhi) Apmc,Tomato,2026-09-24,2300.0,2300.0,2300.0,0.0,0.0
Madhya Pradesh,Mandsaur,Garoth(F&V) Apmc,Tomato,2026-09-24,800.0,950.0,875.0,0.0,150.0
Tamil Nadu,Villupuram,Gingee(Uzhavar Sandhai ),Tomato,2026-09-24,2500.0,2500.0,2500.0,0.0,0.0
Tamil Nadu,Erode,Gobichettipalayam(Uzhavar Sandhai ),Tomato,2026-09-24,3000.0,3500.0,3250.0,0.0,500.0
Odisha,Bargarh,Godbhaga Apmc,Tomato,2026-09-24,1600.0,2000.0,1800.0,0.0,400.0
Gujarat,Rajkot,Gondal(Veg.Market Gondal) Apmc,Tomato,2026-09-24,900.0,3000.0,1950.0,0.0,2100.0
Tamil Nadu,The Nilgiris,Gudalur(Uzhavar Sandhai ),Tomato,2026-09-24,3000.0,3500.0,3250.0,0.0,500.0
Tamil Nadu,Vellore,Gudiyatham(Uzhavar Sandhai ),Tomato,2026-09-24,2400.0,2400.0,2400.0,0.0,0.0
Tamil Nadu,Chengalpattu,Guduvancheri(Uzhavar Sandhai ),Tomato,2026-09-24,2500.0,3000.0,2750.0,0.0,500.0
Karnataka,Chamarajanagar,Gundlupet Apmc,Tomato,2026-09-24,2000.0,2200.0,2100.0,0.0,200.0
Odisha,Rayagada,Gunpur Apmc,Tomato,2026-09-24,1720.0,2350.0,1780.0,0.0,630.0
Andhra Pradesh,Annamayya,Guramkonda Sub-Yard Of Amc Valmikipuram,Tomato,2026-09-24,1600.0,2000.0,1800.0,0.0,400.0
Punjab,Gurdaspur,Gurdaspur Apmc,Tomato,2026-09-24,2300.0,2300.0,2300.0,0.0,0.0
Haryana,Gurgaon,Gurgaon Apmc,Tomato,2026-09-24,1000.0,2000.0,1500.0,0.0,1000.0
Uttar Pradesh,Hathras,Haathras Apmc,Tomato,2026-09-24,2000.0,2000.0,2000.0,0.0,0.0
Haryana,Hissar,Hansi Apmc,Tomato,2026-09-24,2500.0,3000.0,2750.0,0.0,500.0
Uttar Pradesh,Hardoi,Hardoi Apmc,Tomato,2026-09-24,1500.0,1500.0,1500.0,0.0,0.0
Uttarakhand,Haridwar,Haridwar Union Apmc,Tomato,2026-09-24,1600.0,2200.0,1800.0,0.0,600.0
Tamil Nadu,Dharmapuri,Harur(Uzhavar Sandhai ),Tomato,2026-09-24,2000.0,2500.0,2250.0,0.0,500.0
Tamil Nadu,Salem,Hasthampatti(Uzhavar Sandhai ),Tomato,2026-09-24,2200.0,2400.0,2300.0,0.0,200.0
Tamil Nadu,Krishnagiri,Hosur(Uzhavar Sandhai ),Tomato,2026-09-24,2500.0,3000.0,2750.0,0.0,500.0
Tamil Nadu,Salem,Jalagandapuram(Uzhavar Sandhai ),Tomato,2026-09-24,2200.0,2600.0,2400.0,0.0,400.0
Uttar Pradesh,Jalaun (Orai),Jalaun Apmc,Tomato,2026-09-24,1500.0,1500.0,1500.0,0.0,0.0
Tamil Nadu,Chengalpattu,Jameenrayapettai(Uzhavar Sandhai ),Tomato,2026-09-24,2500.0,3000.0,2750.0,0.0,500.0
Tamil Nadu,Ariyalur,Jeyankondam (Uzhavar Sandhai ),Tomato,2026-09-24,3000.0,3400.0,3200.0,0.0,400.0
Haryana,Jhajar,Jhajjar Apmc,Tomato,2026-09-24,3500.0,3500.0,3500.0,0.0,0.0
Odisha,Kalahandi,Junagarh Apmc,Tomato,2026-09-24,2800.0,3400.0,3100.0,0.0,600.0
Tamil Nadu,Vellore,Kahithapattarai(Uzhavar Sandhai ),Tomato,2026-09-24,2400.0,2400.0,2400.0,0.0,0.0
Uttar Pradesh,Shamli,Kairana Apmc,Tomato,2026-09-24,2000.0,2000.0,2000.0,0.0,0.0
Odisha,Kalahandi,Kalahandi(Dharamagarh) Apmc,Tomato,2026-09-24,2600.0,3200.0,2900.0,0.0,600.0
Andhra Pradesh,Annamayya,Kalikiri Apmc,Tomato,2026-09-24,1400.0,2000.0,1700.0,0.0,600.0
Tamil Nadu,Kallakuruchi,Kallakurichi(Uzhavar Sandhai ),Tomato,2026-09-24,3000.0,3000.0,3000.0,0.0,0.0
Odisha,Dhenkanal,Kamakhyanagar Apmc,Tomato,2026-09-24,4000.0,4000.0,4000.0,0.0,0.0
Tamil Nadu,Theni,Kambam(Uzhavar Sandhai ),Tomato,2026-09-24,3000.0,3000.0,3000.0,0.0,0.0
Tamil Nadu,Ramanathapuram,Kamuthi(Uzhavar Sandhai ),Tomato,2026-09-24,2500.0,3000.0,2750.0,0.0,500.0
Tamil Nadu,Kancheepuram,Kancheepuram(Uzhavar Sandhai ),Tomato,2026-09-24,2500.0,3400.0,2950.0,0.0,900.0
Tamil Nadu,Thirunelveli,Kandiyaperi(Uzhavar Sandhai ),Tomato,2026-09-24,2500.0,2700.0,2600.0,0.0,200.0
Tamil Nadu,Thirupur,Kangayam(Uzhavar Sandhai ),Tomato,2026-09-24,2000.0,2500.0,2250.0,0.0,500.0
Odisha,Bolangir,Kantabaji Apmc,Tomato,2026-09-24,2200.0,3000.0,2600.0,0.0,800.0
Tamil Nadu,Sivaganga,Karaikudi(Uzhavar Sandhai ),Tomato,2026-09-24,3400.0,3800.0,3600.0,0.0,400.0
Tamil Nadu,Pudukkottai,Karambakkudi(Uzhavar Sandhai ),Tomato,2026-09-24,3000.0,3500.0,3250.0,0.0,500.0
Odisha,Mayurbhanja,Karanjia Apmc,Tomato,2026-09-24,2500.0,2800.0,2600.0,0.0,300.0
Tamil Nadu,Dharmapuri,Karimangalam(Uzhavar Sandhai),Tomato,2026-09-24,2400.0,2600.0,2500.0,0.0,200.0
Tamil Nadu,Virudhunagar,Kariyapatti(Uzhavar Sandhai ),Tomato,2026-09-24,2000.0,2500.0,2250.0,0.0,500.0
West Bengal,Darjeeling,Karsiyang(Matigara) Apmc,Tomato,2026-09-24,3800.0,4000.0,3900.0,0.0,200.0
Tamil Nadu,Karur,Karur(Uzhavar Sandhai ),Tomato,2026-09-24,2700.0,3200.0,2950.0,0.0,500.0
Tamil Nadu,Vellore,Katpadi (Uzhavar Sandhai ),Tomato,2026-09-24,3000.0,3000.0,3000.0,0.0,0.0
Tamil Nadu,Krishnagiri,Kaveripattinam(Uzhavar Sandhai ),Tomato,2026-09-24,3000.0,3000.0,3000.0,0.0,0.0
Tamil Nadu,Thiruvannamalai,Keelpennathur(Uzhavar Sandhai ),Tomato,2026-09-24,3000.0,3500.0,3250.0,0.0,500.0
Uttar Pradesh,Agra,Khairagarh Apmc,Tomato,2026-09-24,2000.0,2100.0,2050.0,0.0,100.0
Madhya Pradesh,Khandwa,Khandwa(F&V) Apmc,Tomato,2026-09-24,800.0,1800.0,1200.0,0.0,1000.0
Punjab,Mohali,Kharar Apmc,Tomato,2026-09-24,2000.0,3000.0,2500.0,0.0,1000.0
West Bengal,Bankura,Khatra Apmc,Tomato,2026-09-24,3500.0,4200.0,4000.0,0.0,700.0
Odisha,Boudh,Khunthabandha Apmc,Tomato,2026-09-24,3500.0,4500.0,4000.0,0.0,1000.0
Uttarakhand,Udhamsinghnagar,Kicchha Apmc,Tomato,2026-09-24,1900.0,2100.0,2000.0,0.0,200.0
Tamil Nadu,Thiruchirappalli,Kknagar(Uzhavar Sandhai ),Tomato,2026-09-24,3000.0,3000.0,3000.0,0.0,0.0
Tamil Nadu,Dindigul,Kodaikkanal(Uzhavar Sandhai),Tomato,2026-09-24,2500.0,3000.0,2750.0,0.0,500.0
Tamil Nadu,Tuticorin,Kovilpatti(Uzhavar Sandhai ),Tomato,2026-09-24,2000.0,2500.0,2250.0,0.0,500.0
Tamil Nadu,Krishnagiri,Krishnagiri(Uzhavar Sandhai ),Tomato,2026-09-24,2000.0,2400.0,2200.0,0.0,400.0
Tamil Nadu,Karur,Kulithalai(Uzhavar Sandhai ),Tomato,2026-09-24,3000.0,3400.0,3200.0,0.0,400.0
Tamil Nadu,Namakkal,Kumarapalayam(Uzhavar Sandhai ),Tomato,2026-09-24,2800.0,3200.0,3000.0,0.0,400.0
Tamil Nadu,Thanjavur,Kumbakonam (Uzhavar Sandhai ),Tomato,2026-09-24,3200.0,3600.0,3400.0,0.0,400.0
Tamil Nadu,Kancheepuram,Kundrathur(Uzhavar Sandhai ),Tomato,2026-09-24,2800.0,2800.0,2800.0,0.0,0.0
Andhra Pradesh,Chittor,Kuppam Apmc,Tomato,2026-09-24,900.0,1212.0,1212.0,0.0,312.0
Tamil Nadu,Coimbatore,Kurichi(Uzhavar Sandhai ),Tomato,2026-09-24,2800.0,3400.0,3100.0,0.0,600.0
Tamil Nadu,Thiruchirappalli,Lalgudi(Uzhavar Sandhai ),Tomato,2026-09-24,3200.0,3200.0,3200.0,0.0,0.0
Punjab,Mohali,Lalru Apmc,Tomato,2026-09-24,3200.0,3200.0,3200.0,0.0,0.0
Haryana,Bhiwani,Loharu Apmc,Tomato,2026-09-24,2500.0,2700.0,2700.0,0.0,200.0
Punjab,Ludhiana,Ludhiana Apmc,Tomato,2026-09-24,1000.0,2400.0,1800.0,0.0,1400.0
Jammu and Kashmir,Jammu,Mac F&V Market Narwal Jammu,Tomato,2026-09-24,2600.0,2800.0,2700.0,0.0,200.0
Bihar,Madhubani,Madhubani Apmc,Tomato,2026-09-24,3600.0,3800.0,3700.0,0.0,200.0
Tamil Nadu,Chengalpattu,Madhuranthagam(Uzhavar Sandhai ),Tomato,2026-09-24,3000.0,3000.0,3000.0,0.0,0.0
Telangana,Mahbubnagar,Mahabubnagar(Rythu Bazar),Tomato,2026-09-24,2000.0,2000.0,2000.0,0.0,0.0
Punjab,Sangrur,Malerkotla Apmc,Tomato,2026-09-24,1000.0,2200.0,2000.0,0.0,1200.0
Tamil Nadu,Thiruchirappalli,Manachanallur(Uzhavar Sandhai ),Tomato,2026-09-24,3000.0,3000.0,3000.0,0.0,0.0
Tamil Nadu,Thiruchirappalli,Manapparai(Uzhavar Sandhai ),Tomato,2026-09-24,3000.0,3000.0,3000.0,0.0,0.0
Madhya Pradesh,Dhar,Manawar(F&V) Apmc,Tomato,2026-09-24,750.0,850.0,781.0,0.0,100.0
Madhya Pradesh,Mandsaur,Mandsaur(F&V) Apmc,Tomato,2026-09-24,2050.0,3225.0,2625.0,0.0,1175.0
Uttarakhand,Haridwar,Manglaur Apmc,Tomato,2026-09-24,1000.0,1500.0,1300.0,0.0,500.0
Tamil Nadu,Thiruvarur,Mannargudi I(Uzhavar Sandhai ),Tomato,2026-09-24,3200.0,3200.0,3200.0,0.0,0.0
Tamil Nadu,Thiruvarur,Mannargudi Ii(Uzhavar Sandhai ),Tomato,2026-09-24,3200.0,3200.0,3200.0,0.0,0.0
Gujarat,Gandhinagar,Mansa(Manas Veg Yard) Apmc,Tomato,2026-09-24,2500.0,2500.0,2500.0,0.0,0.0
Uttar Pradesh,Mathura,Mathura Apmc,Tomato,2026-09-24,3000.0,3000.0,3000.0,0.0,0.0
Tamil Nadu,Nagapattinam,Mayiladuthurai(Uzhavar Sandhai ),Tomato,2026-09-24,3000.0,3500.0,3250.0,0.0,500.0
Tamil Nadu,Salem,Mecheri(Uzhavar Sandhai),Tomato,2026-09-24,2500.0,3000.0,2750.0,0.0,500.0
Tamil Nadu,Chengalpattu,Medavakkam(Uzhavar Sandhai ),Tomato,2026-09-24,2500.0,3000.0,2750.0,0.0,500.0
Haryana,Rohtak,Meham,Tomato,2026-09-24,2000.0,2000.0,2000.0,0.0,0.0
Tamil Nadu,Thirunelveli,Melapalayam(Uzhavar Sandhai ),Tomato,2026-09-24,1800.0,2000.0,1900.0,0.0,200.0
Tamil Nadu,Madurai,Melur(Uzhavar Sandhai ),Tomato,2026-09-24,3000.0,3400.0,3200.0,0.0,400.0
Tamil Nadu,Coimbatore,Mettupalayam(Uzhavar Sandhai ),Tomato,2026-09-24,2500.0,3200.0,2850.0,0.0,700.0
Tamil Nadu,Salem,Mettur(Uzhavar Sandhai ),Tomato,2026-09-24,2600.0,3000.0,2800.0,0.0,400.0
Tamil Nadu,Namakkal,Mohanur(Uzhavar Sandhai ),Tomato,2026-09-24,2800.0,3500.0,3150.0,0.0,700.0
Punjab,Hoshiarpur,Mukerian Apmc,Tomato,2026-09-24,1500.0,2500.0,2000.0,0.0,1000.0
Keralam,Kozhikode(Calicut),Mukkom Market,Tomato,2026-09-24,2200.0,2600.0,2400.0,0.0,400.0
Tamil Nadu,Thiruchirappalli,Musiri(Uzhavar Sandhai ),Tomato,2026-09-24,2500.0,3000.0,2750.0,0.0,500.0
Tamil Nadu,Thiruvarur,Muthupettai(Uzhavar Sandhai ),Tomato,2026-09-24,3000.0,3000.0,3000.0,0.0,0.0
Tamil Nadu,Nagapattinam,Nagapattinam(Uzhavar Sandhai ),Tomato,2026-09-24,2700.0,3500.0,3100.0,0.0,800.0
Tamil Nadu,Chengalpattu,Nanganallur(Uzhavar Sandhai ),Tomato,2026-09-24,3000.0,3500.0,3250.0,0.0,500.0
Uttar Pradesh,Saharanpur,Nanuta Apmc,Tomato,2026-09-24,2400.0,2500.0,2450.0,0.0,100.0
Haryana,Mahendragarh-Narnaul,Narnaul Apmc,Tomato,2026-09-24,2000.0,3000.0,2500.0,0.0,1000.0
Haryana,Jind,Narwana Apmc,Tomato,2026-09-24,2500.0,2500.0,2500.0,0.0,0.0
Tamil Nadu,Thirupathur,Natrampalli(Uzhavar Sandhai ),Tomato,2026-09-24,2000.0,3000.0,2500.0,0.0,1000.0
Tamil Nadu,Thiruvarur,Needamangalam(Uzhavar Sandhai ),Tomato,2026-09-24,3000.0,3000.0,3000.0,0.0,0.0
Keralam,Thiruvananthapuram,Neyyatinkara Market,Tomato,2026-09-24,3400.0,4000.0,3700.0,0.0,600.0
Tamil Nadu,Thirunelveli,Ngo Colony(Uzhavar Sandhai ),Tomato,2026-09-24,2200.0,2700.0,2450.0,0.0,500.0
Punjab,Moga,Nihal Singh Wala Apmc,Tomato,2026-09-24,2700.0,2700.0,2700.0,0.0,0.0
Madhya Pradesh,Jabalpur,Paatan (F&V) Apmc,Tomato,2026-09-24,1000.0,1000.0,1000.0,0.0,0.0
Tamil Nadu,Kancheepuram,Padappai(Uzhavar Sandhai ),Tomato,2026-09-24,2500.0,3400.0,2950.0,0.0,900.0
Gujarat,Vadodara(Baroda),Padra Apmc,Tomato,2026-09-24,2000.0,2500.0,2250.0,0.0,500.0
Tamil Nadu,Dharmapuri,Palacode(Uzhavar Sandhai ),Tomato,2026-09-24,2600.0,2800.0,2700.0,0.0,200.0
Andhra Pradesh,Chittor,Palamaner Apmc,Tomato,2026-09-24,1600.0,2200.0,1900.0,0.0,600.0
Tamil Nadu,Madurai,Palanganatham(Uzhavar Sandhai ),Tomato,2026-09-24,3000.0,3400.0,3200.0,0.0,400.0
Tamil Nadu,Dindigul,Palani(Uzhavar Sandhai ),Tomato,2026-09-24,1200.0,2500.0,1850.0,0.0,1300.0
Tamil Nadu,Thirunelveli,Palayamkottai(Uzhavar Sandhai ),Tomato,2026-09-24,2500.0,2700.0,2600.0,0.0,200.0
Tamil Nadu,Thirupur,Palladam(Uzhavar Sandhai ),Tomato,2026-09-24,2000.0,2500.0,2250.0,0.0,500.0
Tamil Nadu,Karur,Pallapatti (Uzhavar Sandhai ),Tomato,2026-09-24,2800.0,3000.0,2900.0,0.0,200.0
Tamil Nadu,Chengalpattu,Pallavaram(Uzhavar Sandhai ),Tomato,2026-09-24,2500.0,3000.0,2750.0,0.0,500.0
Tamil Nadu,Vellore,Pallikonda(Uzhavar Sandhai),Tomato,2026-09-24,2400.0,2600.0,2500.0,0.0,200.0
Odisha,Sundergarh,Panposh Apmc,Tomato,2026-09-24,3000.0,3500.0,3200.0,0.0,500.0
Tamil Nadu,Cuddalore,Panruti(Uzhavar Sandhai ),Tomato,2026-09-24,2500.0,2500.0,2500.0,0.0,0.0
Tamil Nadu,Thanjavur,Papanasam(Uzhavar Sandhai ),Tomato,2026-09-24,3200.0,3600.0,3400.0,0.0,400.0
Tamil Nadu,Ramanathapuram,Paramakudi(Uzhavar Sandhai ),Tomato,2026-09-24,2500.0,3000.0,2750.0,0.0,500.0
Tamil Nadu,Namakkal,Paramathivelur(Uzhavar Sandhai ),Tomato,2026-09-24,3000.0,3500.0,3250.0,0.0,500.0
Keralam,Thiruvananthapuram,Parassala Market,Tomato,2026-09-24,2800.0,3200.0,3000.0,0.0,400.0
Tamil Nadu,Thiruvellore,Paruthipattu(Uzhavar Sandhai ),Tomato,2026-09-24,3500.0,3500.0,3500.0,0.0,0.0
Haryana,Gurgaon,Pataudi Apmc,Tomato,2026-09-24,2000.0,3000.0,2550.0,0.0,1000.0
Punjab,Pathankot,Pathankot Apmc,Tomato,2026-09-24,2100.0,2100.0,2100.0,0.0,0.0
Keralam,Palakad,Pattambi Market,Tomato,2026-09-24,2700.0,3000.0,2800.0,0.0,300.0
Punjab,Tarntaran,Patti Apmc,Tomato,2026-09-24,0.01,0.01,0.01,0.0,0.0
Andhra Pradesh,Kurnool,Pattikonda Apmc,Tomato,2026-09-24,1000.0,2000.0,1600.0,0.0,1000.0
Tamil Nadu,Thanjavur,Pattukottai(Uzhavar Sandhai ),Tomato,2026-09-24,3800.0,3800.0,3800.0,0.0,0.0
Telangana,Khammam,"Pavilion Ground,Khammam,Rbz",Tomato,2026-09-24,3400.0,3400.0,3400.0,0.0,0.0
Tamil Nadu,Dharmapuri,Pennagaram(Uzhavar Sandhai ),Tomato,2026-09-24,2800.0,3000.0,2900.0,0.0,200.0
Tamil Nadu,Thiruvellore,Perambakkam(Uzhavar Sandhai ),Tomato,2026-09-24,3000.0,3000.0,3000.0,0.0,0.0
Tamil Nadu,Perambalur,Perambalur(Uzhavar Sandhai ),Tomato,2026-09-24,3500.0,4000.0,3750.0,0.0,500.0
Tamil Nadu,Vellore,Perampet(Uzhavar Sandhai),Tomato,2026-09-24,2000.0,2400.0,2200.0,0.0,400.0
Tamil Nadu,Thanjavur,Peravurani(Uzhavar Sandhai),Tomato,2026-09-24,3600.0,3600.0,3600.0,0.0,0.0
Tamil Nadu,Theni,Periyakulam(Uzhavar Sandhai ),Tomato,2026-09-24,3000.0,3400.0,3200.0,0.0,400.0
Tamil Nadu,Erode,Periyar Nagar(Uzhavar Sandhai ),Tomato,2026-09-24,2600.0,3000.0,2800.0,0.0,400.0
Keralam,Ernakulam,Perumbavoor Market,Tomato,2026-09-24,3000.0,4000.0,3500.0,0.0,1000.0
Tamil Nadu,Erode,Perundurai(Uzhavar Sandhai ),Tomato,2026-09-24,3000.0,3500.0,3250.0,0.0,500.0
Himachal Pradesh,Chamba,Pmy Chamba,Tomato,2026-09-24,4000.0,4200.0,4100.0,0.0,200.0
Himachal Pradesh,Kangra,Pmy Kangra,Tomato,2026-09-24,2400.0,2800.0,2600.0,0.0,400.0
Tamil Nadu,Coimbatore,Pollachi(Uzhavar Sandhai ),Tomato,2026-09-24,2500.0,2800.0,2650.0,0.0,300.0
Tamil Nadu,Thiruvannamalai,Polur(Uzhavar Sandhai ),Tomato,2026-09-24,2500.0,3000.0,2750.0,0.0,500.0
Tamil Nadu,Pudukkottai,Ponnamaravathi(Uzhavar Sandhai),Tomato,2026-09-24,2500.0,3000.0,2750.0,0.0,500.0
Uttar Pradesh,Prayagraj,Prayagraj Apmc,Tomato,2026-09-24,2000.0,2000.0,2000.0,0.0,0.0
Tamil Nadu,Pudukkottai,Pudukottai(Uzhavar Sandhai ),Tomato,2026-09-24,3000.0,3200.0,3100.0,0.0,200.0
Maharashtra,Pune,Pune,Tomato,2026-09-24,800.0,1000.0,900.0,0.0,200.0
Maharashtra,Pune,Pune,Tomato,2026-09-24,1400.0,1600.0,1500.0,0.0,200.0
Punjab,Gurdaspur,Quadian Apmc,Tomato,2026-09-24,2800.0,3000.0,2900.0,0.0,200.0
Keralam,Kozhikode(Calicut),Quilandy Market,Tomato,2026-09-24,2500.0,2600.0,2500.0,0.0,100.0
Punjab,Ludhiana,Raikot Apmc,Tomato,2026-09-24,3195.0,3195.0,3195.0,0.0,0.0
Odisha,Sambalpur,Rairakhol Apmc,Tomato,2026-09-24,3000.0,3500.0,3300.0,0.0,500.0
Tamil Nadu,Virudhunagar,Rajapalayam(Uzhavar Sandhai ),Tomato,2026-09-24,2000.0,2500.0,2250.0,0.0,500.0
Punjab,Patiala,Rajpura Apmc,Tomato,2026-09-24,2100.0,2350.0,2200.0,0.0,250.0
Rajasthan,Rajsamand,Rajsamand Apmc,Tomato,2026-09-24,1500.0,2500.0,2000.0,0.0,1000.0
Karnataka,Bengaluru South,Ramanagara Apmc,Tomato,2026-09-24,1500.0,2500.0,2000.0,0.0,1000.0
Tamil Nadu,Ramanathapuram,Ramanathapuram(Uzhavar Sandhai ),Tomato,2026-09-24,2500.0,3000.0,2750.0,0.0,500.0
Punjab,Bhatinda,Rampuraphul(Nabha Mandi) Apmc,Tomato,2026-09-24,2000.0,2700.0,2500.0,0.0,700.0
Haryana,Sirsa,Rania Apmc,Tomato,2026-09-24,1.2,1.6,1.3,0.0,0.40000000000000013
Haryana,Sirsa,Rania(Jiwan Nagar) Apmc,Tomato,2026-09-24,25.0,45.0,30.0,0.0,20.0
Tamil Nadu,Ranipet,Ranipettai(Uzhavar Sandhai ),Tomato,2026-09-24,2300.0,2500.0,2400.0,0.0,200.0
Tamil Nadu,Namakkal,Rasipuram(Uzhavar Sandhai ),Tomato,2026-09-24,3000.0,3400.0,3200.0,0.0,400.0
Haryana,Fatehabad,Ratia Apmc,Tomato,2026-09-24,2000.0,2500.0,2200.0,0.0,500.0
Rajasthan,Hanumangarh,Rawatsar Apmc,Tomato,2026-09-24,1500.0,2000.0,1800.0,0.0,500.0
Punjab,Amritsar,Rayya Apmc,Tomato,2026-09-24,710.0,710.0,710.0,0.0,0.0
Haryana,Rewari,Rewari Apmc,Tomato,2026-09-24,600.0,2200.0,1200.0,0.0,1600.0
Punjab,Ropar (Rupnagar),Ropar Apmc,Tomato,2026-09-24,3200.0,3600.0,3400.0,0.0,400.0
Tamil Nadu,Coimbatore,Rspuram(Uzhavar Sandhai ),Tomato,2026-09-24,3000.0,3200.0,3100.0,0.0,200.0
Uttarakhand,Udhamsinghnagar,Rudrapur Apmc,Tomato,2026-09-24,2000.0,2500.0,2200.0,0.0,500.0
Telangana,Hyderabad,Rythu Bazar Mehdipatnam,Tomato,2026-09-24,1900.0,1900.0,1900.0,0.0,0.0
Haryana,Yamuna Nagar,Sadhaura Apmc,Tomato,2026-09-24,1900.0,2100.0,2000.0,0.0,200.0
Punjab,Ludhiana,Sahnewal Apmc,Tomato,2026-09-24,3000.0,3000.0,3000.0,0.0,0.0
Tamil Nadu,Erode,Sampath Nagar(Uzhavar Sandhai ),Tomato,2026-09-24,2500.0,3000.0,2750.0,0.0,500.0
Tamil Nadu,Tenkasi,Sankarankoil(Uzhavar Sandhai ),Tomato,2026-09-24,2400.0,2400.0,2400.0,0.0,0.0
Tamil Nadu,Kallakuruchi,Sankarapuram(Uzhavar Sandhai ),Tomato,2026-09-24,3000.0,3000.0,3000.0,0.0,0.0
Madhya Pradesh,Rajgarh,Sarangpur(F&V) Apmc,Tomato,2026-09-24,900.0,900.0,900.0,0.0,0.0
Telangana,Ranga Reddy,"Saroornagar,Rbz",Tomato,2026-09-24,1900.0,1900.0,1900.0,0.0,0.0
Tamil Nadu,Erode,Sathiyamagalam(Uzhavar Sandhai ),Tomato,2026-09-24,3000.0,3400.0,3200.0,0.0,400.0
Tamil Nadu,Virudhunagar,Sathur(Uzhavar Sandhai ),Tomato,2026-09-24,2000.0,2500.0,2250.0,0.0,500.0
Telangana,Khammam,"Sattupalli (Ramalayam),Rbz",Tomato,2026-09-24,2800.0,3800.0,3400.0,0.0,1000.0
Madhya Pradesh,Badwani,Sendhwa(F&V) Apmc,Tomato,2026-09-24,1200.0,1600.0,1400.0,0.0,400.0
Uttar Pradesh,Shamli,Shamli Apmc,Tomato,2026-09-24,2600.0,2600.0,2600.0,0.0,0.0
Telangana,Ranga Reddy,Shankarapally Apmc,Tomato,2026-09-24,2000.0,2000.0,2000.0,0.0,0.0
Meghalaya,East Khasi Hills,Shillong Apmc,Tomato,2026-09-24,2200.0,3000.0,2600.0,0.0,800.0
Tamil Nadu,Sivaganga,Singampunari(Uzhavar Sandhai ),Tomato,2026-09-24,3200.0,3600.0,3400.0,0.0,400.0
Tamil Nadu,Coimbatore,Singanallur(Uzhavar Sandhai ),Tomato,2026-09-24,3000.0,3300.0,3150.0,0.0,300.0
Madhya Pradesh,Harda,Sirali(F&V) Apmc,Tomato,2026-09-24,1000.0,1000.0,1000.0,0.0,0.0
Punjab,Fatehgarh,Sirhind Apmc,Tomato,2026-09-24,2000.0,2700.0,2500.0,0.0,700.0
Tamil Nadu,Nagapattinam,Sirkali(Uzhavar Sandhai ),Tomato,2026-09-24,2500.0,3000.0,2750.0,0.0,500.0
Tamil Nadu,Sivaganga,Sivagangai (Uzhavar Sandhai ),Tomato,2026-09-24,3200.0,3600.0,3400.0,0.0,400.0
Tamil Nadu,Virudhunagar,Sivakasi(Uzhavar Sandhai ),Tomato,2026-09-24,2000.0,2500.0,2250.0,0.0,500.0
Himachal Pradesh,Kangra,Smy Baijnath,Tomato,2026-09-24,2500.0,3000.0,2900.0,0.0,500.0
Himachal Pradesh,Kullu,Smy Bandrol,Tomato,2026-09-24,1200.0,2400.0,1800.0,0.0,1200.0
Himachal Pradesh,Kangra,Smy Dharamshala,Tomato,2026-09-24,3000.0,3300.0,3150.0,0.0,300.0
Himachal Pradesh,Kangra,Smy Jaisinghpur,Tomato,2026-09-24,2400.0,3000.0,2800.0,0.0,600.0
Himachal Pradesh,Mandi,Smy Jogindernagar,Tomato,2026-09-24,2500.0,3000.0,2750.0,0.0,500.0
Himachal Pradesh,Kangra,Smy Jwalaji,Tomato,2026-09-24,2400.0,2800.0,2600.0,0.0,400.0
Himachal Pradesh,Kangra,Smy Nagrota Bagwan,Tomato,2026-09-24,2400.0,2800.0,2600.0,0.0,400.0
Himachal Pradesh,Kangra,Smy Palampur,Tomato,2026-09-24,2200.0,2800.0,2500.0,0.0,600.0
Himachal Pradesh,Una,Smy Santoshgarh,Tomato,2026-09-24,3200.0,3400.0,3300.0,0.0,200.0
Andhra Pradesh,Annamayya,Somala Apmc,Tomato,2026-09-24,1000.0,1400.0,1200.0,0.0,400.0
Tamil Nadu,Salem,Sooramangalam(Uzhavar Sandhai ),Tomato,2026-09-24,2800.0,3000.0,2900.0,0.0,200.0
Tamil Nadu,Virudhunagar,Srivilliputhur(Uzhavar Sandhai ),Tomato,2026-09-24,2000.0,2500.0,2250.0,0.0,500.0
Tamil Nadu,Coimbatore,Sulur(Uzhavar Sandhai ),Tomato,2026-09-24,3000.0,3300.0,3150.0,0.0,300.0
Tamil Nadu,Coimbatore,Sundarapuram(Uzhavar Sandhai ),Tomato,2026-09-24,2800.0,3500.0,3150.0,0.0,700.0
Tamil Nadu,Kancheepuram,Sunguvarchatram(Uzhavar Sandhai ),Tomato,2026-09-24,2800.0,2800.0,2800.0,0.0,0.0
Gujarat,Surat,Surat Apmc,Tomato,2026-09-24,700.0,1900.0,1300.0,0.0,1200.0
Gujarat,Gir Somnath,Talalagir Apmc,Tomato,2026-09-24,700.0,1000.0,830.0,0.0,300.0
Tamil Nadu,Thiruvannamalai,Tamarainagar(Uzhavar Sandhai ),Tomato,2026-09-24,2500.0,3000.0,2750.0,0.0,500.0
Punjab,Hoshiarpur,Tanda Urmur Apmc,Tomato,2026-09-24,2500.0,3000.0,2800.0,0.0,500.0
Haryana,Mewat,Tauru Apmc,Tomato,2026-09-24,3000.0,3000.0,3000.0,0.0,0.0
Tamil Nadu,Tenkasi,Tenkasi(Uzhavar Sandhai ),Tomato,2026-09-24,1500.0,2000.0,1750.0,0.0,500.0
Tamil Nadu,Erode,Thalavadi(Uzhavar Sandhai ),Tomato,2026-09-24,2400.0,2800.0,2600.0,0.0,400.0
Tamil Nadu,Virudhunagar,Thalavaipuram(Uzhavar Sandhai ),Tomato,2026-09-24,2000.0,2500.0,2250.0,0.0,500.0
Tamil Nadu,Salem,Thammampatti (Uzhavar Sandhai ),Tomato,2026-09-24,2000.0,3000.0,2500.0,0.0,1000.0
Uttar Pradesh,Shamli,Thanabhawan Apmc,Tomato,2026-09-24,2400.0,2400.0,2400.0,0.0,0.0
Tamil Nadu,Thanjavur,Thanjavur(Uzhavar Sandhai ),Tomato,2026-09-24,3000.0,3000.0,3000.0,0.0,0.0
Tamil Nadu,Salem,Thathakapatti(Uzhavar Sandhai ),Tomato,2026-09-24,2500.0,3000.0,2750.0,0.0,500.0
Tamil Nadu,Theni,Theni(Uzhavar Sandhai ),Tomato,2026-09-24,3000.0,3400.0,3200.0,0.0,400.0
Tamil Nadu,Chengalpattu,Thirukalukundram(Uzhavar Sandhai ),Tomato,2026-09-24,2500.0,3000.0,2750.0,0.0,500.0
Tamil Nadu,Madurai,Thirumangalam(Uzhavar Sandhai ),Tomato,2026-09-24,3000.0,3400.0,3200.0,0.0,400.0
Tamil Nadu,Vellore,Thirupathur Apmc,Tomato,2026-09-24,3500.0,3500.0,3500.0,0.0,0.0
Tamil Nadu,Thiruchirappalli,Thiruverumbur(Uzhavar Sandhai ),Tomato,2026-09-24,3000.0,3000.0,3000.0,0.0,0.0
Keralam,Ernakulam,Thrippunithura Market,Tomato,2026-09-24,4000.0,4500.0,4200.0,0.0,500.0
Tamil Nadu,Thiruchirappalli,Thuraiyur Apmc,Tomato,2026-09-24,2500.0,3000.0,2750.0,0.0,500.0
Tamil Nadu,Villupuram,Tindivanam Apmc,Tomato,2026-09-24,2400.0,2400.0,2400.0,0.0,0.0
Tamil Nadu,Namakkal,Tiruchengode Apmc,Tomato,2026-09-24,2800.0,3200.0,3000.0,0.0,400.0
Tamil Nadu,Thanjavur,Tirukattupalli(Uzhavar Sandhai ),Tomato,2026-09-24,3000.0,3000.0,3000.0,0.0,0.0
Tamil Nadu,Sivaganga,Tirupatthur(Uzhavar Sandhai ),Tomato,2026-09-24,3400.0,3600.0,3500.0,0.0,200.0
Tamil Nadu,Thirupur,Tiruppur (North) (Uzhavar Sandhai ),Tomato,2026-09-24,2300.0,2500.0,2400.0,0.0,200.0
Tamil Nadu,Thirupur,Tiruppur (South) (Uzhavar Sandhai ),Tomato,2026-09-24,1500.0,2000.0,1750.0,0.0,500.0
Tamil Nadu,Thiruvellore,Tiruthani(Uzhavar Sandhai ),Tomato,2026-09-24,3000.0,3000.0,3000.0,0.0,0.0
Tamil Nadu,Thiruvannamalai,Tiruvannamalai(Uzhavar Sandhai ),Tomato,2026-09-24,2000.0,2500.0,2250.0,0.0,500.0
Tamil Nadu,Thiruvarur,Tiruvarur(Uzhavar Sandhai ),Tomato,2026-09-24,3200.0,3200.0,3200.0,0.0,0.0
Tamil Nadu,Tuticorin,Tuticorin(Uzhavar Sandhai ),Tomato,2026-09-24,2000.0,2500.0,2250.0,0.0,500.0
Tamil Nadu,The Nilgiris,Udhagamandalam(Uzhavar Sandhai ),Tomato,2026-09-24,2500.0,3000.0,2750.0,0.0,500.0
Tamil Nadu,Coimbatore,Udumalpet Apmc,Tomato,2026-09-24,2500.0,3000.0,2750.0,0.0,500.0
Tamil Nadu,Villupuram,Ulundurpettai Apmc,Tomato,2026-09-24,2400.0,2400.0,2400.0,0.0,0.0
Tamil Nadu,Madurai,Usilampatti(Uzhavar Sandhai ),Tomato,2026-09-24,3000.0,3400.0,3200.0,0.0,400.0
Andhra Pradesh,Chittor,V. Kota Sub-Yard Of Amc Palamaneru,Tomato,2026-09-24,150.0,2100.0,1800.0,0.0,1950.0
Tamil Nadu,Cuddalore,Vadalur(Uzhavar Sandhai ),Tomato,2026-09-24,3000.0,3000.0,3000.0,0.0,0.0
Tamil Nadu,Nagercoil (Kannyiakumari),Vadaseri Apmc,Tomato,2026-09-24,3000.0,3500.0,3250.0,0.0,500.0
Tamil Nadu,Coimbatore,Vadavalli(Uzhavar Sandhai ),Tomato,2026-09-24,3000.0,3300.0,3150.0,0.0,300.0
Gujarat,Surendranagar,Vadhvan Apmc,Tomato,2026-09-24,2000.0,2500.0,2250.0,0.0,500.0
Tamil Nadu,Thiruvarur,Valangaiman Apmc,Tomato,2026-09-24,3400.0,3400.0,3400.0,0.0,0.0
Andhra Pradesh,Annamayya,Valmikipuram Apmc,Tomato,2026-09-24,1600.0,2000.0,1800.0,0.0,400.0
Tamil Nadu,Thiruvannamalai,Vandavasi(Uzhavar Sandhai ),Tomato,2026-09-24,2000.0,2500.0,2250.0,0.0,500.0
Tamil Nadu,Thirupathur,Vaniyampadi(Uzhavar Sandhai ),Tomato,2026-09-24,4000.0,4000.0,4000.0,0.0,0.0
Telangana,Siddipet,Vantamamidi Apmc,Tomato,2026-09-24,1200.0,1200.0,1200.0,0.0,0.0
Uttar Pradesh,Varanasi,Varanasi Apmc,Tomato,2026-09-24,2000.0,2000.0,2000.0,0.0,0.0
Tamil Nadu,Salem,Vazhapadi(Uzhavar Sandhai),Tomato,2026-09-24,2500.0,2800.0,2650.0,0.0,300.0
Tamil Nadu,Nagapattinam,Vedaranyam(Uzhavar Sandhai),Tomato,2026-09-24,3000.0,3500.0,3250.0,0.0,500.0
Tamil Nadu,Dindigul,Vedasanthur(Uzhavar Sandhai ),Tomato,2026-09-24,2000.0,2500.0,2250.0,0.0,500.0
Tamil Nadu,Karur,Velayuthampalayam(Uzhavar Sandhai ),Tomato,2026-09-24,2800.0,3200.0,3000.0,0.0,400.0
Tamil Nadu,Vellore,Vellore Apmc,Tomato,2026-09-24,2200.0,2400.0,2300.0,0.0,200.0
Tamil Nadu,Karur,Vengamedu(Uzhavar Sandhai ),Tomato,2026-09-24,2700.0,3200.0,2950.0,0.0,500.0
Tamil Nadu,Villupuram,Villupuram(Uzhavar Sandhai ),Tomato,2026-09-24,2500.0,2500.0,2500.0,0.0,0.0
Tamil Nadu,Pudukkottai,Viralimalai(Uzhavar Sandhai ),Tomato,2026-09-24,2000.0,2500.0,2250.0,0.0,500.0
Tamil Nadu,Virudhunagar,Virudhunagar(Uzhavar Sandhai ),Tomato,2026-09-24,2000.0,2500.0,2250.0,0.0,500.0
Tamil Nadu,Cuddalore,Viruthachalam(Uzhavar Sandhai ),Tomato,2026-09-24,4000.0,4000.0,4000.0,0.0,0.0
Punjab,Ferozpur,Zira Apmc,Tomato,2026-09-24,3000.0,3000.0,3000.0,0.0,0.0
Tamil Nadu,Krishnagiri,Hosur(Uzhavar Sandhai ),Tube Flower,2026-09-24,50000.0,60000.0,55000.0,0.0,10000.0
Tamil Nadu,Ramanathapuram,Paramakudi(Uzhavar Sandhai ),Tube Flower,2026-09-24,60000.0,70000.0,65000.0,0.0,10000.0
Tamil Nadu,Ramanathapuram,Ramanathapuram(Uzhavar Sandhai ),Tube Flower,2026-09-24,65000.0,70000.0,67500.0,0.0,5000.0
Tamil Nadu,Krishnagiri,Hosur(Uzhavar Sandhai ),Tube Rose(Loose),2026-09-24,13000.0,15000.0,14000.0,0.0,2000.0
Tamil Nadu,Chengalpattu,Jameenrayapettai(Uzhavar Sandhai ),Tube Rose(Loose),2026-09-24,10000.0,12000.0,11000.0,0.0,2000.0
West Bengal,Medinipur(E),Kolaghat Apmc,Tube Rose(Loose),2026-09-24,9500.0,10500.0,10000.0,0.0,1000.0
Tamil Nadu,Thiruvellore,Perambakkam(Uzhavar Sandhai ),Tube Rose(Loose),2026-09-24,9000.0,9000.0,9000.0,0.0,0.0
Tamil Nadu,Ranipet,Ranipettai(Uzhavar Sandhai ),Tube Rose(Loose),2026-09-24,11000.0,11000.0,11000.0,0.0,0.0
Andhra Pradesh,Alluri Sitharama Raju,Paderu Apmc,Turmeric,2026-09-24,13000.0,13000.0,13000.0,0.0,0.0
Uttar Pradesh,Badaun,Ujhani Apmc,Turmeric,2026-09-24,1200.0,1200.0,1200.0,0.0,0.0
Gujarat,Surat,Surat Apmc,Turmeric(Raw),2026-09-24,4000.0,8000.0,6000.0,0.0,4000.0
Tamil Nadu,Theni,Andipatti(Uzhavar Sandhai ),Turnip,2026-09-24,4300.0,4500.0,4400.0,0.0,200.0
Tamil Nadu,Madurai,Anna Nagar(Uzhavar Sandhai ),Turnip,2026-09-24,4500.0,5000.0,4750.0,0.0,500.0
Tamil Nadu,Theni,Chinnamanur(Uzhavar Sandhai ),Turnip,2026-09-24,3600.0,3600.0,3600.0,0.0,0.0
Tamil Nadu,The Nilgiris,Coonoor(Uzhavar Sandhai ),Turnip,2026-09-24,3600.0,4000.0,3800.0,0.0,400.0
Tamil Nadu,Karur,Kulithalai(Uzhavar Sandhai ),Turnip,2026-09-24,5000.0,6000.0,5500.0,0.0,1000.0
Tamil Nadu,Coimbatore,Mettupalayam(Uzhavar Sandhai ),Turnip,2026-09-24,4500.0,5000.0,4750.0,0.0,500.0
Tamil Nadu,Coimbatore,Rspuram(Uzhavar Sandhai ),Turnip,2026-09-24,6500.0,7000.0,6750.0,0.0,500.0
Tamil Nadu,Erode,Sathiyamagalam(Uzhavar Sandhai ),Turnip,2026-09-24,6000.0,6500.0,6250.0,0.0,500.0
Meghalaya,East Khasi Hills,Shillong Apmc,Turnip,2026-09-24,3500.0,4000.0,3800.0,0.0,500.0
Tamil Nadu,Salem,Sooramangalam(Uzhavar Sandhai ),Turnip,2026-09-24,4800.0,5000.0,4900.0,0.0,200.0
Tamil Nadu,Theni,Theni(Uzhavar Sandhai ),Turnip,2026-09-24,4500.0,4500.0,4500.0,0.0,0.0
Tamil Nadu,Thiruvellore,Tiruthani(Uzhavar Sandhai ),Turnip,2026-09-24,4000.0,4000.0,4000.0,0.0,0.0
Tamil Nadu,The Nilgiris,Udhagamandalam(Uzhavar Sandhai ),Turnip,2026-09-24,3500.0,4000.0,3750.0,0.0,500.0
Tamil Nadu,Madurai,Anaiyur(Uzhavar Sandhai ),Water Melon,2026-09-24,2000.0,2500.0,2250.0,0.0,500.0
Tamil Nadu,Madurai,Anna Nagar(Uzhavar Sandhai ),Water Melon,2026-09-24,1800.0,2000.0,1900.0,0.0,200.0
Tamil Nadu,Salem,Athur(Uzhavar Sandhai ),Water Melon,2026-09-24,1500.0,2000.0,1750.0,0.0,500.0
Haryana,Hissar,Barwala(Hisar) Apmc,Water Melon,2026-09-24,2500.0,2500.0,2500.0,0.0,0.0
Chandigarh,Chandigarh,Chandigarh (Grain/F&V) Apmc,Water Melon,2026-09-24,1500.0,2000.0,1800.0,0.0,500.0
Tamil Nadu,Thiruvannamalai,Chengam(Uzhavar Sandhai ),Water Melon,2026-09-24,1200.0,1500.0,1350.0,0.0,300.0
Tamil Nadu,Madurai,Chokkikulam(Uzhavar Sandhai ),Water Melon,2026-09-24,2000.0,2500.0,2250.0,0.0,500.0
Haryana,Gurgaon,Gurgaon Apmc,Water Melon,2026-09-24,2000.0,4000.0,3000.0,0.0,2000.0
Haryana,Hissar,Hansi Apmc,Water Melon,2026-09-24,2500.0,3000.0,2750.0,0.0,500.0
Tamil Nadu,Krishnagiri,Hosur(Uzhavar Sandhai ),Water Melon,2026-09-24,2000.0,2500.0,2250.0,0.0,500.0
Punjab,Jalandhar,Jalandhar City(Jalandhar) Apmc,Water Melon,2026-09-24,1000.0,2400.0,1700.0,0.0,1400.0
Tamil Nadu,Kallakuruchi,Kallakurichi(Uzhavar Sandhai ),Water Melon,2026-09-24,2500.0,2500.0,2500.0,0.0,0.0
Tamil Nadu,Kancheepuram,Kancheepuram(Uzhavar Sandhai ),Water Melon,2026-09-24,1800.0,2500.0,2150.0,0.0,700.0
Tamil Nadu,Karur,Kulithalai(Uzhavar Sandhai ),Water Melon,2026-09-24,2500.0,3000.0,2750.0,0.0,500.0
Tamil Nadu,Namakkal,Kumarapalayam(Uzhavar Sandhai ),Water Melon,2026-09-24,1200.0,1500.0,1350.0,0.0,300.0
Jammu and Kashmir,Jammu,Mac F&V Market Narwal Jammu,Water Melon,2026-09-24,3000.0,3500.0,3250.0,0.0,500.0
Punjab,Sangrur,Malerkotla Apmc,Water Melon,2026-09-24,1500.0,2000.0,1800.0,0.0,500.0
Tamil Nadu,Coimbatore,Mettupalayam(Uzhavar Sandhai ),Water Melon,2026-09-24,2000.0,2500.0,2250.0,0.0,500.0
Tamil Nadu,Salem,Mettur(Uzhavar Sandhai ),Water Melon,2026-09-24,1800.0,2000.0,1900.0,0.0,200.0
Tamil Nadu,Namakkal,Mohanur(Uzhavar Sandhai ),Water Melon,2026-09-24,1200.0,1600.0,1400.0,0.0,400.0
Keralam,Idukki,Munnar Market,Water Melon,2026-09-24,1500.0,1500.0,1500.0,0.0,0.0
Tamil Nadu,Namakkal,Namakkal(Uzhavar Sandhai ),Water Melon,2026-09-24,1000.0,1600.0,1300.0,0.0,600.0
Tamil Nadu,Chengalpattu,Nanganallur(Uzhavar Sandhai ),Water Melon,2026-09-24,2000.0,2500.0,2250.0,0.0,500.0
Tamil Nadu,Erode,Periyar Nagar(Uzhavar Sandhai ),Water Melon,2026-09-24,1000.0,1500.0,1250.0,0.0,500.0
Maharashtra,Pune,Pune,Water Melon,2026-09-24,1000.0,1000.0,1000.0,0.0,0.0
Punjab,Bhatinda,Rampuraphul(Nabha Mandi) Apmc,Water Melon,2026-09-24,1000.0,2000.0,1500.0,0.0,1000.0
Tamil Nadu,Namakkal,Rasipuram(Uzhavar Sandhai ),Water Melon,2026-09-24,1800.0,2000.0,1900.0,0.0,200.0
Tamil Nadu,Coimbatore,Rspuram(Uzhavar Sandhai ),Water Melon,2026-09-24,1500.0,2000.0,1750.0,0.0,500.0
Tamil Nadu,Thiruvannamalai,Tamarainagar(Uzhavar Sandhai ),Water Melon,2026-09-24,2500.0,3000.0,2750.0,0.0,500.0
Tamil Nadu,Salem,Thathakapatti(Uzhavar Sandhai ),Water Melon,2026-09-24,1500.0,1800.0,1650.0,0.0,300.0
Tamil Nadu,Theni,Theni(Uzhavar Sandhai ),Water Melon,2026-09-24,2000.0,2500.0,2250.0,0.0,500.0
Tamil Nadu,Villupuram,Tindivanam Apmc,Water Melon,2026-09-24,1500.0,1500.0,1500.0,0.0,0.0
Tamil Nadu,Thiruvannamalai,Tiruvannamalai(Uzhavar Sandhai ),Water Melon,2026-09-24,2000.0,2500.0,2250.0,0.0,500.0
Tamil Nadu,Coimbatore,Vadavalli(Uzhavar Sandhai ),Water Melon,2026-09-24,1500.0,2000.0,1750.0,0.0,500.0
Uttar Pradesh,Prayagraj,Ajuha Apmc,Wheat,2026-09-24,2400.0,2400.0,2400.0,0.0,0.0
Uttar Pradesh,Ambedkarnagar,Akbarpur Apmc,Wheat,2026-09-24,2450.0,2500.0,2481.11,0.0,50.0
Uttar Pradesh,Ambedkarnagar,Akbarpur Apmc,Wheat,2026-09-24,2600.0,2600.0,2600.0,0.0,0.0
Uttar Pradesh,Aligarh,Aligarh Apmc,Wheat,2026-09-24,2600.0,2600.0,2600.0,0.0,0.0
Maharashtra,Ahilyanagar,Apmc Karjat ,Wheat,2026-09-24,2500.0,2500.0,2500.0,0.0,0.0
Maharashtra,Palghar,Apmc Palghar ,Wheat,2026-09-24,3170.0,3170.0,3170.0,0.0,0.0
Uttar Pradesh,Banda,Atarra Apmc,Wheat,2026-09-24,2500.0,2600.0,2512.58,0.0,100.0
Uttar Pradesh,Auraiya,Auraiya Apmc,Wheat,2026-09-24,2620.0,2620.0,2620.0,0.0,0.0
Uttar Pradesh,Etah,Awagarh Apmc,Wheat,2026-09-24,2450.0,2450.0,2450.0,0.0,0.0
Uttar Pradesh,Ayodhya,Ayodhya Apmc,Wheat,2026-09-24,2500.0,2500.0,2500.0,0.0,0.0
Uttar Pradesh,Azamgarh,Azamgarh Apmc,Wheat,2026-09-24,2600.0,2600.0,2600.0,0.0,0.0
Gujarat,Amreli,Babra Apmc,Wheat,2026-09-24,2400.0,2850.0,2625.0,0.0,450.0
Madhya Pradesh,Khargone,Badwaha Apmc,Wheat,2026-09-24,2500.0,2500.0,2500.0,0.0,0.0
Uttar Pradesh,Bahraich,Bahraich Apmc,Wheat,2026-09-24,2500.0,2500.0,2500.0,0.0,0.0
Uttar Pradesh,Lucknow,Banthara Apmc,Wheat,2026-09-24,2580.0,2580.0,2580.0,0.0,0.0
Uttar Pradesh,Barabanki,Barabanki Apmc,Wheat,2026-09-24,2450.0,2450.0,2450.0,0.0,0.0
Uttar Pradesh,Bareilly,Bareilly Apmc,Wheat,2026-09-24,2604.0,2604.0,2604.0,0.0,0.0
Rajasthan,Jaipur,Bassi Apmc,Wheat,2026-09-24,2490.0,2775.0,2632.0,0.0,285.0
Uttar Pradesh,Basti,Basti Apmc,Wheat,2026-09-24,2455.0,2570.0,2511.47,0.0,115.0
Rajasthan,Chittorgarh,Begu Apmc,Wheat,2026-09-24,2750.0,2750.0,2750.0,0.0,0.0
Uttar Pradesh,Sambhal,Bhehjoi Apmc,Wheat,2026-09-24,2500.0,2510.0,2505.0,0.0,10.0
West Bengal,Bankura,Bishnupur(Bankura) Apmc,Wheat,2026-09-24,2600.0,2800.0,2700.0,0.0,200.0
Uttar Pradesh,Badaun,Dataganj Apmc,Wheat,2026-09-24,2500.0,2600.0,2550.0,0.0,100.0
Uttar Pradesh,Deoria,Devariya Apmc,Wheat,2026-09-24,2750.0,2750.0,2750.0,0.0,0.0
Madhya Pradesh,Dewas,Dewas Apmc,Wheat,2026-09-24,2301.0,2875.0,2875.0,0.0,574.0
Madhya Pradesh,Dhar,Dhar Apmc,Wheat,2026-09-24,2658.0,2658.0,2658.0,0.0,0.0
Madhya Pradesh,Dhar,Dhar Apmc,Wheat,2026-09-24,2600.0,2600.0,2600.0,0.0,0.0
Gujarat,Rajkot,Dhoraji Apmc,Wheat,2026-09-24,2455.0,2760.0,2720.0,0.0,305.0
Gujarat,Surendranagar,Dhragradhra Apmc,Wheat,2026-09-24,2645.0,2645.0,2645.0,0.0,0.0
Gujarat,Jamnagar,Dhrol Apmc,Wheat,2026-09-24,2000.0,2925.0,2465.0,0.0,925.0
Uttar Pradesh,Auraiya,Dibiapur Apmc,Wheat,2026-09-24,2550.0,2550.0,2550.0,0.0,0.0
Uttar Pradesh,Auraiya,Dibiapur Apmc,Wheat,2026-09-24,2550.0,2550.0,2550.0,0.0,0.0
Uttar Pradesh,Fatehpur,Fatehpur Apmc,Wheat,2026-09-24,2502.0,2504.0,2502.89,0.0,2.0
Uttar Pradesh,Fatehpur,Fatehpur Apmc,Wheat,2026-09-24,2550.0,2560.0,2553.21,0.0,10.0
Uttar Pradesh,Gorakhpur,Gorakhpur Apmc,Wheat,2026-09-24,2590.0,2620.0,2608.64,0.0,30.0
Uttar Pradesh,Hardoi,Hardoi Apmc,Wheat,2026-09-24,2550.0,2710.0,2602.27,0.0,160.0
Uttar Pradesh,Amethi,Jafarganj Apmc,Wheat,2026-09-24,2300.0,2300.0,2300.0,0.0,0.0
Uttar Pradesh,Fatehpur,Jahanabad Apmc,Wheat,2026-09-24,2480.0,2500.0,2495.75,0.0,20.0
Uttar Pradesh,Jalaun (Orai),Jalaun Apmc,Wheat,2026-09-24,2530.0,2530.0,2530.0,0.0,0.0
Gujarat,Jamnagar,Jam Jodhpur Apmc,Wheat,2026-09-24,2625.0,2885.0,2750.0,0.0,260.0
Uttar Pradesh,Jhansi,Jhansi Apmc,Wheat,2026-09-24,2355.0,2355.0,2355.0,0.0,0.0
Uttar Pradesh,Kanpur Dehat,Jhijhank Apmc,Wheat,2026-09-24,2350.0,2350.0,2350.0,0.0,0.0
Gujarat,Jamnagar,Kalawad Apmc,Wheat,2026-09-24,2465.0,2615.0,2550.0,0.0,150.0
Uttar Pradesh,Jalaun (Orai),Kalpi Apmc,Wheat,2026-09-24,2500.0,2500.0,2500.0,0.0,0.0
Uttar Pradesh,Kannuj,Kannauj Apmc,Wheat,2026-09-24,2500.0,2500.0,2500.0,0.0,0.0
Uttar Pradesh,Kanpur,Kanpur(Grain) Apmc,Wheat,2026-09-24,2580.0,2625.0,2601.8,0.0,45.0
Uttar Pradesh,Kanpur,Kanpur(Grain) Apmc,Wheat,2026-09-24,2550.0,2580.0,2564.8,0.0,30.0
Rajasthan,Chittorgarh,Kapasan Apmc,Wheat,2026-09-24,2400.0,2600.0,2500.0,0.0,200.0
Uttar Pradesh,Chitrakut,Karvi Apmc,Wheat,2026-09-24,2500.0,2500.0,2500.0,0.0,0.0
Uttar Pradesh,Chitrakut,Karvi Apmc,Wheat,2026-09-24,2410.0,2410.0,2410.0,0.0,0.0
Uttar Pradesh,Kasganj,Kasganj Apmc,Wheat,2026-09-24,2500.0,2600.0,2526.7,0.0,100.0
Uttar Pradesh,Agra,Khairagarh Apmc,Wheat,2026-09-24,2575.0,2625.0,2600.0,0.0,50.0
Uttar Pradesh,Sant Kabir Nagar,Khalilabad Apmc,Wheat,2026-09-24,2530.0,2740.0,2539.97,0.0,210.0
Madhya Pradesh,Khargone,Khargone Apmc,Wheat,2026-09-24,2811.0,2811.0,2811.0,0.0,0.0
West Bengal,Bankura,Khatra Apmc,Wheat,2026-09-24,2600.0,2750.0,2700.0,0.0,150.0
Uttar Pradesh,Mathura,Kosikalan Apmc,Wheat,2026-09-24,2600.0,2600.0,2600.0,0.0,0.0
Rajasthan,Kota,Kota Apmc,Wheat,2026-09-24,2750.0,2750.0,2750.0,0.0,0.0
Madhya Pradesh,Dhar,Kukshi Apmc,Wheat,2026-09-24,2650.0,2700.0,2700.0,0.0,50.0
Uttar Pradesh,Kushinagar,Kushinagar Apmc,Wheat,2026-09-24,2500.0,2500.0,2500.0,0.0,0.0
Uttar Pradesh,Lakhimpur,Lakhimpur Apmc,Wheat,2026-09-24,2550.0,2550.0,2550.0,0.0,0.0
Uttar Pradesh,Raebarelli,Lalganj Apmc,Wheat,2026-09-24,2475.0,2475.0,2475.0,0.0,0.0
Uttar Pradesh,Lalitpur,Lalitpur Apmc,Wheat,2026-09-24,2500.0,2500.0,2500.0,0.0,0.0
Uttar Pradesh,Lalitpur,Lalitpur Apmc,Wheat,2026-09-24,2550.0,2660.0,2620.36,0.0,110.0
Uttar Pradesh,Hardoi,Madhoganj Apmc,Wheat,2026-09-24,2590.0,2590.0,2590.0,0.0,0.0
Uttar Pradesh,Mainpuri,Mainpuri Apmc,Wheat,2026-09-24,2551.0,2551.0,2551.0,0.0,0.0
Gujarat,Gandhinagar,Mansa Apmc,Wheat,2026-09-24,2485.0,2965.0,2875.0,0.0,480.0
Uttar Pradesh,Hamirpur,Maudaha Apmc,Wheat,2026-09-24,2500.0,2500.0,2500.0,0.0,0.0
Uttar Pradesh,Shahjahanpur,Meeranpur Katra Apmc,Wheat,2026-09-24,2550.0,2550.0,2550.0,0.0,0.0
Gujarat,Sabarkantha,Meghraj Apmc,Wheat,2026-09-24,2400.0,2600.0,2600.0,0.0,200.0
Gujarat,Sabarkantha,Modasa Apmc,Wheat,2026-09-24,2650.0,2710.0,2710.0,0.0,60.0
Gujarat,Sabarkantha,Modasa(Tintoi) Apmc,Wheat,2026-09-24,2550.0,2605.0,2605.0,0.0,55.0
Uttar Pradesh,Hamirpur,Muskara Apmc,Wheat,2026-09-24,2350.0,2350.0,2350.0,0.0,0.0
Madhya Pradesh,Seoni,Palari Apmc,Wheat,2026-09-24,2475.0,2475.0,2475.0,0.0,0.0
Uttar Pradesh,Lakhimpur,Paliakala Apmc,Wheat,2026-09-24,2500.0,2500.0,2500.0,0.0,0.0
Uttar Pradesh,Maharajganj,Partaval Apmc,Wheat,2026-09-24,2400.0,2400.0,2400.0,0.0,0.0
Uttar Pradesh,Maharajganj,Partaval Apmc,Wheat,2026-09-24,2400.0,2400.0,2400.0,0.0,0.0
Uttar Pradesh,Kanpur Dehat,Pukharayan Apmc,Wheat,2026-09-24,2450.0,2700.0,2579.71,0.0,250.0
Uttar Pradesh,Hamirpur,Raath Apmc,Wheat,2026-09-24,2400.0,2400.0,2400.0,0.0,0.0
Uttar Pradesh,Raebarelli,Raibareilly Apmc,Wheat,2026-09-24,2400.0,2400.0,2400.0,0.0,0.0
Uttar Pradesh,Ayodhya,Rudauli Apmc,Wheat,2026-09-24,2475.0,2475.0,2475.0,0.0,0.0
Uttar Pradesh,Kanpur Dehat,Rura Apmc,Wheat,2026-09-24,2500.0,2500.0,2500.0,0.0,0.0
Uttar Pradesh,Kanpur Dehat,Rura Apmc,Wheat,2026-09-24,2500.0,2500.0,2500.0,0.0,0.0
Uttar Pradesh,Kanpur Dehat,Rura Apmc,Wheat,2026-09-24,2550.0,2550.0,2550.0,0.0,0.0
Uttar Pradesh,Barabanki,Safdarganj Apmc,Wheat,2026-09-24,2450.0,2451.0,2450.52,0.0,1.0
Uttar Pradesh,Barabanki,Safdarganj Apmc,Wheat,2026-09-24,2450.0,2500.0,2466.8,0.0,50.0
Uttar Pradesh,Raebarelli,Salon Apmc,Wheat,2026-09-24,2400.0,2400.0,2400.0,0.0,0.0
Uttar Pradesh,Hardoi,Sandila Apmc,Wheat,2026-09-24,2620.0,2620.0,2620.0,0.0,0.0
Madhya Pradesh,Indore,Sanwer Apmc,Wheat,2026-09-24,2500.0,2500.0,2500.0,0.0,0.0
Madhya Pradesh,Satna,Satna Apmc,Wheat,2026-09-24,2475.0,2499.0,2499.0,0.0,24.0
Uttar Pradesh,Hardoi,Shahabad(New Mandi) Apmc,Wheat,2026-09-24,2500.0,2500.0,2500.0,0.0,0.0
Madhya Pradesh,Sidhi,Sidhi Apmc,Wheat,2026-09-24,2400.0,2400.0,2400.0,0.0,0.0
Uttar Pradesh,Sitapur,Sitapur Apmc,Wheat,2026-09-24,2470.0,2470.0,2470.0,0.0,0.0
Uttar Pradesh,Amethi,Sultanpur Apmc,Wheat,2026-09-24,2450.0,2450.0,2450.0,0.0,0.0
Uttar Pradesh,Shamli,Thanabhawan Apmc,Wheat,2026-09-24,2550.0,2550.0,2550.0,0.0,0.0
Uttar Pradesh,Balrampur,Utraula Apmc,Wheat,2026-09-24,2405.0,2405.0,2405.0,0.0,0.0
Gujarat,Ahmedabad,Viramgam Apmc,Wheat,2026-09-24,2560.0,2645.0,2600.0,0.0,85.0
Telangana,Hyderabad,Rythu Bazar Mehdipatnam,Wild Cucumber,2026-09-24,1800.0,1800.0,1800.0,0.0,0.0
Uttar Pradesh,Auraiya,Auraiya Apmc,Wood,2026-09-24,300.0,300.0,300.0,0.0,0.0
Uttar Pradesh,Ayodhya,Ayodhya Apmc,Wood,2026-09-24,600.0,600.0,600.0,0.0,0.0
Uttar Pradesh,Raebarelli,Bachranwa Apmc,Wood,2026-09-24,550.0,550.0,550.0,0.0,0.0
Uttar Pradesh,Bareilly,Baheri Apmc,Wood,2026-09-24,520.0,530.0,520.53,0.0,10.0
Uttar Pradesh,Balrampur,Balrampur Apmc,Wood,2026-09-24,570.0,570.0,570.0,0.0,0.0
Uttar Pradesh,Banda,Banda Apmc,Wood,2026-09-24,590.0,610.0,599.16,0.0,20.0
Uttar Pradesh,Unnao,Bangarmau Apmc,Wood,2026-09-24,495.0,530.0,516.6,0.0,35.0
Uttar Pradesh,Unnao,Bangarmau Apmc,Wood,2026-09-24,460.0,460.0,460.0,0.0,0.0
Uttar Pradesh,Bareilly,Bareilly Apmc,Wood,2026-09-24,600.0,600.0,600.0,0.0,0.0
Uttar Pradesh,Bareilly,Bareilly Apmc,Wood,2026-09-24,745.0,745.0,745.0,0.0,0.0
Uttar Pradesh,Fatehpur,Bindki Apmc,Wood,2026-09-24,580.0,580.0,580.0,0.0,0.0
Uttar Pradesh,Etawah,Etawah Apmc,Wood,2026-09-24,620.0,620.0,620.0,0.0,0.0
Uttar Pradesh,Ghaziabad,Hapur Apmc,Wood,2026-09-24,2250.0,2250.0,2250.0,0.0,0.0
Uttar Pradesh,Hardoi,Hardoi Apmc,Wood,2026-09-24,612.0,612.0,612.0,0.0,0.0
Uttar Pradesh,Hardoi,Hardoi Apmc,Wood,2026-09-24,500.0,500.0,500.0,0.0,0.0
Uttar Pradesh,Amroha,Hasanpur Apmc,Wood,2026-09-24,400.0,400.0,400.0,0.0,0.0
Uttar Pradesh,Raebarelli,Jayas Apmc,Wood,2026-09-24,550.0,550.0,550.0,0.0,0.0
Uttar Pradesh,Chitrakut,Karvi Apmc,Wood,2026-09-24,300.0,300.0,300.0,0.0,0.0
Uttar Pradesh,Lucknow,Lucknow Apmc,Wood,2026-09-24,300.0,300.0,300.0,0.0,0.0
Uttar Pradesh,Jhansi,Mauranipur Apmc,Wood,2026-09-24,560.0,560.0,560.0,0.0,0.0
Uttar Pradesh,Rampur,Milak Apmc,Wood,2026-09-24,950.0,1050.0,995.02,0.0,100.0
Uttar Pradesh,Sambhal,Muradabad Apmc,Wood,2026-09-24,500.0,500.0,500.0,0.0,0.0
Andhra Pradesh,NTR,Nandigama Apmc,Wood,2026-09-24,510.0,510.0,510.0,0.0,0.0
Uttar Pradesh,Pillibhit,Pilibhit Apmc,Wood,2026-09-24,500.0,500.0,500.0,0.0,0.0
Uttar Pradesh,Prayagraj,Prayagraj Apmc,Wood,2026-09-24,450.0,525.0,524.73,0.0,75.0
Uttar Pradesh,Unnao,Purwa Apmc,Wood,2026-09-24,450.0,450.0,450.0,0.0,0.0
Uttar Pradesh,Hamirpur,Raath Apmc,Wood,2026-09-24,610.0,610.0,610.0,0.0,0.0
Uttar Pradesh,Raebarelli,Raibareilly Apmc,Wood,2026-09-24,450.0,450.0,450.0,0.0,0.0
Uttar Pradesh,Rampur,Rampur Apmc,Wood,2026-09-24,500.0,800.0,688.91,0.0,300.0
Uttar Pradesh,Rampur,Rampur Apmc,Wood,2026-09-24,670.0,685.0,678.44,0.0,15.0
Uttar Pradesh,Saharanpur,Saharanpur Apmc,Wood,2026-09-24,630.0,630.0,630.0,0.0,0.0
Uttar Pradesh,Hardoi,Sandila Apmc,Wood,2026-09-24,790.0,900.0,837.36,0.0,110.0
Uttar Pradesh,Hardoi,Sandila Apmc,Wood,2026-09-24,925.0,925.0,925.0,0.0,0.0
Telangana,Khammam,Sattupally Apmc,Wood,2026-09-24,350.0,430.0,400.0,0.0,80.0
Uttar Pradesh,Hardoi,Shahabad(New Mandi) Apmc,Wood,2026-09-24,725.0,725.0,725.0,0.0,0.0
Uttar Pradesh,Jaunpur,Shahganj Apmc,Wood,2026-09-24,500.0,500.0,500.0,0.0,0.0
Uttar Pradesh,Shahjahanpur,Shahjahanpur Apmc,Wood,2026-09-24,500.0,620.0,576.01,0.0,120.0
Uttar Pradesh,Sitapur,Sidhauli Apmc,Wood,2026-09-24,700.0,700.0,700.0,0.0,0.0
Uttar Pradesh,Amethi,Sultanpur Apmc,Wood,2026-09-24,530.0,530.0,530.0,0.0,0.0
Uttar Pradesh,Shahjahanpur,Tilhar Apmc,Wood,2026-09-24,610.0,610.0,610.0,0.0,0.0
Uttar Pradesh,Shahjahanpur,Tilhar Apmc,Wood,2026-09-24,590.0,590.0,590.0,0.0,0.0
Uttar Pradesh,Sitapur,Viswan Apmc,Wood,2026-09-24,450.0,450.0,450.0,0.0,0.0
Tamil Nadu,Salem,Ammapet(Uzhavar Sandhai ),Yam(Ratalu),2026-09-24,6500.0,7000.0,6750.0,0.0,500.0
Tamil Nadu,Madurai,Anaiyur(Uzhavar Sandhai ),Yam(Ratalu),2026-09-24,6500.0,7000.0,6750.0,0.0,500.0
Tamil Nadu,Theni,Andipatti(Uzhavar Sandhai ),Yam(Ratalu),2026-09-24,5300.0,5500.0,5400.0,0.0,200.0
Tamil Nadu,Madurai,Anna Nagar(Uzhavar Sandhai ),Yam(Ratalu),2026-09-24,6000.0,6400.0,6200.0,0.0,400.0
Tamil Nadu,Thiruvannamalai,Arani(Uzhavar Sandhai ),Yam(Ratalu),2026-09-24,6000.0,7000.0,6500.0,0.0,1000.0
Tamil Nadu,Virudhunagar,Aruppukottai(Uzhavar Sandhai ),Yam(Ratalu),2026-09-24,6000.0,7000.0,6500.0,0.0,1000.0
Tamil Nadu,Krishnagiri,Avallapalli(Uzhavar Sandhai ),Yam(Ratalu),2026-09-24,4500.0,5000.0,4750.0,0.0,500.0
Tamil Nadu,Thiruvannamalai,Chengam(Uzhavar Sandhai ),Yam(Ratalu),2026-09-24,5000.0,6000.0,5500.0,0.0,1000.0
Tamil Nadu,Thiruvannamalai,Cheyyar(Uzhavar Sandhai ),Yam(Ratalu),2026-09-24,5500.0,7000.0,6250.0,0.0,1500.0
Tamil Nadu,Dindigul,Chinnalapatti(Uzhavar Sandhai ),Yam(Ratalu),2026-09-24,7600.0,8000.0,7800.0,0.0,400.0
Tamil Nadu,Theni,Chinnamanur(Uzhavar Sandhai ),Yam(Ratalu),2026-09-24,6000.0,6000.0,6000.0,0.0,0.0
Tamil Nadu,Madurai,Chokkikulam(Uzhavar Sandhai ),Yam(Ratalu),2026-09-24,6500.0,7000.0,6750.0,0.0,500.0
Tamil Nadu,Cuddalore,Cuddalore(Uzhavar Sandhai ),Yam(Ratalu),2026-09-24,6000.0,6000.0,6000.0,0.0,0.0
Tamil Nadu,Sivaganga,Devakottai (Uzhavar Sandhai ),Yam(Ratalu),2026-09-24,7000.0,7400.0,7200.0,0.0,400.0
Tamil Nadu,Dharmapuri,Dharmapuri(Uzhavar Sandhai ),Yam(Ratalu),2026-09-24,11000.0,12000.0,11500.0,0.0,1000.0
Tamil Nadu,Dindigul,Dindigul(Uzhavar Sandhai ),Yam(Ratalu),2026-09-24,7000.0,8000.0,7500.0,0.0,1000.0
Tamil Nadu,Villupuram,Gingee(Uzhavar Sandhai ),Yam(Ratalu),2026-09-24,6000.0,6000.0,6000.0,0.0,0.0
Tamil Nadu,Vellore,Gudiyatham(Uzhavar Sandhai ),Yam(Ratalu),2026-09-24,5600.0,5600.0,5600.0,0.0,0.0
Tamil Nadu,Salem,Hasthampatti(Uzhavar Sandhai ),Yam(Ratalu),2026-09-24,6000.0,7000.0,6500.0,0.0,1000.0
Tamil Nadu,Krishnagiri,Hosur(Uzhavar Sandhai ),Yam(Ratalu),2026-09-24,4500.0,5000.0,4750.0,0.0,500.0
Tamil Nadu,Chengalpattu,Jameenrayapettai(Uzhavar Sandhai ),Yam(Ratalu),2026-09-24,6000.0,7000.0,6500.0,0.0,1000.0
Tamil Nadu,Vellore,Kahithapattarai(Uzhavar Sandhai ),Yam(Ratalu),2026-09-24,5000.0,5000.0,5000.0,0.0,0.0
Tamil Nadu,Kallakuruchi,Kallakurichi(Uzhavar Sandhai ),Yam(Ratalu),2026-09-24,3000.0,3000.0,3000.0,0.0,0.0
Tamil Nadu,Sivaganga,Karaikudi(Uzhavar Sandhai ),Yam(Ratalu),2026-09-24,7000.0,7500.0,7250.0,0.0,500.0
Tamil Nadu,Virudhunagar,Kariyapatti(Uzhavar Sandhai ),Yam(Ratalu),2026-09-24,6500.0,7000.0,6750.0,0.0,500.0
Tamil Nadu,Karur,Karur(Uzhavar Sandhai ),Yam(Ratalu),2026-09-24,9000.0,10000.0,9500.0,0.0,1000.0
Tamil Nadu,Vellore,Katpadi (Uzhavar Sandhai ),Yam(Ratalu),2026-09-24,5000.0,5000.0,5000.0,0.0,0.0
Tamil Nadu,Thiruchirappalli,Kknagar(Uzhavar Sandhai ),Yam(Ratalu),2026-09-24,8000.0,8000.0,8000.0,0.0,0.0
Tamil Nadu,Tuticorin,Kovilpatti(Uzhavar Sandhai ),Yam(Ratalu),2026-09-24,6000.0,6500.0,6250.0,0.0,500.0
Tamil Nadu,Karur,Kulithalai(Uzhavar Sandhai ),Yam(Ratalu),2026-09-24,7000.0,8000.0,7500.0,0.0,1000.0
Tamil Nadu,Thanjavur,Kumbakonam (Uzhavar Sandhai ),Yam(Ratalu),2026-09-24,9600.0,9600.0,9600.0,0.0,0.0
Tamil Nadu,Kancheepuram,Kundrathur(Uzhavar Sandhai ),Yam(Ratalu),2026-09-24,4000.0,4000.0,4000.0,0.0,0.0
Tamil Nadu,Thiruchirappalli,Lalgudi(Uzhavar Sandhai ),Yam(Ratalu),2026-09-24,5000.0,5000.0,5000.0,0.0,0.0
Tamil Nadu,Nagapattinam,Mayiladuthurai(Uzhavar Sandhai ),Yam(Ratalu),2026-09-24,7000.0,8000.0,7500.0,0.0,1000.0
Tamil Nadu,Madurai,Melur(Uzhavar Sandhai ),Yam(Ratalu),2026-09-24,6500.0,7000.0,6750.0,0.0,500.0
Tamil Nadu,Thiruchirappalli,Musiri(Uzhavar Sandhai ),Yam(Ratalu),2026-09-24,5000.0,5500.0,5250.0,0.0,500.0
Tamil Nadu,Nagapattinam,Nagapattinam(Uzhavar Sandhai ),Yam(Ratalu),2026-09-24,5900.0,6500.0,6200.0,0.0,600.0
Tamil Nadu,Namakkal,Namakkal(Uzhavar Sandhai ),Yam(Ratalu),2026-09-24,7500.0,8000.0,7750.0,0.0,500.0
Tamil Nadu,Madurai,Palanganatham(Uzhavar Sandhai ),Yam(Ratalu),2026-09-24,6500.0,7000.0,6750.0,0.0,500.0
Tamil Nadu,Dindigul,Palani(Uzhavar Sandhai ),Yam(Ratalu),2026-09-24,7000.0,7500.0,7250.0,0.0,500.0
Tamil Nadu,Chengalpattu,Pallavaram(Uzhavar Sandhai ),Yam(Ratalu),2026-09-24,6000.0,7000.0,6500.0,0.0,1000.0
Tamil Nadu,Vellore,Pallikonda(Uzhavar Sandhai),Yam(Ratalu),2026-09-24,5000.0,5500.0,5250.0,0.0,500.0
Tamil Nadu,Ramanathapuram,Paramakudi(Uzhavar Sandhai ),Yam(Ratalu),2026-09-24,7000.0,7400.0,7200.0,0.0,400.0
Tamil Nadu,Thanjavur,Pattukottai(Uzhavar Sandhai ),Yam(Ratalu),2026-09-24,7000.0,7000.0,7000.0,0.0,0.0
Tamil Nadu,Perambalur,Perambalur(Uzhavar Sandhai ),Yam(Ratalu),2026-09-24,6400.0,6800.0,6600.0,0.0,400.0
Tamil Nadu,Vellore,Perampet(Uzhavar Sandhai),Yam(Ratalu),2026-09-24,5600.0,5600.0,5600.0,0.0,0.0
Tamil Nadu,Theni,Periyakulam(Uzhavar Sandhai ),Yam(Ratalu),2026-09-24,5500.0,5500.0,5500.0,0.0,0.0
Tamil Nadu,Coimbatore,Pollachi(Uzhavar Sandhai ),Yam(Ratalu),2026-09-24,5000.0,6000.0,5500.0,0.0,1000.0
Tamil Nadu,Thiruvannamalai,Polur(Uzhavar Sandhai ),Yam(Ratalu),2026-09-24,5000.0,6000.0,5500.0,0.0,1000.0
Tamil Nadu,Pudukkottai,Pudukottai(Uzhavar Sandhai ),Yam(Ratalu),2026-09-24,7500.0,8000.0,7750.0,0.0,500.0
Tamil Nadu,Virudhunagar,Rajapalayam(Uzhavar Sandhai ),Yam(Ratalu),2026-09-24,6000.0,7000.0,6500.0,0.0,1000.0
Tamil Nadu,Ramanathapuram,Ramanathapuram(Uzhavar Sandhai ),Yam(Ratalu),2026-09-24,7000.0,7200.0,7100.0,0.0,200.0
Tamil Nadu,Coimbatore,Rspuram(Uzhavar Sandhai ),Yam(Ratalu),2026-09-24,7000.0,7500.0,7250.0,0.0,500.0
Tamil Nadu,Tenkasi,Sankarankoil(Uzhavar Sandhai ),Yam(Ratalu),2026-09-24,8000.0,8000.0,8000.0,0.0,0.0
Tamil Nadu,Kallakuruchi,Sankarapuram(Uzhavar Sandhai ),Yam(Ratalu),2026-09-24,3000.0,3000.0,3000.0,0.0,0.0
Telangana,Ranga Reddy,"Saroornagar,Rbz",Yam(Ratalu),2026-09-24,3500.0,3500.0,3500.0,0.0,0.0
Tamil Nadu,Sivaganga,Singampunari(Uzhavar Sandhai ),Yam(Ratalu),2026-09-24,6600.0,7200.0,6900.0,0.0,600.0
Tamil Nadu,Coimbatore,Singanallur(Uzhavar Sandhai ),Yam(Ratalu),2026-09-24,7000.0,8000.0,7500.0,0.0,1000.0
Tamil Nadu,Nagapattinam,Sirkali(Uzhavar Sandhai ),Yam(Ratalu),2026-09-24,5500.0,6000.0,5750.0,0.0,500.0
Tamil Nadu,Sivaganga,Sivagangai (Uzhavar Sandhai ),Yam(Ratalu),2026-09-24,6600.0,7200.0,6900.0,0.0,600.0
Tamil Nadu,Virudhunagar,Sivakasi(Uzhavar Sandhai ),Yam(Ratalu),2026-09-24,6000.0,7000.0,6500.0,0.0,1000.0
Tamil Nadu,Salem,Sooramangalam(Uzhavar Sandhai ),Yam(Ratalu),2026-09-24,7500.0,8000.0,7750.0,0.0,500.0
Tamil Nadu,Virudhunagar,Srivilliputhur(Uzhavar Sandhai ),Yam(Ratalu),2026-09-24,6000.0,7000.0,6500.0,0.0,1000.0
Tamil Nadu,Kancheepuram,Sunguvarchatram(Uzhavar Sandhai ),Yam(Ratalu),2026-09-24,4000.0,4000.0,4000.0,0.0,0.0
Gujarat,Surat,Surat Apmc,Yam(Ratalu),2026-09-24,10000.0,17500.0,13750.0,0.0,7500.0
Tamil Nadu,Tenkasi,Tenkasi(Uzhavar Sandhai ),Yam(Ratalu),2026-09-24,8000.0,8000.0,8000.0,0.0,0.0
Tamil Nadu,Virudhunagar,Thalavaipuram(Uzhavar Sandhai ),Yam(Ratalu),2026-09-24,5500.0,7000.0,6250.0,0.0,1500.0
Tamil Nadu,Thanjavur,Thanjavur(Uzhavar Sandhai ),Yam(Ratalu),2026-09-24,7000.0,7000.0,7000.0,0.0,0.0
Tamil Nadu,Salem,Thathakapatti(Uzhavar Sandhai ),Yam(Ratalu),2026-09-24,6000.0,8000.0,7000.0,0.0,2000.0
Tamil Nadu,Theni,Theni(Uzhavar Sandhai ),Yam(Ratalu),2026-09-24,5500.0,5500.0,5500.0,0.0,0.0
Tamil Nadu,Madurai,Thirumangalam(Uzhavar Sandhai ),Yam(Ratalu),2026-09-24,6000.0,7000.0,6500.0,0.0,1000.0
Tamil Nadu,Vellore,Thirupathur Apmc,Yam(Ratalu),2026-09-24,4000.0,4000.0,4000.0,0.0,0.0
Tamil Nadu,Thiruchirappalli,Thuraiyur Apmc,Yam(Ratalu),2026-09-24,4500.0,5000.0,4750.0,0.0,500.0
Tamil Nadu,Villupuram,Tindivanam Apmc,Yam(Ratalu),2026-09-24,6000.0,6000.0,6000.0,0.0,0.0
Tamil Nadu,Namakkal,Tiruchengode Apmc,Yam(Ratalu),2026-09-24,7000.0,8000.0,7500.0,0.0,1000.0
Tamil Nadu,Sivaganga,Tirupatthur(Uzhavar Sandhai ),Yam(Ratalu),2026-09-24,7000.0,7500.0,7250.0,0.0,500.0
Tamil Nadu,Thirupur,Tiruppur (North) (Uzhavar Sandhai ),Yam(Ratalu),2026-09-24,6000.0,7000.0,6500.0,0.0,1000.0
Tamil Nadu,Tuticorin,Tuticorin(Uzhavar Sandhai ),Yam(Ratalu),2026-09-24,5000.0,6000.0,5500.0,0.0,1000.0
Tamil Nadu,Coimbatore,Udumalpet Apmc,Yam(Ratalu),2026-09-24,8000.0,9000.0,8500.0,0.0,1000.0
Tamil Nadu,Villupuram,Ulundurpettai Apmc,Yam(Ratalu),2026-09-24,3000.0,3000.0,3000.0,0.0,0.0
Tamil Nadu,Cuddalore,Vadalur(Uzhavar Sandhai ),Yam(Ratalu),2026-09-24,6000.0,6000.0,6000.0,0.0,0.0
Tamil Nadu,Thiruvannamalai,Vandavasi(Uzhavar Sandhai ),Yam(Ratalu),2026-09-24,6000.0,7000.0,6500.0,0.0,1000.0
Tamil Nadu,Thirupathur,Vaniyampadi(Uzhavar Sandhai ),Yam(Ratalu),2026-09-24,5000.0,5000.0,5000.0,0.0,0.0
Tamil Nadu,Nagapattinam,Vedaranyam(Uzhavar Sandhai),Yam(Ratalu),2026-09-24,6500.0,7000.0,6750.0,0.0,500.0
Tamil Nadu,Vellore,Vellore Apmc,Yam(Ratalu),2026-09-24,4000.0,4600.0,4300.0,0.0,600.0
Tamil Nadu,Villupuram,Villupuram(Uzhavar Sandhai ),Yam(Ratalu),2026-09-24,5000.0,5000.0,5000.0,0.0,0.0
